query,name,name_for_emails,site,subtypes,category,type,phone,phone.phones_enricher.carrier_type,phone.phones_enricher.carrier_name,phone.phones_enricher.__avoid_saving,full_address,borough,street,city,postal_code,state,us_state,country,country_code,latitude,longitude,h3,time_zone,plus_code,area_service,rating,reviews,reviews_link,reviews_tags,reviews_per_score,reviews_per_score_1,reviews_per_score_2,reviews_per_score_3,reviews_per_score_4,reviews_per_score_5,photos_count,photo,street_view,located_in,working_hours,working_hours_csv_compatible,working_hours_old_format,other_hours,popular_times,business_status,about,range,prices,posts,logo,description,typical_time_spent,verified,owner_id,owner_title,owner_link,reservation_links,booking_appointment_link,menu_link,order_links,location_link,location_reviews_link,place_id,google_id,cid,kgmid,reviews_id,located_google_id,email_1,email_1.emails_validator.status,email_1.emails_validator.status_details,email_1_full_name,email_1_first_name,email_1_last_name,email_1_title,email_1_phone,email_2,email_2.emails_validator.status,email_2.emails_validator.status_details,email_2_full_name,email_2_first_name,email_2_last_name,email_2_title,email_2_phone,email_3,email_3.emails_validator.status,email_3.emails_validator.status_details,email_3_full_name,email_3_first_name,email_3_last_name,email_3_title,email_3_phone,phone_1,phone_1.phones_enricher.carrier_type,phone_1.phones_enricher.carrier_name,phone_1.phones_enricher.__avoid_saving,phone_2,phone_2.phones_enricher.carrier_type,phone_2.phones_enricher.carrier_name,phone_2.phones_enricher.__avoid_saving,phone_3,phone_3.phones_enricher.carrier_name,phone_3.phones_enricher.carrier_type,phone_3.phones_enricher.__avoid_saving,facebook,instagram,linkedin,tiktok,medium,reddit,skype,snapchat,telegram,whatsapp,twitter,vimeo,youtube,github,crunchbase,website_title,website_generator,website_description,website_keywords,website_has_fb_pixel,website_has_google_tag
"swimming pool contractor, 70112, New Orleans, LA, US",Palm Pool Builders New Orleans,Palm Pool Builders New Orleans,https://palmpoolbuilders.com/new-orleans-pool-builders,"Swimming pool contractor, Service establishment",Swimming pool contractor,Swimming pool contractor,+1 504-608-3381,landline,,,,,,,,,,,,29.9205994,-90.085819,89444650b1bffff,America/Chicago,,True,4.8,10.0,https://search.google.com/local/reviews?placeid=ChIJn7PfZ2ywfQwRXuygg8XnO4Y&q=*&authuser=0&hl=en&gl=US,,,0.0,0.0,0.0,2.0,8.0,19.0,https://lh3.googleusercontent.com/p/AF1QipM5O-RAg-vVH3i0rRG30SEtuxbbSyLRn0UqaBQE=w800-h500-k-no,https://lh3.googleusercontent.com/p/AF1QipM5O-RAg-vVH3i0rRG30SEtuxbbSyLRn0UqaBQE=w1600-h1000-k-no,,"{""Sunday"": ""Closed"", ""Monday"": ""8:30AM-6PM"", ""Tuesday"": ""8:30AM-6PM"", ""Wednesday"": ""8:30AM-6PM"", ""Thursday"": ""8:30AM-6PM"", ""Friday"": ""8:30AM-6PM"", ""Saturday"": ""Closed""}","Sunday,|Monday,8:30AM,6PM|Tuesday,8:30AM,6PM|Wednesday,8:30AM,6PM|Thursday,8:30AM,6PM|Friday,8:30AM,6PM|Saturday,",Sunday:Closed|Monday:8:30AM-6PM|Tuesday:8:30AM-6PM|Wednesday:8:30AM-6PM|Thursday:8:30AM-6PM|Friday:8:30AM-6PM|Saturday:Closed,,,OPERATIONAL,"{""Crowd"": {""LGBTQ+ friendly"": true}, ""Other"": {""LGBTQ+ friendly"": true}}",,,,https://lh6.googleusercontent.com/-FpNiq8Db0ak/AAAAAAAAAAI/AAAAAAAAAAA/1lotH41mcA4/s44-p-k-no-ns-nd/photo.jpg,,,True,116712081282338868832,Palm Pool Builders New Orleans,https://www.google.com/maps/contrib/116712081282338868832,,,,,"https://www.google.com/maps/place/Palm+Pool+Builders+New+Orleans/@29.9205994,-90.085819,14z/data=!4m8!1m2!2m1!1sPalm+Pool+Builders+New+Orleans!3m4!1s0xc7db06c67dfb39f:0x863be7c583a0ec5e!8m2!3d29.9205994!4d-90.085819","https://www.google.com/maps/place/Palm+Pool+Builders+New+Orleans/@29.9205994,-90.085819,13.99z/data=!4m16!1m7!3m6!1s0xc7db06c67dfb39f:0x863be7c583a0ec5e!2sPalm+Pool+Builders+New+Orleans!8m2!3d29.9205994!4d-90.085819!16s%2Fg%2F11ckvg1dmb!3m7!1s0xc7db06c67dfb39f:0x863be7c583a0ec5e!8m2!3d29.9205994!4d-90.085819!9m1!1b1!16s%2Fg%2F11ckvg1dmb?entry=ttu",ChIJn7PfZ2ywfQwRXuygg8XnO4Y,0xc7db06c67dfb39f:0x863be7c583a0ec5e,9672579460211207262,/g/11vylh0jnr,-8774164613498344354,,,,,,,,,,,,,,,,,,,,,,,,,,,,,,,,,,,,,,,,,,,,,,,,,,,,,About Palm Pool Builders,,Palm Pool Builders is a network of swimming pool companies across the US.,"pool companies near me,
pool installation near me,
pool builders near me,
pool contractors near me,
swimming pool contractors near me,
pool builders,
swimming pool contractors,
pool construction,
swimming pool builders near me,
pool builder,
swimming pool installers near me,
pool contractors,
swimming pool companies near me,
swimming pool builders,
pool contractor,
pool construction near me,
swimming pool builder,
pool designer,
custom pool builders,
best pool installers near me,
inground pool contractors,
swimming pool contractors",False,False
"swimming pool contractor, 70112, New Orleans, LA, US","Nola Construction and Swimming Pools, INC",Nola Construction And Swimming Pools,http://nolaconstruction.net/%3Futm_source%3Dgmb%26utm_medium%3Dreferral,Contractor,Contractor,Contractor,+1 504-657-8013,landline,,,"5104 Belle Terre Rd, Marrero, LA 70072",None,5104 Belle Terre Rd,Marrero,70072,Louisiana,Louisiana,United States of America,US,29.8794205,-90.1011467,89444650c07ffff,America/Chicago,,False,4.6,11.0,https://search.google.com/local/reviews?placeid=ChIJi2FDNDejIIYRAFw7_zz8sJk&q=*&authuser=0&hl=en&gl=US,,,1.0,0.0,0.0,0.0,10.0,567.0,https://lh3.googleusercontent.com/p/AF1QipM7TJU3LKx49LtBDHPQLgzXEzGYfyRT1I7mZbR3=w800-h500-k-no,https://lh3.googleusercontent.com/p/AF1QipM7TJU3LKx49LtBDHPQLgzXEzGYfyRT1I7mZbR3=w1600-h1000-k-no,,"{""Sunday"": ""Closed"", ""Monday"": ""7AM-5PM"", ""Tuesday"": ""7AM-5PM"", ""Wednesday"": ""7AM-5PM"", ""Thursday"": ""7AM-5PM"", ""Friday"": ""7AM-5PM"", ""Saturday"": ""Closed""}","Sunday,|Monday,7AM,5PM|Tuesday,7AM,5PM|Wednesday,7AM,5PM|Thursday,7AM,5PM|Friday,7AM,5PM|Saturday,",Sunday:Closed|Monday:7AM-5PM|Tuesday:7AM-5PM|Wednesday:7AM-5PM|Thursday:7AM-5PM|Friday:7AM-5PM|Saturday:Closed,,,OPERATIONAL,"{""Service options"": {""Onsite services"": true, ""Online estimates"": false}, ""Accessibility"": {""Wheelchair accessible parking lot"": true}, ""Parking"": {""On-site parking"": true}}",,,,https://lh3.googleusercontent.com/-aPLWbdFo-wc/AAAAAAAAAAI/AAAAAAAAAAA/fJxcr5ztVuU/s44-p-k-no-ns-nd/photo.jpg,,,True,115365196251387146935,"Nola Construction and Swimming Pools, INC",https://www.google.com/maps/contrib/115365196251387146935,,,,,"https://www.google.com/maps/place/Nola+Construction+and+Swimming+Pools%2C+INC/@29.8794205,-90.1011467,14z/data=!4m8!1m2!2m1!1sNola+Construction+and+Swimming+Pools%2C+INC!3m4!1s0x8620a3373443618b:0x99b0fc3cff3b5c00!8m2!3d29.8794205!4d-90.1011467","https://www.google.com/maps/place/Nola+Construction+and+Swimming+Pools%2C+INC/@29.8794205,-90.1011467,13.99z/data=!4m16!1m7!3m6!1s0x8620a3373443618b:0x99b0fc3cff3b5c00!2sNola+Construction+and+Swimming+Pools%2C+INC!8m2!3d29.8794205!4d-90.1011467!16s%2Fg%2F11ckvg1dmb!3m7!1s0x8620a3373443618b:0x99b0fc3cff3b5c00!8m2!3d29.8794205!4d-90.1011467!9m1!1b1!16s%2Fg%2F11ckvg1dmb?entry=ttu",ChIJi2FDNDejIIYRAFw7_zz8sJk,0x8620a3373443618b:0x99b0fc3cff3b5c00,11074628822614367232,/g/11r_nd1npc,-7372115251095184384,,danaree@nolaconstruction.net,RECEIVING,SMTP validated,,,,,,danaree@nolaconstruction.net,RECEIVING,SMTP validated,,,,,,danaree@nolaconstruction.net,RECEIVING,SMTP validated,,,,,,15046578013,landline,,,5046578013,landline,,,5044210699,CELLCO PARTNERSHIP DBA VERIZON WIRELESS - LA,mobile,,https://www.facebook.com/NolaConstructionandSwimmingPools/,,,,,,,,,,,,,,,"Nola Construction and Swimming Pools, INC - Contractor in Marrero",,,,False,False
"swimming pool contractor, 70112, New Orleans, LA, US",New Orleans Pool & Patio - Marrero,New Orleans Pool And Patio Marrero,https://www.neworleanspoolandpatio.com/,Swimming pool contractor,Swimming pool contractor,Swimming pool contractor,+1 504-245-0402,landline,,,"2867 Barataria Blvd, Marrero, LA 70072",None,2867 Barataria Blvd,Marrero,70072,Louisiana,Louisiana,United States of America,US,29.8498591,-90.11382809999999,8944465284bffff,America/Chicago,,False,5.0,12.0,https://search.google.com/local/reviews?placeid=ChIJHWvxrQmjIIYRGEjLd54Zam0&q=*&authuser=0&hl=en&gl=US,,,0.0,0.0,0.0,0.0,12.0,53.0,https://lh3.googleusercontent.com/p/AF1QipP83IUCuZa35K6mSpY2joPaCCzanK6P-uiSBwsQ=w800-h500-k-no,https://lh3.googleusercontent.com/p/AF1QipP83IUCuZa35K6mSpY2joPaCCzanK6P-uiSBwsQ=w1600-h1000-k-no,,"{""Sunday"": ""Closed"", ""Monday"": ""10AM-5PM"", ""Tuesday"": ""10AM-5PM"", ""Wednesday"": ""10AM-5PM"", ""Thursday"": ""10AM-5PM"", ""Friday"": ""10AM-5PM"", ""Saturday"": ""9AM-1PM""}","Sunday,|Monday,10AM,5PM|Tuesday,10AM,5PM|Wednesday,10AM,5PM|Thursday,10AM,5PM|Friday,10AM,5PM|Saturday,9AM,1PM",Sunday:Closed|Monday:10AM-5PM|Tuesday:10AM-5PM|Wednesday:10AM-5PM|Thursday:10AM-5PM|Friday:10AM-5PM|Saturday:9AM-1PM,,,OPERATIONAL,{},,,,https://lh5.googleusercontent.com/-Ofen4auLgeM/AAAAAAAAAAI/AAAAAAAAAAA/tFgCBlcp4SQ/s44-p-k-no-ns-nd/photo.jpg,,,True,109496861222157712779,New Orleans Pool & Patio - Marrero,https://www.google.com/maps/contrib/109496861222157712779,,,,,"https://www.google.com/maps/place/New+Orleans+Pool+%26+Patio+-+Marrero/@29.8498591,-90.11382809999999,14z/data=!4m8!1m2!2m1!1sNew+Orleans+Pool+%26+Patio+-+Marrero!3m4!1s0x8620a309adf16b1d:0x6d6a199e77cb4818!8m2!3d29.8498591!4d-90.11382809999999","https://www.google.com/maps/place/New+Orleans+Pool+%26+Patio+-+Marrero/@29.8498591,-90.11382809999999,13.99z/data=!4m16!1m7!3m6!1s0x8620a309adf16b1d:0x6d6a199e77cb4818!2sNew+Orleans+Pool+%26+Patio+-+Marrero!8m2!3d29.8498591!4d-90.11382809999999!16s%2Fg%2F11ckvg1dmb!3m7!1s0x8620a309adf16b1d:0x6d6a199e77cb4818!8m2!3d29.8498591!4d-90.11382809999999!9m1!1b1!16s%2Fg%2F11ckvg1dmb?entry=ttu",ChIJHWvxrQmjIIYRGEjLd54Zam0,0x8620a309adf16b1d:0x6d6a199e77cb4818,7884142266070812696,/g/11f15b9rbf,7884142266070812696,,poolstore@neworleanspoolandpatio.com,RECEIVING,SMTP validated,Wayne Sewing,Wayne,Sewing,Owner,15042450402,poolstore@bellsouth.net,RECEIVING,SMTP validated,,,,,,,,,,,,,,19856460242,fixed line,"CHARTER FIBERLINK LA-CCO, LLC ",,9856460242,fixed line,"CHARTER FIBERLINK LA-CCO, LLC ",,5042450402,,landline,,https://www.facebook.com/nolapool/,,http://www.linkedin.com/company/7179734,,,,,,,,,,,,,Customer Portal,Joomla! - Open Source Content Management,Homeowners know they can find a reliable swimming pool contractor for their pools by contacting New Orleans Pool and Patio. Contact us to learn more.,pools new orleans & swimming pools new orleans,False,True
"swimming pool contractor, 70112, New Orleans, LA, US",LA Leak Detection of New Orleans,La Leak Detection Of New Orleans,https://www.laleakpoolandspa.com/,"Swimming pool contractor, Service establishment",Swimming pool contractor,Swimming pool contractor,+1 985-774-6224,mobile,T-Mobile USA Inc.,,,,,,,,,,,30.2011886,-90.085819,8944467b6b7ffff,America/Chicago,,True,4.9,42.0,https://search.google.com/local/reviews?placeid=ChIJKyXmJzh5PSURt_topQwRKoc&q=*&authuser=0&hl=en&gl=US,,,1.0,0.0,0.0,1.0,40.0,9.0,https://lh3.googleusercontent.com/p/AF1QipOYo8-m03NVS0buSK5rIa0TlyL3tXOSE-22zbjz=w800-h500-k-no,https://lh3.googleusercontent.com/p/AF1QipOYo8-m03NVS0buSK5rIa0TlyL3tXOSE-22zbjz=w1600-h1000-k-no,,"{""Sunday"": ""Closed"", ""Monday"": ""8AM-5PM"", ""Tuesday"": ""8AM-5PM"", ""Wednesday"": ""8AM-5PM"", ""Thursday"": ""8AM-5PM"", ""Friday"": ""8AM-5PM"", ""Saturday"": ""9:30AM-3PM""}","Sunday,|Monday,8AM,5PM|Tuesday,8AM,5PM|Wednesday,8AM,5PM|Thursday,8AM,5PM|Friday,8AM,5PM|Saturday,9:30AM,3PM",Sunday:Closed|Monday:8AM-5PM|Tuesday:8AM-5PM|Wednesday:8AM-5PM|Thursday:8AM-5PM|Friday:8AM-5PM|Saturday:9:30AM-3PM,,,OPERATIONAL,{},,,,https://lh4.googleusercontent.com/-jpsb6iP7Ixs/AAAAAAAAAAI/AAAAAAAAAAA/qQM_s9YOOmU/s44-p-k-no-ns-nd/photo.jpg,,,True,110521548956240900795,LA Leak Detection of New Orleans,https://www.google.com/maps/contrib/110521548956240900795,,,,,"https://www.google.com/maps/place/LA+Leak+Detection+of+New+Orleans/@30.2011886,-90.085819,14z/data=!4m8!1m2!2m1!1sLA+Leak+Detection+of+New+Orleans!3m4!1s0x253d793827e6252b:0x872a110ca568fbb7!8m2!3d30.2011886!4d-90.085819","https://www.google.com/maps/place/LA+Leak+Detection+of+New+Orleans/@30.2011886,-90.085819,13.99z/data=!4m16!1m7!3m6!1s0x253d793827e6252b:0x872a110ca568fbb7!2sLA+Leak+Detection+of+New+Orleans!8m2!3d30.2011886!4d-90.085819!16s%2Fg%2F11ckvg1dmb!3m7!1s0x253d793827e6252b:0x872a110ca568fbb7!8m2!3d30.2011886!4d-90.085819!9m1!1b1!16s%2Fg%2F11ckvg1dmb?entry=ttu",ChIJKyXmJzh5PSURt_topQwRKoc,0x253d793827e6252b:0x872a110ca568fbb7,9739615890154519479,/g/11w9g3scz3,-8707128183555032137,,emilliganleakdetec@yahoo.com,INVALID,Cannot validate,,,,,,,,,,,,,,,,,,,,,,9857746224,mobile,T-Mobile USA Inc.,,,,,,,,,,,,,,,,,,,,,,,,,"Pool Service Quote | New Orleans, LA | LA Leak Detection",,"Contact LA Leak Detection LLC for pool leak repairs, crack repairs, and pool leak detection services in New Orleans, Louisiana. Contact us at (985)-774-6224.","Pool leak detection, swimming pool leaks, pool leak repair, pool water leak, pool leak detection services, pool plumbing leak detection, pool leak testing, pool liner leak detection, detecting pool leaks, pool leak finder, pool leak detection near me, pool leak detection equipment, inground pool leak detection, pool leak detection company, swimming pool crack repair, pool water loss, pool pipe leak detection, pool leak troubleshooting, pool leak detection experts, pool leak repair services, pool pump leak detection, pool structure leak detection, swimming pool leak location, pool leak detection specialists, pool skimmer leak detection, pool leak diagnosis, pool water leak solution, pool leak detection professional, pool leak inspection, pool leak detection technology, underground pool leak detection, commercial pool leak detection, pool filtration system leak detection, pool suction line leak, leak detection for pools, pool leak detection company near me",False,False
"swimming pool contractor, 70112, New Orleans, LA, US",Bella Aqua Pools and Spas,Bella Aqua Pools And Spas,https://www.bellaaquapoolsandspas.com/,Swimming pool contractor,Swimming pool contractor,Swimming pool contractor,+1 504-377-6224,mobile,Verizon Wireless,True,"202 S Hennessey St, New Orleans, LA 70119",Mid-City,202 S Hennessey St,New Orleans,70119,Louisiana,Louisiana,United States of America,US,29.9751534,-90.1039389,89444642c97ffff,America/Chicago,,False,4.4,36.0,https://search.google.com/local/reviews?placeid=ChIJ8T0tsPu5IIYRs_I27_3Xj-g&q=*&authuser=0&hl=en&gl=US,,,4.0,1.0,0.0,1.0,30.0,67.0,https://lh3.googleusercontent.com/p/AF1QipOtjTbqovw-wVu7ZC6iMctuRN5-56rWGFHOWLDr=w800-h500-k-no,https://lh3.googleusercontent.com/p/AF1QipOtjTbqovw-wVu7ZC6iMctuRN5-56rWGFHOWLDr=w1600-h1000-k-no,,"{""Sunday"": ""Closed"", ""Monday"": ""8AM-6PM"", ""Tuesday"": ""8AM-6PM"", ""Wednesday"": ""8AM-6PM"", ""Thursday"": ""8AM-6PM"", ""Friday"": ""8AM-6PM"", ""Saturday"": ""Closed""}","Sunday,|Monday,8AM,6PM|Tuesday,8AM,6PM|Wednesday,8AM,6PM|Thursday,8AM,6PM|Friday,8AM,6PM|Saturday,",Sunday:Closed|Monday:8AM-6PM|Tuesday:8AM-6PM|Wednesday:8AM-6PM|Thursday:8AM-6PM|Friday:8AM-6PM|Saturday:Closed,,,OPERATIONAL,{},,,,https://lh5.googleusercontent.com/-66mIklWgnXg/AAAAAAAAAAI/AAAAAAAAAAA/BRjcjlM8_Wk/s44-p-k-no-ns-nd/photo.jpg,,,True,104292646063166826741,Bella Aqua Pools and Spas,https://www.google.com/maps/contrib/104292646063166826741,,,,,"https://www.google.com/maps/place/Bella+Aqua+Pools+and+Spas/@29.9751534,-90.1039389,14z/data=!4m8!1m2!2m1!1sBella+Aqua+Pools+and+Spas!3m4!1s0x8620b9fbb02d3df1:0xe88fd7fdef36f2b3!8m2!3d29.9751534!4d-90.1039389","https://www.google.com/maps/place/Bella+Aqua+Pools+and+Spas/@29.9751534,-90.1039389,13.99z/data=!4m16!1m7!3m6!1s0x8620b9fbb02d3df1:0xe88fd7fdef36f2b3!2sBella+Aqua+Pools+and+Spas!8m2!3d29.9751534!4d-90.1039389!16s%2Fg%2F11ckvg1dmb!3m7!1s0x8620b9fbb02d3df1:0xe88fd7fdef36f2b3!8m2!3d29.9751534!4d-90.1039389!9m1!1b1!16s%2Fg%2F11ckvg1dmb?entry=ttu",ChIJ8T0tsPu5IIYRs_I27_3Xj-g,0x8620b9fbb02d3df1:0xe88fd7fdef36f2b3,16757850224108958387,/g/12hmg6wf_,-1688893849600593229,,mmctracey@aol.com,RECEIVING,SMTP validated,,,,,,,,,,,,,,,,,,,,,,5042300577,mobile,T-Mobile USA Inc.,,15043905092,mobile,"NEW CINGULAR WIRELESS PCS, LLC - GA",,,,,,https://www.facebook.com/bellaaquapoolsandspas/,,,,,,,,,,,,,,,Upgrade Required,wordpress,"Make your dreams into reality with help from Bella-Aqua, a top-rated custom gunite pool contractor in New Orleans. Reach out today to schedule a consultation.",,False,False
"swimming pool contractor, 70112, New Orleans, LA, US",The Pool Firm,The Pool Firm,https://www.thepoolfirm.net/,"Swimming pool repair service, Service establishment",Swimming pool repair service,Swimming pool repair service,+1 504-373-2634,mobile,T-Mobile,True,,,,,,,,,,30.000254899999998,-89.931339,894446412d7ffff,America/Chicago,,True,5.0,12.0,https://search.google.com/local/reviews?placeid=ChIJdXH54C7JOagRRUOKpNfFWCI&q=*&authuser=0&hl=en&gl=US,,,0.0,0.0,0.0,0.0,12.0,65.0,https://lh3.googleusercontent.com/p/AF1QipPjOGRsukhl9MWGtsJdqondPDKYVW-QdKlzn5h4=w800-h500-k-no,https://lh3.googleusercontent.com/p/AF1QipPjOGRsukhl9MWGtsJdqondPDKYVW-QdKlzn5h4=w1600-h1000-k-no,,"{""Sunday"": ""Open 24 hours"", ""Monday"": ""8AM-6PM"", ""Tuesday"": ""8AM-6PM"", ""Wednesday"": ""8AM-6PM"", ""Thursday"": ""8AM-6PM"", ""Friday"": ""8AM-6PM"", ""Saturday"": ""8AM-6PM""}","Sunday,Open 24 hours|Monday,8AM,6PM|Tuesday,8AM,6PM|Wednesday,8AM,6PM|Thursday,8AM,6PM|Friday,8AM,6PM|Saturday,8AM,6PM",Sunday:Open 24 hours|Monday:8AM-6PM|Tuesday:8AM-6PM|Wednesday:8AM-6PM|Thursday:8AM-6PM|Friday:8AM-6PM|Saturday:8AM-6PM,,,OPERATIONAL,"{""Service options"": {""Language assistance"": ""French, Spanish""}}",,,,https://lh3.googleusercontent.com/-vBD85EBgSrg/AAAAAAAAAAI/AAAAAAAAAAA/YYOyC49tsYs/s44-p-k-no-ns-nd/photo.jpg,,,True,104731054407809180126,The Pool Firm,https://www.google.com/maps/contrib/104731054407809180126,,,,,"https://www.google.com/maps/place/The+Pool+Firm/@30.000254899999998,-89.931339,14z/data=!4m8!1m2!2m1!1sThe+Pool+Firm!3m4!1s0xa839c92ee0f97175:0x2258c5d7a48a4345!8m2!3d30.000254899999998!4d-89.931339","https://www.google.com/maps/place/The+Pool+Firm/@30.000254899999998,-89.931339,13.99z/data=!4m16!1m7!3m6!1s0xa839c92ee0f97175:0x2258c5d7a48a4345!2sThe+Pool+Firm!8m2!3d30.000254899999998!4d-89.931339!16s%2Fg%2F11ckvg1dmb!3m7!1s0xa839c92ee0f97175:0x2258c5d7a48a4345!8m2!3d30.000254899999998!4d-89.931339!9m1!1b1!16s%2Fg%2F11ckvg1dmb?entry=ttu",ChIJdXH54C7JOagRRUOKpNfFWCI,0xa839c92ee0f97175:0x2258c5d7a48a4345,2474945525209252677,/g/11ycydhsbf,2474945525209252677,,rob@thepoolfirm.net,RECEIVING,Verified,,,,,,,,,,,,,,,,,,,,,,5043362002,landline,Bandwidth.com,True,,,,,,,,,https://www.facebook.com/p/,https://www.instagram.com/squarespace,,https://www.tiktok.com/@squarespace,,,,,,,,,,,,"Professional Pool cleaning, Leak Detection, and Repair in New Orleans and surrounding areas. Trust The Pool Firm for all your pools needs. Call or text for a free quote today.",,"The Pool Firm offers pool repair, service, and leak detection in New 
Orleans, LA. Trust us near the airport for quality care. Visit 
thepoolfirm.net!""",,False,True
"swimming pool contractor, 70112, New Orleans, LA, US",New Orleans Pool Leak Detection,New Orleans Pool Leak Detection,https://www.neworleansleakdetection.com/,"Swimming pool contractor, Service establishment, Pool cleaning service, Swimming pool repair service",Swimming pool repair service,Swimming pool contractor,+1 504-290-0344,landline,,,,,,,,,,,,30.186631,-89.932777,8944464ded3ffff,America/Chicago,,True,5.0,5.0,https://search.google.com/local/reviews?placeid=ChIJWXqDQfS2XWsReIt3jHhdwrc&q=*&authuser=0&hl=en&gl=US,,,0.0,0.0,0.0,0.0,5.0,47.0,https://lh3.googleusercontent.com/p/AF1QipNFuYPUxI_LRchtUaq5FG3VoAX7jWQq4gErKOKW=w800-h500-k-no,https://lh3.googleusercontent.com/p/AF1QipNFuYPUxI_LRchtUaq5FG3VoAX7jWQq4gErKOKW=w1600-h1000-k-no,,"{""Sunday"": ""Closed"", ""Monday"": ""8AM-4PM"", ""Tuesday"": ""8AM-4PM"", ""Wednesday"": ""8AM-4PM"", ""Thursday"": ""8AM-4PM"", ""Friday"": ""8AM-4PM"", ""Saturday"": ""Closed""}","Sunday,|Monday,8AM,4PM|Tuesday,8AM,4PM|Wednesday,8AM,4PM|Thursday,8AM,4PM|Friday,8AM,4PM|Saturday,",Sunday:Closed|Monday:8AM-4PM|Tuesday:8AM-4PM|Wednesday:8AM-4PM|Thursday:8AM-4PM|Friday:8AM-4PM|Saturday:Closed,,,OPERATIONAL,{},,,,https://lh6.googleusercontent.com/-vOcRebZrURM/AAAAAAAAAAI/AAAAAAAAAAA/BH98YglQD5U/s44-p-k-no-ns-nd/photo.jpg,,,True,112185748385374063589,New Orleans Pool Leak Detection,https://www.google.com/maps/contrib/112185748385374063589,,,,,"https://www.google.com/maps/place/New+Orleans+Pool+Leak+Detection/@30.186631,-89.932777,14z/data=!4m8!1m2!2m1!1sNew+Orleans+Pool+Leak+Detection!3m4!1s0x6b5db6f441837a59:0xb7c25d788c778b78!8m2!3d30.186631!4d-89.932777","https://www.google.com/maps/place/New+Orleans+Pool+Leak+Detection/@30.186631,-89.932777,13.99z/data=!4m16!1m7!3m6!1s0x6b5db6f441837a59:0xb7c25d788c778b78!2sNew+Orleans+Pool+Leak+Detection!8m2!3d30.186631!4d-89.932777!16s%2Fg%2F11ckvg1dmb!3m7!1s0x6b5db6f441837a59:0xb7c25d788c778b78!8m2!3d30.186631!4d-89.932777!9m1!1b1!16s%2Fg%2F11ckvg1dmb?entry=ttu",ChIJWXqDQfS2XWsReIt3jHhdwrc,0x6b5db6f441837a59:0xb7c25d788c778b78,13241248626756782968,/g/11y3pnv_b9,-5205495446952768648,,stefon31287@gmail.com,RECEIVING,Verified,,,,,,,,,,,,,,,,,,,,,,5042900344,landline,,,,,,,,,,,,,,,,,,,,,,,,,,"Pool Maintenance Tips, New Orleans, LA",,,,False,False
"swimming pool contractor, 70112, New Orleans, LA, US",NOLAScapes Pool & Outdoors LLC,Nolascapes Pool And Outdoors,http://www.nolascapes.com/,"Swimming pool contractor, Concrete contractor, Deck builder, Fountain contractor, Gazebo builder, Landscape designer, Landscape lighting designer, Landscaper, Pond contractor, Swimming pool",Swimming pool contractor,Swimming pool contractor,+1 504-330-8479,mobile,CELLCO PARTNERSHIP DBA VERIZON,,"1369 Holiday Pl, New Orleans, LA 70114",Old Aurora,1369 Holiday Pl,New Orleans,70114,Louisiana,Louisiana,United States of America,US,29.9401624,-90.01330879999999,894446435c7ffff,America/Chicago,,False,4.5,15.0,https://search.google.com/local/reviews?placeid=ChIJdaLEupCnIIYRtN0yvBWCR6k&q=*&authuser=0&hl=en&gl=US,,,1.0,0.0,1.0,1.0,12.0,24.0,https://lh3.googleusercontent.com/p/AF1QipM7Bas_tNLr6CFxHQ0cdQbs3miJ_zJPMlfdfA9u=w800-h500-k-no,https://lh3.googleusercontent.com/p/AF1QipM7Bas_tNLr6CFxHQ0cdQbs3miJ_zJPMlfdfA9u=w1600-h1000-k-no,,"{""Sunday"": ""Closed"", ""Monday"": ""8AM-4:30PM"", ""Tuesday"": ""8AM-4:30PM"", ""Wednesday"": ""8AM-4:30PM"", ""Thursday"": ""8AM-4:30PM"", ""Friday"": ""8AM-4:30PM"", ""Saturday"": ""Closed""}","Sunday,|Monday,8AM,4:30PM|Tuesday,8AM,4:30PM|Wednesday,8AM,4:30PM|Thursday,8AM,4:30PM|Friday,8AM,4:30PM|Saturday,",Sunday:Closed|Monday:8AM-4:30PM|Tuesday:8AM-4:30PM|Wednesday:8AM-4:30PM|Thursday:8AM-4:30PM|Friday:8AM-4:30PM|Saturday:Closed,,,OPERATIONAL,"{""Service options"": {""Onsite services"": true}}",,,,https://lh3.googleusercontent.com/-zij2EfT-vQs/AAAAAAAAAAI/AAAAAAAAAAA/Ajzamhlg3EQ/s44-p-k-no-ns-nd/photo.jpg,,,True,112983780846821820746,NOLAScapes Pool & Outdoors LLC,https://www.google.com/maps/contrib/112983780846821820746,,,,,"https://www.google.com/maps/place/NOLAScapes+Pool+%26+Outdoors+LLC/@29.9401624,-90.01330879999999,14z/data=!4m8!1m2!2m1!1sNOLAScapes+Pool+%26+Outdoors+LLC!3m4!1s0x8620a790bac4a275:0xa9478215bc32ddb4!8m2!3d29.9401624!4d-90.01330879999999","https://www.google.com/maps/place/NOLAScapes+Pool+%26+Outdoors+LLC/@29.9401624,-90.01330879999999,13.99z/data=!4m16!1m7!3m6!1s0x8620a790bac4a275:0xa9478215bc32ddb4!2sNOLAScapes+Pool+%26+Outdoors+LLC!8m2!3d29.9401624!4d-90.01330879999999!16s%2Fg%2F11ckvg1dmb!3m7!1s0x8620a790bac4a275:0xa9478215bc32ddb4!8m2!3d29.9401624!4d-90.01330879999999!9m1!1b1!16s%2Fg%2F11ckvg1dmb?entry=ttu",ChIJdaLEupCnIIYRtN0yvBWCR6k,0x8620a790bac4a275:0xa9478215bc32ddb4,12197861145619652020,/g/12ht8gz7n,-6248882928089899596,,jonathan@nolascapes.com,RECEIVING,SMTP validated,,,,,,,,,,,,,,,,,,,,,,5043308479,mobile,CELLCO PARTNERSHIP DBA VERIZON,,15042503910,mobile,CELLCO PARTNERSHIP DBA VERIZON WIRELESS - LA,,,,,,https://www.facebook.com/NOLAScapesPoolAndOutdoors,,,,,,,,,,https://twitter.com/nolascapes,,,,,"Organic Gardens, New Orleans, Uptown, Kenner, Metairie, LA",,"Photo gallery of Organic Gardens by Nolascapes, serving greater New Orleans, Uptown, Kenner, Metairie, Lakeview, LA.","Pool Installations, Inground Pools, In Ground Pool, Fiberglass Pools, Gunite Pools, Shotcrete Pools, Pool Designs, Pool Builder, Pool Installer, Concrete Pools, Pool Tiling, Baja Entry, Beach Entry, Bubble Jet, Built-In Spa, Bull-Nosed Coping, Pool Coping, Pool Deck, Free-Form Pool, Fountain Jet, Formal Pool, Grecian Pool, Grotto, Jump Rock, Lap Pool, Pool Lighting, Natural Pool, Spa, Swim Spa, Swim-Up Bars, Vanishing Edge, Waterfalls, New Orleans, Uptown, Kenner, River Ridge, Lakeview, Metairie, West Bank, Harahan, LA, NOLASCAPES Landscaping",False,False
"swimming pool contractor, 70112, New Orleans, LA, US",Specialty Pools Co LLC,Specialty Pools,,Swimming pool contractor,Swimming pool contractor,Swimming pool contractor,+1 504-391-1917,landline,,,"New Orleans, LA 70131",New Aurora,,New Orleans,70131,Louisiana,Louisiana,United States of America,US,29.8930637,-89.9159785,8944465853bffff,America/Chicago,,False,5.0,4.0,https://search.google.com/local/reviews?placeid=ChIJAQAAAEwcnogRBlhu7PzgkVQ&q=*&authuser=0&hl=en&gl=US,,,0.0,0.0,0.0,0.0,4.0,1.0,https://streetviewpixels-pa.googleapis.com/v1/thumbnail?panoid=yaCEwz7dSUrOe0gjo8emnw&cb_client=search.gws-prod.gps&w=800&h=500&yaw=269.08926&pitch=0&thumbfov=100,https://streetviewpixels-pa.googleapis.com/v1/thumbnail?panoid=yaCEwz7dSUrOe0gjo8emnw&cb_client=search.gws-prod.gps&w=1600&h=1000&yaw=269.08926&pitch=0&thumbfov=100,,"{""Sunday"": ""Closed"", ""Monday"": ""8AM-5PM"", ""Tuesday"": ""8AM-5PM"", ""Wednesday"": ""8AM-5PM"", ""Thursday"": ""8AM-5PM"", ""Friday"": ""8AM-5PM"", ""Saturday"": ""8AM-6PM""}","Sunday,|Monday,8AM,5PM|Tuesday,8AM,5PM|Wednesday,8AM,5PM|Thursday,8AM,5PM|Friday,8AM,5PM|Saturday,8AM,6PM",Sunday:Closed|Monday:8AM-5PM|Tuesday:8AM-5PM|Wednesday:8AM-5PM|Thursday:8AM-5PM|Friday:8AM-5PM|Saturday:8AM-6PM,,,OPERATIONAL,{},,,,,,,False,None,Specialty Pools Co LLC,,,,,,"https://www.google.com/maps/place/Specialty+Pools+Co+LLC/@29.8930637,-89.9159785,14z/data=!4m8!1m2!2m1!1sSpecialty+Pools+Co+LLC!3m4!1s0x889e1c4c00000001:0x5491e0fcec6e5806!8m2!3d29.8930637!4d-89.9159785","https://www.google.com/maps/place/Specialty+Pools+Co+LLC/@29.8930637,-89.9159785,13.99z/data=!4m16!1m7!3m6!1s0x889e1c4c00000001:0x5491e0fcec6e5806!2sSpecialty+Pools+Co+LLC!8m2!3d29.8930637!4d-89.9159785!16s%2Fg%2F11ckvg1dmb!3m7!1s0x889e1c4c00000001:0x5491e0fcec6e5806!8m2!3d29.8930637!4d-89.9159785!9m1!1b1!16s%2Fg%2F11ckvg1dmb?entry=ttu",ChIJAQAAAEwcnogRBlhu7PzgkVQ,0x889e1c4c00000001:0x5491e0fcec6e5806,6093899147712026630,/g/1tkby_rw,6093899147712026630,,,,,,,,,,,,,,,,,,,,,,,,,,,,,,,,,,,,,,,,,,,,,,,,,,,,,,,,,,
"swimming pool contractor, 70112, New Orleans, LA, US",Greg's Pools & Spas,Gregs Pools And Spas,http://gregspoolsandspas.com/,"Swimming pool contractor, Service establishment",Swimming pool contractor,Swimming pool contractor,+1 985-643-0484,mobile,,,,,,,,,,,,30.2893236,-90.070895,8944467917bffff,America/Chicago,,True,4.9,20.0,https://search.google.com/local/reviews?placeid=ChIJ88P1EsDknYgRgyInvKvfSNc&q=*&authuser=0&hl=en&gl=US,,,0.0,1.0,0.0,0.0,19.0,64.0,https://lh3.googleusercontent.com/p/AF1QipMUGVY43htoShdJc1P4E9glALaLOvuRUxUIVMak=w800-h500-k-no,https://lh3.googleusercontent.com/p/AF1QipMUGVY43htoShdJc1P4E9glALaLOvuRUxUIVMak=w1600-h1000-k-no,,"{""Sunday"": ""8:30AM-6:30PM"", ""Monday"": ""8:30AM-6:30PM"", ""Tuesday"": ""8:30AM-6:30PM"", ""Wednesday"": ""8:30AM-6:30PM"", ""Thursday"": ""8:30AM-6:30PM"", ""Friday"": ""8:30AM-6:30PM"", ""Saturday"": ""8:30AM-6:30PM""}","Sunday,8:30AM,6:30PM|Monday,8:30AM,6:30PM|Tuesday,8:30AM,6:30PM|Wednesday,8:30AM,6:30PM|Thursday,8:30AM,6:30PM|Friday,8:30AM,6:30PM|Saturday,8:30AM,6:30PM",Sunday:8:30AM-6:30PM|Monday:8:30AM-6:30PM|Tuesday:8:30AM-6:30PM|Wednesday:8:30AM-6:30PM|Thursday:8:30AM-6:30PM|Friday:8:30AM-6:30PM|Saturday:8:30AM-6:30PM,,,OPERATIONAL,{},,,,https://lh4.googleusercontent.com/-S32RSIchl-Q/AAAAAAAAAAI/AAAAAAAAAAA/bXkzJxscLOs/s44-p-k-no-ns-nd/photo.jpg,,,True,115284330410380090424,Greg's Pools & Spas,https://www.google.com/maps/contrib/115284330410380090424,,,,,"https://www.google.com/maps/place/Greg%27s+Pools+%26+Spas/@30.2893236,-90.070895,14z/data=!4m8!1m2!2m1!1sGreg%27s+Pools+%26+Spas!3m4!1s0x889de4c012f5c3f3:0xd748dfabbc272283!8m2!3d30.2893236!4d-90.070895","https://www.google.com/maps/place/Greg%27s+Pools+%26+Spas/@30.2893236,-90.070895,13.99z/data=!4m16!1m7!3m6!1s0x889de4c012f5c3f3:0xd748dfabbc272283!2sGreg%27s+Pools+%26+Spas!8m2!3d30.2893236!4d-90.070895!16s%2Fg%2F11ckvg1dmb!3m7!1s0x889de4c012f5c3f3:0xd748dfabbc272283!8m2!3d30.2893236!4d-90.070895!9m1!1b1!16s%2Fg%2F11ckvg1dmb?entry=ttu",ChIJ88P1EsDknYgRgyInvKvfSNc,0x889de4c012f5c3f3:0xd748dfabbc272283,15512894845166756483,/g/12620lt2f,-2933849228542795133,,gregmcswain@ymail.com,RECEIVING,SMTP validated,,,,,,,,,,,,,,,,,,,,,,19856430484,mobile,,,9856430484,mobile,,,,,,,https://facebook.com/56977448978,https://instagram.com/gregspoolsandspas,,,,,,,,,https://twitter.com/intent/,,,,,"Contact Greg's Pools & Spas | New Orleans, LA",,Call to schedule your pool design and pool construction services.,,False,False
"swimming pool contractor, 70112, New Orleans, LA, US","CRC Custom Pools, Renovations, Leak Detection, and Plaster",Crc Custom Pools Renovations Leak Detection And Plaster,https://www.crcpools.com/,"Swimming pool contractor, Service establishment, Pool cleaning service, Swimming pool repair service",Swimming pool contractor,Swimming pool contractor,+1 504-908-4214,mobile,"NEW CINGULAR WIRELESS PCS, LLC - GA",,,,,,,,,,,30.027376999999998,-89.923446,8944464accfffff,America/Chicago,,True,4.7,15.0,https://search.google.com/local/reviews?placeid=ChIJ16aTCa-SYCgRDPFdIywG4nY&q=*&authuser=0&hl=en&gl=US,,,1.0,0.0,0.0,0.0,14.0,132.0,https://lh3.googleusercontent.com/p/AF1QipMZi-cyPagJXoPPaPBNQfJqr_LzMQtD-Ez_5kXW=w800-h500-k-no,https://lh3.googleusercontent.com/p/AF1QipMZi-cyPagJXoPPaPBNQfJqr_LzMQtD-Ez_5kXW=w1600-h1000-k-no,,"{""Sunday"": ""8AM-2PM"", ""Monday"": ""8AM-8PM"", ""Tuesday"": ""8AM-8PM"", ""Wednesday"": ""8AM-8PM"", ""Thursday"": ""8AM-8PM"", ""Friday"": ""8AM-8PM"", ""Saturday"": ""8AM-2PM""}","Sunday,8AM,2PM|Monday,8AM,8PM|Tuesday,8AM,8PM|Wednesday,8AM,8PM|Thursday,8AM,8PM|Friday,8AM,8PM|Saturday,8AM,2PM",Sunday:8AM-2PM|Monday:8AM-8PM|Tuesday:8AM-8PM|Wednesday:8AM-8PM|Thursday:8AM-8PM|Friday:8AM-8PM|Saturday:8AM-2PM,,,OPERATIONAL,"{""Service options"": {""Online estimates"": true, ""Language assistance"": ""English""}}",,,,https://lh3.googleusercontent.com/-mfpUDamjvPQ/AAAAAAAAAAI/AAAAAAAAAAA/EW0gt_s9i0s/s44-p-k-no-ns-nd/photo.jpg,,,True,117600613178986639520,"CRC Custom Pools, Renovations, Leak Detection, and Plaster",https://www.google.com/maps/contrib/117600613178986639520,,,,,"https://www.google.com/maps/place/CRC+Custom+Pools%2C+Renovations%2C+Leak+Detection%2C+and+Plaster/@30.027376999999998,-89.923446,14z/data=!4m8!1m2!2m1!1sCRC+Custom+Pools%2C+Renovations%2C+Leak+Detection%2C+and+Plaster!3m4!1s0x286092af0993a6d7:0x76e2062c235df10c!8m2!3d30.027376999999998!4d-89.923446","https://www.google.com/maps/place/CRC+Custom+Pools%2C+Renovations%2C+Leak+Detection%2C+and+Plaster/@30.027376999999998,-89.923446,13.99z/data=!4m16!1m7!3m6!1s0x286092af0993a6d7:0x76e2062c235df10c!2sCRC+Custom+Pools%2C+Renovations%2C+Leak+Detection%2C+and+Plaster!8m2!3d30.027376999999998!4d-89.923446!16s%2Fg%2F11ckvg1dmb!3m7!1s0x286092af0993a6d7:0x76e2062c235df10c!8m2!3d30.027376999999998!4d-89.923446!9m1!1b1!16s%2Fg%2F11ckvg1dmb?entry=ttu",ChIJ16aTCa-SYCgRDPFdIywG4nY,0x286092af0993a6d7:0x76e2062c235df10c,8566416227853791500,/g/11txffq545,8566416227853791500,,datenschutz@jimdo.com,RECEIVING,Verified,,,,,,privacy@jimdo.com,RECEIVING,SMTP validated,,,,,,crcpools.com@gmail.com,RECEIVING,Verified,,,,,,5049084214,mobile,"NEW CINGULAR WIRELESS PCS, LLC - GA",,,,,,,,,,,,,,,,,,,,,,,,,"Plaster, Leak Detection & Drain and Cleans - CRC Custom Pools Renovations Leak",WordPress 6.8.3,"CRC offers top-rated pool plastering and leak detection services in Orleans, LA. Let us enhance your pool's aesthetics, durability and functionality. Contact us now!",,False,False
"swimming pool contractor, 70112, New Orleans, LA, US",Safari Pool Company,Safari Pool Company,http://www.safaripools.co/,"Swimming pool contractor, Service establishment",Swimming pool contractor,Swimming pool contractor,+1 504-258-1004,mobile,CELLCO PARTNERSHIP DBA VERIZON WIRELESS - LA,,,,,,,,,,,30.026535,-89.9849895,89444641137ffff,America/Chicago,,True,4.3,29.0,https://search.google.com/local/reviews?placeid=ChIJeUYvRxSjIIYRJZBGrXG4H8Q&q=*&authuser=0&hl=en&gl=US,,,4.0,0.0,1.0,1.0,23.0,48.0,https://lh3.googleusercontent.com/p/AF1QipOkc07JjNW9VOGxify8ASdmsgFy25sPCm96OKq4=w800-h500-k-no,https://lh3.googleusercontent.com/p/AF1QipOkc07JjNW9VOGxify8ASdmsgFy25sPCm96OKq4=w1600-h1000-k-no,,"{""Sunday"": ""Closed"", ""Monday"": ""8AM-4PM"", ""Tuesday"": ""8AM-4PM"", ""Wednesday"": ""8AM-4PM"", ""Thursday"": ""8AM-4PM"", ""Friday"": ""8AM-4PM"", ""Saturday"": ""Closed""}","Sunday,|Monday,8AM,4PM|Tuesday,8AM,4PM|Wednesday,8AM,4PM|Thursday,8AM,4PM|Friday,8AM,4PM|Saturday,",Sunday:Closed|Monday:8AM-4PM|Tuesday:8AM-4PM|Wednesday:8AM-4PM|Thursday:8AM-4PM|Friday:8AM-4PM|Saturday:Closed,,,OPERATIONAL,{},,,,https://lh4.googleusercontent.com/-YPUr8cSgilk/AAAAAAAAAAI/AAAAAAAAAAA/CjdkoXD7Z9Y/s44-p-k-no-ns-nd/photo.jpg,,,True,114027543446743885599,Safari Pool Company,https://www.google.com/maps/contrib/114027543446743885599,,,,,"https://www.google.com/maps/place/Safari+Pool+Company/@30.026535,-89.9849895,14z/data=!4m8!1m2!2m1!1sSafari+Pool+Company!3m4!1s0x8620a314472f4679:0xc41fb871ad469025!8m2!3d30.026535!4d-89.9849895","https://www.google.com/maps/place/Safari+Pool+Company/@30.026535,-89.9849895,13.99z/data=!4m16!1m7!3m6!1s0x8620a314472f4679:0xc41fb871ad469025!2sSafari+Pool+Company!8m2!3d30.026535!4d-89.9849895!16s%2Fg%2F11ckvg1dmb!3m7!1s0x8620a314472f4679:0xc41fb871ad469025!8m2!3d30.026535!4d-89.9849895!9m1!1b1!16s%2Fg%2F11ckvg1dmb?entry=ttu",ChIJeUYvRxSjIIYRJZBGrXG4H8Q,0x8620a314472f4679:0xc41fb871ad469025,14132216954089803813,/g/11hdll6j_d,-4314527119619747803,,support@safaripools.co,RECEIVING,SMTP validated,,,,,,office@safaripools.co,UNKNOWN,Cannot validate,,,,,,,,,,,,,,5042581004,mobile,CELLCO PARTNERSHIP DBA VERIZON WIRELESS - LA,,,,,,,,,,https://www.facebook.com/safaripools,https://www.instagram.com/safaripools,,,,,,,,,https://twitter.com/intent/,,,,,Pool Services Locations | Safari Pools,WordPress 6.8.3,Pool no longer feeling refreshing? Restore its sparkle with top-notch pool services from Safari Pools in the New Orleans area.,,False,True
"swimming pool contractor, 70112, New Orleans, LA, US",Paradise Pool and Spas,Paradise Pool And Spas,http://www.paradisepoolsandspasla.com/,Swimming pool contractor,Swimming pool contractor,Swimming pool contractor,+1 504-888-0505,landline,,,"4221 Division Street, Metairie, LA 70002",None,4221 Division Street,Metairie,70002,Louisiana,Louisiana,United States of America,US,30.0129263,-90.1641619,89444655833ffff,America/Chicago,,False,5.0,18.0,https://search.google.com/local/reviews?placeid=ChIJ76a6or-xIIYRyQPzYO9zh4Y&q=*&authuser=0&hl=en&gl=US,,,0.0,0.0,0.0,0.0,18.0,15.0,https://lh3.googleusercontent.com/p/AF1QipPxLnD5QevZ7xM5cEKzzRQmaHd7RhoYiMVINEBh=w800-h500-k-no,https://lh3.googleusercontent.com/p/AF1QipPxLnD5QevZ7xM5cEKzzRQmaHd7RhoYiMVINEBh=w1600-h1000-k-no,,"{""Sunday"": ""8AM-3PM"", ""Monday"": ""8AM-4PM"", ""Tuesday"": ""8AM-4PM"", ""Wednesday"": ""8AM-4PM"", ""Thursday"": ""8AM-4PM"", ""Friday"": ""8AM-4PM"", ""Saturday"": ""8AM-3PM""}","Sunday,8AM,3PM|Monday,8AM,4PM|Tuesday,8AM,4PM|Wednesday,8AM,4PM|Thursday,8AM,4PM|Friday,8AM,4PM|Saturday,8AM,3PM",Sunday:8AM-3PM|Monday:8AM-4PM|Tuesday:8AM-4PM|Wednesday:8AM-4PM|Thursday:8AM-4PM|Friday:8AM-4PM|Saturday:8AM-3PM,,,OPERATIONAL,{},,,,https://lh3.googleusercontent.com/-SYeTSVVWRL8/AAAAAAAAAAI/AAAAAAAAAAA/ZWumLV63_Ec/s44-p-k-no-ns-nd/photo.jpg,,,True,108146439373381528247,Paradise Pool and Spas,https://www.google.com/maps/contrib/108146439373381528247,,,,,"https://www.google.com/maps/place/Paradise+Pool+and+Spas/@30.0129263,-90.1641619,14z/data=!4m8!1m2!2m1!1sParadise+Pool+and+Spas!3m4!1s0x8620b1bfa2baa6ef:0x868773ef60f303c9!8m2!3d30.0129263!4d-90.1641619","https://www.google.com/maps/place/Paradise+Pool+and+Spas/@30.0129263,-90.1641619,13.99z/data=!4m16!1m7!3m6!1s0x8620b1bfa2baa6ef:0x868773ef60f303c9!2sParadise+Pool+and+Spas!8m2!3d30.0129263!4d-90.1641619!16s%2Fg%2F11ckvg1dmb!3m7!1s0x8620b1bfa2baa6ef:0x868773ef60f303c9!8m2!3d30.0129263!4d-90.1641619!9m1!1b1!16s%2Fg%2F11ckvg1dmb?entry=ttu",ChIJ76a6or-xIIYRyQPzYO9zh4Y,0x8620b1bfa2baa6ef:0x868773ef60f303c9,9693844194899198921,/g/11f616kmxl,-8752899878810352695,,paradisepoolsandspasla@gmail.com,RECEIVING,SMTP validated,,,,,,,,,,,,,,,,,,,,,,15048880505,landline,,,5048880505,landline,,,,,,,https://www.facebook.com/paradisepoolsandspasla/,https://www.instagram.com/paradisepoolsandspasla,,,,,,,,,,,,https://github.com/sindresorhus/,,"Geometric Pool Construction in New Orleans, LA | Paradise Pools & Spas",wordpress,At Paradise Pools & Spas we provide clients with custom geometric pool construction across New Orleans. Call today to discuss your project.,,False,True
"swimming pool contractor, 70112, New Orleans, LA, US",New Orleans Pool & Patio,New Orleans Pool And Patio,https://www.neworleanspoolandpatio.com/,"Swimming pool contractor, Swimming pool repair service, Swimming pool supply store",Swimming pool contractor,Swimming pool contractor,+1 985-646-0242,fixed line,"CHARTER FIBERLINK LA-CCO, LLC ",,"438 Robert St, Slidell, LA 70458",None,438 Robert St,Slidell,70458,Louisiana,Louisiana,United States of America,US,30.273100999999997,-89.781026,894455b186fffff,America/Chicago,,False,4.3,53.0,https://search.google.com/local/reviews?placeid=ChIJez7euxjknYgRpSzrtD6Ghpk&q=*&authuser=0&hl=en&gl=US,,,7.0,0.0,2.0,5.0,39.0,43.0,https://lh3.googleusercontent.com/p/AF1QipNiqtaZBmM_SPx40YYEoYCrnB0Bur67mtnmMGli=w800-h500-k-no,https://lh3.googleusercontent.com/p/AF1QipNiqtaZBmM_SPx40YYEoYCrnB0Bur67mtnmMGli=w1600-h1000-k-no,,"{""Sunday"": ""Closed"", ""Monday"": ""9AM-5PM"", ""Tuesday"": ""9AM-5PM"", ""Wednesday"": ""9AM-5PM"", ""Thursday"": ""9AM-5PM"", ""Friday"": ""9AM-5PM"", ""Saturday"": ""9AM-2PM""}","Sunday,|Monday,9AM,5PM|Tuesday,9AM,5PM|Wednesday,9AM,5PM|Thursday,9AM,5PM|Friday,9AM,5PM|Saturday,9AM,2PM",Sunday:Closed|Monday:9AM-5PM|Tuesday:9AM-5PM|Wednesday:9AM-5PM|Thursday:9AM-5PM|Friday:9AM-5PM|Saturday:9AM-2PM,"[{""delivery"": {""Sunday"": ""Closed"", ""Monday"": ""9 AM-5 PM"", ""Tuesday"": ""9 AM-5 PM"", ""Wednesday"": ""9 AM-5 PM"", ""Thursday"": ""9 AM-5 PM"", ""Friday"": ""Closed"", ""Saturday"": ""Closed""}}]",,OPERATIONAL,"{""Service options"": {""Onsite services"": true}}",,,,https://lh5.googleusercontent.com/-UKfgtSx6xRA/AAAAAAAAAAI/AAAAAAAAAAA/dKXP_WZHQBQ/s44-p-k-no-ns-nd/photo.jpg,,,True,109693761478431414723,New Orleans Pool & Patio,https://www.google.com/maps/contrib/109693761478431414723,,,,,"https://www.google.com/maps/place/New+Orleans+Pool+%26+Patio/@30.273100999999997,-89.781026,14z/data=!4m8!1m2!2m1!1sNew+Orleans+Pool+%26+Patio!3m4!1s0x889de418bbde3e7b:0x9986863eb4eb2ca5!8m2!3d30.273100999999997!4d-89.781026","https://www.google.com/maps/place/New+Orleans+Pool+%26+Patio/@30.273100999999997,-89.781026,13.99z/data=!4m16!1m7!3m6!1s0x889de418bbde3e7b:0x9986863eb4eb2ca5!2sNew+Orleans+Pool+%26+Patio!8m2!3d30.273100999999997!4d-89.781026!16s%2Fg%2F11ckvg1dmb!3m7!1s0x889de418bbde3e7b:0x9986863eb4eb2ca5!8m2!3d30.273100999999997!4d-89.781026!9m1!1b1!16s%2Fg%2F11ckvg1dmb?entry=ttu",ChIJez7euxjknYgRpSzrtD6Ghpk,0x889de418bbde3e7b:0x9986863eb4eb2ca5,11062677138563607717,/g/1td6yx9m,-7384066935145943899,,poolstore@bellsouth.net,RECEIVING,SMTP validated,,,,,,,,,,,,,,,,,,,,,,19856460242,fixed line,"CHARTER FIBERLINK LA-CCO, LLC ",,9856460242,fixed line,"CHARTER FIBERLINK LA-CCO, LLC ",,5042450402,,landline,,https://www.facebook.com/nolapool/,,http://www.linkedin.com/company/7179734,,,,,,,,,,,,,Customer Portal,Joomla! - Open Source Content Management,Homeowners know they can find a reliable swimming pool contractor for their pools by contacting New Orleans Pool and Patio. Contact us to learn more.,pools new orleans & swimming pools new orleans,False,True
"swimming pool contractor, 70112, New Orleans, LA, US",Kingfish Pools,Kingfish Pools,http://kingfishpool.com/,"Swimming pool contractor, Pool cleaning service, Swimming pool, Swimming pool repair service",Swimming pool contractor,Swimming pool contractor,+1 504-250-2099,mobile,CELLCO PARTNERSHIP DBA VERIZON WIRELESS - LA,,"1024 Central Ave, Metairie, LA 70001",None,1024 Central Ave,Metairie,70001,Louisiana,Louisiana,United States of America,US,29.973084099999998,-90.1746927,8944465422fffff,America/Chicago,,False,4.2,69.0,https://search.google.com/local/reviews?placeid=ChIJkVrOTLu7IIYRN46QD8IQm9s&q=*&authuser=0&hl=en&gl=US,,,12.0,1.0,1.0,0.0,55.0,72.0,https://lh3.googleusercontent.com/p/AF1QipPqbNakQ3xondq6MDfNFgGK8VoLSU2zMnJmXYu4=w800-h500-k-no,https://lh3.googleusercontent.com/p/AF1QipPqbNakQ3xondq6MDfNFgGK8VoLSU2zMnJmXYu4=w1600-h1000-k-no,,"{""Sunday"": ""Closed"", ""Monday"": ""8AM-3:30PM"", ""Tuesday"": ""8AM-3:30PM"", ""Wednesday"": ""8AM-3:30PM"", ""Thursday"": ""8AM-3:30PM"", ""Friday"": ""8AM-3:30PM"", ""Saturday"": ""Closed""}","Sunday,|Monday,8AM,3:30PM|Tuesday,8AM,3:30PM|Wednesday,8AM,3:30PM|Thursday,8AM,3:30PM|Friday,8AM,3:30PM|Saturday,",Sunday:Closed|Monday:8AM-3:30PM|Tuesday:8AM-3:30PM|Wednesday:8AM-3:30PM|Thursday:8AM-3:30PM|Friday:8AM-3:30PM|Saturday:Closed,,,OPERATIONAL,"{""Accessibility"": {""Wheelchair accessible restroom"": true, ""Wheelchair accessible seating"": true}, ""Parking"": {""On-site parking"": true}}",,,,https://lh3.googleusercontent.com/-1UZWmroEWhA/AAAAAAAAAAI/AAAAAAAAAAA/2mSGmi_ivsc/s44-p-k-no-ns-nd/photo.jpg,,,True,104566200758426878031,Kingfish Pools,https://www.google.com/maps/contrib/104566200758426878031,,https://kingfishpool.com/get-a-quote/,,https://kingfishpool.com/get-a-quote/,"https://www.google.com/maps/place/Kingfish+Pools/@29.973084099999998,-90.1746927,14z/data=!4m8!1m2!2m1!1sKingfish+Pools!3m4!1s0x8620bbbb4cce5a91:0xdb9b10c20f908e37!8m2!3d29.973084099999998!4d-90.1746927","https://www.google.com/maps/place/Kingfish+Pools/@29.973084099999998,-90.1746927,13.99z/data=!4m16!1m7!3m6!1s0x8620bbbb4cce5a91:0xdb9b10c20f908e37!2sKingfish+Pools!8m2!3d29.973084099999998!4d-90.1746927!16s%2Fg%2F11ckvg1dmb!3m7!1s0x8620bbbb4cce5a91:0xdb9b10c20f908e37!8m2!3d29.973084099999998!4d-90.1746927!9m1!1b1!16s%2Fg%2F11ckvg1dmb?entry=ttu",ChIJkVrOTLu7IIYRN46QD8IQm9s,0x8620bbbb4cce5a91:0xdb9b10c20f908e37,15824260141367201335,/g/11rhq641l2,-2622483932342350281,,info@kingfishpool.com,RECEIVING,SMTP validated,,,,,,,,,,,,,,,,,,,,,,5042502099,mobile,CELLCO PARTNERSHIP DBA VERIZON WIRELESS - LA,,,,,,,,,,https://www.facebook.com/KingfishPoolService/,,,,,,,,,,,,,,,"Pool Construction, Renovation & Service - Gretna, LA - New Orleans' Most Trusted Pool Construction, Renovation & Service Company",WordPress 6.8.2,"A swimming pool should be more than just a place to cool off in the summer—it should be a space that welcomes everyone. That includes children, older adults, individuals with mobility issues, and anyone who may feel less comfortable climbing into or out of a pool the traditional way.",,False,False
"swimming pool contractor, 70112, New Orleans, LA, US",Crystal Pools and Spas Inc.,Crystal Pools And Spas,http://nolapools.com/,"Swimming pool contractor, Service establishment, Swimming pool repair service",Swimming pool contractor,Swimming pool contractor,+1 504-469-7811,landline,,,,,,,,,,,,30.186631,-89.9526745,8944464dc53ffff,America/Chicago,,True,4.9,43.0,https://search.google.com/local/reviews?placeid=ChIJ2xYzrou2IIYRyXfWo1fQRaE&q=*&authuser=0&hl=en&gl=US,,,1.0,0.0,0.0,0.0,42.0,126.0,https://lh3.googleusercontent.com/p/AF1QipNmY22hSLVdtWM90olALppnERvAtxWuRVVAJ_TH=w800-h500-k-no,https://lh3.googleusercontent.com/p/AF1QipNmY22hSLVdtWM90olALppnERvAtxWuRVVAJ_TH=w1600-h1000-k-no,,"{""Sunday"": ""Closed"", ""Monday"": ""8AM-6PM"", ""Tuesday"": ""8AM-6PM"", ""Wednesday"": ""8AM-6PM"", ""Thursday"": ""8AM-6PM"", ""Friday"": ""8AM-6PM"", ""Saturday"": ""8AM-6PM""}","Sunday,|Monday,8AM,6PM|Tuesday,8AM,6PM|Wednesday,8AM,6PM|Thursday,8AM,6PM|Friday,8AM,6PM|Saturday,8AM,6PM",Sunday:Closed|Monday:8AM-6PM|Tuesday:8AM-6PM|Wednesday:8AM-6PM|Thursday:8AM-6PM|Friday:8AM-6PM|Saturday:8AM-6PM,,,OPERATIONAL,{},,,,https://lh4.googleusercontent.com/-gH9tPkCEeqY/AAAAAAAAAAI/AAAAAAAAAAA/11dx4ISU4C8/s44-p-k-no-ns-nd/photo.jpg,,,True,111628518148079609394,Crystal Pools and Spas Inc.,https://www.google.com/maps/contrib/111628518148079609394,,https://nolapools.com/contact-us/,,https://nolapools.com/contact-us/,"https://www.google.com/maps/place/Crystal+Pools+and+Spas+Inc./@30.186631,-89.9526745,14z/data=!4m8!1m2!2m1!1sCrystal+Pools+and+Spas+Inc.!3m4!1s0x8620b68bae3316db:0xa145d057a3d677c9!8m2!3d30.186631!4d-89.9526745","https://www.google.com/maps/place/Crystal+Pools+and+Spas+Inc./@30.186631,-89.9526745,13.99z/data=!4m16!1m7!3m6!1s0x8620b68bae3316db:0xa145d057a3d677c9!2sCrystal+Pools+and+Spas+Inc.!8m2!3d30.186631!4d-89.9526745!16s%2Fg%2F11ckvg1dmb!3m7!1s0x8620b68bae3316db:0xa145d057a3d677c9!8m2!3d30.186631!4d-89.9526745!9m1!1b1!16s%2Fg%2F11ckvg1dmb?entry=ttu",ChIJ2xYzrou2IIYRyXfWo1fQRaE,0x8620b68bae3316db:0xa145d057a3d677c9,11620923488328906697,/g/1vn18x0y,-6825820585380644919,,kevin@nolapools.com,RECEIVING,SMTP validated,,,,,,,,,,,,,,,,,,,,,,15044697811,landline,,,,,,,,,,,https://www.facebook.com/nolapools/,https://www.instagram.com/crystalpoolsla,,,,,,,,,https://twitter.com/nolapools,,,,,Testimonials - Crystal Pools and Spas,wordpress,New Orleans swimming pool contractor since 1984. A family business with family values.,,False,False
"swimming pool contractor, 70112, New Orleans, LA, US",Metairie Pool and Design,Metairie Pool And Design,http://poolbuildersneworleans.com/,"Swimming pool contractor, Service establishment",Swimming pool contractor,Swimming pool contractor,+1 504-608-9980,landline,,,,,,,,,,,,30.0326605,-89.9526745,8944464132bffff,America/Chicago,,True,,,,,,,,,,,,,,,"{""Sunday"": ""Closed"", ""Monday"": ""8AM-6PM"", ""Tuesday"": ""8AM-6PM"", ""Wednesday"": ""8AM-6PM"", ""Thursday"": ""8AM-6PM"", ""Friday"": ""8AM-6PM"", ""Saturday"": ""8AM-1:30PM""}","Sunday,|Monday,8AM,6PM|Tuesday,8AM,6PM|Wednesday,8AM,6PM|Thursday,8AM,6PM|Friday,8AM,6PM|Saturday,8AM,1:30PM",Sunday:Closed|Monday:8AM-6PM|Tuesday:8AM-6PM|Wednesday:8AM-6PM|Thursday:8AM-6PM|Friday:8AM-6PM|Saturday:8AM-1:30PM,,,OPERATIONAL,{},,,,https://lh4.googleusercontent.com/-6eHdGlXfMyk/AAAAAAAAAAI/AAAAAAAAAAA/uWrBiBBK57Q/s44-p-k-no-ns-nd/photo.jpg,,,True,115578496023332237743,Metairie Pool and Design,https://www.google.com/maps/contrib/115578496023332237743,,,,,"https://www.google.com/maps/place/Metairie+Pool+and+Design/@30.0326605,-89.9526745,14z/data=!4m8!1m2!2m1!1sMetairie+Pool+and+Design!3m4!1s0x8620a5ec7e499163:0xd15ed4fde6abdc47!8m2!3d30.0326605!4d-89.9526745","https://www.google.com/maps/place/Metairie+Pool+and+Design/@30.0326605,-89.9526745,13.99z/data=!4m16!1m7!3m6!1s0x8620a5ec7e499163:0xd15ed4fde6abdc47!2sMetairie+Pool+and+Design!8m2!3d30.0326605!4d-89.9526745!16s%2Fg%2F11ckvg1dmb!3m7!1s0x8620a5ec7e499163:0xd15ed4fde6abdc47!8m2!3d30.0326605!4d-89.9526745!9m1!1b1!16s%2Fg%2F11ckvg1dmb?entry=ttu",ChIJY5FJfuylIIYRR9yr5v3UXtE,0x8620a5ec7e499163:0xd15ed4fde6abdc47,15086729988699577415,/g/11k98l5ktc,None,,info@website.com,INVALID,Undeliverable,,,,,,,,,,,,,,,,,,,,,,5046089980,landline,,,123456789,fixed line,"FIRST COMMUNICATIONS, LLC - OH",,,,,,,,,,,,,,,,,,,,,Metairie Pool and Design-Swimming Pool Installation Company | NOLA,Divi v.4.4.1,If you have been thinking about putting in a pool NOW is the time. 9 out of 10 people agree. Call now for an in-home consultation for free. (504) 434-7589,,,
"swimming pool contractor, 70112, New Orleans, LA, US",NOLA POOL PLASTERING,Nola Pool Plastering,http://www.nolapoolplastering.com/,"Swimming pool contractor, Service establishment",Swimming pool contractor,Swimming pool contractor,+1 504-905-1106,mobile,,,,,,,,,,,,46.423669,-129.9427086,8928e9c8573ffff,America/Chicago,,True,4.0,9.0,https://search.google.com/local/reviews?placeid=ChIJDVAH_EihIIYR9K0nQvlrFxQ&q=*&authuser=0&hl=en&gl=US,,,2.0,0.0,0.0,1.0,6.0,13.0,https://lh3.googleusercontent.com/p/AF1QipMd9YAv0BJf_7pq4ZI24aGR275qjhQnzDCQk41Q=w800-h500-k-no,https://lh3.googleusercontent.com/p/AF1QipMd9YAv0BJf_7pq4ZI24aGR275qjhQnzDCQk41Q=w1600-h1000-k-no,,"{""Sunday"": ""Closed"", ""Monday"": ""8AM-5AM"", ""Tuesday"": ""8AM-5PM"", ""Wednesday"": ""8AM-5PM"", ""Thursday"": ""8AM-5PM"", ""Friday"": ""8AM-5PM"", ""Saturday"": ""8AM-5PM""}","Sunday,|Monday,8AM,5AM|Tuesday,8AM,5PM|Wednesday,8AM,5PM|Thursday,8AM,5PM|Friday,8AM,5PM|Saturday,8AM,5PM",Sunday:Closed|Monday:8AM-5AM|Tuesday:8AM-5PM|Wednesday:8AM-5PM|Thursday:8AM-5PM|Friday:8AM-5PM|Saturday:8AM-5PM,,,OPERATIONAL,"{""Service options"": {""Online estimates"": true, ""Language assistance"": ""English, Spanish""}}",,,,https://lh3.googleusercontent.com/-76CwTTZuln8/AAAAAAAAAAI/AAAAAAAAAAA/DYUzqVQHlYk/s44-p-k-no-ns-nd/photo.jpg,,,True,116939531022654148576,NOLA POOL PLASTERING,https://www.google.com/maps/contrib/116939531022654148576,,,,,"https://www.google.com/maps/place/NOLA+POOL+PLASTERING/@46.423669,-129.9427086,14z/data=!4m8!1m2!2m1!1sNOLA+POOL+PLASTERING!3m4!1s0x8620a148fc07500d:0x14176bf94227adf4!8m2!3d46.423669!4d-129.9427086","https://www.google.com/maps/place/NOLA+POOL+PLASTERING/@46.423669,-129.9427086,13.99z/data=!4m16!1m7!3m6!1s0x8620a148fc07500d:0x14176bf94227adf4!2sNOLA+POOL+PLASTERING!8m2!3d46.423669!4d-129.9427086!16s%2Fg%2F11ckvg1dmb!3m7!1s0x8620a148fc07500d:0x14176bf94227adf4!8m2!3d46.423669!4d-129.9427086!9m1!1b1!16s%2Fg%2F11ckvg1dmb?entry=ttu",ChIJDVAH_EihIIYR9K0nQvlrFxQ,0x8620a148fc07500d:0x14176bf94227adf4,1447744523523829236,/g/11g72_6k7r,1447744523523829236,,nolapoolplastering@gmail.com,RECEIVING,SMTP validated,,,,,,,,,,,,,,,,,,,,,,,,,,,,,,,,,,,,,,,,,,,,,,,,,Home | Nola Pool Plastering,Wix.com Website Builder,,,False,False
"swimming pool contractor, 70112, New Orleans, LA, US",Liquid Construction Solutions,Liquid Construction Solutions,https://www.lcsdreamspace.com/,"Swimming pool contractor, Deck builder, Landscape designer, Swimming pool repair service",Swimming pool contractor,Swimming pool contractor,+1 504-305-8927,landline,Airus,True,"50 W 23rd St Suite A, Kenner, LA 70062",None,50 W 23rd St Suite A,Kenner,70062,Louisiana,Louisiana,United States of America,US,30.0001361,-90.2763722,8944460b63bffff,America/Chicago,,False,5.0,20.0,https://search.google.com/local/reviews?placeid=ChIJO8UdhtCm0wwRvSWxrVMFSos&q=*&authuser=0&hl=en&gl=US,,,0.0,0.0,0.0,0.0,20.0,17.0,https://lh3.googleusercontent.com/gps-cs-s/AG0ilSzNHjan595s7lqP23-IQkolHYH4xZ72H3_Wyq9XTspOxO1fhezhwCe56j0rAe9c2O1PXs9idH3XVq1IGcoXq0pIDpHQPwSvwl3Ff_4Ky6YV6TdaBvPHLfoj9RGxA-uz9jaYA_7xz8qeLdM0=w800-h500-k-no,https://lh3.googleusercontent.com/gps-cs-s/AG0ilSzNHjan595s7lqP23-IQkolHYH4xZ72H3_Wyq9XTspOxO1fhezhwCe56j0rAe9c2O1PXs9idH3XVq1IGcoXq0pIDpHQPwSvwl3Ff_4Ky6YV6TdaBvPHLfoj9RGxA-uz9jaYA_7xz8qeLdM0=w1600-h1000-k-no,,"{""Sunday"": ""7AM-6PM"", ""Monday"": ""7AM-6PM"", ""Tuesday"": ""7AM-6PM"", ""Wednesday"": ""7AM-6PM"", ""Thursday"": ""7AM-6PM"", ""Friday"": ""7AM-6PM"", ""Saturday"": ""7AM-6PM""}","Sunday,7AM,6PM|Monday,7AM,6PM|Tuesday,7AM,6PM|Wednesday,7AM,6PM|Thursday,7AM,6PM|Friday,7AM,6PM|Saturday,7AM,6PM",Sunday:7AM-6PM|Monday:7AM-6PM|Tuesday:7AM-6PM|Wednesday:7AM-6PM|Thursday:7AM-6PM|Friday:7AM-6PM|Saturday:7AM-6PM,,,OPERATIONAL,{},,,,https://lh3.googleusercontent.com/-PcPRsszyBYE/AAAAAAAAAAI/AAAAAAAAAAA/ZUcL8vkjXH0/s44-p-k-no-ns-nd/photo.jpg,,,True,101224182328621745007,Liquid Construction Solutions,https://www.google.com/maps/contrib/101224182328621745007,,,,,"https://www.google.com/maps/place/Liquid+Construction+Solutions/@30.0001361,-90.2763722,14z/data=!4m8!1m2!2m1!1sLiquid+Construction+Solutions!3m4!1s0xcd3a6d0861dc53b:0x8b4a0553adb125bd!8m2!3d30.0001361!4d-90.2763722","https://www.google.com/maps/place/Liquid+Construction+Solutions/@30.0001361,-90.2763722,13.99z/data=!4m16!1m7!3m6!1s0xcd3a6d0861dc53b:0x8b4a0553adb125bd!2sLiquid+Construction+Solutions!8m2!3d30.0001361!4d-90.2763722!16s%2Fg%2F11ckvg1dmb!3m7!1s0xcd3a6d0861dc53b:0x8b4a0553adb125bd!8m2!3d30.0001361!4d-90.2763722!9m1!1b1!16s%2Fg%2F11ckvg1dmb?entry=ttu",ChIJO8UdhtCm0wwRvSWxrVMFSos,0xcd3a6d0861dc53b:0x8b4a0553adb125bd,10036840576503063997,/g/11y2wcx14b,-8409903497206487619,,info@lcsdreamspace.com,RECEIVING,SMTP validated,,,,,,,,,,,,,,,,,,,,,,5042022754,mobile,,,,,,,,,,,https://www.facebook.com/107854635667932,https://www.instagram.com/liquid_creations_n_scapes,,,,,,,,,,,,,,Swimming Pool Design and Build Services | Liquid Creations & Scapes,Starfield Technologies; Go Daddy Website Builder 8.0.0000,Transform your backyard with our expert swimming pool design and build services. We specialize in creating stunning pool spa combinations for your ultimate relaxation and enjoyment.,,False,True
"swimming pool contractor, 70112, New Orleans, LA, US",American Leak Detection of New Orleans,American Leak Detection Of New Orleans,https://www.americanleakdetection.com/new-orleans/,"Swimming pool repair service, Service establishment, Plumber",Swimming pool repair service,Swimming pool repair service,+1 504-608-4009,landline,,,,,,,,,,,,30.2780024,-89.9209046,894455b739bffff,America/Chicago,,True,4.3,29.0,https://search.google.com/local/reviews?placeid=ChIJb-gCV0ixJoYRUdKp6FbN62g&q=*&authuser=0&hl=en&gl=US,,,3.0,1.0,0.0,4.0,21.0,1.0,https://lh3.googleusercontent.com/p/AF1QipORUq1gOp_Cz6a8i2PqZh_3y6U1WgCl6VJfE490=w800-h500-k-no,https://lh3.googleusercontent.com/p/AF1QipORUq1gOp_Cz6a8i2PqZh_3y6U1WgCl6VJfE490=w1600-h1000-k-no,,"{""Sunday"": ""Closed"", ""Monday"": ""8AM-5PM"", ""Tuesday"": ""8AM-5PM"", ""Wednesday"": ""8AM-5PM"", ""Thursday"": ""8AM-5PM"", ""Friday"": ""8AM-5PM"", ""Saturday"": ""Closed""}","Sunday,|Monday,8AM,5PM|Tuesday,8AM,5PM|Wednesday,8AM,5PM|Thursday,8AM,5PM|Friday,8AM,5PM|Saturday,",Sunday:Closed|Monday:8AM-5PM|Tuesday:8AM-5PM|Wednesday:8AM-5PM|Thursday:8AM-5PM|Friday:8AM-5PM|Saturday:Closed,,,OPERATIONAL,{},,,,https://lh3.googleusercontent.com/-geBiB6oHvzU/AAAAAAAAAAI/AAAAAAAAAAA/kJ0WN5hw7js/s44-p-k-no-ns-nd/photo.jpg,,,True,116061801864572508651,American Leak Detection of New Orleans,https://www.google.com/maps/contrib/116061801864572508651,,https://www.americanleakdetection.com/new-orleans/request-appointment/,,https://www.americanleakdetection.com/new-orleans/request-appointment/,"https://www.google.com/maps/place/American+Leak+Detection+of+New+Orleans/@30.2780024,-89.9209046,14z/data=!4m8!1m2!2m1!1sAmerican+Leak+Detection+of+New+Orleans!3m4!1s0x8626b1485702e86f:0x68ebcd56e8a9d251!8m2!3d30.2780024!4d-89.9209046","https://www.google.com/maps/place/American+Leak+Detection+of+New+Orleans/@30.2780024,-89.9209046,13.99z/data=!4m16!1m7!3m6!1s0x8626b1485702e86f:0x68ebcd56e8a9d251!2sAmerican+Leak+Detection+of+New+Orleans!8m2!3d30.2780024!4d-89.9209046!16s%2Fg%2F11ckvg1dmb!3m7!1s0x8626b1485702e86f:0x68ebcd56e8a9d251!8m2!3d30.2780024!4d-89.9209046!9m1!1b1!16s%2Fg%2F11ckvg1dmb?entry=ttu",ChIJb-gCV0ixJoYRUdKp6FbN62g,0x8626b1485702e86f:0x68ebcd56e8a9d251,7560362172625834577,/g/1thtpz62,7560362172625834577,,pmeckley@aldoc.com,RECEIVING,Verified,Phillip Meckley,Phillip,Meckley,,,dan@theantiqueagent.com,INVALID,Invalid DNS,Dan Trznadel,Dan,Trznadel,,,tbachi@americanleakdetection.com,RECEIVING,Confirmed,Terry Bachi,Terry,Bachi,President,17345509557,8667015306,toll_free,,,18665705325,toll_free,,,15012280676,"LEVEL 3 COMMUNICATIONS, LLC - ",fixed line,,http://www.facebook.com/americanleakdetection,,http://www.linkedin.com/company/american-leak-detection,,,,,,,,http://www.twitter.com/leakdetection,,https://www.youtube.com/user/ALDJosh,,,Leak Detection Services in Fort Worth | American Leak Detection,,American Leak Detection of Fort Worth is committed to offering the most accurate water leak detection near you. Call today to schedule an appointment!,,False,False
"swimming pool contractor, 70112, New Orleans, LA, US",Oasis Pools & Spas LLC,Oasis Pools And Spas,http://www.oasispoolsandspasllc.com/,Swimming pool contractor,Swimming pool contractor,Swimming pool contractor,+1 504-475-7665,landline,,,"172 Dunleith Ln, Mandeville, LA 70471",None,172 Dunleith Ln,Mandeville,70471,Louisiana,Louisiana,United States of America,US,30.3948853,-90.0488479,8944466b31bffff,America/Chicago,,False,5.0,31.0,https://search.google.com/local/reviews?placeid=ChIJ2THtEyLknYgResFsC4cRfzc&q=*&authuser=0&hl=en&gl=US,,,0.0,0.0,0.0,0.0,31.0,105.0,https://lh3.googleusercontent.com/p/AF1QipMHERnE8PijNrdrsurZhgq6i5_Qt6qO2YqMiXyd=w800-h500-k-no,https://lh3.googleusercontent.com/p/AF1QipMHERnE8PijNrdrsurZhgq6i5_Qt6qO2YqMiXyd=w1600-h1000-k-no,,"{""Sunday"": ""Closed"", ""Monday"": ""8AM-4PM"", ""Tuesday"": ""8AM-4PM"", ""Wednesday"": ""8AM-4PM"", ""Thursday"": ""8AM-4PM"", ""Friday"": ""8AM-3PM"", ""Saturday"": ""Closed""}","Sunday,|Monday,8AM,4PM|Tuesday,8AM,4PM|Wednesday,8AM,4PM|Thursday,8AM,4PM|Friday,8AM,3PM|Saturday,",Sunday:Closed|Monday:8AM-4PM|Tuesday:8AM-4PM|Wednesday:8AM-4PM|Thursday:8AM-4PM|Friday:8AM-3PM|Saturday:Closed,,,OPERATIONAL,{},,,,https://lh6.googleusercontent.com/-5fCIHL2aoGc/AAAAAAAAAAI/AAAAAAAAAAA/MQyFAY78340/s44-p-k-no-ns-nd/photo.jpg,,,True,105536033843826701592,Oasis Pools & Spas LLC,https://www.google.com/maps/contrib/105536033843826701592,,,,,"https://www.google.com/maps/place/Oasis+Pools+%26+Spas+LLC/@30.3948853,-90.0488479,14z/data=!4m8!1m2!2m1!1sOasis+Pools+%26+Spas+LLC!3m4!1s0x889de42213ed31d9:0x377f11870b6cc17a!8m2!3d30.3948853!4d-90.0488479","https://www.google.com/maps/place/Oasis+Pools+%26+Spas+LLC/@30.3948853,-90.0488479,13.99z/data=!4m16!1m7!3m6!1s0x889de42213ed31d9:0x377f11870b6cc17a!2sOasis+Pools+%26+Spas+LLC!8m2!3d30.3948853!4d-90.0488479!16s%2Fg%2F11ckvg1dmb!3m7!1s0x889de42213ed31d9:0x377f11870b6cc17a!8m2!3d30.3948853!4d-90.0488479!9m1!1b1!16s%2Fg%2F11ckvg1dmb?entry=ttu",ChIJ2THtEyLknYgResFsC4cRfzc,0x889de42213ed31d9:0x377f11870b6cc17a,3998934265838223738,/g/1td18mmg,3998934265838223738,,m.stanton@oasispoolsandspasllc.com,INVALID,Invalid DNS,Mike Stanton,Mike,Stanton,,,,,,,,,,,,,,,,,,,,,,,,,,,,,,,,,,,,,,,,,,,,,,Oasis Pools New Pools Gallery,Wix.com Website Builder,Oasis Pools New Pools Gallery,"Oasis Pools, Salt Water Info",False,False
"swimming pool contractor, 70112, New Orleans, LA, US",Pool & Spa Center,Pool And Spa Center,https://www.poolandspacenternola.com/,Swimming pool repair service,Swimming pool repair service,Swimming pool repair service,+1 504-347-4282,landline,,,"5040 Lapalco Blvd, Marrero, LA 70072",None,5040 Lapalco Blvd,Marrero,70072,Louisiana,Louisiana,United States of America,US,29.875830299999997,-90.10045749999999,89444650c17ffff,America/Chicago,,False,3.9,57.0,https://search.google.com/local/reviews?placeid=ChIJI6LbNo-jIIYRR2hGaDd9GH0&q=*&authuser=0&hl=en&gl=US,,,13.0,1.0,3.0,4.0,36.0,4.0,https://lh3.googleusercontent.com/gps-cs-s/AG0ilSy_cPZiiAsekC9xbMkphzp1yfu4eGWnIJsqLcX9IfGf93gZ9QKffsMUzisbSefPZdbK04YfvXv1jwadvv2DkVAx-teNDmC9C70XA4ZGj2gPmUNQim3su4-gD-ELUKwUdfopFJY=w800-h500-k-no,https://lh3.googleusercontent.com/gps-cs-s/AG0ilSy_cPZiiAsekC9xbMkphzp1yfu4eGWnIJsqLcX9IfGf93gZ9QKffsMUzisbSefPZdbK04YfvXv1jwadvv2DkVAx-teNDmC9C70XA4ZGj2gPmUNQim3su4-gD-ELUKwUdfopFJY=w1600-h1000-k-no,,"{""Sunday"": ""Closed"", ""Monday"": ""10AM-5PM"", ""Tuesday"": ""10AM-5PM"", ""Wednesday"": ""10AM-5PM"", ""Thursday"": ""10AM-5PM"", ""Friday"": ""10AM-5PM"", ""Saturday"": ""10AM-2PM""}","Sunday,|Monday,10AM,5PM|Tuesday,10AM,5PM|Wednesday,10AM,5PM|Thursday,10AM,5PM|Friday,10AM,5PM|Saturday,10AM,2PM",Sunday:Closed|Monday:10AM-5PM|Tuesday:10AM-5PM|Wednesday:10AM-5PM|Thursday:10AM-5PM|Friday:10AM-5PM|Saturday:10AM-2PM,,,OPERATIONAL,"{""Accessibility"": {""Wheelchair accessible entrance"": true, ""Wheelchair accessible parking lot"": true}}",,,,,,,False,None,Pool & Spa Center,,,,,,"https://www.google.com/maps/place/Pool+%26+Spa+Center/@29.875830299999997,-90.10045749999999,14z/data=!4m8!1m2!2m1!1sPool+%26+Spa+Center!3m4!1s0x8620a38f36dba223:0x7d187d3768466847!8m2!3d29.875830299999997!4d-90.10045749999999","https://www.google.com/maps/place/Pool+%26+Spa+Center/@29.875830299999997,-90.10045749999999,13.99z/data=!4m16!1m7!3m6!1s0x8620a38f36dba223:0x7d187d3768466847!2sPool+%26+Spa+Center!8m2!3d29.875830299999997!4d-90.10045749999999!16s%2Fg%2F11ckvg1dmb!3m7!1s0x8620a38f36dba223:0x7d187d3768466847!8m2!3d29.875830299999997!4d-90.10045749999999!9m1!1b1!16s%2Fg%2F11ckvg1dmb?entry=ttu",ChIJI6LbNo-jIIYRR2hGaDd9GH0,0x8620a38f36dba223:0x7d187d3768466847,9014092331108165703,/g/1trplkhw,9014092331108165703,,serviceps5040@gmail.com,RECEIVING,SMTP validated,,,,,,lonnieyoung39@gmail.com,RECEIVING,SMTP validated,,,,,,,,,,,,,,5048858747,landline,,,5043474282,landline,,,,,,,https://www.facebook.com/poolandspanola/,https://www.instagram.com/poolandspanola,,,,,,,,,,,,,,Pool & Spa Center,,,,False,False
"swimming pool contractor, 70112, New Orleans, LA, US",The Pool Club New Orleans,The Pool Club New Orleans,https://virginhotels.com/new-orleans/dine-and-drink/rooftop/,Bar,bars,Bar,+1 504-603-8000,landline,,,"550 Baronne St, New Orleans, LA 70113",Warehouse District,550 Baronne St,New Orleans,70113,Louisiana,Louisiana,United States of America,US,29.948945,-90.0731349,8944464254fffff,America/Chicago,,False,4.3,26.0,https://search.google.com/local/reviews?placeid=ChIJawl388GnIIYRL_HhuhPFZBA&q=*&authuser=0&hl=en&gl=US,,,1.0,1.0,4.0,4.0,16.0,165.0,https://lh3.googleusercontent.com/p/AF1QipPY0E4Ur56DzzqoarsyPMClzGYFfBBB848EqdLO=w800-h500-k-no,https://lh3.googleusercontent.com/p/AF1QipPY0E4Ur56DzzqoarsyPMClzGYFfBBB848EqdLO=w1600-h1000-k-no,,"{""Sunday"": ""10AM-10PM"", ""Monday"": ""10AM-10PM"", ""Tuesday"": ""10AM-10PM"", ""Wednesday"": ""10AM-10PM"", ""Thursday"": ""11AM-10PM"", ""Friday"": ""10AM-12AM"", ""Saturday"": ""10AM-12AM""}","Sunday,10AM,10PM|Monday,10AM,10PM|Tuesday,10AM,10PM|Wednesday,10AM,10PM|Thursday,11AM,10PM|Friday,10AM,12AM|Saturday,10AM,12AM",Sunday:10AM-10PM|Monday:10AM-10PM|Tuesday:10AM-10PM|Wednesday:10AM-10PM|Thursday:11AM-10PM|Friday:10AM-12AM|Saturday:10AM-12AM,"[{""lunch"": {""Sunday"": ""12-6 PM"", ""Monday"": ""12-6 PM"", ""Tuesday"": ""12-6 PM"", ""Wednesday"": ""12-6 PM"", ""Thursday"": ""12-6 PM"", ""Friday"": ""12-6 PM"", ""Saturday"": ""12-6 PM""}}, {""happy_hours"": {""Sunday"": ""Closed"", ""Monday"": ""4-6 PM"", ""Tuesday"": ""4-6 PM"", ""Wednesday"": ""4-6 PM"", ""Thursday"": ""4-6 PM"", ""Friday"": ""Closed"", ""Saturday"": ""Closed""}}]",,OPERATIONAL,"{""Service options"": {""Outdoor seating"": true, ""Dine-in"": true, ""Delivery"": false}, ""Highlights"": {""Fast service"": true, ""Great beer selection"": true, ""Great cocktails"": true, ""Live music"": true, ""Live performances"": true, ""Rooftop seating"": true, ""Sports"": true}, ""Accessibility"": {""Wheelchair accessible entrance"": true, ""Wheelchair accessible restroom"": true}, ""Offerings"": {""Alcohol"": true, ""Beer"": true, ""Cocktails"": true, ""Food"": true, ""Food at bar"": true, ""Hard liquor"": true, ""Wine"": true}, ""Dining options"": {""Seating"": true}, ""Amenities"": {""Restroom"": true, ""Wi-Fi"": true}, ""Atmosphere"": {""Casual"": true, ""Trendy"": true}, ""Crowd"": {""Groups"": true}, ""Payments"": {""Credit cards"": true, ""Debit cards"": true}}",,,,https://lh3.googleusercontent.com/-y-tVd68ilZE/AAAAAAAAAAI/AAAAAAAAAAA/9YYZSvnVifU/s44-p-k-no-ns-nd/photo.jpg,,,True,101571597709944453142,The Pool Club New Orleans,https://www.google.com/maps/contrib/101571597709944453142,,,,,"https://www.google.com/maps/place/The+Pool+Club+New+Orleans/@29.948945,-90.0731349,14z/data=!4m8!1m2!2m1!1sThe+Pool+Club+New+Orleans!3m4!1s0x8620a7c1f377096b:0x1064c513bae1f12f!8m2!3d29.948945!4d-90.0731349","https://www.google.com/maps/place/The+Pool+Club+New+Orleans/@29.948945,-90.0731349,13.99z/data=!4m16!1m7!3m6!1s0x8620a7c1f377096b:0x1064c513bae1f12f!2sThe+Pool+Club+New+Orleans!8m2!3d29.948945!4d-90.0731349!16s%2Fg%2F11ckvg1dmb!3m7!1s0x8620a7c1f377096b:0x1064c513bae1f12f!8m2!3d29.948945!4d-90.0731349!9m1!1b1!16s%2Fg%2F11ckvg1dmb?entry=ttu",ChIJawl388GnIIYRL_HhuhPFZBA,0x8620a7c1f377096b:0x1064c513bae1f12f,1181285690808332591,/g/11nxps8kp9,1181285690808332591,,dmoth@trusthospitality.com,INVALID,Undeliverable,David Moth,David,Moth,Vice President Of Operations,,clio.knowles@kerzner.com,INVALID,Undeliverable,Clio Knowles,Clio,Knowles,Vice President Of People,19542241110,meaghan.tiberio@westin.com,RECEIVING,Catch All,Meaghan Tiberio,Meaghan,Tiberio,Director Of Catering,,14694367150,fixed line,"ONVOY, LLC - TX",,18445567597,toll_free,,,3129404400,,landline,,https://www.facebook.com/virginhotels,https://www.instagram.com/ceriserooftop,https://www.linkedin.com/company/virgin-hotels,,,,,,,,https://twitter.com/virginhotelschi,,https://www.youtube.com/channel/UCD-zYg6POjLtxek5NydV6qg,,,Cerise | Rooftop Bar + Lounge in Downtown Chicago,wordpress,"Experience our rooftop lounge and bar in downtown Chicago, serving breathtaking views alongside craft cocktails and bar bites. Book a table at Cerise.",,False,False
"swimming pool contractor, 70112, New Orleans, LA, US",Hammerhead Pools,Hammerhead Pools,http://www.hammerheadnola.com/,"Pool cleaning service, Service establishment",Pool cleaning service,Pool cleaning service,+1 504-912-5413,mobile,"NEW CINGULAR WIRELESS PCS, LLC - GA",,,,,,,,,,,30.040703999999998,-90.113297,894446476bbffff,America/Chicago,,True,5.0,89.0,https://search.google.com/local/reviews?placeid=ChIJWw4k3vLZRUQR0x_fV09EMQY&q=*&authuser=0&hl=en&gl=US,,,0.0,0.0,0.0,0.0,89.0,181.0,https://lh3.googleusercontent.com/p/AF1QipOw5cCuhBhxIAwwvn1nC78OB1p0yOvLzYX2k6w5=w800-h500-k-no,https://lh3.googleusercontent.com/p/AF1QipOw5cCuhBhxIAwwvn1nC78OB1p0yOvLzYX2k6w5=w1600-h1000-k-no,,"{""Sunday"": ""Closed"", ""Monday"": ""8AM-8PM"", ""Tuesday"": ""8AM-8PM"", ""Wednesday"": ""8:30AM-8PM"", ""Thursday"": ""8AM-8PM"", ""Friday"": ""8AM-8PM"", ""Saturday"": ""Closed""}","Sunday,|Monday,8AM,8PM|Tuesday,8AM,8PM|Wednesday,8:30AM,8PM|Thursday,8AM,8PM|Friday,8AM,8PM|Saturday,",Sunday:Closed|Monday:8AM-8PM|Tuesday:8AM-8PM|Wednesday:8:30AM-8PM|Thursday:8AM-8PM|Friday:8AM-8PM|Saturday:Closed,,,OPERATIONAL,"{""Service options"": {""Online estimates"": true}}",,,,https://lh5.googleusercontent.com/-lQNREMnJH9A/AAAAAAAAAAI/AAAAAAAAAAA/sub-_0vQ97w/s44-p-k-no-ns-nd/photo.jpg,,,True,111376023005153159826,Hammerhead Pools,https://www.google.com/maps/contrib/111376023005153159826,,,,,"https://www.google.com/maps/place/Hammerhead+Pools/@30.040703999999998,-90.113297,14z/data=!4m8!1m2!2m1!1sHammerhead+Pools!3m4!1s0x4445d9f2de240e5b:0x631444f57df1fd3!8m2!3d30.040703999999998!4d-90.113297","https://www.google.com/maps/place/Hammerhead+Pools/@30.040703999999998,-90.113297,13.99z/data=!4m16!1m7!3m6!1s0x4445d9f2de240e5b:0x631444f57df1fd3!2sHammerhead+Pools!8m2!3d30.040703999999998!4d-90.113297!16s%2Fg%2F11ckvg1dmb!3m7!1s0x4445d9f2de240e5b:0x631444f57df1fd3!8m2!3d30.040703999999998!4d-90.113297!9m1!1b1!16s%2Fg%2F11ckvg1dmb?entry=ttu",ChIJWw4k3vLZRUQR0x_fV09EMQY,0x4445d9f2de240e5b:0x631444f57df1fd3,446212945653735379,/g/11s7ty67bt,446212945653735379,,derek@hammerheadnola.com,RECEIVING,SMTP validated,,,,,,,,,,,,,,,,,,,,,,,,,,,,,,,,,,,,,,,,,,,,,,,,,"Boric Acid Treatment | Soft, Clear Blue Water | Hammerhead Pools",Wix.com Website Builder,"Experience crystal-clear blue water with Hammerhead Pools' boric acid treatment. Our eco-friendly solution provides a gentle, safe, and effective way to balance your pool water chemistry. Discover the difference and enjoy the softest, clearest water you've ever seen.",,False,False
"swimming pool contractor, 70112, New Orleans, LA, US",Audubon Cottages,Audubon Cottages,http://www.auduboncottages.com/,"Hotel, Cottage, Wedding venue",hotels,Hotel,+1 504-206-4923,mobile,T-Mobile USA Inc.,,"509 Dauphine St, New Orleans, LA 70112",French Quarter,509 Dauphine St,New Orleans,70112,Louisiana,Louisiana,United States of America,US,29.957978299999997,-90.0677973,89444642037ffff,America/Chicago,,False,4.6,92.0,https://search.google.com/local/reviews?placeid=ChIJM58zig6mIIYRKpDsmpNbFq0&q=*&authuser=0&hl=en&gl=US,,,3.0,2.0,3.0,11.0,73.0,312.0,https://lh3.googleusercontent.com/p/AF1QipPxJs7kFd46aSL-unK2CWr1I03Us7fFu8j3r6uh=w800-h500-k-no,https://lh3.googleusercontent.com/p/AF1QipPxJs7kFd46aSL-unK2CWr1I03Us7fFu8j3r6uh=w1600-h1000-k-no,,,,,,,OPERATIONAL,"{""Other"": {""Pool"": true, ""Free Wi-Fi"": true, ""Air-conditioned"": true, ""Wi-Fi"": true, ""Star rating"": ""4 stars"", ""Check-out time"": ""12:00 PM"", ""Check-in time"": ""4:00 PM""}, ""Amenities"": {""Free Wi-Fi"": true}}",4 stars,,,https://lh5.googleusercontent.com/-isJZMmFamss/AAAAAAAAAAI/AAAAAAAAAAA/KrCwi1FAD1g/s44-p-k-no-ns-nd/photo.jpg,Refined 19th-century cottages featuring breakfast & a storied brick courtyard/pool.,,True,104277873001802368224,Audubon Cottages,https://www.google.com/maps/contrib/104277873001802368224,,,,,"https://www.google.com/maps/place/Audubon+Cottages/@29.957978299999997,-90.0677973,14z/data=!4m8!1m2!2m1!1sAudubon+Cottages!3m4!1s0x8620a60e8a339f33:0xad165b939aec902a!8m2!3d29.957978299999997!4d-90.0677973","https://www.google.com/maps/place/Audubon+Cottages/@29.957978299999997,-90.0677973,13.99z/data=!4m16!1m7!3m6!1s0x8620a60e8a339f33:0xad165b939aec902a!2sAudubon+Cottages!8m2!3d29.957978299999997!4d-90.0677973!16s%2Fg%2F11ckvg1dmb!3m7!1s0x8620a60e8a339f33:0xad165b939aec902a!8m2!3d29.957978299999997!4d-90.0677973!9m1!1b1!16s%2Fg%2F11ckvg1dmb?entry=ttu",ChIJM58zig6mIIYRKpDsmpNbFq0,0x8620a60e8a339f33:0xad165b939aec902a,12472256907566682154,/g/1tffk3y8,-5974487166142869462,,reservations@jcollectionhotels.com,RECEIVING,SMTP validated,,,,,,fdaudubon@jcollectionhotels.com,UNKNOWN,Cannot validate,,,,,,jcollectionsales@waterfordhotelgroup.com,RECEIVING,Verified,,,,,,5042064923,mobile,T-Mobile USA Inc.,,,,,,,,,,https://www.facebook.com/auduboncottages,https://www.instagram.com/auduboncottages,https://www.linkedin.com/company/audubon-cottages,,,,,,,,,,,,,Contact - Audubon Cottages,,Thank you for considering the Audubon Cottages on Dauphine Street. We’re happy to answer your questions and offer more information.,Luxury French Quarter Hotel,False,True
"swimming pool contractor, 70112, New Orleans, LA, US",Pool Guru LLC,Pool Guru,http://www.nolapoolguru.com/,"Swimming pool contractor, Service establishment, Pool cleaning service, Swimming pool repair service",Pool cleaning service,Swimming pool contractor,+1 504-710-7700,mobile,,,,,,,,,,,,30.0326605,-89.9526745,8944464132bffff,America/Chicago,,True,4.4,7.0,https://search.google.com/local/reviews?placeid=ChIJWZ2hZyk-vmQR0qASYJlRdbU&q=*&authuser=0&hl=en&gl=US,,,1.0,0.0,0.0,0.0,6.0,61.0,https://lh3.googleusercontent.com/p/AF1QipNoA0sxn42QTYPPnD8M0BPS_LmQNkWrQDr4IwQ=w800-h500-k-no,https://lh3.googleusercontent.com/p/AF1QipNoA0sxn42QTYPPnD8M0BPS_LmQNkWrQDr4IwQ=w1600-h1000-k-no,,"{""Sunday"": ""Closed"", ""Monday"": ""9AM-4PM"", ""Tuesday"": ""9AM-4PM"", ""Wednesday"": ""9AM-4PM"", ""Thursday"": ""9AM-4PM"", ""Friday"": ""9AM-4PM"", ""Saturday"": ""Closed""}","Sunday,|Monday,9AM,4PM|Tuesday,9AM,4PM|Wednesday,9AM,4PM|Thursday,9AM,4PM|Friday,9AM,4PM|Saturday,",Sunday:Closed|Monday:9AM-4PM|Tuesday:9AM-4PM|Wednesday:9AM-4PM|Thursday:9AM-4PM|Friday:9AM-4PM|Saturday:Closed,,,OPERATIONAL,"{""Service options"": {""Online estimates"": true, ""Language assistance"": ""English""}, ""Planning"": {""Appointment required"": true}}",,,,https://lh6.googleusercontent.com/-VANG4aFJ_Rw/AAAAAAAAAAI/AAAAAAAAAAA/SKeNOfqCF-w/s44-p-k-no-ns-nd/photo.jpg,,,True,108679979270577569027,Pool Guru LLC,https://www.google.com/maps/contrib/108679979270577569027,,https://www.facebook.com/NOLAPoolGuru,,https://www.facebook.com/NOLAPoolGuru,"https://www.google.com/maps/place/Pool+Guru+LLC/@30.0326605,-89.9526745,14z/data=!4m8!1m2!2m1!1sPool+Guru+LLC!3m4!1s0x64be3e2967a19d59:0xb57551996012a0d2!8m2!3d30.0326605!4d-89.9526745","https://www.google.com/maps/place/Pool+Guru+LLC/@30.0326605,-89.9526745,13.99z/data=!4m16!1m7!3m6!1s0x64be3e2967a19d59:0xb57551996012a0d2!2sPool+Guru+LLC!8m2!3d30.0326605!4d-89.9526745!16s%2Fg%2F11ckvg1dmb!3m7!1s0x64be3e2967a19d59:0xb57551996012a0d2!8m2!3d30.0326605!4d-89.9526745!9m1!1b1!16s%2Fg%2F11ckvg1dmb?entry=ttu",ChIJWZ2hZyk-vmQR0qASYJlRdbU,0x64be3e2967a19d59:0xb57551996012a0d2,13075446812323782866,/g/11rfqs9fxc,-5371297261385768750,,office@nolapoolguru.com,RECEIVING,SMTP validated,,,,,,,,,,,,,,,,,,,,,,15047107700,mobile,,,,,,,,,,,https://www.facebook.com/NOLAPoolGuru,https://www.instagram.com/nolapoolguru,,,,,,,,,,,https://www.youtube.com/channel/UCqN6HefT3VDpY4EAC3Oz33Q,,,Pool Guru,,,,False,False
"swimming pool contractor, 70113, New Orleans, LA, US",ASP - America's Swimming Pool Company of New Orleans,Asp Americas Swimming Pool Company Of New Orleans,https://www.asppoolco.com/nola/,"Swimming pool contractor, Service establishment, Swimming pool repair service",Swimming pool contractor,Swimming pool contractor,+1 504-384-8413,landline,,,,,,,,,,,,29.749059,-90.2577606,894446ce073ffff,America/Chicago,,True,5.0,7.0,https://search.google.com/local/reviews?placeid=ChIJM60clxzyVY8RxXTPyCzd7Bc&q=*&authuser=0&hl=en&gl=US,,,0.0,0.0,0.0,0.0,7.0,4.0,https://lh3.googleusercontent.com/gps-cs-s/AG0ilSxzqWQpiC5Myl_LysNvb5mOTtb3evC7l3afZdCJKplcK72ubZx3jQDQ4sSovYM2IUFc22I78_9yTuNPEb5S3xIMzhtW0CkaoEQfsGT6DtY2_Y62Z1CamncTGIXkElJsgkm9XG3v=w800-h500-k-no,https://lh3.googleusercontent.com/gps-cs-s/AG0ilSxzqWQpiC5Myl_LysNvb5mOTtb3evC7l3afZdCJKplcK72ubZx3jQDQ4sSovYM2IUFc22I78_9yTuNPEb5S3xIMzhtW0CkaoEQfsGT6DtY2_Y62Z1CamncTGIXkElJsgkm9XG3v=w1600-h1000-k-no,,"{""Sunday"": ""Closed"", ""Monday"": ""8AM-5PM"", ""Tuesday"": ""8AM-5PM"", ""Wednesday"": ""8AM-5PM"", ""Thursday"": ""8AM-5PM"", ""Friday"": ""8AM-5PM"", ""Saturday"": ""9AM-12PM""}","Sunday,|Monday,8AM,5PM|Tuesday,8AM,5PM|Wednesday,8AM,5PM|Thursday,8AM,5PM|Friday,8AM,5PM|Saturday,9AM,12PM",Sunday:Closed|Monday:8AM-5PM|Tuesday:8AM-5PM|Wednesday:8AM-5PM|Thursday:8AM-5PM|Friday:8AM-5PM|Saturday:9AM-12PM,,,OPERATIONAL,{},,,,https://lh6.googleusercontent.com/-bvv44DmjVCw/AAAAAAAAAAI/AAAAAAAAAAA/8jW_xeHxkTM/s44-p-k-no-ns-nd/photo.jpg,,,True,115280138198748576097,ASP - America's Swimming Pool Company of New Orleans,https://www.google.com/maps/contrib/115280138198748576097,,,,,"https://www.google.com/maps/place/ASP+-+America%27s+Swimming+Pool+Company+of+New+Orleans/@29.749059,-90.2577606,14z/data=!4m8!1m2!2m1!1sASP+-+America%27s+Swimming+Pool+Company+of+New+Orleans!3m4!1s0x8f55f21c971cad33:0x17ecdd2cc8cf74c5!8m2!3d29.749059!4d-90.2577606","https://www.google.com/maps/place/ASP+-+America%27s+Swimming+Pool+Company+of+New+Orleans/@29.749059,-90.2577606,13.99z/data=!4m16!1m7!3m6!1s0x8f55f21c971cad33:0x17ecdd2cc8cf74c5!2sASP+-+America%27s+Swimming+Pool+Company+of+New+Orleans!8m2!3d29.749059!4d-90.2577606!16s%2Fg%2F11ckvg1dmb!3m7!1s0x8f55f21c971cad33:0x17ecdd2cc8cf74c5!8m2!3d29.749059!4d-90.2577606!9m1!1b1!16s%2Fg%2F11ckvg1dmb?entry=ttu",ChIJM60clxzyVY8RxXTPyCzd7Bc,0x8f55f21c971cad33:0x17ecdd2cc8cf74c5,1723995941793395909,/g/11v3mc_b8j,1723995941793395909,,kwhjr218@gmail.com,RECEIVING,Verified,Unknown Not Provided,Unknown,Not Provided,,12297980780,deborahcurran@asppoolco.com,INVALID,SMTP validated,Deborah Curran,Deborah,Curran,Principal,,carlkuluz@asppoolco.com,RECEIVING,SMTP validated,Carl Kuluz,Carl,Kuluz,Owner,,18662777665,tollfree,,,5732852990,landline,,,8662530455,,toll_free,,http://www.facebook.com/158559710832135,https://www.instagram.com/asppoolco,http://www.linkedin.com/company/asp---america's-swimming-pool-company-of-dallas,,,,,,,,http://www.twitter.com/americaspoolco,,https://www.youtube.com/user/ASPFranchise,,,Rock Hill Pool Service | ASP - America's Swimming Pool Company of Rock Hill,,"The Rock Hill pool maintenance team at ASP provide quality pool cleaning, installation, and repairs at affordable rates. Serving Rock Hill, Fort Mill, & beyond! Call now to learn why people love what we do.",,True,False
"swimming pool contractor, 70113, New Orleans, LA, US",504 Pools LLC,504 Pools,,Swimming pool contractor,Swimming pool contractor,Swimming pool contractor,+1 504-232-4283,mobile,CELLCO PARTNERSHIP DBA VERIZON WIRELESS - LA,,"New Orleans, LA 70119",Fairgrounds,,New Orleans,70119,Louisiana,Louisiana,United States of America,US,29.9798586,-90.0793506,89444642e93ffff,America/Chicago,,False,3.0,2.0,https://search.google.com/local/reviews?placeid=ChIJ_____1OvIIYRd35R-9g1lE4&q=*&authuser=0&hl=en&gl=US,,,1.0,0.0,0.0,0.0,1.0,1.0,https://streetviewpixels-pa.googleapis.com/v1/thumbnail?panoid=fKaaDDsQJppLAB_RhRMh4A&cb_client=search.gws-prod.gps&w=800&h=500&yaw=350.92633&pitch=0&thumbfov=100,https://streetviewpixels-pa.googleapis.com/v1/thumbnail?panoid=fKaaDDsQJppLAB_RhRMh4A&cb_client=search.gws-prod.gps&w=1600&h=1000&yaw=350.92633&pitch=0&thumbfov=100,,"{""Sunday"": ""Open 24 hours"", ""Monday"": ""Open 24 hours"", ""Tuesday"": ""Open 24 hours"", ""Wednesday"": ""Open 24 hours"", ""Thursday"": ""Open 24 hours"", ""Friday"": ""Open 24 hours"", ""Saturday"": ""Open 24 hours""}","Sunday,Open 24 hours|Monday,Open 24 hours|Tuesday,Open 24 hours|Wednesday,Open 24 hours|Thursday,Open 24 hours|Friday,Open 24 hours|Saturday,Open 24 hours",Sunday:Open 24 hours|Monday:Open 24 hours|Tuesday:Open 24 hours|Wednesday:Open 24 hours|Thursday:Open 24 hours|Friday:Open 24 hours|Saturday:Open 24 hours,,,OPERATIONAL,{},,,,,,,False,None,504 Pools LLC,,,,,,"https://www.google.com/maps/place/504+Pools+LLC/@29.9798586,-90.0793506,14z/data=!4m8!1m2!2m1!1s504+Pools+LLC!3m4!1s0x8620af53ffffffff:0x4e9435d8fb517e77!8m2!3d29.9798586!4d-90.0793506","https://www.google.com/maps/place/504+Pools+LLC/@29.9798586,-90.0793506,13.99z/data=!4m16!1m7!3m6!1s0x8620af53ffffffff:0x4e9435d8fb517e77!2s504+Pools+LLC!8m2!3d29.9798586!4d-90.0793506!16s%2Fg%2F11ckvg1dmb!3m7!1s0x8620af53ffffffff:0x4e9435d8fb517e77!8m2!3d29.9798586!4d-90.0793506!9m1!1b1!16s%2Fg%2F11ckvg1dmb?entry=ttu",ChIJ_____1OvIIYRd35R-9g1lE4,0x8620af53ffffffff:0x4e9435d8fb517e77,5662209837557186167,/g/1264l6rl7,5662209837557186167,,,,,,,,,,,,,,,,,,,,,,,,,,,,,,,,,,,,,,,,,,,,,,,,,,,,,,,,,,
"swimming pool contractor, 70113, New Orleans, LA, US",All Seasons Swimming Pools,All Seasons Swimming Pools,,Swimming pool contractor,Swimming pool contractor,Swimming pool contractor,+1 504-277-7665,landline,,,"New Orleans, LA 70117",St. Claude,,New Orleans,70117,Louisiana,Louisiana,United States of America,US,29.968269499999998,-90.0325565,89444642267ffff,America/Chicago,,False,3.7,3.0,https://search.google.com/local/reviews?placeid=ChIJq6qqqt6nIIYRDLEjxq8wYxs&q=*&authuser=0&hl=en&gl=US,,,1.0,0.0,0.0,0.0,2.0,1.0,https://streetviewpixels-pa.googleapis.com/v1/thumbnail?panoid=jrUDruNCmCUK9qUq_R4bkA&cb_client=search.gws-prod.gps&w=800&h=500&yaw=82.81698&pitch=0&thumbfov=100,https://streetviewpixels-pa.googleapis.com/v1/thumbnail?panoid=jrUDruNCmCUK9qUq_R4bkA&cb_client=search.gws-prod.gps&w=1600&h=1000&yaw=82.81698&pitch=0&thumbfov=100,,"{""Sunday"": ""Closed"", ""Monday"": ""8AM-5PM"", ""Tuesday"": ""8AM-5PM"", ""Wednesday"": ""8AM-5PM"", ""Thursday"": ""8AM-5PM"", ""Friday"": ""8AM-5PM"", ""Saturday"": ""Closed""}","Sunday,|Monday,8AM,5PM|Tuesday,8AM,5PM|Wednesday,8AM,5PM|Thursday,8AM,5PM|Friday,8AM,5PM|Saturday,",Sunday:Closed|Monday:8AM-5PM|Tuesday:8AM-5PM|Wednesday:8AM-5PM|Thursday:8AM-5PM|Friday:8AM-5PM|Saturday:Closed,,,OPERATIONAL,{},,,,,,,False,None,All Seasons Swimming Pools,,,,,,"https://www.google.com/maps/place/All+Seasons+Swimming+Pools/@29.968269499999998,-90.0325565,14z/data=!4m8!1m2!2m1!1sAll+Seasons+Swimming+Pools!3m4!1s0x8620a7deaaaaaaab:0x1b6330afc623b10c!8m2!3d29.968269499999998!4d-90.0325565","https://www.google.com/maps/place/All+Seasons+Swimming+Pools/@29.968269499999998,-90.0325565,13.99z/data=!4m16!1m7!3m6!1s0x8620a7deaaaaaaab:0x1b6330afc623b10c!2sAll+Seasons+Swimming+Pools!8m2!3d29.968269499999998!4d-90.0325565!16s%2Fg%2F11ckvg1dmb!3m7!1s0x8620a7deaaaaaaab:0x1b6330afc623b10c!8m2!3d29.968269499999998!4d-90.0325565!9m1!1b1!16s%2Fg%2F11ckvg1dmb?entry=ttu",ChIJq6qqqt6nIIYRDLEjxq8wYxs,0x8620a7deaaaaaaab:0x1b6330afc623b10c,1973474593220047116,/g/1tdmqdrk,1973474593220047116,,,,,,,,,,,,,,,,,,,,,,,,,,,,,,,,,,,,,,,,,,,,,,,,,,,,,,,,,,
"swimming pool contractor, 70113, New Orleans, LA, US",Abadie Pools of New Orleans,Abadie Pools Of New Orleans,,"Swimming pool contractor, Service establishment, Pool cleaning service",Swimming pool contractor,Swimming pool contractor,+1 504-242-8158,landline,"BELLSOUTH TELECOMM, INC DBA SO",,,,,,,,,,,,,,America/Chicago,,True,2.0,5.0,https://search.google.com/local/reviews?placeid=ChIJ_UlRmM0DnogRht8xTszCfUw&q=*&authuser=0&hl=en&gl=US,,,3.0,1.0,0.0,0.0,1.0,3.0,https://lh3.googleusercontent.com/gps-cs-s/AG0ilSxcDkRRltHHh5zRRLCZHmBq_MrphjiFutx3Ldw8CHI3eb2YMHmjl0hNwUDZGFTtou9hnbYaS4PvGKRwemosVhrgl3rC6hUkZGD3GTqGbl1NJvhgjVsDg-Tk9e3cfcTAWgRfk-_F=w800-h500-k-no,https://lh3.googleusercontent.com/gps-cs-s/AG0ilSxcDkRRltHHh5zRRLCZHmBq_MrphjiFutx3Ldw8CHI3eb2YMHmjl0hNwUDZGFTtou9hnbYaS4PvGKRwemosVhrgl3rC6hUkZGD3GTqGbl1NJvhgjVsDg-Tk9e3cfcTAWgRfk-_F=w1600-h1000-k-no,,"{""Sunday"": ""Closed"", ""Monday"": ""8AM-6PM"", ""Tuesday"": ""8AM-6PM"", ""Wednesday"": ""8AM-6PM"", ""Thursday"": ""8AM-6PM"", ""Friday"": ""8AM-6PM"", ""Saturday"": ""Closed""}","Sunday,|Monday,8AM,6PM|Tuesday,8AM,6PM|Wednesday,8AM,6PM|Thursday,8AM,6PM|Friday,8AM,6PM|Saturday,",Sunday:Closed|Monday:8AM-6PM|Tuesday:8AM-6PM|Wednesday:8AM-6PM|Thursday:8AM-6PM|Friday:8AM-6PM|Saturday:Closed,,,OPERATIONAL,{},,,,https://lh6.googleusercontent.com/-XzJlczOSpp0/AAAAAAAAAAI/AAAAAAAAAAA/vyGHToJISIY/s44-p-k-no-ns-nd/photo.jpg,,,True,111086866322240899910,Abadie Pools of New Orleans,https://www.google.com/maps/contrib/111086866322240899910,,,,,"https://www.google.com/maps/place/Abadie+Pools+of+New+Orleans/@None,None,14z/data=!4m8!1m2!2m1!1sAbadie+Pools+of+New+Orleans!3m4!1s0x889e03cd985149fd:0x4c7dc2cc4e31df86!8m2!3dNone!4dNone","https://www.google.com/maps/place/Abadie+Pools+of+New+Orleans/@None,None,13.99z/data=!4m16!1m7!3m6!1s0x889e03cd985149fd:0x4c7dc2cc4e31df86!2sAbadie+Pools+of+New+Orleans!8m2!3dNone!4dNone!16s%2Fg%2F11ckvg1dmb!3m7!1s0x889e03cd985149fd:0x4c7dc2cc4e31df86!8m2!3dNone!4dNone!9m1!1b1!16s%2Fg%2F11ckvg1dmb?entry=ttu",ChIJ_UlRmM0DnogRht8xTszCfUw,0x889e03cd985149fd:0x4c7dc2cc4e31df86,5511775701712363398,/g/11cltvv6z8,5511775701712363398,,,,,,,,,,,,,,,,,,,,,,,,,,,,,,,,,,,,,,,,,,,,,,,,,,,,,,,,,,
"swimming pool contractor, 70113, New Orleans, LA, US",Big Easy Pool Plastering,Big Easy Pool Plastering,https://www.bigeasypool.com/,"Swimming pool contractor, Service establishment, Pool cleaning service, Swimming pool repair service",Swimming pool repair service,Swimming pool contractor,+1 504-336-7514,landline,,,,,,,,,,,,30.032011899999997,-89.89095739999999,8944464a323ffff,America/Chicago,,True,5.0,8.0,https://search.google.com/local/reviews?placeid=ChIJfzMGUVemU6QRzv-mZwE925Y&q=*&authuser=0&hl=en&gl=US,,,0.0,0.0,0.0,0.0,8.0,72.0,https://lh3.googleusercontent.com/p/AF1QipNICuc0OyxfL01Jfk-J5lfeaTjRAi8N5jlsGosa=w800-h500-k-no,https://lh3.googleusercontent.com/p/AF1QipNICuc0OyxfL01Jfk-J5lfeaTjRAi8N5jlsGosa=w1600-h1000-k-no,,"{""Sunday"": ""Closed"", ""Monday"": ""8AM-5PM"", ""Tuesday"": ""8AM-5PM"", ""Wednesday"": ""8AM-5PM"", ""Thursday"": ""8AM-5PM"", ""Friday"": ""8AM-5PM"", ""Saturday"": ""8AM-5PM""}","Sunday,|Monday,8AM,5PM|Tuesday,8AM,5PM|Wednesday,8AM,5PM|Thursday,8AM,5PM|Friday,8AM,5PM|Saturday,8AM,5PM",Sunday:Closed|Monday:8AM-5PM|Tuesday:8AM-5PM|Wednesday:8AM-5PM|Thursday:8AM-5PM|Friday:8AM-5PM|Saturday:8AM-5PM,,,OPERATIONAL,"{""Crowd"": {""LGBTQ+ friendly"": true}, ""Other"": {""LGBTQ+ friendly"": true}}",,,,https://lh5.googleusercontent.com/-mPzqsSdZQSU/AAAAAAAAAAI/AAAAAAAAAAA/U_Wq7E1-Vb8/s44-p-k-no-ns-nd/photo.jpg,,,True,112702909009538542954,Big Easy Pool Plastering,https://www.google.com/maps/contrib/112702909009538542954,,,,,"https://www.google.com/maps/place/Big+Easy+Pool+Plastering/@30.032011899999997,-89.89095739999999,14z/data=!4m8!1m2!2m1!1sBig+Easy+Pool+Plastering!3m4!1s0xa453a6575106337f:0x96db3d0167a6ffce!8m2!3d30.032011899999997!4d-89.89095739999999","https://www.google.com/maps/place/Big+Easy+Pool+Plastering/@30.032011899999997,-89.89095739999999,13.99z/data=!4m16!1m7!3m6!1s0xa453a6575106337f:0x96db3d0167a6ffce!2sBig+Easy+Pool+Plastering!8m2!3d30.032011899999997!4d-89.89095739999999!16s%2Fg%2F11ckvg1dmb!3m7!1s0xa453a6575106337f:0x96db3d0167a6ffce!8m2!3d30.032011899999997!4d-89.89095739999999!9m1!1b1!16s%2Fg%2F11ckvg1dmb?entry=ttu",ChIJfzMGUVemU6QRzv-mZwE925Y,0xa453a6575106337f:0x96db3d0167a6ffce,10870349201832083406,/g/11wxfv1kk0,-7576394871877468210,,stefon31287@gmail.com,RECEIVING,Verified,,,,,,,,,,,,,,,,,,,,,,5043367514,landline,,,,,,,,,,,https://facebook.com/snappsai,,,,,,,,,,,,,,,"Pool Resurfacing, New Orleans, LA",,Revive your pool with expert resurfacing services. Trust Big Easy Pool Plastering for quality solutions. Contact us for a consultation!,,False,False
"swimming pool contractor, 70113, New Orleans, LA, US",Specialty Pools & Outdoor Living LLC,Specialty Pools And Outdoor Living,http://www.specialtypoolsco.com/,Swimming pool contractor,Swimming pool contractor,Swimming pool contractor,+1 504-596-6335,landline,bellsouth telecomm inc dba sou,True,"1701 Belle Chasse Hwy, Terrytown, LA 70056",None,1701 Belle Chasse Hwy,Terrytown,70056,Louisiana,Louisiana,United States of America,US,29.897439,-90.0415526,89444651d7bffff,America/Chicago,,False,,,,,,,,,,,2.0,https://streetviewpixels-pa.googleapis.com/v1/thumbnail?panoid=4xaSNjt0Q1718UqVOeBbzA&cb_client=search.gws-prod.gps&w=800&h=500&yaw=127.89728&pitch=0&thumbfov=100,https://lh3.googleusercontent.com/p/AF1QipOrJAvphc2iPHu4ck2ajBEZJKvjyquHN97G_X8C=w1600-h1000-k-no,,"{""Sunday"": ""Closed"", ""Monday"": ""8AM-5PM"", ""Tuesday"": ""8AM-5PM"", ""Wednesday"": ""8AM-5PM"", ""Thursday"": ""8AM-5PM"", ""Friday"": ""8AM-5PM"", ""Saturday"": ""Closed""}","Sunday,|Monday,8AM,5PM|Tuesday,8AM,5PM|Wednesday,8AM,5PM|Thursday,8AM,5PM|Friday,8AM,5PM|Saturday,",Sunday:Closed|Monday:8AM-5PM|Tuesday:8AM-5PM|Wednesday:8AM-5PM|Thursday:8AM-5PM|Friday:8AM-5PM|Saturday:Closed,,,OPERATIONAL,{},,,,https://lh4.googleusercontent.com/-gSQy5610ulI/AAAAAAAAAAI/AAAAAAAAAAA/fEZX5pVy4iI/s44-p-k-no-ns-nd/photo.jpg,,,True,101196811483647421455,Specialty Pools & Outdoor Living LLC,https://www.google.com/maps/contrib/101196811483647421455,,,,,"https://www.google.com/maps/place/Specialty+Pools+%26+Outdoor+Living+LLC/@29.897439,-90.0415526,14z/data=!4m8!1m2!2m1!1sSpecialty+Pools+%26+Outdoor+Living+LLC!3m4!1s0x8620a73250a9fb07:0x608162c054a0204a!8m2!3d29.897439!4d-90.0415526","https://www.google.com/maps/place/Specialty+Pools+%26+Outdoor+Living+LLC/@29.897439,-90.0415526,13.99z/data=!4m16!1m7!3m6!1s0x8620a73250a9fb07:0x608162c054a0204a!2sSpecialty+Pools+%26+Outdoor+Living+LLC!8m2!3d29.897439!4d-90.0415526!16s%2Fg%2F11ckvg1dmb!3m7!1s0x8620a73250a9fb07:0x608162c054a0204a!8m2!3d29.897439!4d-90.0415526!9m1!1b1!16s%2Fg%2F11ckvg1dmb?entry=ttu",ChIJB_upUDKnIIYRSiCgVMBigWA,0x8620a73250a9fb07:0x608162c054a0204a,6953947877829779530,/g/11y14rbpkm,None,,,,,,,,,,,,,,,,,,,,,,,,,,15045177725,landline,Bandwidth.com,True,,,,,,,,,,,,,,,,,,,,,,,,"Home | Specialty Pools | New Orleans, LA",Divi v.4.4.6,Specialty Pools is a New Orleans based swimming pool contractor serving all of metro New Orleans including Mandeville & Covington. Call for a free estimate.,,,
"swimming pool contractor, 70113, New Orleans, LA, US",Nola Pool Cleaning and Maintenance,Nola Pool Cleaning And Maintenance,http://www.nolapoolcleaner.com/,"Swimming pool contractor, Service establishment, Pool cleaning service, Swimming pool repair service",Pool cleaning service,Swimming pool contractor,+1 504-434-7589,landline,,,,,,,,,,,,30.0325644,-89.9526745,8944464132bffff,America/Chicago,,True,4.7,14.0,https://search.google.com/local/reviews?placeid=ChIJDxBcQ6gDnogRvTow0JWzQfY&q=*&authuser=0&hl=en&gl=US,,,1.0,0.0,0.0,0.0,13.0,71.0,https://lh3.googleusercontent.com/p/AF1QipMLSiYS_fowd3T_h2jEvmHGVuBLVcAjWJdmq7gU=w800-h500-k-no,https://lh3.googleusercontent.com/p/AF1QipMLSiYS_fowd3T_h2jEvmHGVuBLVcAjWJdmq7gU=w1600-h1000-k-no,,"{""Sunday"": ""Closed"", ""Monday"": ""8AM-6PM"", ""Tuesday"": ""8AM-6PM"", ""Wednesday"": ""8AM-6PM"", ""Thursday"": ""7AM-6PM"", ""Friday"": ""7AM-6PM"", ""Saturday"": ""7AM-5PM""}","Sunday,|Monday,8AM,6PM|Tuesday,8AM,6PM|Wednesday,8AM,6PM|Thursday,7AM,6PM|Friday,7AM,6PM|Saturday,7AM,5PM",Sunday:Closed|Monday:8AM-6PM|Tuesday:8AM-6PM|Wednesday:8AM-6PM|Thursday:7AM-6PM|Friday:7AM-6PM|Saturday:7AM-5PM,,,OPERATIONAL,"{""Service options"": {""Online estimates"": false}, ""Crowd"": {""LGBTQ+ friendly"": true}, ""Other"": {""LGBTQ+ friendly"": true}}",,,,https://lh3.googleusercontent.com/--MH9sJOFGX8/AAAAAAAAAAI/AAAAAAAAAAA/qVtuyzxopnc/s44-p-k-no-ns-nd/photo.jpg,,,True,103565248445461553068,Nola Pool Cleaning and Maintenance,https://www.google.com/maps/contrib/103565248445461553068,,,,,"https://www.google.com/maps/place/Nola+Pool+Cleaning+and+Maintenance/@30.0325644,-89.9526745,14z/data=!4m8!1m2!2m1!1sNola+Pool+Cleaning+and+Maintenance!3m4!1s0x889e03a8435c100f:0xf641b395d0303abd!8m2!3d30.0325644!4d-89.9526745","https://www.google.com/maps/place/Nola+Pool+Cleaning+and+Maintenance/@30.0325644,-89.9526745,13.99z/data=!4m16!1m7!3m6!1s0x889e03a8435c100f:0xf641b395d0303abd!2sNola+Pool+Cleaning+and+Maintenance!8m2!3d30.0325644!4d-89.9526745!16s%2Fg%2F11ckvg1dmb!3m7!1s0x889e03a8435c100f:0xf641b395d0303abd!8m2!3d30.0325644!4d-89.9526745!9m1!1b1!16s%2Fg%2F11ckvg1dmb?entry=ttu",ChIJDxBcQ6gDnogRvTow0JWzQfY,0x889e03a8435c100f:0xf641b395d0303abd,17744661462840785597,/g/11ft5bmcn_,-702082610868766019,,jarretleadgen@yahoo.com,RECEIVING,SMTP validated,,,,,,,,,,,,,,,,,,,,,,5044347589,landline,,,,,,,,,,,,,,,,,,,,,,,,,,Travertine Pool Decking,,Dreaming of putting in a pool? Look no further than Nola Pool Cleaner and Maintenance. Call today for a free design and quote.,"pool service, new orleans pool design, monthly pool maintenance, pool cleaning cost, acid wash, pools for dummies, travertine, inground pool cost, service pool",False,False
"swimming pool contractor, 70113, New Orleans, LA, US",Louisiana Land Art | Swimming Pool Contractor | Pool Builder,Louisiana Land Art | Swimming Pool Contractor | Pool Builder,http://louisianalandart.com/,"Swimming pool contractor, Landscape designer, Lawn sprinkler system contractor, Tree service",Swimming pool contractor,Swimming pool contractor,+1 504-453-2909,mobile,"NEW CINGULAR WIRELESS PCS, LLC - GA",,"1028 McDermott Rd, Metairie, LA 70001",None,1028 McDermott Rd,Metairie,70001,Louisiana,Louisiana,United States of America,US,29.9718554,-90.14236029999999,8944465510bffff,America/Chicago,,False,3.0,2.0,https://search.google.com/local/reviews?placeid=ChIJK_tTBPmvIIYRPeQffYy9Mq4&q=*&authuser=0&hl=en&gl=US,,,1.0,0.0,0.0,0.0,1.0,27.0,https://lh3.googleusercontent.com/p/AF1QipPIvcTrx8HTlYd_Cen3xbBbglPcOjwlkwNby2Lc=w800-h500-k-no,https://lh3.googleusercontent.com/p/AF1QipPIvcTrx8HTlYd_Cen3xbBbglPcOjwlkwNby2Lc=w1600-h1000-k-no,,"{""Sunday"": ""8AM-5PM"", ""Monday"": ""8AM-5PM"", ""Tuesday"": ""8AM-5PM"", ""Wednesday"": ""8AM-5PM"", ""Thursday"": ""8AM-5PM"", ""Friday"": ""8AM-5PM"", ""Saturday"": ""8AM-5PM""}","Sunday,8AM,5PM|Monday,8AM,5PM|Tuesday,8AM,5PM|Wednesday,8AM,5PM|Thursday,8AM,5PM|Friday,8AM,5PM|Saturday,8AM,5PM",Sunday:8AM-5PM|Monday:8AM-5PM|Tuesday:8AM-5PM|Wednesday:8AM-5PM|Thursday:8AM-5PM|Friday:8AM-5PM|Saturday:8AM-5PM,,,OPERATIONAL,{},,,,https://lh3.googleusercontent.com/-GTbpwy2QzI0/AAAAAAAAAAI/AAAAAAAAAAA/-ydgLwrXfUY/s44-p-k-no-ns-nd/photo.jpg,,,True,100391033964658081794,Louisiana Land Art | Swimming Pool Contractor | Pool Builder,https://www.google.com/maps/contrib/100391033964658081794,,https://www.louisianalandart.com/contact,,https://www.louisianalandart.com/contact,"https://www.google.com/maps/place/Louisiana+Land+Art+%7C+Swimming+Pool+Contractor+%7C+Pool+Builder/@29.9718554,-90.14236029999999,14z/data=!4m8!1m2!2m1!1sLouisiana+Land+Art+%7C+Swimming+Pool+Contractor+%7C+Pool+Builder!3m4!1s0x8620aff90453fb2b:0xae32bd8c7d1fe43d!8m2!3d29.9718554!4d-90.14236029999999","https://www.google.com/maps/place/Louisiana+Land+Art+%7C+Swimming+Pool+Contractor+%7C+Pool+Builder/@29.9718554,-90.14236029999999,13.99z/data=!4m16!1m7!3m6!1s0x8620aff90453fb2b:0xae32bd8c7d1fe43d!2sLouisiana+Land+Art+%7C+Swimming+Pool+Contractor+%7C+Pool+Builder!8m2!3d29.9718554!4d-90.14236029999999!16s%2Fg%2F11ckvg1dmb!3m7!1s0x8620aff90453fb2b:0xae32bd8c7d1fe43d!8m2!3d29.9718554!4d-90.14236029999999!9m1!1b1!16s%2Fg%2F11ckvg1dmb?entry=ttu",ChIJK_tTBPmvIIYRPeQffYy9Mq4,0x8620aff90453fb2b:0xae32bd8c7d1fe43d,12552303522527306813,/g/11by_fqg1n,-5894440551182244803,,info@louisianalandart.com,RECEIVING,SMTP validated,,,,,,,,,,,,,,,,,,,,,,,,,,,,,,,,,,http://facebook.com/louisianalandartllc,http://instagram.com/louisianalandart,,,,,,,,,,,,,,LOUISIANA LAND ART,,"Louisiana Land Art is a full service landscape and aquascape design and 
installation company in Metairie, Louisiana specializing in water features, 
artificial turf, storm water management, and water retention for 
residential and commercial projects.",,,
"swimming pool contractor, 70113, New Orleans, LA, US",La Pool Pro Maintenance and Repair.,La Pool Pro Maintenance And Repair,http://www.lapoolpro.com/,"Swimming pool contractor, Service establishment, Pool cleaning service, Swimming pool repair service",Pool cleaning service,Swimming pool contractor,+1 504-277-7665,landline,,,,,,,,,,,,29.987802,-89.449231,8944558a533ffff,America/Chicago,,True,5.0,17.0,https://search.google.com/local/reviews?placeid=ChIJWX4vx8fFMyoRQLmNnrOVPcU&q=*&authuser=0&hl=en&gl=US,,,0.0,0.0,0.0,0.0,17.0,7.0,https://lh3.googleusercontent.com/p/AF1QipO9zlJ5gNK2MriVOi3AuqD9MNssfvMn9vmPBDfG=w800-h500-k-no,https://lh3.googleusercontent.com/p/AF1QipO9zlJ5gNK2MriVOi3AuqD9MNssfvMn9vmPBDfG=w1600-h1000-k-no,,"{""Sunday"": ""Closed"", ""Monday"": ""7AM-5:30PM"", ""Tuesday"": ""7AM-5:30PM"", ""Wednesday"": ""7AM-5:30PM"", ""Thursday"": ""7AM-5:30PM"", ""Friday"": ""7AM-5:30PM"", ""Saturday"": ""Closed""}","Sunday,|Monday,7AM,5:30PM|Tuesday,7AM,5:30PM|Wednesday,7AM,5:30PM|Thursday,7AM,5:30PM|Friday,7AM,5:30PM|Saturday,",Sunday:Closed|Monday:7AM-5:30PM|Tuesday:7AM-5:30PM|Wednesday:7AM-5:30PM|Thursday:7AM-5:30PM|Friday:7AM-5:30PM|Saturday:Closed,,,OPERATIONAL,"{""Service options"": {""Online estimates"": true}, ""Planning"": {""Appointment required"": true}}",,,,https://lh3.googleusercontent.com/-FvSlJCAKiL0/AAAAAAAAAAI/AAAAAAAAAAA/XmzfT6B7qgg/s44-p-k-no-ns-nd/photo.jpg,,,True,106484661060023858996,La Pool Pro Maintenance and Repair.,https://www.google.com/maps/contrib/106484661060023858996,,,,,"https://www.google.com/maps/place/La+Pool+Pro+Maintenance+and+Repair./@29.987802,-89.449231,14z/data=!4m8!1m2!2m1!1sLa+Pool+Pro+Maintenance+and+Repair.!3m4!1s0x2a33c5c7c72f7e59:0xc53d95b39e8db940!8m2!3d29.987802!4d-89.449231","https://www.google.com/maps/place/La+Pool+Pro+Maintenance+and+Repair./@29.987802,-89.449231,13.99z/data=!4m16!1m7!3m6!1s0x2a33c5c7c72f7e59:0xc53d95b39e8db940!2sLa+Pool+Pro+Maintenance+and+Repair.!8m2!3d29.987802!4d-89.449231!16s%2Fg%2F11ckvg1dmb!3m7!1s0x2a33c5c7c72f7e59:0xc53d95b39e8db940!8m2!3d29.987802!4d-89.449231!9m1!1b1!16s%2Fg%2F11ckvg1dmb?entry=ttu",ChIJWX4vx8fFMyoRQLmNnrOVPcU,0x2a33c5c7c72f7e59:0xc53d95b39e8db940,14212680597742926144,/g/11k9t2lg76,-4234063475966625472,,lapoolpro@gmail.com,RECEIVING,Verified,,,,,,,,,,,,,,,,,,,,,,18567258301,mobile,CELLCO PARTNERSHIP DBA VERIZON WIRELESS - NJ,,,,,,,,,,https://www.facebook.com/people/,,,,,,,,,,,,,,,Contact - La Pool Pro LLc,All in One SEO (AIOSEO) 4.9.1,Contact Us Get in Touch Request A Quote Now Contact us with La Pool Pro Location New Orleans Louisiana Call 504-277-POOL(7665) Email lapoolpro@gmail.com,,False,False
"swimming pool contractor, 70113, New Orleans, LA, US",See-Blu Swimming Pool Service,See Blu Swimming Pool Service,http://www.seeblu.net/,"Swimming pool repair service, Service establishment",Swimming pool repair service,Swimming pool repair service,+1 504-888-7500,landline,,,,,,,,,,,,30.0413854,-90.181383,89444646687ffff,America/Chicago,,True,5.0,7.0,https://search.google.com/local/reviews?placeid=ChIJAQAAAOOlIIYRGuN2GrVGom0&q=*&authuser=0&hl=en&gl=US,,,0.0,0.0,0.0,0.0,7.0,2.0,https://lh3.googleusercontent.com/p/AF1QipNn_13FbGIhu2K-bDKb581-wqHtSU5ke7dKOEU5=w800-h500-k-no,https://lh3.googleusercontent.com/p/AF1QipNn_13FbGIhu2K-bDKb581-wqHtSU5ke7dKOEU5=w1600-h1000-k-no,,"{""Sunday"": ""Closed"", ""Monday"": ""8:30AM-6:30PM"", ""Tuesday"": ""8:30AM-6:30PM"", ""Wednesday"": ""8:30AM-6:30PM"", ""Thursday"": ""8:30AM-6:30PM"", ""Friday"": ""9AM-4PM"", ""Saturday"": ""9AM-2PM""}","Sunday,|Monday,8:30AM,6:30PM|Tuesday,8:30AM,6:30PM|Wednesday,8:30AM,6:30PM|Thursday,8:30AM,6:30PM|Friday,9AM,4PM|Saturday,9AM,2PM",Sunday:Closed|Monday:8:30AM-6:30PM|Tuesday:8:30AM-6:30PM|Wednesday:8:30AM-6:30PM|Thursday:8:30AM-6:30PM|Friday:9AM-4PM|Saturday:9AM-2PM,,,OPERATIONAL,"{""From the business"": {""Identifies as women-owned"": true}, ""Crowd"": {""LGBTQ+ friendly"": true}, ""Other"": {""LGBTQ+ friendly"": true, ""Identifies as women-owned"": true}}",,,,https://lh6.googleusercontent.com/-dHGW7y0tKzE/AAAAAAAAAAI/AAAAAAAAAAA/hgpBRornC5I/s44-p-k-no-ns-nd/photo.jpg,,,True,106152222076384307660,See-Blu Swimming Pool Service,https://www.google.com/maps/contrib/106152222076384307660,,,,,"https://www.google.com/maps/place/See-Blu+Swimming+Pool+Service/@30.0413854,-90.181383,14z/data=!4m8!1m2!2m1!1sSee-Blu+Swimming+Pool+Service!3m4!1s0x8620a5e300000001:0x6da246b51a76e31a!8m2!3d30.0413854!4d-90.181383","https://www.google.com/maps/place/See-Blu+Swimming+Pool+Service/@30.0413854,-90.181383,13.99z/data=!4m16!1m7!3m6!1s0x8620a5e300000001:0x6da246b51a76e31a!2sSee-Blu+Swimming+Pool+Service!8m2!3d30.0413854!4d-90.181383!16s%2Fg%2F11ckvg1dmb!3m7!1s0x8620a5e300000001:0x6da246b51a76e31a!8m2!3d30.0413854!4d-90.181383!9m1!1b1!16s%2Fg%2F11ckvg1dmb?entry=ttu",ChIJAQAAAOOlIIYRGuN2GrVGom0,0x8620a5e300000001:0x6da246b51a76e31a,7899954440008295194,/g/1vfp3_6f,7899954440008295194,,seeblu@hotmail.com,RECEIVING,SMTP validated,,,,,,,,,,,,,,,,,,,,,,15048887500,landline,,,,,,,,,,,http://www.facebook.com/seeblupools,,,,,,,,,,,,,,,See-Blu Swimming Pool Service Home Page,,,,False,False
"swimming pool contractor, 70113, New Orleans, LA, US",Elite Pools of New Orleans,Elite Pools Of New Orleans,http://elitepoolsandspasllc.com/,"Swimming pool contractor, Service establishment, Swimming pool repair service",Swimming pool contractor,Swimming pool contractor,+1 985-778-3514,mobile,"VOICESTREAM GSM I, LLC",,,,,,,,,,,31.925613,-91.07061999999999,8944430856fffff,America/Chicago,,True,,,,,,,,,,,,,,,"{""Sunday"": ""9AM-6PM"", ""Monday"": ""9AM-6PM"", ""Tuesday"": ""9AM-6PM"", ""Wednesday"": ""9AM-6PM"", ""Thursday"": ""9AM-6PM"", ""Friday"": ""9AM-6PM"", ""Saturday"": ""9AM-6PM""}","Sunday,9AM,6PM|Monday,9AM,6PM|Tuesday,9AM,6PM|Wednesday,9AM,6PM|Thursday,9AM,6PM|Friday,9AM,6PM|Saturday,9AM,6PM",Sunday:9AM-6PM|Monday:9AM-6PM|Tuesday:9AM-6PM|Wednesday:9AM-6PM|Thursday:9AM-6PM|Friday:9AM-6PM|Saturday:9AM-6PM,,,OPERATIONAL,{},,,,https://lh3.googleusercontent.com/-o6gWM1ldlWk/AAAAAAAAAAI/AAAAAAAAAAA/xZmck6TBtLw/s44-p-k-no-ns-nd/photo.jpg,,,True,101899334074933056418,Elite Pools of New Orleans,https://www.google.com/maps/contrib/101899334074933056418,,,,,"https://www.google.com/maps/place/Elite+Pools+of+New+Orleans/@31.925613,-91.07061999999999,14z/data=!4m8!1m2!2m1!1sElite+Pools+of+New+Orleans!3m4!1s0x8620a56a5b4b99c5:0xca176de33b4ccee3!8m2!3d31.925613!4d-91.07061999999999","https://www.google.com/maps/place/Elite+Pools+of+New+Orleans/@31.925613,-91.07061999999999,13.99z/data=!4m16!1m7!3m6!1s0x8620a56a5b4b99c5:0xca176de33b4ccee3!2sElite+Pools+of+New+Orleans!8m2!3d31.925613!4d-91.07061999999999!16s%2Fg%2F11ckvg1dmb!3m7!1s0x8620a56a5b4b99c5:0xca176de33b4ccee3!8m2!3d31.925613!4d-91.07061999999999!9m1!1b1!16s%2Fg%2F11ckvg1dmb?entry=ttu",ChIJxZlLW2qlIIYR485MO-NtF8o,0x8620a56a5b4b99c5:0xca176de33b4ccee3,14562228742845681379,/g/11b6nm7r23,None,,derrickvice@elitepoolsandspasllc.com,RECEIVING,SMTP validated,Derrick Vice,Derrick,Vice,Manager,,,,,,,,,,,,,,,,,,,,,,,,,,,,,,,,,,,,,,,,,,,,,Elite Pools and Spas,,"Elite Pools and Spas LLC is a premier swimming pool construction, maintenance, and repair company. We are based out of Mandeville Louisiana and service the Northshore and Southshore (New Orleans), as well as lower Mississippi and Baton Rouge.

Give us a call today for a free estimate! 
985 778 3514
Or
888elite21",,False,False
"swimming pool contractor, 70113, New Orleans, LA, US",The Oasis Pool Company,The Oasis Pool Company,,"Swimming pool contractor, General contractor, Landscape designer, Landscaper, Swimming pool, Swimming pool repair service",Swimming pool contractor,Swimming pool contractor,+1 504-357-2595,mobile,T-Mobile,True,"433 Metairie Rd Suite 119, Metairie, LA 70005",None,433 Metairie Rd Suite 119,Metairie,70005,Louisiana,Louisiana,United States of America,US,29.984725299999997,-90.12866439999999,89444655327ffff,America/Chicago,,False,,,,,,,,,,,4.0,https://lh3.googleusercontent.com/p/AF1QipPIgrK4qCF7izw6DjvA5J2JjbKKOW979CPGQ0M2=w800-h500-k-no,https://lh3.googleusercontent.com/p/AF1QipPIgrK4qCF7izw6DjvA5J2JjbKKOW979CPGQ0M2=w1600-h1000-k-no,,"{""Sunday"": ""Closed"", ""Monday"": ""7:30AM-5:30PM"", ""Tuesday"": ""7:30AM-5:30PM"", ""Wednesday"": ""7:30AM-5:30PM"", ""Thursday"": ""7:30AM-5:30PM"", ""Friday"": ""7:30AM-5:30PM"", ""Saturday"": ""8AM-1PM""}","Sunday,|Monday,7:30AM,5:30PM|Tuesday,7:30AM,5:30PM|Wednesday,7:30AM,5:30PM|Thursday,7:30AM,5:30PM|Friday,7:30AM,5:30PM|Saturday,8AM,1PM",Sunday:Closed|Monday:7:30AM-5:30PM|Tuesday:7:30AM-5:30PM|Wednesday:7:30AM-5:30PM|Thursday:7:30AM-5:30PM|Friday:7:30AM-5:30PM|Saturday:8AM-1PM,,,OPERATIONAL,{},,,,https://lh3.googleusercontent.com/-cqfitCIxLts/AAAAAAAAAAI/AAAAAAAAAAA/B-IUk67oaSg/s44-p-k-no-ns-nd/photo.jpg,,,True,106763154921670723827,The Oasis Pool Company,https://www.google.com/maps/contrib/106763154921670723827,,,,,"https://www.google.com/maps/place/The+Oasis+Pool+Company/@29.984725299999997,-90.12866439999999,14z/data=!4m8!1m2!2m1!1sThe+Oasis+Pool+Company!3m4!1s0x8620afce609504fb:0xa25339961cd51dbf!8m2!3d29.984725299999997!4d-90.12866439999999","https://www.google.com/maps/place/The+Oasis+Pool+Company/@29.984725299999997,-90.12866439999999,13.99z/data=!4m16!1m7!3m6!1s0x8620afce609504fb:0xa25339961cd51dbf!2sThe+Oasis+Pool+Company!8m2!3d29.984725299999997!4d-90.12866439999999!16s%2Fg%2F11ckvg1dmb!3m7!1s0x8620afce609504fb:0xa25339961cd51dbf!8m2!3d29.984725299999997!4d-90.12866439999999!9m1!1b1!16s%2Fg%2F11ckvg1dmb?entry=ttu",ChIJ-wSVYM6vIIYRvx3VHJY5U6I,0x8620afce609504fb:0xa25339961cd51dbf,11696755974102916543,/g/11mly89ycl,None,,,,,,,,,,,,,,,,,,,,,,,,,,,,,,,,,,,,,,,,,,,,,,,,,,,,,,,,,,
"swimming pool contractor, 70113, New Orleans, LA, US","Serenity Pools, LLC - Custom Gunite Swimming Construction Contractor",Serenity Pools Llc Custom Gunite Swimming Construction Contractor,http://serenitypools.co/,"Swimming pool contractor, Indoor swimming pool, Outdoor swimming pool, Pool cleaning service, Swimming pool, Swimming pool repair service",Swimming pool contractor,Swimming pool contractor,+1 504-346-0335,mobile,,,"508 Radiance Ave, Metairie, LA 70001",None,508 Radiance Ave,Metairie,70001,Louisiana,Louisiana,United States of America,US,29.980057199999997,-90.18646009999999,8944465430bffff,America/Chicago,,False,4.4,7.0,https://search.google.com/local/reviews?placeid=ChIJIeIW1PuvIIYRcsAY42hwfeg&q=*&authuser=0&hl=en&gl=US,,,1.0,0.0,0.0,0.0,6.0,27.0,https://lh3.googleusercontent.com/p/AF1QipP1OkoJYsSa8geMIxZaLUGCnLQAaZNyCyjYe14H=w800-h500-k-no,https://lh3.googleusercontent.com/p/AF1QipP1OkoJYsSa8geMIxZaLUGCnLQAaZNyCyjYe14H=w1600-h1000-k-no,,"{""Sunday"": ""Closed"", ""Monday"": ""9AM-6PM"", ""Tuesday"": ""9AM-6PM"", ""Wednesday"": ""9AM-6PM"", ""Thursday"": ""9AM-6PM"", ""Friday"": ""9AM-6PM"", ""Saturday"": ""Closed""}","Sunday,|Monday,9AM,6PM|Tuesday,9AM,6PM|Wednesday,9AM,6PM|Thursday,9AM,6PM|Friday,9AM,6PM|Saturday,",Sunday:Closed|Monday:9AM-6PM|Tuesday:9AM-6PM|Wednesday:9AM-6PM|Thursday:9AM-6PM|Friday:9AM-6PM|Saturday:Closed,,,OPERATIONAL,{},,,,https://lh6.googleusercontent.com/-0kpdS7jLDms/AAAAAAAAAAI/AAAAAAAAAAA/pPDfQsk2UL0/s44-p-k-no-ns-nd/photo.jpg,,,True,117381995119206392457,"Serenity Pools, LLC - Custom Gunite Swimming Construction Contractor",https://www.google.com/maps/contrib/117381995119206392457,,,,,"https://www.google.com/maps/place/Serenity+Pools%2C+LLC+-+Custom+Gunite+Swimming+Construction+Contractor/@29.980057199999997,-90.18646009999999,14z/data=!4m8!1m2!2m1!1sSerenity+Pools%2C+LLC+-+Custom+Gunite+Swimming+Construction+Contractor!3m4!1s0x8620affbd416e221:0xe87d7068e318c072!8m2!3d29.980057199999997!4d-90.18646009999999","https://www.google.com/maps/place/Serenity+Pools%2C+LLC+-+Custom+Gunite+Swimming+Construction+Contractor/@29.980057199999997,-90.18646009999999,13.99z/data=!4m16!1m7!3m6!1s0x8620affbd416e221:0xe87d7068e318c072!2sSerenity+Pools%2C+LLC+-+Custom+Gunite+Swimming+Construction+Contractor!8m2!3d29.980057199999997!4d-90.18646009999999!16s%2Fg%2F11ckvg1dmb!3m7!1s0x8620affbd416e221:0xe87d7068e318c072!8m2!3d29.980057199999997!4d-90.18646009999999!9m1!1b1!16s%2Fg%2F11ckvg1dmb?entry=ttu",ChIJIeIW1PuvIIYRcsAY42hwfeg,0x8620affbd416e221:0xe87d7068e318c072,16752669784677073010,/g/1ptzpy__9,-1694074289032478606,,,,,,,,,,,,,,,,,,,,,,,,,,,,,,,,,,,,,,,,,,,,,,,,,,,,,Serenity Pools,Wix.com Website Builder,"Serenity Pools Specializes in the construction of New Custom Gunite pools.  Serving the Greater New Orleans Area, Northshore, Houma, Luling, Balle Chasse and as far west as the Baton Rouge Area",,False,False
"swimming pool contractor, 70113, New Orleans, LA, US",CMS Swimming Pool Co,Cms Swimming Pool,,"Swimming pool contractor, Service establishment, Pool cleaning service, Pump supplier, Swimming pool repair service",Swimming pool repair service,Swimming pool contractor,+1 504-388-1834,mobile,"NEW CINGULAR WIRELESS PCS, LLC - GA",,,,,,,,,,,30.937373599999997,-91.40087,8944400c20fffff,America/Chicago,,True,1.0,1.0,https://search.google.com/local/reviews?placeid=ChIJZweurfi5IIYRIORSS9PY7zM&q=*&authuser=0&hl=en&gl=US,,,1.0,0.0,0.0,0.0,0.0,5.0,https://lh3.googleusercontent.com/p/AF1QipO9Q5mu-pF_iyRye4I1Ge-MBaozAnoTfdK7EjX3=w800-h500-k-no,https://lh3.googleusercontent.com/p/AF1QipO9Q5mu-pF_iyRye4I1Ge-MBaozAnoTfdK7EjX3=w1600-h1000-k-no,,"{""Sunday"": ""Open 24 hours"", ""Monday"": ""Open 24 hours"", ""Tuesday"": ""Open 24 hours"", ""Wednesday"": ""Open 24 hours"", ""Thursday"": ""Open 24 hours"", ""Friday"": ""Open 24 hours"", ""Saturday"": ""Open 24 hours""}","Sunday,Open 24 hours|Monday,Open 24 hours|Tuesday,Open 24 hours|Wednesday,Open 24 hours|Thursday,Open 24 hours|Friday,Open 24 hours|Saturday,Open 24 hours",Sunday:Open 24 hours|Monday:Open 24 hours|Tuesday:Open 24 hours|Wednesday:Open 24 hours|Thursday:Open 24 hours|Friday:Open 24 hours|Saturday:Open 24 hours,,,OPERATIONAL,{},,,,https://lh3.googleusercontent.com/-lix5UwruZ-w/AAAAAAAAAAI/AAAAAAAAAAA/CQDdbkjaOSU/s44-p-k-no-ns-nd/photo.jpg,,,True,105818665103801604712,CMS Swimming Pool Co,https://www.google.com/maps/contrib/105818665103801604712,,,,,"https://www.google.com/maps/place/CMS+Swimming+Pool+Co/@30.937373599999997,-91.40087,14z/data=!4m8!1m2!2m1!1sCMS+Swimming+Pool+Co!3m4!1s0x8620b9f8adae0767:0x33efd8d34b52e420!8m2!3d30.937373599999997!4d-91.40087","https://www.google.com/maps/place/CMS+Swimming+Pool+Co/@30.937373599999997,-91.40087,13.99z/data=!4m16!1m7!3m6!1s0x8620b9f8adae0767:0x33efd8d34b52e420!2sCMS+Swimming+Pool+Co!8m2!3d30.937373599999997!4d-91.40087!16s%2Fg%2F11ckvg1dmb!3m7!1s0x8620b9f8adae0767:0x33efd8d34b52e420!8m2!3d30.937373599999997!4d-91.40087!9m1!1b1!16s%2Fg%2F11ckvg1dmb?entry=ttu",ChIJZweurfi5IIYRIORSS9PY7zM,0x8620b9f8adae0767:0x33efd8d34b52e420,3742448217381594144,/g/11f53vdtjx,3742448217381594144,,,,,,,,,,,,,,,,,,,,,,,,,,,,,,,,,,,,,,,,,,,,,,,,,,,,,,,,,,
"swimming pool contractor, 70113, New Orleans, LA, US",Shamrock Pools LLC,Shamrock Pools,,"Swimming pool contractor, Service establishment",Swimming pool contractor,Swimming pool contractor,+1 504-331-4742,mobile,"NEW CINGULAR WIRELESS PCS, LLC",,,,,,,,,,,30.937373599999997,-91.40087,8944400c20fffff,America/Chicago,,True,4.2,5.0,https://search.google.com/local/reviews?placeid=ChIJ_____wuwIIYR3traCnrolgY&q=*&authuser=0&hl=en&gl=US,,,1.0,0.0,0.0,0.0,4.0,1.0,https://lh3.googleusercontent.com/p/AF1QipOwGwPmv2ZNeK0YDcM8_EhZIwhlw7Fioq-BoRsJ=w800-h500-k-no,https://lh3.googleusercontent.com/p/AF1QipOwGwPmv2ZNeK0YDcM8_EhZIwhlw7Fioq-BoRsJ=w1600-h1000-k-no,,"{""Sunday"": ""Closed"", ""Monday"": ""8AM-5PM"", ""Tuesday"": ""8AM-5PM"", ""Wednesday"": ""8AM-5PM"", ""Thursday"": ""8AM-5PM"", ""Friday"": ""8AM-5PM"", ""Saturday"": ""Closed""}","Sunday,|Monday,8AM,5PM|Tuesday,8AM,5PM|Wednesday,8AM,5PM|Thursday,8AM,5PM|Friday,8AM,5PM|Saturday,",Sunday:Closed|Monday:8AM-5PM|Tuesday:8AM-5PM|Wednesday:8AM-5PM|Thursday:8AM-5PM|Friday:8AM-5PM|Saturday:Closed,,,OPERATIONAL,"{""Service options"": {""Online estimates"": false}}",,,,https://lh4.googleusercontent.com/-8krTF80PDT8/AAAAAAAAAAI/AAAAAAAAAAA/lBszeGxSSi0/s44-p-k-no-ns-nd/photo.jpg,,,True,116915372170369179312,Shamrock Pools LLC,https://www.google.com/maps/contrib/116915372170369179312,,,,,"https://www.google.com/maps/place/Shamrock+Pools+LLC/@30.937373599999997,-91.40087,14z/data=!4m8!1m2!2m1!1sShamrock+Pools+LLC!3m4!1s0x8620b00bffffffff:0x696e87a0adadade!8m2!3d30.937373599999997!4d-91.40087","https://www.google.com/maps/place/Shamrock+Pools+LLC/@30.937373599999997,-91.40087,13.99z/data=!4m16!1m7!3m6!1s0x8620b00bffffffff:0x696e87a0adadade!2sShamrock+Pools+LLC!8m2!3d30.937373599999997!4d-91.40087!16s%2Fg%2F11ckvg1dmb!3m7!1s0x8620b00bffffffff:0x696e87a0adadade!8m2!3d30.937373599999997!4d-91.40087!9m1!1b1!16s%2Fg%2F11ckvg1dmb?entry=ttu",ChIJ_____wuwIIYR3traCnrolgY,0x8620b00bffffffff:0x696e87a0adadade,474822421599935198,/g/11b7q605xr,474822421599935198,,,,,,,,,,,,,,,,,,,,,,,,,,,,,,,,,,,,,,,,,,,,,,,,,,,,,,,,,,
"swimming pool contractor, 70113, New Orleans, LA, US",Pool Tech of New Orleans Inc,Pool Tech Of New Orleans,,Swimming pool contractor,Swimming pool contractor,Swimming pool contractor,+1 504-466-5411,landline,,,"2600 Crestview, Kenner, LA 70062",None,2600 Crestview,Kenner,70062,Louisiana,Louisiana,United States of America,US,30.002388,-90.274857,8944460b677ffff,America/Chicago,,False,2.3,3.0,https://search.google.com/local/reviews?placeid=ChIJ2wZitgK4IIYRHHv38NxgO04&q=*&authuser=0&hl=en&gl=US,,,2.0,0.0,0.0,0.0,1.0,1.0,https://streetviewpixels-pa.googleapis.com/v1/thumbnail?panoid=fqvGVGl_Vbo-Tt0lURc47g&cb_client=search.gws-prod.gps&w=800&h=500&yaw=175.92604&pitch=0&thumbfov=100,https://streetviewpixels-pa.googleapis.com/v1/thumbnail?panoid=fqvGVGl_Vbo-Tt0lURc47g&cb_client=search.gws-prod.gps&w=1600&h=1000&yaw=175.92604&pitch=0&thumbfov=100,,"{""Sunday"": ""Closed"", ""Monday"": ""8AM-5PM"", ""Tuesday"": ""8AM-5PM"", ""Wednesday"": ""8AM-5PM"", ""Thursday"": ""8AM-5PM"", ""Friday"": ""8AM-5PM"", ""Saturday"": ""Closed""}","Sunday,|Monday,8AM,5PM|Tuesday,8AM,5PM|Wednesday,8AM,5PM|Thursday,8AM,5PM|Friday,8AM,5PM|Saturday,",Sunday:Closed|Monday:8AM-5PM|Tuesday:8AM-5PM|Wednesday:8AM-5PM|Thursday:8AM-5PM|Friday:8AM-5PM|Saturday:Closed,,,OPERATIONAL,{},,,,,,,False,None,Pool Tech of New Orleans Inc,,,,,,"https://www.google.com/maps/place/Pool+Tech+of+New+Orleans+Inc/@30.002388,-90.274857,14z/data=!4m8!1m2!2m1!1sPool+Tech+of+New+Orleans+Inc!3m4!1s0x8620b802b66206db:0x4e3b60dcf0f77b1c!8m2!3d30.002388!4d-90.274857","https://www.google.com/maps/place/Pool+Tech+of+New+Orleans+Inc/@30.002388,-90.274857,13.99z/data=!4m16!1m7!3m6!1s0x8620b802b66206db:0x4e3b60dcf0f77b1c!2sPool+Tech+of+New+Orleans+Inc!8m2!3d30.002388!4d-90.274857!16s%2Fg%2F11ckvg1dmb!3m7!1s0x8620b802b66206db:0x4e3b60dcf0f77b1c!8m2!3d30.002388!4d-90.274857!9m1!1b1!16s%2Fg%2F11ckvg1dmb?entry=ttu",ChIJ2wZitgK4IIYRHHv38NxgO04,0x8620b802b66206db:0x4e3b60dcf0f77b1c,5637205860636130076,/g/1tj52z1m,5637205860636130076,,,,,,,,,,,,,,,,,,,,,,,,,,,,,,,,,,,,,,,,,,,,,,,,,,,,,,,,,,
"swimming pool contractor, 70113, New Orleans, LA, US",Blue Haven Pools & Spas,Blue Haven Pools And Spas,https://www.bluehaven.com/new-orleans-swimming-pool-builder/,"Swimming pool contractor, Concrete contractor, Hot tub repair service, Pool cleaning service, Swimming pool repair service, Swimming pool supply store",Swimming pool contractor,Swimming pool contractor,+1 504-455-2445,landline,"COMCAST PHONE OF LOUISIANA, LL",,"4525 Airline Dr, Metairie, LA 70001",None,4525 Airline Dr,Metairie,70001,Louisiana,Louisiana,United States of America,US,29.9759976,-90.1797907,89444654353ffff,America/Chicago,,False,1.8,28.0,https://search.google.com/local/reviews?placeid=ChIJpy8FWXiwIIYRmSKs2LxG1FU&q=*&authuser=0&hl=en&gl=US,,,22.0,0.0,1.0,0.0,5.0,5.0,https://lh3.googleusercontent.com/gps-cs-s/AG0ilSxUxuivipzv3atnSo8dNjxw9m6GEYomWdKgrcOENollAf8De6aDXS4DdcFIjHhV-WkzAxewLQtoPIAxeVbvzRSA0P78uT8En3N1xGX3dDS48t1NnAInajLXBSwjYyzpSWjKgm5h=w800-h500-k-no,https://lh3.googleusercontent.com/gps-cs-s/AG0ilSxUxuivipzv3atnSo8dNjxw9m6GEYomWdKgrcOENollAf8De6aDXS4DdcFIjHhV-WkzAxewLQtoPIAxeVbvzRSA0P78uT8En3N1xGX3dDS48t1NnAInajLXBSwjYyzpSWjKgm5h=w1600-h1000-k-no,,"{""Sunday"": ""Closed"", ""Monday"": ""9AM-5PM"", ""Tuesday"": ""9AM-5:15PM"", ""Wednesday"": ""9AM-5PM"", ""Thursday"": ""9AM-5PM"", ""Friday"": ""9AM-5PM"", ""Saturday"": ""9AM-5PM""}","Sunday,|Monday,9AM,5PM|Tuesday,9AM,5:15PM|Wednesday,9AM,5PM|Thursday,9AM,5PM|Friday,9AM,5PM|Saturday,9AM,5PM",Sunday:Closed|Monday:9AM-5PM|Tuesday:9AM-5:15PM|Wednesday:9AM-5PM|Thursday:9AM-5PM|Friday:9AM-5PM|Saturday:9AM-5PM,,,OPERATIONAL,{},,,,https://lh6.googleusercontent.com/-KV7AyjP8pRo/AAAAAAAAAAI/AAAAAAAAAAA/6_2VxbiKu7A/s44-p-k-no-ns-nd/photo.jpg,,,True,112890555549082114287,Blue Haven Pools & Spas,https://www.google.com/maps/contrib/112890555549082114287,,https://www.bluehaven.com/free-inground-pool-estimate/,,https://www.bluehaven.com/free-inground-pool-estimate/,"https://www.google.com/maps/place/Blue+Haven+Pools+%26+Spas/@29.9759976,-90.1797907,14z/data=!4m8!1m2!2m1!1sBlue+Haven+Pools+%26+Spas!3m4!1s0x8620b07859052fa7:0x55d446bcd8ac2299!8m2!3d29.9759976!4d-90.1797907","https://www.google.com/maps/place/Blue+Haven+Pools+%26+Spas/@29.9759976,-90.1797907,13.99z/data=!4m16!1m7!3m6!1s0x8620b07859052fa7:0x55d446bcd8ac2299!2sBlue+Haven+Pools+%26+Spas!8m2!3d29.9759976!4d-90.1797907!16s%2Fg%2F11ckvg1dmb!3m7!1s0x8620b07859052fa7:0x55d446bcd8ac2299!8m2!3d29.9759976!4d-90.1797907!9m1!1b1!16s%2Fg%2F11ckvg1dmb?entry=ttu",ChIJpy8FWXiwIIYRmSKs2LxG1FU,0x8620b07859052fa7:0x55d446bcd8ac2299,6184645965189489305,/g/1tj5lh_7,6184645965189489305,,john@bluehavenpoolstyler.com,INVALID,Undeliverable,John Manager,John,Manager,Whse Manager,,cabluefinn@sbcglobal.net,RECEIVING,SMTP validated,Scott Finwall,Scott,Finwall,Owner,15308933322,cthalmann1@optimum.net,INVALID,Undeliverable,Craig Thalmann,Craig,Thalmann,Design Consultant,12017236725,12056554744,fixed line,"CENTURYTEL TEL AL, LLC (NORTHE",,2058342144,mobile,CELLCO PARTNERSHIP DBA VERIZON,,3342773100,CELLCO PARTNERSHIP DBA VERIZON,landline,,https://www.facebook.com/bluehavenpools,,https://www.linkedin.com/company/blue-haven-construction-llc,,,,,,,,https://twitter.com/bluehavenpools,,,,,Contact Webmaster - Submit Your Questions | Blue Haven Pools,WordPress 6.8.3,Contact webmaster for bluehaven.com,,False,False
"swimming pool contractor, 70113, New Orleans, LA, US",Backyard Living,Backyard Living,https://backyardlivingpools.com/,"Swimming pool contractor, Outdoor furniture store",Swimming pool contractor,Swimming pool contractor,+1 504-282-1011,landline,"COMCAST PHONE OF LOUISIANA, LL",,"7211 Regent St suite g, New Orleans, LA 70124",West End,7211 Regent St suite g,New Orleans,70124,Louisiana,Louisiana,United States of America,US,30.0202942,-90.1153039,89444642917ffff,America/Chicago,,False,4.1,20.0,https://search.google.com/local/reviews?placeid=ChIJlaftylSuIIYRNAJu-4io8zE&q=*&authuser=0&hl=en&gl=US,,,4.0,0.0,0.0,2.0,14.0,51.0,https://lh3.googleusercontent.com/p/AF1QipNvA_hlGT7rIxefmCpp0a1YIRq9cjrsSQyTxSEA=w800-h500-k-no,https://lh3.googleusercontent.com/p/AF1QipNvA_hlGT7rIxefmCpp0a1YIRq9cjrsSQyTxSEA=w1600-h1000-k-no,,"{""Sunday"": ""Closed"", ""Monday"": ""9AM-6PM"", ""Tuesday"": ""9AM-6PM"", ""Wednesday"": ""9AM-6PM"", ""Thursday"": ""9AM-6PM"", ""Friday"": ""9AM-6PM"", ""Saturday"": ""9AM-4PM""}","Sunday,|Monday,9AM,6PM|Tuesday,9AM,6PM|Wednesday,9AM,6PM|Thursday,9AM,6PM|Friday,9AM,6PM|Saturday,9AM,4PM",Sunday:Closed|Monday:9AM-6PM|Tuesday:9AM-6PM|Wednesday:9AM-6PM|Thursday:9AM-6PM|Friday:9AM-6PM|Saturday:9AM-4PM,,,OPERATIONAL,{},,,,https://lh5.googleusercontent.com/-5LGFypDoEQI/AAAAAAAAAAI/AAAAAAAAAAA/-g6VpkHAILs/s44-p-k-no-ns-nd/photo.jpg,Unpretentious outlet offering custom-designed swimming pools & spas plus a range of patio furniture.,,True,112284188555759944166,Backyard Living,https://www.google.com/maps/contrib/112284188555759944166,,,,,"https://www.google.com/maps/place/Backyard+Living/@30.0202942,-90.1153039,14z/data=!4m8!1m2!2m1!1sBackyard+Living!3m4!1s0x8620ae54caeda795:0x31f3a888fb6e0234!8m2!3d30.0202942!4d-90.1153039","https://www.google.com/maps/place/Backyard+Living/@30.0202942,-90.1153039,13.99z/data=!4m16!1m7!3m6!1s0x8620ae54caeda795:0x31f3a888fb6e0234!2sBackyard+Living!8m2!3d30.0202942!4d-90.1153039!16s%2Fg%2F11ckvg1dmb!3m7!1s0x8620ae54caeda795:0x31f3a888fb6e0234!8m2!3d30.0202942!4d-90.1153039!9m1!1b1!16s%2Fg%2F11ckvg1dmb?entry=ttu",ChIJlaftylSuIIYRNAJu-4io8zE,0x8620ae54caeda795:0x31f3a888fb6e0234,3599405833486467636,/g/1tfk9cj4,3599405833486467636,,pepper@backyardlivingpools.com,RECEIVING,Cannot validate,Pepper Tregre,Pepper,Tregre,President,,kaicho@backyardlivingpools.com,UNKNOWN,Cannot validate,Kaicho Nakamura,Kaicho,Nakamura,Chairman,,bill@backyardlivingpools.com,UNKNOWN,Cannot validate,Bill Hauss,Bill,Hauss,President,,15042821011,landline,"COMCAST PHONE OF LOUISIANA, LL",,,,,,,,,,https://www.facebook.com/backyardlivingnola/,,,,,,,,,,,,,,,,,,,,
"swimming pool contractor, 70113, New Orleans, LA, US",Bayou Pools,Bayou Pools,,Swimming pool contractor,Swimming pool contractor,Swimming pool contractor,+1 504-782-0683,mobile,,,"7918 Grover Ave, New Orleans, LA 70123",None,7918 Grover Ave,New Orleans,70123,Louisiana,Louisiana,United States of America,US,29.948915799999998,-90.2048717,8944465454bffff,America/Chicago,,False,3.0,2.0,https://search.google.com/local/reviews?placeid=ChIJqe-La0C6IIYRrlfwD4grgxU&q=*&authuser=0&hl=en&gl=US,,,1.0,0.0,0.0,0.0,1.0,2.0,https://streetviewpixels-pa.googleapis.com/v1/thumbnail?panoid=LbTvQYS4scTJ5JaUqWoO7g&cb_client=search.gws-prod.gps&w=800&h=500&yaw=164.38318&pitch=0&thumbfov=100,https://lh3.googleusercontent.com/gps-cs-s/AG0ilSxelEIHTOnRb541LM1TNFY_Rpnaawb1r4lKJ2h0BhARYsVanSUsNDwfkHNhZuuu-UQJL1dnaAx4od4IKbyGYFsQ39Jv_EnBGznS0Dn1j2KTg0-f_8Ao21hfQe2XYXQHJeH9YOw=w1600-h1000-k-no,,,,,,,OPERATIONAL,{},,,,,,,False,None,Bayou Pools,,,,,,"https://www.google.com/maps/place/Bayou+Pools/@29.948915799999998,-90.2048717,14z/data=!4m8!1m2!2m1!1sBayou+Pools!3m4!1s0x8620ba406b8befa9:0x15832b880ff057ae!8m2!3d29.948915799999998!4d-90.2048717","https://www.google.com/maps/place/Bayou+Pools/@29.948915799999998,-90.2048717,13.99z/data=!4m16!1m7!3m6!1s0x8620ba406b8befa9:0x15832b880ff057ae!2sBayou+Pools!8m2!3d29.948915799999998!4d-90.2048717!16s%2Fg%2F11ckvg1dmb!3m7!1s0x8620ba406b8befa9:0x15832b880ff057ae!8m2!3d29.948915799999998!4d-90.2048717!9m1!1b1!16s%2Fg%2F11ckvg1dmb?entry=ttu",ChIJqe-La0C6IIYRrlfwD4grgxU,0x8620ba406b8befa9:0x15832b880ff057ae,1550130560128538542,/g/1261gxbl1,1550130560128538542,,,,,,,,,,,,,,,,,,,,,,,,,,,,,,,,,,,,,,,,,,,,,,,,,,,,,,,,,,
"swimming pool contractor, 70113, New Orleans, LA, US",Pontchartrain Pools and spas inc.,Pontchartrain Pools And Spas,http://www.fun2swim.com/,"Swimming pool contractor, Service establishment",Swimming pool contractor,Swimming pool contractor,+1 504-305-3830,landline,AT&T CORP.,,,,,,,,,,,30.154225399999998,-90.3435299,894446725cbffff,America/Chicago,,True,5.0,3.0,https://search.google.com/local/reviews?placeid=ChIJr6uw5ty2IIYRCqOGVGXs8xI&q=*&authuser=0&hl=en&gl=US,,,0.0,0.0,0.0,0.0,3.0,174.0,https://lh3.googleusercontent.com/p/AF1QipNJAwsFfr9QbyYGnpnT4rC_bnqCmKouwTPVoMza=w800-h500-k-no,https://lh3.googleusercontent.com/p/AF1QipNJAwsFfr9QbyYGnpnT4rC_bnqCmKouwTPVoMza=w1600-h1000-k-no,,"{""Sunday"": ""Closed"", ""Monday"": ""8AM-7:30PM"", ""Tuesday"": ""8AM-7PM"", ""Wednesday"": ""8AM-7PM"", ""Thursday"": ""8AM-7PM"", ""Friday"": ""8AM-6:30PM"", ""Saturday"": ""8AM-12PM""}","Sunday,|Monday,8AM,7:30PM|Tuesday,8AM,7PM|Wednesday,8AM,7PM|Thursday,8AM,7PM|Friday,8AM,6:30PM|Saturday,8AM,12PM",Sunday:Closed|Monday:8AM-7:30PM|Tuesday:8AM-7PM|Wednesday:8AM-7PM|Thursday:8AM-7PM|Friday:8AM-6:30PM|Saturday:8AM-12PM,,,OPERATIONAL,{},,,,https://lh6.googleusercontent.com/-gFWczTZbRZM/AAAAAAAAAAI/AAAAAAAAAAA/Siyu3PU6cas/s44-p-k-no-ns-nd/photo.jpg,,,True,104817889281518878746,Pontchartrain Pools and spas inc.,https://www.google.com/maps/contrib/104817889281518878746,,,,,"https://www.google.com/maps/place/Pontchartrain+Pools+and+spas+inc./@30.154225399999998,-90.3435299,14z/data=!4m8!1m2!2m1!1sPontchartrain+Pools+and+spas+inc.!3m4!1s0x8620b6dce6b0abaf:0x12f3ec655486a30a!8m2!3d30.154225399999998!4d-90.3435299","https://www.google.com/maps/place/Pontchartrain+Pools+and+spas+inc./@30.154225399999998,-90.3435299,13.99z/data=!4m16!1m7!3m6!1s0x8620b6dce6b0abaf:0x12f3ec655486a30a!2sPontchartrain+Pools+and+spas+inc.!8m2!3d30.154225399999998!4d-90.3435299!16s%2Fg%2F11ckvg1dmb!3m7!1s0x8620b6dce6b0abaf:0x12f3ec655486a30a!8m2!3d30.154225399999998!4d-90.3435299!9m1!1b1!16s%2Fg%2F11ckvg1dmb?entry=ttu",ChIJr6uw5ty2IIYRCqOGVGXs8xI,0x8620b6dce6b0abaf:0x12f3ec655486a30a,1365695031977353994,/g/1vfp8klm,1365695031977353994,,pontchpools101@aol.com,RECEIVING,SMTP validated,,,,,,,,,,,,,,,,,,,,,,,,,,,,,,,,,,,,,,,,,,,,http://twitter.com/PontchPools101,,,,,"- - - PONTCHARTRAIN POOLS & SPAS - - - located in Kenner, La.",,,,False,False
"swimming pool contractor, 70113, New Orleans, LA, US",Backyard Makeover,Backyard Makeover,http://www.backyard-makeover.com/,"Swimming pool contractor, Service establishment, Landscape designer, Landscape lighting designer, Landscaper, Swimming pool repair service, Turf supplier",Swimming pool contractor,Swimming pool contractor,+1 504-295-5482,mobile,,,,,,,,,,,,30.2999846,-91.2766566,894440d0863ffff,America/Chicago,,True,5.0,2.0,https://search.google.com/local/reviews?placeid=ChIJO-xBiU6vIIYRDxQHyvcVt5s&q=*&authuser=0&hl=en&gl=US,,,0.0,0.0,0.0,0.0,2.0,6.0,https://lh3.googleusercontent.com/gps-cs-s/AG0ilSyhRekwfZ6sft_YRUBy21k_6KxFdrRI_ndRTlwtyicplP3ObZISlXrcQd69QVFLTkxWjOzpb728_nDmeCeKAKyKgBOPdLuS552KgaLudGTlpXXj5AJO4-CA7T85mQkReFzvILVCVBn_pXUV=w800-h500-k-no,https://lh3.googleusercontent.com/gps-cs-s/AG0ilSyhRekwfZ6sft_YRUBy21k_6KxFdrRI_ndRTlwtyicplP3ObZISlXrcQd69QVFLTkxWjOzpb728_nDmeCeKAKyKgBOPdLuS552KgaLudGTlpXXj5AJO4-CA7T85mQkReFzvILVCVBn_pXUV=w1600-h1000-k-no,,"{""Sunday"": ""Closed"", ""Monday"": ""8AM-5PM"", ""Tuesday"": ""8AM-5PM"", ""Wednesday"": ""8AM-5PM"", ""Thursday"": ""8AM-5PM"", ""Friday"": ""8AM-5PM"", ""Saturday"": ""9AM-5PM""}","Sunday,|Monday,8AM,5PM|Tuesday,8AM,5PM|Wednesday,8AM,5PM|Thursday,8AM,5PM|Friday,8AM,5PM|Saturday,9AM,5PM",Sunday:Closed|Monday:8AM-5PM|Tuesday:8AM-5PM|Wednesday:8AM-5PM|Thursday:8AM-5PM|Friday:8AM-5PM|Saturday:9AM-5PM,,,OPERATIONAL,{},,,,https://lh6.googleusercontent.com/-lT_c1Z2oGvg/AAAAAAAAAAI/AAAAAAAAAAA/LqqKZ_owKM0/s44-p-k-no-ns-nd/photo.jpg,,,True,108070907063550136034,Backyard Makeover,https://www.google.com/maps/contrib/108070907063550136034,,,,,"https://www.google.com/maps/place/Backyard+Makeover/@30.2999846,-91.2766566,14z/data=!4m8!1m2!2m1!1sBackyard+Makeover!3m4!1s0x8620af4e8941ec3b:0x9bb715f7ca07140f!8m2!3d30.2999846!4d-91.2766566","https://www.google.com/maps/place/Backyard+Makeover/@30.2999846,-91.2766566,13.99z/data=!4m16!1m7!3m6!1s0x8620af4e8941ec3b:0x9bb715f7ca07140f!2sBackyard+Makeover!8m2!3d30.2999846!4d-91.2766566!16s%2Fg%2F11ckvg1dmb!3m7!1s0x8620af4e8941ec3b:0x9bb715f7ca07140f!8m2!3d30.2999846!4d-91.2766566!9m1!1b1!16s%2Fg%2F11ckvg1dmb?entry=ttu",ChIJO-xBiU6vIIYRDxQHyvcVt5s,0x8620af4e8941ec3b:0x9bb715f7ca07140f,11220461150607447055,/g/11jb4qn93l,-7226282923102104561,,contact@sansoxygen.com,RECEIVING,Role,,,,,,info@backyard-makeover.com,RECEIVING,Catch All,,,,,,,,,,,,,,5042955482,mobile,,,,,,,,,,,https://facebook.com/makeoverbackyard,https://instagram.com/backyard_makeover,,,,,,,,,,,,https://github.com/andrew-paglinawan/,,"Swimming Pool Contractor | Prairieville, LA | Backyard Makeover",Starfield Technologies; Go Daddy Website Builder 8.0.0000,"Expert swimming pool contractor in Prairieville, LA. Backyard Makeover designs and builds custom pools and outdoor spaces for the perfect backyard retreat.","Swimming Pool Contractor in Prairieville, LA",False,False
"swimming pool contractor, 70113, New Orleans, LA, US",Billiot Pools & Spas LLC,Billiot Pools And Spas,http://billiotpoolsandspas.com/,"Swimming pool contractor, Hot tub store",Swimming pool contractor,Swimming pool contractor,+1 504-433-5455,mobile,,,"555 Lapalco Blvd Suite 101, Gretna, LA 70056",None,555 Lapalco Blvd Suite 101,Gretna,70056,Louisiana,Louisiana,United States of America,US,29.877809799999998,-90.03345519999999,89444651c07ffff,America/Chicago,,False,4.5,57.0,https://search.google.com/local/reviews?placeid=ChIJlyd3jtSgIIYRjuKk1rE1I0k&q=*&authuser=0&hl=en&gl=US,,,5.0,0.0,1.0,5.0,46.0,1.0,https://streetviewpixels-pa.googleapis.com/v1/thumbnail?panoid=ZZoAsVNrGIWB74D1svTFug&cb_client=search.gws-prod.gps&w=800&h=500&yaw=229.88123&pitch=0&thumbfov=100,https://streetviewpixels-pa.googleapis.com/v1/thumbnail?panoid=ZZoAsVNrGIWB74D1svTFug&cb_client=search.gws-prod.gps&w=1600&h=1000&yaw=229.88123&pitch=0&thumbfov=100,,"{""Sunday"": ""9AM-6PM"", ""Monday"": ""9AM-6PM"", ""Tuesday"": ""9AM-6PM"", ""Wednesday"": ""9AM-6PM"", ""Thursday"": ""9AM-6PM"", ""Friday"": ""9AM-6PM"", ""Saturday"": ""9AM-6PM""}","Sunday,9AM,6PM|Monday,9AM,6PM|Tuesday,9AM,6PM|Wednesday,9AM,6PM|Thursday,9AM,6PM|Friday,9AM,6PM|Saturday,9AM,6PM",Sunday:9AM-6PM|Monday:9AM-6PM|Tuesday:9AM-6PM|Wednesday:9AM-6PM|Thursday:9AM-6PM|Friday:9AM-6PM|Saturday:9AM-6PM,,,OPERATIONAL,{},,,,,"Established company supplying aboveground pools in various styles, plus supplies & service.",,False,None,Billiot Pools & Spas LLC,,,,,,"https://www.google.com/maps/place/Billiot+Pools+%26+Spas+LLC/@29.877809799999998,-90.03345519999999,14z/data=!4m8!1m2!2m1!1sBilliot+Pools+%26+Spas+LLC!3m4!1s0x8620a0d48e772797:0x492335b1d6a4e28e!8m2!3d29.877809799999998!4d-90.03345519999999","https://www.google.com/maps/place/Billiot+Pools+%26+Spas+LLC/@29.877809799999998,-90.03345519999999,13.99z/data=!4m16!1m7!3m6!1s0x8620a0d48e772797:0x492335b1d6a4e28e!2sBilliot+Pools+%26+Spas+LLC!8m2!3d29.877809799999998!4d-90.03345519999999!16s%2Fg%2F11ckvg1dmb!3m7!1s0x8620a0d48e772797:0x492335b1d6a4e28e!8m2!3d29.877809799999998!4d-90.03345519999999!9m1!1b1!16s%2Fg%2F11ckvg1dmb?entry=ttu",ChIJlyd3jtSgIIYRjuKk1rE1I0k,0x8620a0d48e772797:0x492335b1d6a4e28e,5270115026880225934,/g/1v2f0whb,5270115026880225934,,billiotpools@aol.com,RECEIVING,SMTP validated,,,,,,,,,,,,,,,,,,,,,,5044335455,mobile,,,,,,,,,,,,,,,,,,,,,,,,,,"Contact, Gretna, LA | Billiot Pools and Spas",WordPress 6.8.3,"When in need of swimming pool and spa services, turn to the trusted experts from Billiot Pools and Spas in Gretna, LA. We offer pool maintenance, cleaning, installation, and more. Whatever your needs are, you can rely on our team to get the job done. Get in touch with us today for more information.",,False,False
"swimming pool contractor, 70113, New Orleans, LA, US","Ducky's Pools, Hot Tubs & Living",Duckys Pools Hot Tubs And Living,http://www.duckysonline.com/%3Futm_campaign%3Dgmb,"Swimming pool contractor, Grill store, Hot tub store, Swimming pool, Swimming pool supply store, Swimming pool repair service",Swimming pool supply store,Swimming pool contractor,+1 504-882-5392,landline,,,"2636 Edenborn Ave, Metairie, LA 70002",None,2636 Edenborn Ave,Metairie,70002,Louisiana,Louisiana,United States of America,US,30.000469799999998,-90.1626934,8944465588bffff,America/Chicago,,False,4.9,246.0,https://search.google.com/local/reviews?placeid=ChIJNRH89bGxIIYRwTPWLNdjIH4&q=*&authuser=0&hl=en&gl=US,,,4.0,0.0,1.0,13.0,228.0,59.0,https://lh3.googleusercontent.com/p/AF1QipM3jtbmYClIK6AjKSRCBasYl6j2GhbI8SEnpcWL=w800-h500-k-no,https://lh3.googleusercontent.com/p/AF1QipM3jtbmYClIK6AjKSRCBasYl6j2GhbI8SEnpcWL=w1600-h1000-k-no,,"{""Sunday"": ""Closed"", ""Monday"": ""9AM-5PM"", ""Tuesday"": ""9AM-5PM"", ""Wednesday"": ""9AM-5PM"", ""Thursday"": ""9AM-5PM"", ""Friday"": ""9AM-5PM"", ""Saturday"": ""9AM-5PM""}","Sunday,|Monday,9AM,5PM|Tuesday,9AM,5PM|Wednesday,9AM,5PM|Thursday,9AM,5PM|Friday,9AM,5PM|Saturday,9AM,5PM",Sunday:Closed|Monday:9AM-5PM|Tuesday:9AM-5PM|Wednesday:9AM-5PM|Thursday:9AM-5PM|Friday:9AM-5PM|Saturday:9AM-5PM,,,OPERATIONAL,"{""From the business"": {""Small business"": true}, ""Service options"": {""Delivery"": true, ""In-store pickup"": true, ""In-store shopping"": true, ""Onsite services"": true}, ""Accessibility"": {""Wheelchair accessible entrance"": true, ""Wheelchair accessible parking lot"": true, ""Wheelchair accessible restroom"": true}, ""Crowd"": {""LGBTQ+ friendly"": true, ""Transgender safespace"": true}, ""Planning"": {""Quick visit"": true}, ""Payments"": {""Checks"": true, ""Credit cards"": true, ""Debit cards"": true, ""NFC mobile payments"": true}, ""Other"": {""LGBTQ+ friendly"": true}}",,,,https://lh3.googleusercontent.com/-eSFFs1PWsXs/AAAAAAAAAAI/AAAAAAAAAAA/b1v_sNJnDDU/s44-p-k-no-ns-nd/photo.jpg,,,True,100805794433708200101,"Ducky's Pools, Hot Tubs & Living",https://www.google.com/maps/contrib/100805794433708200101,,,,,"https://www.google.com/maps/place/Ducky%27s+Pools%2C+Hot+Tubs+%26+Living/@30.000469799999998,-90.1626934,14z/data=!4m8!1m2!2m1!1sDucky%27s+Pools%2C+Hot+Tubs+%26+Living!3m4!1s0x8620b1b1f5fc1135:0x7e2063d72cd633c1!8m2!3d30.000469799999998!4d-90.1626934","https://www.google.com/maps/place/Ducky%27s+Pools%2C+Hot+Tubs+%26+Living/@30.000469799999998,-90.1626934,13.99z/data=!4m16!1m7!3m6!1s0x8620b1b1f5fc1135:0x7e2063d72cd633c1!2sDucky%27s+Pools%2C+Hot+Tubs+%26+Living!8m2!3d30.000469799999998!4d-90.1626934!16s%2Fg%2F11ckvg1dmb!3m7!1s0x8620b1b1f5fc1135:0x7e2063d72cd633c1!8m2!3d30.000469799999998!4d-90.1626934!9m1!1b1!16s%2Fg%2F11ckvg1dmb?entry=ttu",ChIJNRH89bGxIIYRwTPWLNdjIH4,0x8620b1b1f5fc1135:0x7e2063d72cd633c1,9088373823855014849,/g/11j4tz17ry,9088373823855014849,,joshu@duckysllc.com,RECEIVING,SMTP validated,,,,,,,,,,,,,,,,,,,,,,15048825392,landline,,,5048825392,landline,,,,,,,http://www.facebook.com/duckysmetairie,,,,,,,,,,,,,,,"Free Pool Water Testing | Metairie, La & New Orleans Metro - Ducky's P",wordpress,,,False,False
"swimming pool contractor, 70113, New Orleans, LA, US",Water Wise Services LLC,Water Wise Services,https://www.waterwisepoolservices.com/,"Swimming pool contractor, Pool cleaning service, Swimming pool repair service",Swimming pool repair service,Swimming pool contractor,+1 504-294-4542,mobile,T-Mobile USA Inc.,,"1904 Carol Sue Ave, Terrytown, LA 70056",None,1904 Carol Sue Ave,Terrytown,70056,Louisiana,Louisiana,United States of America,US,29.899946999999997,-90.033964,894446518a3ffff,America/Chicago,,False,5.0,1.0,https://search.google.com/local/reviews?placeid=ChIJnfoEDWKnIIYRP8JAhv3WuwA&q=*&authuser=0&hl=en&gl=US,,,0.0,0.0,0.0,0.0,1.0,100.0,https://lh3.googleusercontent.com/p/AF1QipNF4DlgpuaIacu1uTs20RGZ6RSruuFfnxMVyjC-=w800-h500-k-no,https://lh3.googleusercontent.com/p/AF1QipNF4DlgpuaIacu1uTs20RGZ6RSruuFfnxMVyjC-=w1600-h1000-k-no,,"{""Sunday"": ""Closed"", ""Monday"": ""6AM-6PM"", ""Tuesday"": ""6AM-6PM"", ""Wednesday"": ""6AM-6PM"", ""Thursday"": ""6AM-6PM"", ""Friday"": ""6AM-6PM"", ""Saturday"": ""8AM-3PM""}","Sunday,|Monday,6AM,6PM|Tuesday,6AM,6PM|Wednesday,6AM,6PM|Thursday,6AM,6PM|Friday,6AM,6PM|Saturday,8AM,3PM",Sunday:Closed|Monday:6AM-6PM|Tuesday:6AM-6PM|Wednesday:6AM-6PM|Thursday:6AM-6PM|Friday:6AM-6PM|Saturday:8AM-3PM,,,OPERATIONAL,{},,,,https://lh5.googleusercontent.com/-8tcT5Pv18W8/AAAAAAAAAAI/AAAAAAAAAAA/wRgToIQCtSc/s44-p-k-no-ns-nd/photo.jpg,,,True,100449071648761199164,Water Wise Services LLC,https://www.google.com/maps/contrib/100449071648761199164,,https://www.waterwisepoolservices.com/contact,,https://www.waterwisepoolservices.com/contact,"https://www.google.com/maps/place/Water+Wise+Services+LLC/@29.899946999999997,-90.033964,14z/data=!4m8!1m2!2m1!1sWater+Wise+Services+LLC!3m4!1s0x8620a7620d04fa9d:0xbbd6fd8640c23f!8m2!3d29.899946999999997!4d-90.033964","https://www.google.com/maps/place/Water+Wise+Services+LLC/@29.899946999999997,-90.033964,13.99z/data=!4m16!1m7!3m6!1s0x8620a7620d04fa9d:0xbbd6fd8640c23f!2sWater+Wise+Services+LLC!8m2!3d29.899946999999997!4d-90.033964!16s%2Fg%2F11ckvg1dmb!3m7!1s0x8620a7620d04fa9d:0xbbd6fd8640c23f!8m2!3d29.899946999999997!4d-90.033964!9m1!1b1!16s%2Fg%2F11ckvg1dmb?entry=ttu",ChIJnfoEDWKnIIYRP8JAhv3WuwA,0x8620a7620d04fa9d:0xbbd6fd8640c23f,52872205012353599,/g/11xljc9tr_,52872205012353599,,waterwisepoolservices@gmail.com,RECEIVING,Verified,,,,,,,,,,,,,,,,,,,,,,15042944542,mobile,T-Mobile USA Inc.,,5042944542,mobile,T-Mobile USA Inc.,,,,,,,,,,,,,,,,,,,,,Grandlake Estates Pool Services | Expert Cleaning & Maintenance LA,,"Expert pool cleaning, maintenance & equipment checks in Grandlake Estates. Serving inground & above ground pools with reliable service. Call Water Wise today!",,False,False
"swimming pool contractor, 70113, New Orleans, LA, US",Ladner's Pools,Ladners Pools,http://www.ladnerspools.com/,"Swimming pool contractor, Hot tub store, Pool cleaning service, Public swimming pool, Swimming pool supply store, Swimming pool repair service",attractions,Swimming pool contractor,+1 504-733-4090,fixed line,"COMCAST PHONE OF LOUISIANA, LL",,"1517 Dickory Ave, Harahan, LA 70123",None,1517 Dickory Ave,Harahan,70123,Louisiana,Louisiana,United States of America,US,29.961235499999997,-90.2034073,89444654037ffff,America/Chicago,,False,4.2,58.0,https://search.google.com/local/reviews?placeid=ChIJB9qRc226IIYRcCrqcbVxi5E&q=*&authuser=0&hl=en&gl=US,,,8.0,0.0,2.0,9.0,39.0,137.0,https://lh3.googleusercontent.com/p/AF1QipN194EeM2yWoJftTAkJl1FMEgPCyz6I-gmU13KP=w800-h500-k-no,https://lh3.googleusercontent.com/p/AF1QipN194EeM2yWoJftTAkJl1FMEgPCyz6I-gmU13KP=w1600-h1000-k-no,,"{""Sunday"": ""Closed"", ""Monday"": ""9AM-5:30PM"", ""Tuesday"": ""9AM-5:30PM"", ""Wednesday"": ""9AM-5:30PM"", ""Thursday"": ""9AM-5:30PM"", ""Friday"": ""9AM-5:30PM"", ""Saturday"": ""9AM-5:30PM""}","Sunday,|Monday,9AM,5:30PM|Tuesday,9AM,5:30PM|Wednesday,9AM,5:30PM|Thursday,9AM,5:30PM|Friday,9AM,5:30PM|Saturday,9AM,5:30PM",Sunday:Closed|Monday:9AM-5:30PM|Tuesday:9AM-5:30PM|Wednesday:9AM-5:30PM|Thursday:9AM-5:30PM|Friday:9AM-5:30PM|Saturday:9AM-5:30PM,,,OPERATIONAL,"{""From the business"": {""Small business"": true}, ""Service options"": {""In-store pickup"": true}, ""Accessibility"": {""Wheelchair accessible entrance"": true, ""Wheelchair accessible parking lot"": true, ""Wheelchair accessible restroom"": true, ""Wheelchair accessible seating"": true}, ""Planning"": {""Quick visit"": true}, ""Payments"": {""Credit cards"": true, ""Debit cards"": true, ""NFC mobile payments"": true}, ""Parking"": {""Free parking lot"": true, ""Free street parking"": true}}",,,,https://lh3.googleusercontent.com/-WVQkOLEt3eM/AAAAAAAAAAI/AAAAAAAAAAA/aWi6y9lTuRg/s44-p-k-no-ns-nd/photo.jpg,"Custom builder of outdoor pools & spas, plus resurfacing, tile work, decking & equipment.",,True,105589265877760278779,Ladner's Pools,https://www.google.com/maps/contrib/105589265877760278779,,,,,"https://www.google.com/maps/place/Ladner%27s+Pools/@29.961235499999997,-90.2034073,14z/data=!4m8!1m2!2m1!1sLadner%27s+Pools!3m4!1s0x8620ba6d7391da07:0x918b71b571ea2a70!8m2!3d29.961235499999997!4d-90.2034073","https://www.google.com/maps/place/Ladner%27s+Pools/@29.961235499999997,-90.2034073,13.99z/data=!4m16!1m7!3m6!1s0x8620ba6d7391da07:0x918b71b571ea2a70!2sLadner%27s+Pools!8m2!3d29.961235499999997!4d-90.2034073!16s%2Fg%2F11ckvg1dmb!3m7!1s0x8620ba6d7391da07:0x918b71b571ea2a70!8m2!3d29.961235499999997!4d-90.2034073!9m1!1b1!16s%2Fg%2F11ckvg1dmb?entry=ttu",ChIJB9qRc226IIYRcCrqcbVxi5E,0x8620ba6d7391da07:0x918b71b571ea2a70,10487601181376522864,/g/1thr7jm7,-7959142892333028752,,sales@ladners.com,INVALID,Invalid SMTP,,,,,,service@ladners.com,INVALID,Invalid SMTP,,,,,,,,,,,,,,,,,,,,,,,,,,,,,,,,,,,,,,,,,Home Page 2 — Ladners Online,,"1517 Dickory Ave. Harahan, LA 70123 Email - Sales@ladners.com Email - Service@ladners.com Main Office - 504-733-4090 Fax - 504-733-4052 Toll Free - 1-800-256-1551 Emergency - 1-800-395-8479",,False,False
"swimming pool contractor, 70113, New Orleans, LA, US",Gert Town Natatorium,Gert Town Natatorium,http://nordc.org/parks/gert-town-natatorium/,Indoor swimming pool,Indoor swimming pool,Indoor swimming pool,+1 504-658-3096,landline,,,"3411 Broadway St, New Orleans, LA 70125",Gert Town,3411 Broadway St,New Orleans,70125,Louisiana,Louisiana,United States of America,US,29.960232599999998,-90.10821039999999,894446552bbffff,America/Chicago,,False,4.8,147.0,https://search.google.com/local/reviews?placeid=ChIJmcCo85ylIIYRE5ECM89eeCo&q=*&authuser=0&hl=en&gl=US,,,2.0,1.0,2.0,12.0,130.0,32.0,https://lh3.googleusercontent.com/gps-cs-s/AG0ilSxxqk95AF7BdeqfoFqeNTxS2LyIqYOVhFwM_ENL_aUa1kUccrbOImwNbWf0451K3bGuaNzmBJrsCLoimiLE7xzrqDYgtyY2okkY4D_RzeeOteKoqY7kLpfcvMAZpMYm0qdofKBu=w800-h500-k-no,https://lh3.googleusercontent.com/gps-cs-s/AG0ilSxxqk95AF7BdeqfoFqeNTxS2LyIqYOVhFwM_ENL_aUa1kUccrbOImwNbWf0451K3bGuaNzmBJrsCLoimiLE7xzrqDYgtyY2okkY4D_RzeeOteKoqY7kLpfcvMAZpMYm0qdofKBu=w1600-h1000-k-no,,"{""Sunday"": ""Closed"", ""Monday"": ""8AM-8PM"", ""Tuesday"": ""8AM-8PM"", ""Wednesday"": ""8AM-8PM"", ""Thursday"": ""8AM-8PM"", ""Friday"": ""8AM-8PM"", ""Saturday"": ""9AM-1PM""}","Sunday,|Monday,8AM,8PM|Tuesday,8AM,8PM|Wednesday,8AM,8PM|Thursday,8AM,8PM|Friday,8AM,8PM|Saturday,9AM,1PM",Sunday:Closed|Monday:8AM-8PM|Tuesday:8AM-8PM|Wednesday:8AM-8PM|Thursday:8AM-8PM|Friday:8AM-8PM|Saturday:9AM-1PM,,,OPERATIONAL,"{""Accessibility"": {""Wheelchair accessible entrance"": true, ""Wheelchair accessible parking lot"": true}}",,,,,,,False,None,Gert Town Natatorium,,,,,,"https://www.google.com/maps/place/Gert+Town+Natatorium/@29.960232599999998,-90.10821039999999,14z/data=!4m8!1m2!2m1!1sGert+Town+Natatorium!3m4!1s0x8620a59cf3a8c099:0x2a785ecf33029113!8m2!3d29.960232599999998!4d-90.10821039999999","https://www.google.com/maps/place/Gert+Town+Natatorium/@29.960232599999998,-90.10821039999999,13.99z/data=!4m16!1m7!3m6!1s0x8620a59cf3a8c099:0x2a785ecf33029113!2sGert+Town+Natatorium!8m2!3d29.960232599999998!4d-90.10821039999999!16s%2Fg%2F11ckvg1dmb!3m7!1s0x8620a59cf3a8c099:0x2a785ecf33029113!8m2!3d29.960232599999998!4d-90.10821039999999!9m1!1b1!16s%2Fg%2F11ckvg1dmb?entry=ttu",ChIJmcCo85ylIIYRE5ECM89eeCo,0x8620a59cf3a8c099:0x2a785ecf33029113,3060300190805299475,/g/11hbt7953g,3060300190805299475,,kelyons@nola.gov,RECEIVING,SMTP validated,,,,,,cory.davis@nola.gov,RECEIVING,Catch All,,,,,,,,,,,,,,15046580014,landline,,,5046580014,landline,,,5046583004,AT&T Southeast,landline,True,https://www.facebook.com/184060178316989,,,,,,,,,,,,,,,Home - NORDC - New Orleans Recreation Development Commission,,"The New Orleans Recreation Development Commission offers recreation activities, classes, programs and special events for all ages at recreation centers, pools and playgrounds across New Orleans.","nord, nordc, new orleans, swimming, basketball, pools, football, sports, parks, baseball, dance, ballet, arts, music, fitness, movies in the park, baseball, tennis, volleyball, cheerleading",,
"swimming pool contractor, 70113, New Orleans, LA, US",Blue Street Pools LLC,Blue Street Pools,http://bluestreetpools.com/,"Pool cleaning service, Service establishment",Pool cleaning service,Pool cleaning service,,,,,,,,,,,,,,30.0326605,-89.88256349999999,8944464a367ffff,America/Chicago,,True,5.0,32.0,https://search.google.com/local/reviews?placeid=ChIJ_WXzDWipIIYRuj49p8RlJaM&q=*&authuser=0&hl=en&gl=US,,,0.0,0.0,0.0,0.0,32.0,18.0,https://lh3.googleusercontent.com/p/AF1QipNiXyselfW5pyYd_DwJRLOUmkq3tVz45CExVaqn=w800-h500-k-no,https://lh3.googleusercontent.com/p/AF1QipNiXyselfW5pyYd_DwJRLOUmkq3tVz45CExVaqn=w1600-h1000-k-no,,"{""Sunday"": ""Closed"", ""Monday"": ""8AM-2PM"", ""Tuesday"": ""8AM-2PM"", ""Wednesday"": ""8AM-2PM"", ""Thursday"": ""8AM-2PM"", ""Friday"": ""8AM-2PM"", ""Saturday"": ""8AM-12PM""}","Sunday,|Monday,8AM,2PM|Tuesday,8AM,2PM|Wednesday,8AM,2PM|Thursday,8AM,2PM|Friday,8AM,2PM|Saturday,8AM,12PM",Sunday:Closed|Monday:8AM-2PM|Tuesday:8AM-2PM|Wednesday:8AM-2PM|Thursday:8AM-2PM|Friday:8AM-2PM|Saturday:8AM-12PM,,,OPERATIONAL,{},,,,https://lh4.googleusercontent.com/-QVeT8T_vhaI/AAAAAAAAAAI/AAAAAAAAAAA/Fg8lGGHPwdI/s44-p-k-no-ns-nd/photo.jpg,,,True,116381840721959005493,Blue Street Pools LLC,https://www.google.com/maps/contrib/116381840721959005493,,https://bluestreetpools.com/quote,,https://bluestreetpools.com/quote,"https://www.google.com/maps/place/Blue+Street+Pools+LLC/@30.0326605,-89.88256349999999,14z/data=!4m8!1m2!2m1!1sBlue+Street+Pools+LLC!3m4!1s0x8620a9680df365fd:0xa32565c4a73d3eba!8m2!3d30.0326605!4d-89.88256349999999","https://www.google.com/maps/place/Blue+Street+Pools+LLC/@30.0326605,-89.88256349999999,13.99z/data=!4m16!1m7!3m6!1s0x8620a9680df365fd:0xa32565c4a73d3eba!2sBlue+Street+Pools+LLC!8m2!3d30.0326605!4d-89.88256349999999!16s%2Fg%2F11ckvg1dmb!3m7!1s0x8620a9680df365fd:0xa32565c4a73d3eba!8m2!3d30.0326605!4d-89.88256349999999!9m1!1b1!16s%2Fg%2F11ckvg1dmb?entry=ttu",ChIJ_WXzDWipIIYRuj49p8RlJaM,0x8620a9680df365fd:0xa32565c4a73d3eba,11755914297614352058,/g/11j_rjrwd1,-6690829776095199558,,bluestreetpools@gmail.com,RECEIVING,SMTP validated,,,,,,,,,,,,,,,,,,,,,,5045027655,landline,Bandwidth.com,True,,,,,,,,,,https://instagram.com/poolpr0mj,,,,,,,,,,,,,,"Pool Company | New Orleans, LA | Blue Street Pools",,"Blue Street Pools provides pool care services throughout New Orleans, LA and the surrounding areas. Call us at (504) 502-7655.",,False,False
"swimming pool contractor, 70113, New Orleans, LA, US",Pelican Pool & Patio Specs Inc,Pelican Pool And Patio Specs,,"Swimming pool contractor, Hot tub repair service",Swimming pool contractor,Swimming pool contractor,+1 504-889-7600,landline,,,"3100 N Arnoult Rd, Metairie, LA 70002",None,3100 N Arnoult Rd,Metairie,70002,Louisiana,Louisiana,United States of America,US,30.0069524,-90.1607796,89444655803ffff,America/Chicago,,False,2.4,14.0,https://search.google.com/local/reviews?placeid=ChIJHeS18zqwIIYR4aIvo5zvKEA&q=*&authuser=0&hl=en&gl=US,,,9.0,0.0,0.0,0.0,5.0,1.0,https://streetviewpixels-pa.googleapis.com/v1/thumbnail?panoid=k5odF5Xg6lQBjBNBP6WmTA&cb_client=search.gws-prod.gps&w=800&h=500&yaw=247.32114&pitch=0&thumbfov=100,https://streetviewpixels-pa.googleapis.com/v1/thumbnail?panoid=k5odF5Xg6lQBjBNBP6WmTA&cb_client=search.gws-prod.gps&w=1600&h=1000&yaw=247.32114&pitch=0&thumbfov=100,,"{""Sunday"": ""Closed"", ""Monday"": ""Open 24 hours"", ""Tuesday"": ""Open 24 hours"", ""Wednesday"": ""Open 24 hours"", ""Thursday"": ""Open 24 hours"", ""Friday"": ""Open 24 hours"", ""Saturday"": ""Open 24 hours""}","Sunday,|Monday,Open 24 hours|Tuesday,Open 24 hours|Wednesday,Open 24 hours|Thursday,Open 24 hours|Friday,Open 24 hours|Saturday,Open 24 hours",Sunday:Closed|Monday:Open 24 hours|Tuesday:Open 24 hours|Wednesday:Open 24 hours|Thursday:Open 24 hours|Friday:Open 24 hours|Saturday:Open 24 hours,,,OPERATIONAL,{},,,,,,,False,None,Pelican Pool & Patio Specs Inc,,,,,,"https://www.google.com/maps/place/Pelican+Pool+%26+Patio+Specs+Inc/@30.0069524,-90.1607796,14z/data=!4m8!1m2!2m1!1sPelican+Pool+%26+Patio+Specs+Inc!3m4!1s0x8620b03af3b5e41d:0x4028ef9ca32fa2e1!8m2!3d30.0069524!4d-90.1607796","https://www.google.com/maps/place/Pelican+Pool+%26+Patio+Specs+Inc/@30.0069524,-90.1607796,13.99z/data=!4m16!1m7!3m6!1s0x8620b03af3b5e41d:0x4028ef9ca32fa2e1!2sPelican+Pool+%26+Patio+Specs+Inc!8m2!3d30.0069524!4d-90.1607796!16s%2Fg%2F11ckvg1dmb!3m7!1s0x8620b03af3b5e41d:0x4028ef9ca32fa2e1!8m2!3d30.0069524!4d-90.1607796!9m1!1b1!16s%2Fg%2F11ckvg1dmb?entry=ttu",ChIJHeS18zqwIIYR4aIvo5zvKEA,0x8620b03af3b5e41d:0x4028ef9ca32fa2e1,4623208473527558881,/g/1vxdymwg,4623208473527558881,,,,,,,,,,,,,,,,,,,,,,,,,,,,,,,,,,,,,,,,,,,,,,,,,,,,,,,,,,
"swimming pool contractor, 70113, New Orleans, LA, US",Premier Pools & Spas | New Orleans,Premier Pools And Spas | New Orleans,https://premierpoolsandspas.com/pool-builders/louisiana/new-orleans/,Swimming pool contractor,Swimming pool contractor,Swimming pool contractor,+1 985-612-1250,landline,"CHARTER FIBERLINK LA-CCO, LLC ",,"847 Galvez St, Mandeville, LA 70448",None,847 Galvez St,Mandeville,70448,Louisiana,Louisiana,United States of America,US,30.369762899999998,-90.0756804,8944466b547ffff,America/Chicago,,False,4.0,43.0,https://search.google.com/local/reviews?placeid=ChIJX_j-8iBaJ4YR4nH76fh6acQ&q=*&authuser=0&hl=en&gl=US,,,8.0,2.0,3.0,0.0,30.0,79.0,https://lh3.googleusercontent.com/gps-cs-s/AG0ilSwsaRdNDakvPFVnew705H_uJU50FRxHdJEy9TmL5LQlgqWzYI64lH-IBfyB3sEce9Gieb9vYCiEbphb6uAWEk7HTJ-fLefSOPEE_18VXCuR0vrV87iKtNW3uhUqPO5WUtAoXXTc=w800-h500-k-no,https://lh3.googleusercontent.com/gps-cs-s/AG0ilSwsaRdNDakvPFVnew705H_uJU50FRxHdJEy9TmL5LQlgqWzYI64lH-IBfyB3sEce9Gieb9vYCiEbphb6uAWEk7HTJ-fLefSOPEE_18VXCuR0vrV87iKtNW3uhUqPO5WUtAoXXTc=w1600-h1000-k-no,,"{""Sunday"": ""Closed"", ""Monday"": ""9AM-4AM"", ""Tuesday"": ""9AM-4PM"", ""Wednesday"": ""9AM-4PM"", ""Thursday"": ""9AM-4PM"", ""Friday"": ""9AM-3PM"", ""Saturday"": ""Closed""}","Sunday,|Monday,9AM,4AM|Tuesday,9AM,4PM|Wednesday,9AM,4PM|Thursday,9AM,4PM|Friday,9AM,3PM|Saturday,",Sunday:Closed|Monday:9AM-4AM|Tuesday:9AM-4PM|Wednesday:9AM-4PM|Thursday:9AM-4PM|Friday:9AM-3PM|Saturday:Closed,,,OPERATIONAL,"{""Accessibility"": {""Wheelchair accessible entrance"": true}}",,,,https://lh5.googleusercontent.com/-S7CbPSZu68Y/AAAAAAAAAAI/AAAAAAAAAAA/jYUzdT5RxCI/s44-p-k-no-ns-nd/photo.jpg,,,True,109504568561689486193,Premier Pools & Spas | New Orleans,https://www.google.com/maps/contrib/109504568561689486193,,,,,"https://www.google.com/maps/place/Premier+Pools+%26+Spas+%7C+New+Orleans/@30.369762899999998,-90.0756804,14z/data=!4m8!1m2!2m1!1sPremier+Pools+%26+Spas+%7C+New+Orleans!3m4!1s0x86275a20f2fef85f:0xc4697af8e9fb71e2!8m2!3d30.369762899999998!4d-90.0756804","https://www.google.com/maps/place/Premier+Pools+%26+Spas+%7C+New+Orleans/@30.369762899999998,-90.0756804,13.99z/data=!4m16!1m7!3m6!1s0x86275a20f2fef85f:0xc4697af8e9fb71e2!2sPremier+Pools+%26+Spas+%7C+New+Orleans!8m2!3d30.369762899999998!4d-90.0756804!16s%2Fg%2F11ckvg1dmb!3m7!1s0x86275a20f2fef85f:0xc4697af8e9fb71e2!8m2!3d30.369762899999998!4d-90.0756804!9m1!1b1!16s%2Fg%2F11ckvg1dmb?entry=ttu",ChIJX_j-8iBaJ4YR4nH76fh6acQ,0x86275a20f2fef85f:0xc4697af8e9fb71e2,14152978513484542434,/g/1td25th0,-4293765560225009182,,msoto@ppas.com,RECEIVING,Catch All,Marcus Soto,Marcus,Soto,Director Information Technology,19168520223,aboglino@ppas.com,INVALID,Cannot validate,Anthony Boglino,Anthony,Boglino,Owner,16314787621,mribnikar@ppas.com,INVALID,Undeliverable,Michael Ribnikar,Michael,Ribnikar,Vp Of Operations,18552122210,15053765626,landline,"ONVOY, LLC  NM",,15044750754,landline,"BANDWIDTH.COM CLEC, LLC - LA",,16314605792,"BANDWIDTH.COM CLEC, LLC - NY",fixed line,,https://www.facebook.com/premierpoolservicecentralvalley/,https://www.instagram.com/premierpoolsandspas,https://www.linkedin.com/company/premier-pools-and-spa,,,,,,,,http://twitter.com/PremierPoolsUS,,,,,"Houston, TX Inground Pool Builders - Premier Pools & Spas",WP Rocket 3.18.2,"We are the top inground pool builder in Houston, TX. Request a free quote on an inground gunite or fiberglass pool & pool remodeling in Houston.",,False,False
"swimming pool contractor, 70113, New Orleans, LA, US",Designer Spas & Pools,Designer Spas And Pools,,Swimming pool contractor,Swimming pool contractor,Swimming pool contractor,+1 504-340-8844,landline,,,"3601 Westbank Expy, Harvey, LA 70058",None,3601 Westbank Expy,Harvey,70058,Louisiana,Louisiana,United States of America,US,29.897010299999998,-90.0865492,894446508cfffff,America/Chicago,,False,,,,,,,,,,,1.0,https://streetviewpixels-pa.googleapis.com/v1/thumbnail?panoid=F-clY9aUefFg2NGobMe05w&cb_client=search.gws-prod.gps&w=800&h=500&yaw=303.29813&pitch=0&thumbfov=100,https://streetviewpixels-pa.googleapis.com/v1/thumbnail?panoid=F-clY9aUefFg2NGobMe05w&cb_client=search.gws-prod.gps&w=1600&h=1000&yaw=303.29813&pitch=0&thumbfov=100,,,,,,,OPERATIONAL,{},,,,,,,False,None,Designer Spas & Pools,,,,,,"https://www.google.com/maps/place/Designer+Spas+%26+Pools/@29.897010299999998,-90.0865492,14z/data=!4m8!1m2!2m1!1sDesigner+Spas+%26+Pools!3m4!1s0x8620a410e29a492b:0xfe6e31388649d0ef!8m2!3d29.897010299999998!4d-90.0865492","https://www.google.com/maps/place/Designer+Spas+%26+Pools/@29.897010299999998,-90.0865492,13.99z/data=!4m16!1m7!3m6!1s0x8620a410e29a492b:0xfe6e31388649d0ef!2sDesigner+Spas+%26+Pools!8m2!3d29.897010299999998!4d-90.0865492!16s%2Fg%2F11ckvg1dmb!3m7!1s0x8620a410e29a492b:0xfe6e31388649d0ef!8m2!3d29.897010299999998!4d-90.0865492!9m1!1b1!16s%2Fg%2F11ckvg1dmb?entry=ttu",ChIJK0ma4hCkIIYR79BJhjgxbv4,0x8620a410e29a492b:0xfe6e31388649d0ef,18333645251912782063,/g/1tgh3bd5,None,,,,,,,,,,,,,,,,,,,,,,,,,,,,,,,,,,,,,,,,,,,,,,,,,,,,,,,,,,
"swimming pool contractor, 70113, New Orleans, LA, US",ClearWater Pool & Spa,Clearwater Pool And Spa,http://cwnola.com/,"Swimming pool contractor, Swimming pool supply store",Swimming pool supply store,Swimming pool contractor,+1 504-834-6262,landline,,,"2004 Veterans Memorial Blvd, Metairie, LA 70005",None,2004 Veterans Memorial Blvd,Metairie,70005,Louisiana,Louisiana,United States of America,US,30.001640499999997,-90.1454227,89444655e2fffff,America/Chicago,,False,4.1,158.0,https://search.google.com/local/reviews?placeid=ChIJK5Q6vN6vIIYR5fcg7J0raOs&q=*&authuser=0&hl=en&gl=US,,,19.0,4.0,9.0,33.0,93.0,53.0,https://lh3.googleusercontent.com/p/AF1QipNd4ImuUMT60d-hLi17JHTfkQ2R_LpoXVatcV4j=w800-h500-k-no,https://lh3.googleusercontent.com/p/AF1QipNd4ImuUMT60d-hLi17JHTfkQ2R_LpoXVatcV4j=w1600-h1000-k-no,,"{""Sunday"": ""9AM-3PM"", ""Monday"": ""9AM-6PM"", ""Tuesday"": ""9AM-6PM"", ""Wednesday"": ""9AM-6PM"", ""Thursday"": ""9AM-6PM"", ""Friday"": ""9AM-6PM"", ""Saturday"": ""9AM-6PM""}","Sunday,9AM,3PM|Monday,9AM,6PM|Tuesday,9AM,6PM|Wednesday,9AM,6PM|Thursday,9AM,6PM|Friday,9AM,6PM|Saturday,9AM,6PM",Sunday:9AM-3PM|Monday:9AM-6PM|Tuesday:9AM-6PM|Wednesday:9AM-6PM|Thursday:9AM-6PM|Friday:9AM-6PM|Saturday:9AM-6PM,,,OPERATIONAL,"{""Service options"": {""In-store pickup"": true}, ""Accessibility"": {""Wheelchair accessible entrance"": true, ""Wheelchair accessible parking lot"": true}, ""Planning"": {""Quick visit"": true}, ""Payments"": {""Credit cards"": true, ""Debit cards"": true, ""NFC mobile payments"": true}}",,,,https://lh6.googleusercontent.com/-kwvVa5atCXA/AAAAAAAAAAI/AAAAAAAAAAA/X2d9fpIVkpo/s44-p-k-no-ns-nd/photo.jpg,"Dealer of swimming pools & hot tubs, plus outdoor furnishings like kitchens, pergolas & fire pits.",,True,116092547474204458585,ClearWater Pool & Spa,https://www.google.com/maps/contrib/116092547474204458585,,,,,"https://www.google.com/maps/place/ClearWater+Pool+%26+Spa/@30.001640499999997,-90.1454227,14z/data=!4m8!1m2!2m1!1sClearWater+Pool+%26+Spa!3m4!1s0x8620afdebc3a942b:0xeb682b9dec20f7e5!8m2!3d30.001640499999997!4d-90.1454227","https://www.google.com/maps/place/ClearWater+Pool+%26+Spa/@30.001640499999997,-90.1454227,13.99z/data=!4m16!1m7!3m6!1s0x8620afdebc3a942b:0xeb682b9dec20f7e5!2sClearWater+Pool+%26+Spa!8m2!3d30.001640499999997!4d-90.1454227!16s%2Fg%2F11ckvg1dmb!3m7!1s0x8620afdebc3a942b:0xeb682b9dec20f7e5!8m2!3d30.001640499999997!4d-90.1454227!9m1!1b1!16s%2Fg%2F11ckvg1dmb?entry=ttu",ChIJK5Q6vN6vIIYR5fcg7J0raOs,0x8620afdebc3a942b:0xeb682b9dec20f7e5,16962855953762416613,/g/1tnl1rvz,-1483888119947135003,,contactus@cwnola.com,RECEIVING,SMTP validated,Joan Ullrich,Joan,Ullrich,Owner,16018242949,hello@cwnola.com,RECEIVING,SMTP validated,,,,,,customerservice@cwnola.com,RECEIVING,SMTP validated,,,,,,9858927007,other,"HUNT TELECOMMUNICATIONS, LLC -",,19858927007,other,"HUNT TELECOMMUNICATIONS, LLC -",,16018242949,"LEVEL 3 COMMUNICATIONS, LLC - ",fixed line,,https://www.facebook.com/clearwaterpoolsandspascovington/about/?ref=page_internal,https://www.instagram.com/clearwatercovington,http://www.linkedin.com/company/8329420,,,,,,,,,,,,,Clearwater Pool Supplies | Clearwater Pool Supplies,Divi Ecommerce v.1.2.9,"Clearwater Pools provides a vast selection of Above-Ground Pools, Supplies, Accessories, Spas, Grills, and Outdoor Furniture",,False,True
"swimming pool contractor, 70113, New Orleans, LA, US",Allpools. Co,Allpools,,"Swimming pool contractor, Service establishment, Pool cleaning service, Swimming pool repair service",Swimming pool repair service,Swimming pool contractor,+1 504-290-6470,landline,,,,,,,,,,,,31.925613,-91.07061999999999,8944430856fffff,America/Chicago,,True,,,,,,,,,,,2.0,https://lh3.googleusercontent.com/p/AF1QipOdK6OjcxabrD1-CYfmGmjOwpy5xpbe-B77bD0c=w800-h500-k-no,https://lh3.googleusercontent.com/p/AF1QipOdK6OjcxabrD1-CYfmGmjOwpy5xpbe-B77bD0c=w1600-h1000-k-no,,"{""Sunday"": ""Closed"", ""Monday"": ""9AM-5AM"", ""Tuesday"": ""9AM-5AM"", ""Wednesday"": ""9AM-5AM"", ""Thursday"": ""9AM-5AM"", ""Friday"": ""9AM-5AM"", ""Saturday"": ""7AM-5PM""}","Sunday,|Monday,9AM,5AM|Tuesday,9AM,5AM|Wednesday,9AM,5AM|Thursday,9AM,5AM|Friday,9AM,5AM|Saturday,7AM,5PM",Sunday:Closed|Monday:9AM-5AM|Tuesday:9AM-5AM|Wednesday:9AM-5AM|Thursday:9AM-5AM|Friday:9AM-5AM|Saturday:7AM-5PM,,,OPERATIONAL,{},,,,https://lh3.googleusercontent.com/-QVvgAG1zqWU/AAAAAAAAAAI/AAAAAAAAAAA/xmBAVPTp8QQ/s44-p-k-no-ns-nd/photo.jpg,,,True,114620666210669568655,Allpools. Co,https://www.google.com/maps/contrib/114620666210669568655,,,,,"https://www.google.com/maps/place/Allpools.+Co/@31.925613,-91.07061999999999,14z/data=!4m8!1m2!2m1!1sAllpools.+Co!3m4!1s0x8620b7b8f264de5f:0x3cbbdb68eaf8f7a3!8m2!3d31.925613!4d-91.07061999999999","https://www.google.com/maps/place/Allpools.+Co/@31.925613,-91.07061999999999,13.99z/data=!4m16!1m7!3m6!1s0x8620b7b8f264de5f:0x3cbbdb68eaf8f7a3!2sAllpools.+Co!8m2!3d31.925613!4d-91.07061999999999!16s%2Fg%2F11ckvg1dmb!3m7!1s0x8620b7b8f264de5f:0x3cbbdb68eaf8f7a3!8m2!3d31.925613!4d-91.07061999999999!9m1!1b1!16s%2Fg%2F11ckvg1dmb?entry=ttu",ChIJX95k8ri3IIYRo_f46mjbuzw,0x8620b7b8f264de5f:0x3cbbdb68eaf8f7a3,4376332706585835427,/g/11h38rmxy9,None,,,,,,,,,,,,,,,,,,,,,,,,,,,,,,,,,,,,,,,,,,,,,,,,,,,,,,,,,,
"swimming pool contractor, 70113, New Orleans, LA, US",Clayton Construction Service LLC,Clayton Construction Service,http://www.claytonconstructionservice.com/,"Roofing contractor, Construction company, Deck builder, General contractor, Gutter service, Metal construction company, Sheet metal contractor",Roofing contractor,Roofing contractor,+1 504-641-6111,mobile,T-Mobile USA Inc.,,"4902 Canal St #207, New Orleans, LA 70119",Mid-City,4902 Canal St #207,New Orleans,70119,Louisiana,Louisiana,United States of America,US,29.979958,-90.10910899999999,8944465534fffff,America/Chicago,,False,4.9,19.0,https://search.google.com/local/reviews?placeid=ChIJH4eIMnmvIIYRxkYprfC0I3U&q=*&authuser=0&hl=en&gl=US,,,0.0,0.0,0.0,1.0,18.0,32.0,https://lh3.googleusercontent.com/p/AF1QipMvzXuWN6dILnw4rVr2uxFFxfEe_LQOWhotUYNQ=w800-h500-k-no,https://lh3.googleusercontent.com/p/AF1QipMvzXuWN6dILnw4rVr2uxFFxfEe_LQOWhotUYNQ=w1600-h1000-k-no,,"{""Sunday"": ""Closed"", ""Monday"": ""8AM-5PM"", ""Tuesday"": ""8AM-5PM"", ""Wednesday"": ""8AM-5PM"", ""Thursday"": ""8AM-5PM"", ""Friday"": ""8AM-5PM"", ""Saturday"": ""Closed""}","Sunday,|Monday,8AM,5PM|Tuesday,8AM,5PM|Wednesday,8AM,5PM|Thursday,8AM,5PM|Friday,8AM,5PM|Saturday,",Sunday:Closed|Monday:8AM-5PM|Tuesday:8AM-5PM|Wednesday:8AM-5PM|Thursday:8AM-5PM|Friday:8AM-5PM|Saturday:Closed,,,OPERATIONAL,{},,,,https://lh6.googleusercontent.com/-AwM8bBPSV7s/AAAAAAAAAAI/AAAAAAAAAAA/a71oElNC9Lc/s44-p-k-no-ns-nd/photo.jpg,,,True,104201330867150101744,Clayton Construction Service LLC,https://www.google.com/maps/contrib/104201330867150101744,,,,,"https://www.google.com/maps/place/Clayton+Construction+Service+LLC/@29.979958,-90.10910899999999,14z/data=!4m8!1m2!2m1!1sClayton+Construction+Service+LLC!3m4!1s0x8620af793288871f:0x7523b4f0ad2946c6!8m2!3d29.979958!4d-90.10910899999999","https://www.google.com/maps/place/Clayton+Construction+Service+LLC/@29.979958,-90.10910899999999,13.99z/data=!4m16!1m7!3m6!1s0x8620af793288871f:0x7523b4f0ad2946c6!2sClayton+Construction+Service+LLC!8m2!3d29.979958!4d-90.10910899999999!16s%2Fg%2F11ckvg1dmb!3m7!1s0x8620af793288871f:0x7523b4f0ad2946c6!8m2!3d29.979958!4d-90.10910899999999!9m1!1b1!16s%2Fg%2F11ckvg1dmb?entry=ttu",ChIJH4eIMnmvIIYRxkYprfC0I3U,0x8620af793288871f:0x7523b4f0ad2946c6,8440789072412755654,/g/11g7z7tf7c,8440789072412755654,,mail@claytonconstructionservice.com,RECEIVING,SMTP validated,,,,,,,,,,,,,,,,,,,,,,5046416111,mobile,T-Mobile USA Inc.,,9853063427,landline,Onvoy,True,,,,,https://www.facebook.com/claytonconstructionservice/,,,,,,,,,,,,,,,"Roofing company, roofing contractor & replacement roof New Orleans",wordpress,"We are your roofing company, roofing contractor & replacement roof services for the Greater New Orleans area. We install and repair all roofing types.",,False,False
"swimming pool contractor, 70113, New Orleans, LA, US",Liquid Construction Solutions,Liquid Construction Solutions,https://lcsdreamspace.com/,"Swimming pool contractor, Deck builder, Service establishment, Landscape designer, Swimming pool repair service",Swimming pool contractor,Swimming pool contractor,+1 504-202-2754,mobile,,,,,,,,,,,,30.422270899999997,-89.094557,89445509163ffff,America/Chicago,,True,,,,,,,,,,,77.0,https://lh3.googleusercontent.com/p/AF1QipNUTnfYALlDzGSPTPkq-IOXcob0Bl8WVhbOGPB8=w800-h500-k-no,https://lh3.googleusercontent.com/p/AF1QipNUTnfYALlDzGSPTPkq-IOXcob0Bl8WVhbOGPB8=w1600-h1000-k-no,,"{""Sunday"": ""Closed"", ""Monday"": ""7AM-6PM"", ""Tuesday"": ""7AM-6PM"", ""Wednesday"": ""7AM-6PM"", ""Thursday"": ""7AM-6PM"", ""Friday"": ""7AM-6PM"", ""Saturday"": ""Closed""}","Sunday,|Monday,7AM,6PM|Tuesday,7AM,6PM|Wednesday,7AM,6PM|Thursday,7AM,6PM|Friday,7AM,6PM|Saturday,",Sunday:Closed|Monday:7AM-6PM|Tuesday:7AM-6PM|Wednesday:7AM-6PM|Thursday:7AM-6PM|Friday:7AM-6PM|Saturday:Closed,,,OPERATIONAL,{},,,,https://lh4.googleusercontent.com/-Y57Vnh-anDI/AAAAAAAAAAI/AAAAAAAAAAA/bO9bk3bhvoM/s44-p-k-no-ns-nd/photo.jpg,,,True,106924073465208874924,Liquid Construction Solutions,https://www.google.com/maps/contrib/106924073465208874924,,,,,"https://www.google.com/maps/place/Liquid+Construction+Solutions/@30.422270899999997,-89.094557,14z/data=!4m8!1m2!2m1!1sLiquid+Construction+Solutions!3m4!1s0x450221da75ba13f5:0x1a5cc13a819cea73!8m2!3d30.422270899999997!4d-89.094557","https://www.google.com/maps/place/Liquid+Construction+Solutions/@30.422270899999997,-89.094557,13.99z/data=!4m16!1m7!3m6!1s0x450221da75ba13f5:0x1a5cc13a819cea73!2sLiquid+Construction+Solutions!8m2!3d30.422270899999997!4d-89.094557!16s%2Fg%2F11ckvg1dmb!3m7!1s0x450221da75ba13f5:0x1a5cc13a819cea73!8m2!3d30.422270899999997!4d-89.094557!9m1!1b1!16s%2Fg%2F11ckvg1dmb?entry=ttu",ChIJ9RO6ddohAkURc-qcgTrBXBo,0x450221da75ba13f5:0x1a5cc13a819cea73,1899605599870315123,/g/11mckqcdl9,None,,info@lcsdreamspace.com,RECEIVING,SMTP validated,,,,,,,,,,,,,,,,,,,,,,5042022754,mobile,,,,,,,,,,,https://www.facebook.com/107854635667932,https://www.instagram.com/liquid_creations_n_scapes,,,,,,,,,,,,,,Swimming Pool Design and Build Services | Liquid Creations & Scapes,Starfield Technologies; Go Daddy Website Builder 8.0.0000,Transform your backyard with our expert swimming pool design and build services. We specialize in creating stunning pool spa combinations for your ultimate relaxation and enjoyment.,,False,True
"swimming pool contractor, 70113, New Orleans, LA, US","Garden Girl Oasis, LLC",Garden Girl Oasis,,"Swimming pool contractor, Service establishment, Pool cleaning service",Pool cleaning service,Swimming pool contractor,+1 504-380-2240,mobile,"NEW CINGULAR WIRELESS PCS, LLC",,,,,,,,,,,29.8186066,-89.7529388,8944732c32bffff,America/Chicago,,True,5.0,1.0,https://search.google.com/local/reviews?placeid=ChIJX8ABf4enIIYRP4bQoBmiO38&q=*&authuser=0&hl=en&gl=US,,,0.0,0.0,0.0,0.0,1.0,17.0,https://lh3.googleusercontent.com/p/AF1QipPP8uS1kxHf1Sb4Nw2IblhVBFHwP_a8InhlEcYy=w800-h500-k-no,https://lh3.googleusercontent.com/p/AF1QipPP8uS1kxHf1Sb4Nw2IblhVBFHwP_a8InhlEcYy=w1600-h1000-k-no,,"{""Sunday"": ""Closed"", ""Monday"": ""8AM-5PM"", ""Tuesday"": ""8AM-5PM"", ""Wednesday"": ""8AM-5PM"", ""Thursday"": ""8AM-5PM"", ""Friday"": ""8AM-5PM"", ""Saturday"": ""Closed""}","Sunday,|Monday,8AM,5PM|Tuesday,8AM,5PM|Wednesday,8AM,5PM|Thursday,8AM,5PM|Friday,8AM,5PM|Saturday,",Sunday:Closed|Monday:8AM-5PM|Tuesday:8AM-5PM|Wednesday:8AM-5PM|Thursday:8AM-5PM|Friday:8AM-5PM|Saturday:Closed,,,OPERATIONAL,{},,,,https://lh4.googleusercontent.com/-He7sHyrFKQ0/AAAAAAAAAAI/AAAAAAAAAAA/2CQkE1NSeWo/s44-p-k-no-ns-nd/photo.jpg,,,True,113130415173408009172,"Garden Girl Oasis, LLC",https://www.google.com/maps/contrib/113130415173408009172,,,,,"https://www.google.com/maps/place/Garden+Girl+Oasis%2C+LLC/@29.8186066,-89.7529388,14z/data=!4m8!1m2!2m1!1sGarden+Girl+Oasis%2C+LLC!3m4!1s0x8620a7877f01c05f:0x7f3ba219a0d0863f!8m2!3d29.8186066!4d-89.7529388","https://www.google.com/maps/place/Garden+Girl+Oasis%2C+LLC/@29.8186066,-89.7529388,13.99z/data=!4m16!1m7!3m6!1s0x8620a7877f01c05f:0x7f3ba219a0d0863f!2sGarden+Girl+Oasis%2C+LLC!8m2!3d29.8186066!4d-89.7529388!16s%2Fg%2F11ckvg1dmb!3m7!1s0x8620a7877f01c05f:0x7f3ba219a0d0863f!8m2!3d29.8186066!4d-89.7529388!9m1!1b1!16s%2Fg%2F11ckvg1dmb?entry=ttu",ChIJX8ABf4enIIYRP4bQoBmiO38,0x8620a7877f01c05f:0x7f3ba219a0d0863f,9168099697398679103,/g/11h4f5slbn,9168099697398679103,,,,,,,,,,,,,,,,,,,,,,,,,,,,,,,,,,,,,,,,,,,,,,,,,,,,,,,,,,
"swimming pool contractor, 70113, New Orleans, LA, US","Liv Lux Pools and Spas, LLC",Liv Lux Pools And Spas,http://livluxnola.com/,"Swimming pool contractor, Service establishment",Swimming pool contractor,Swimming pool contractor,+1 504-329-8253,mobile,,,,,,,,,,,,30.206376,-90.111717,8944467b51bffff,America/Chicago,,True,5.0,4.0,https://search.google.com/local/reviews?placeid=ChIJx7qw1VwSOq4RTarpmKy4-0I&q=*&authuser=0&hl=en&gl=US,,,0.0,0.0,0.0,0.0,4.0,21.0,https://lh3.googleusercontent.com/p/AF1QipMi2UHFdqVxurqRvRWVqjpcZDLiWOjEFnDi_Qz-=w800-h500-k-no,https://lh3.googleusercontent.com/p/AF1QipMi2UHFdqVxurqRvRWVqjpcZDLiWOjEFnDi_Qz-=w1600-h1000-k-no,,"{""Sunday"": ""Closed"", ""Monday"": ""7:30AM-5PM"", ""Tuesday"": ""7:30AM-5PM"", ""Wednesday"": ""7:30AM-5PM"", ""Thursday"": ""7:30AM-5PM"", ""Friday"": ""7:30AM-5PM"", ""Saturday"": ""Closed""}","Sunday,|Monday,7:30AM,5PM|Tuesday,7:30AM,5PM|Wednesday,7:30AM,5PM|Thursday,7:30AM,5PM|Friday,7:30AM,5PM|Saturday,",Sunday:Closed|Monday:7:30AM-5PM|Tuesday:7:30AM-5PM|Wednesday:7:30AM-5PM|Thursday:7:30AM-5PM|Friday:7:30AM-5PM|Saturday:Closed,,,OPERATIONAL,{},,,,https://lh6.googleusercontent.com/-Kzixw6_J0wc/AAAAAAAAAAI/AAAAAAAAAAA/kCnL-1-C4tY/s44-p-k-no-ns-nd/photo.jpg,,,True,117534531825386204028,"Liv Lux Pools and Spas, LLC",https://www.google.com/maps/contrib/117534531825386204028,,,,,"https://www.google.com/maps/place/Liv+Lux+Pools+and+Spas%2C+LLC/@30.206376,-90.111717,14z/data=!4m8!1m2!2m1!1sLiv+Lux+Pools+and+Spas%2C+LLC!3m4!1s0xae3a125cd5b0bac7:0x42fbb8ac98e9aa4d!8m2!3d30.206376!4d-90.111717","https://www.google.com/maps/place/Liv+Lux+Pools+and+Spas%2C+LLC/@30.206376,-90.111717,13.99z/data=!4m16!1m7!3m6!1s0xae3a125cd5b0bac7:0x42fbb8ac98e9aa4d!2sLiv+Lux+Pools+and+Spas%2C+LLC!8m2!3d30.206376!4d-90.111717!16s%2Fg%2F11ckvg1dmb!3m7!1s0xae3a125cd5b0bac7:0x42fbb8ac98e9aa4d!8m2!3d30.206376!4d-90.111717!9m1!1b1!16s%2Fg%2F11ckvg1dmb?entry=ttu",ChIJx7qw1VwSOq4RTarpmKy4-0I,0xae3a125cd5b0bac7:0x42fbb8ac98e9aa4d,4826654477096954445,/g/11t9brmc2c,4826654477096954445,,info@livluxnola.com,RECEIVING,SMTP validated,,,,,,dan@livluxnola.com,RECEIVING,SMTP validated,,,,,,,,,,,,,,,,,,,,,,,,,,,https://www.instagram.com/livlux_poolsandspas,,,,,,,,,,,,,,Projects,,,,False,True
"swimming pool contractor, 70113, New Orleans, LA, US",Nola Pools & Spas,Nola Pools And Spas,https://www.nolapoolsandspas.com/,"Swimming pool contractor, Service establishment, Pool cleaning service, Swimming pool repair service",Pool cleaning service,Swimming pool contractor,+1 504-330-0520,mobile,CELLCO PARTNERSHIP DBA VERIZON WIRELESS - LA,,,,,,,,,,,30.032996599999997,-89.932777,8944464acabffff,America/Chicago,,True,,,,,,,,,,,10.0,https://lh3.googleusercontent.com/p/AF1QipNaFl7GjFd2bhVwAGHSjuGBjMBK06Bd7juN6Faf=w800-h500-k-no,https://lh3.googleusercontent.com/p/AF1QipNaFl7GjFd2bhVwAGHSjuGBjMBK06Bd7juN6Faf=w1600-h1000-k-no,,"{""Sunday"": ""Closed"", ""Monday"": ""7AM-6PM"", ""Tuesday"": ""7AM-6PM"", ""Wednesday"": ""7AM-6PM"", ""Thursday"": ""7AM-6PM"", ""Friday"": ""7AM-6PM"", ""Saturday"": ""Closed""}","Sunday,|Monday,7AM,6PM|Tuesday,7AM,6PM|Wednesday,7AM,6PM|Thursday,7AM,6PM|Friday,7AM,6PM|Saturday,",Sunday:Closed|Monday:7AM-6PM|Tuesday:7AM-6PM|Wednesday:7AM-6PM|Thursday:7AM-6PM|Friday:7AM-6PM|Saturday:Closed,,,OPERATIONAL,{},,,,https://lh4.googleusercontent.com/-Ch1xlh9hd5A/AAAAAAAAAAI/AAAAAAAAAAA/LNe3e9QMNy4/s44-p-k-no-ns-nd/photo.jpg,,,True,118372177800440072530,Nola Pools & Spas,https://www.google.com/maps/contrib/118372177800440072530,,,,,"https://www.google.com/maps/place/Nola+Pools+%26+Spas/@30.032996599999997,-89.932777,14z/data=!4m8!1m2!2m1!1sNola+Pools+%26+Spas!3m4!1s0x84955ea35ef80b9b:0x459b93b7a5658b95!8m2!3d30.032996599999997!4d-89.932777","https://www.google.com/maps/place/Nola+Pools+%26+Spas/@30.032996599999997,-89.932777,13.99z/data=!4m16!1m7!3m6!1s0x84955ea35ef80b9b:0x459b93b7a5658b95!2sNola+Pools+%26+Spas!8m2!3d30.032996599999997!4d-89.932777!16s%2Fg%2F11ckvg1dmb!3m7!1s0x84955ea35ef80b9b:0x459b93b7a5658b95!8m2!3d30.032996599999997!4d-89.932777!9m1!1b1!16s%2Fg%2F11ckvg1dmb?entry=ttu",ChIJmwv4XqNelYQRlYtlpbeTm0U,0x84955ea35ef80b9b:0x459b93b7a5658b95,5015765026970373013,/g/11x68_qs1n,None,,ae31705@gmail.com,RECEIVING,Confirmed,,,,,,,,,,,,,,,,,,,,,,5043300520,mobile,CELLCO PARTNERSHIP DBA VERIZON WIRELESS - LA,,,,,,,,,,https://facebook.com/snappsai,https://instagram.com/snapps.ai,,,,,,,,,,,https://youtube.com/channel/UCLcu1wb0Rd29I5kjEC1DKMw,,,"Pool Cleaning Services, New Orleans, LA",,NOLA Pools & Spas offers expert pool cleaning & maintenance. Ensure a safe swimming environment. Contact us for a quote today!,,False,False
"swimming pool contractor, 70113, New Orleans, LA, US","Aqua Pool Renovations, LLC",Aqua Pool Renovations,http://www.aquapoolrenovation.com/,"Swimming pool contractor, Swimming pool",Swimming pool contractor,Swimming pool contractor,+1 504-885-8009,landline,,,"6560 Bellaire Dr C, New Orleans, LA 70124",West End,6560 Bellaire Dr C,New Orleans,70124,Louisiana,Louisiana,United States of America,US,30.011624599999998,-90.1213949,89444655a5bffff,America/Chicago,,False,4.4,14.0,https://search.google.com/local/reviews?placeid=ChIJe6_OKq6vIIYRedDbnGRCMf0&q=*&authuser=0&hl=en&gl=US,,,2.0,0.0,0.0,0.0,12.0,1.0,https://streetviewpixels-pa.googleapis.com/v1/thumbnail?panoid=UmZCKlf6naXSe4oJhcFbGA&cb_client=search.gws-prod.gps&w=800&h=500&yaw=278.96786&pitch=0&thumbfov=100,https://streetviewpixels-pa.googleapis.com/v1/thumbnail?panoid=UmZCKlf6naXSe4oJhcFbGA&cb_client=search.gws-prod.gps&w=1600&h=1000&yaw=278.96786&pitch=0&thumbfov=100,,,,,,,CLOSED_PERMANENTLY,"{""Service options"": {""Online estimates"": false, ""Onsite services"": false}}",,,,https://lh6.googleusercontent.com/-taRDju0-NfU/AAAAAAAAAAI/AAAAAAAAAAA/egtGaNHe328/s44-p-k-no-ns-nd/photo.jpg,,,True,108151245606870221054,"Aqua Pool Renovations, LLC",https://www.google.com/maps/contrib/108151245606870221054,,,,,"https://www.google.com/maps/place/Aqua+Pool+Renovations%2C+LLC/@30.011624599999998,-90.1213949,14z/data=!4m8!1m2!2m1!1sAqua+Pool+Renovations%2C+LLC!3m4!1s0x8620afae2aceaf7b:0xfd3142649cdbd079!8m2!3d30.011624599999998!4d-90.1213949","https://www.google.com/maps/place/Aqua+Pool+Renovations%2C+LLC/@30.011624599999998,-90.1213949,13.99z/data=!4m16!1m7!3m6!1s0x8620afae2aceaf7b:0xfd3142649cdbd079!2sAqua+Pool+Renovations%2C+LLC!8m2!3d30.011624599999998!4d-90.1213949!16s%2Fg%2F11ckvg1dmb!3m7!1s0x8620afae2aceaf7b:0xfd3142649cdbd079!8m2!3d30.011624599999998!4d-90.1213949!9m1!1b1!16s%2Fg%2F11ckvg1dmb?entry=ttu",ChIJe6_OKq6vIIYRedDbnGRCMf0,0x8620afae2aceaf7b:0xfd3142649cdbd079,18244436565350404217,/g/1v27vvzm,-202307508359147399,,,,,,,,,,,,,,,,,,,,,,,,,,,,,,,,,,,,,,,,,,,,,,,,,,,,,"Aqua Pool Renovations, L.L.C.",,New Orleans Swimming Pool,,,
"swimming pool contractor, 70114, New Orleans, LA, US",Rick's Swimming Pool Services Inc,Ricks Swimming Pool Services,,"Swimming pool contractor, Swimming pool repair service, Swimming pool supply store",Swimming pool repair service,Swimming pool contractor,+1 504-277-8137,landline,,,"9081 W Judge Perez Dr, Chalmette, LA 70043",None,9081 W Judge Perez Dr,Chalmette,70043,Louisiana,Louisiana,United States of America,US,29.9489667,-89.9708702,89444643283ffff,America/Chicago,,False,3.9,30.0,https://search.google.com/local/reviews?placeid=ChIJXQjv0hkdnogR9h-vjDohMVo&q=*&authuser=0&hl=en&gl=US,,,7.0,1.0,1.0,1.0,20.0,3.0,https://lh3.googleusercontent.com/gps-cs-s/AG0ilSzxE5-gyG8_OgXAXT1N92OzIM2jPMv2aqEhmOnZ5qQFo5FZbZUrApEgzGKaMlQG0S-2T2PfMv2bQsUKz9CG13qs1fWz0ReImpzmv98BflRLFrCps6UEIRP0NMckwryi6duMzT0eHA=w800-h500-k-no,https://lh3.googleusercontent.com/gps-cs-s/AG0ilSzxE5-gyG8_OgXAXT1N92OzIM2jPMv2aqEhmOnZ5qQFo5FZbZUrApEgzGKaMlQG0S-2T2PfMv2bQsUKz9CG13qs1fWz0ReImpzmv98BflRLFrCps6UEIRP0NMckwryi6duMzT0eHA=w1600-h1000-k-no,,"{""Sunday"": ""Closed"", ""Monday"": ""9:30AM-6PM"", ""Tuesday"": ""9:30AM-6PM"", ""Wednesday"": ""9:30AM-6PM"", ""Thursday"": ""9:30AM-6PM"", ""Friday"": ""9:30AM-6PM"", ""Saturday"": ""9:30AM-6PM""}","Sunday,|Monday,9:30AM,6PM|Tuesday,9:30AM,6PM|Wednesday,9:30AM,6PM|Thursday,9:30AM,6PM|Friday,9:30AM,6PM|Saturday,9:30AM,6PM",Sunday:Closed|Monday:9:30AM-6PM|Tuesday:9:30AM-6PM|Wednesday:9:30AM-6PM|Thursday:9:30AM-6PM|Friday:9:30AM-6PM|Saturday:9:30AM-6PM,,,OPERATIONAL,"{""Accessibility"": {""Wheelchair accessible entrance"": true, ""Wheelchair accessible parking lot"": true}}",,,,,,,False,None,Rick's Swimming Pool Services Inc,,,,,,"https://www.google.com/maps/place/Rick%27s+Swimming+Pool+Services+Inc/@29.9489667,-89.9708702,14z/data=!4m8!1m2!2m1!1sRick%27s+Swimming+Pool+Services+Inc!3m4!1s0x889e1d19d2ef085d:0x5a31213a8caf1ff6!8m2!3d29.9489667!4d-89.9708702","https://www.google.com/maps/place/Rick%27s+Swimming+Pool+Services+Inc/@29.9489667,-89.9708702,13.99z/data=!4m16!1m7!3m6!1s0x889e1d19d2ef085d:0x5a31213a8caf1ff6!2sRick%27s+Swimming+Pool+Services+Inc!8m2!3d29.9489667!4d-89.9708702!16s%2Fg%2F11ckvg1dmb!3m7!1s0x889e1d19d2ef085d:0x5a31213a8caf1ff6!8m2!3d29.9489667!4d-89.9708702!9m1!1b1!16s%2Fg%2F11ckvg1dmb?entry=ttu",ChIJXQjv0hkdnogR9h-vjDohMVo,0x889e1d19d2ef085d:0x5a31213a8caf1ff6,6499012272624443382,/g/1tdkhflf,6499012272624443382,,,,,,,,,,,,,,,,,,,,,,,,,,,,,,,,,,,,,,,,,,,,,,,,,,,,,,,,,,
"swimming pool contractor, 70114, New Orleans, LA, US",Westbank Leak Pros,Westbank Leak Pros,,"Swimming pool repair service, Service establishment",Swimming pool repair service,Swimming pool repair service,+1 504-884-2717,mobile,CELLCO PARTNERSHIP DBA VERIZON WIRELESS - LA,,,,,,,,,,,29.871792499999998,-90.1960344,894446cdbbbffff,America/Chicago,,True,5.0,10.0,https://search.google.com/local/reviews?placeid=ChIJU7keCC_TNY8RJkJyfmPhJBk&q=*&authuser=0&hl=en&gl=US,,,0.0,0.0,0.0,0.0,10.0,35.0,https://lh3.googleusercontent.com/p/AF1QipP30vA5oPHgx0Ed2VcrS_UR69z76-LhAnP3KnFF=w800-h500-k-no,https://lh3.googleusercontent.com/p/AF1QipP30vA5oPHgx0Ed2VcrS_UR69z76-LhAnP3KnFF=w1600-h1000-k-no,,"{""Sunday"": ""9AM-5PM"", ""Monday"": ""9AM-5PM"", ""Tuesday"": ""9AM-5PM"", ""Wednesday"": ""9AM-5PM"", ""Thursday"": ""9AM-5PM"", ""Friday"": ""9AM-5PM"", ""Saturday"": ""9AM-5PM""}","Sunday,9AM,5PM|Monday,9AM,5PM|Tuesday,9AM,5PM|Wednesday,9AM,5PM|Thursday,9AM,5PM|Friday,9AM,5PM|Saturday,9AM,5PM",Sunday:9AM-5PM|Monday:9AM-5PM|Tuesday:9AM-5PM|Wednesday:9AM-5PM|Thursday:9AM-5PM|Friday:9AM-5PM|Saturday:9AM-5PM,,,OPERATIONAL,{},,,,https://lh3.googleusercontent.com/-5wOZ7nXnII4/AAAAAAAAAAI/AAAAAAAAAAA/x0BJrFoLvi8/s44-p-k-no-ns-nd/photo.jpg,,,True,115200198954045979537,Westbank Leak Pros,https://www.google.com/maps/contrib/115200198954045979537,,,,,"https://www.google.com/maps/place/Westbank+Leak+Pros/@29.871792499999998,-90.1960344,14z/data=!4m8!1m2!2m1!1sWestbank+Leak+Pros!3m4!1s0x8f35d32f081eb953:0x1924e1637e724226!8m2!3d29.871792499999998!4d-90.1960344","https://www.google.com/maps/place/Westbank+Leak+Pros/@29.871792499999998,-90.1960344,13.99z/data=!4m16!1m7!3m6!1s0x8f35d32f081eb953:0x1924e1637e724226!2sWestbank+Leak+Pros!8m2!3d29.871792499999998!4d-90.1960344!16s%2Fg%2F11ckvg1dmb!3m7!1s0x8f35d32f081eb953:0x1924e1637e724226!8m2!3d29.871792499999998!4d-90.1960344!9m1!1b1!16s%2Fg%2F11ckvg1dmb?entry=ttu",ChIJU7keCC_TNY8RJkJyfmPhJBk,0x8f35d32f081eb953:0x1924e1637e724226,1811820767549211174,/g/11y7fnmrl3,1811820767549211174,,,,,,,,,,,,,,,,,,,,,,,,,,,,,,,,,,,,,,,,,,,,,,,,,,,,,,,,,,
"swimming pool contractor, 70114, New Orleans, LA, US",Protect-A-Child Pool Fence of Louisiana,Protect A Child Pool Fence Of Louisiana,https://protectachild.com/dealer/louisiana/new-orleans-pool-fence/,"Fence contractor, Service establishment",Fence contractor,Fence contractor,+1 504-616-3111,mobile,"NEW CINGULAR WIRELESS PCS, LLC - GA",,,,,,,,,,,31.925613,-91.07061999999999,8944430856fffff,America/Chicago,,True,5.0,36.0,https://search.google.com/local/reviews?placeid=ChIJl5GCNKegIIYRg9GZGK8HcK8&q=*&authuser=0&hl=en&gl=US,,,0.0,0.0,0.0,0.0,36.0,72.0,https://lh3.googleusercontent.com/p/AF1QipM2cMZUp0uu0QWlfpyL-lJWA9IkRFZNO1L3aYxf=w800-h500-k-no,https://lh3.googleusercontent.com/p/AF1QipM2cMZUp0uu0QWlfpyL-lJWA9IkRFZNO1L3aYxf=w1600-h1000-k-no,,"{""Sunday"": ""Closed"", ""Monday"": ""9AM-5PM"", ""Tuesday"": ""9AM-5PM"", ""Wednesday"": ""9AM-5PM"", ""Thursday"": ""9AM-5PM"", ""Friday"": ""9AM-5PM"", ""Saturday"": ""9AM-5PM""}","Sunday,|Monday,9AM,5PM|Tuesday,9AM,5PM|Wednesday,9AM,5PM|Thursday,9AM,5PM|Friday,9AM,5PM|Saturday,9AM,5PM",Sunday:Closed|Monday:9AM-5PM|Tuesday:9AM-5PM|Wednesday:9AM-5PM|Thursday:9AM-5PM|Friday:9AM-5PM|Saturday:9AM-5PM,,,OPERATIONAL,"{""Service options"": {""Online estimates"": true}}",,,,https://lh6.googleusercontent.com/-PsE7y2EAO0M/AAAAAAAAAAI/AAAAAAAAAAA/lrFJp9lXo1o/s44-p-k-no-ns-nd/photo.jpg,,,True,114103665441739146902,Protect-A-Child Pool Fence of Louisiana,https://www.google.com/maps/contrib/114103665441739146902,,,,,"https://www.google.com/maps/place/Protect-A-Child+Pool+Fence+of+Louisiana/@31.925613,-91.07061999999999,14z/data=!4m8!1m2!2m1!1sProtect-A-Child+Pool+Fence+of+Louisiana!3m4!1s0x8620a0a734829197:0xaf7007af1899d183!8m2!3d31.925613!4d-91.07061999999999","https://www.google.com/maps/place/Protect-A-Child+Pool+Fence+of+Louisiana/@31.925613,-91.07061999999999,13.99z/data=!4m16!1m7!3m6!1s0x8620a0a734829197:0xaf7007af1899d183!2sProtect-A-Child+Pool+Fence+of+Louisiana!8m2!3d31.925613!4d-91.07061999999999!16s%2Fg%2F11ckvg1dmb!3m7!1s0x8620a0a734829197:0xaf7007af1899d183!8m2!3d31.925613!4d-91.07061999999999!9m1!1b1!16s%2Fg%2F11ckvg1dmb?entry=ttu",ChIJl5GCNKegIIYRg9GZGK8HcK8,0x8620a0a734829197:0xaf7007af1899d183,12641612602642387331,/g/11b86kr0c5,-5805131471067164285,,paul@babysafepool.com,INVALID,Invalid DNS,Paul Fever,Paul,Fever,Owner,,jpsims36@bellsouth.net,RECEIVING,SMTP validated,Joseph Sims,Joseph,Sims,President,,m.olshansky@protectachild.com,INVALID,Undeliverable,Martin Olshansky,Martin,Olshansky,,,17723983400,landline,"BELLSOUTH TELECOMM, INC DBA SO",,7723983400,landline,"BELLSOUTH TELECOMM, INC DBA SO",,5209912260,CELLCO PARTNERSHIP DBA VERIZON,mobile,,https://www.facebook.com/ProtectAChildPoolFence,https://www.instagram.com/protectachildpoolfence,https://www.linkedin.com/company/protect-a-child-pool-fence-company,,,,,,,,https://twitter.com/protectachild,,http://www.youtube.com/user/poolsafetyfence,,,"Removable Pool Fence – Safe, Strong & Trusted | Protect-A-Child",WordPress 6.8.2,Protect your children with a proven pool fence system trusted by families nationwide. Removable mesh design with top-tier safety and strength.,,False,False
"swimming pool contractor, 70114, New Orleans, LA, US",See-Blu,See Blu,http://www.seeblu.net/,"Swimming pool repair service, Service establishment",Swimming pool repair service,Swimming pool repair service,+1 504-888-7500,landline,,,,,,,,,,,,29.9181079,-90.104976,89444650947ffff,America/Chicago,,True,,,,,,,,,,,,,,,"{""Sunday"": ""Closed"", ""Monday"": ""9AM-6PM"", ""Tuesday"": ""9AM-6PM"", ""Wednesday"": ""9AM-6PM"", ""Thursday"": ""9AM-6PM"", ""Friday"": ""9AM-6PM"", ""Saturday"": ""Closed""}","Sunday,|Monday,9AM,6PM|Tuesday,9AM,6PM|Wednesday,9AM,6PM|Thursday,9AM,6PM|Friday,9AM,6PM|Saturday,",Sunday:Closed|Monday:9AM-6PM|Tuesday:9AM-6PM|Wednesday:9AM-6PM|Thursday:9AM-6PM|Friday:9AM-6PM|Saturday:Closed,,,OPERATIONAL,{},,,,https://lh4.googleusercontent.com/-NrEksAGHx8Y/AAAAAAAAAAI/AAAAAAAAAAA/ZC0z_o4TZWY/s44-p-k-no-ns-nd/photo.jpg,,,True,108038985740939217571,See-Blu,https://www.google.com/maps/contrib/108038985740939217571,,,,,"https://www.google.com/maps/place/See-Blu/@29.9181079,-90.104976,14z/data=!4m8!1m2!2m1!1sSee-Blu!3m4!1s0xa128cdc7cbc46587:0xf7cd1a8617fa1d8b!8m2!3d29.9181079!4d-90.104976","https://www.google.com/maps/place/See-Blu/@29.9181079,-90.104976,13.99z/data=!4m16!1m7!3m6!1s0xa128cdc7cbc46587:0xf7cd1a8617fa1d8b!2sSee-Blu!8m2!3d29.9181079!4d-90.104976!16s%2Fg%2F11ckvg1dmb!3m7!1s0xa128cdc7cbc46587:0xf7cd1a8617fa1d8b!8m2!3d29.9181079!4d-90.104976!9m1!1b1!16s%2Fg%2F11ckvg1dmb?entry=ttu",ChIJh2XEy8fNKKERix36F4Yazfc,0xa128cdc7cbc46587:0xf7cd1a8617fa1d8b,17855957260824092043,/g/11jzqpkmnf,None,,seeblu@hotmail.com,RECEIVING,SMTP validated,,,,,,,,,,,,,,,,,,,,,,15048887500,landline,,,,,,,,,,,http://www.facebook.com/seeblupools,,,,,,,,,,,,,,,See-Blu Swimming Pool Service Home Page,,,,False,False
"swimming pool contractor, 70115, New Orleans, LA, US",Anthony's Custom Pools & Outdoor Living,Anthonys Custom Pools And Outdoor Living,http://anthonys.net/,Swimming pool contractor,Swimming pool contractor,Swimming pool contractor,+1 504-834-3094,landline,,,"300 L and A Rd, Metairie, LA 70001",None,300 L and A Rd,Metairie,70001,Louisiana,Louisiana,United States of America,US,29.971275199999997,-90.1294382,89444655387ffff,America/Chicago,,False,4.0,14.0,https://search.google.com/local/reviews?placeid=ChIJEbomrLqlIIYR8FAqVcPW69g&q=*&authuser=0&hl=en&gl=US,,,3.0,0.0,0.0,2.0,9.0,16.0,https://lh3.googleusercontent.com/p/AF1QipNZvaWPh9534vFu9k11CJbTLDgNwqMWdiFEJ3kx=w800-h500-k-no,https://lh3.googleusercontent.com/p/AF1QipNZvaWPh9534vFu9k11CJbTLDgNwqMWdiFEJ3kx=w1600-h1000-k-no,,"{""Sunday"": ""Closed"", ""Monday"": ""6:30AM-4:30PM"", ""Tuesday"": ""6:30AM-4:30PM"", ""Wednesday"": ""6:30AM-4:30PM"", ""Thursday"": ""6:30AM-4:30PM"", ""Friday"": ""6:30AM-4:30PM"", ""Saturday"": ""6:30AM-12PM""}","Sunday,|Monday,6:30AM,4:30PM|Tuesday,6:30AM,4:30PM|Wednesday,6:30AM,4:30PM|Thursday,6:30AM,4:30PM|Friday,6:30AM,4:30PM|Saturday,6:30AM,12PM",Sunday:Closed|Monday:6:30AM-4:30PM|Tuesday:6:30AM-4:30PM|Wednesday:6:30AM-4:30PM|Thursday:6:30AM-4:30PM|Friday:6:30AM-4:30PM|Saturday:6:30AM-12PM,,,OPERATIONAL,{},,,,https://lh4.googleusercontent.com/-XfESdZXbdYk/AAAAAAAAAAI/AAAAAAAAAAA/SbL2pVCEJCY/s44-p-k-no-ns-nd/photo.jpg,,,True,118374044638383268672,Anthony's Custom Pools & Outdoor Living,https://www.google.com/maps/contrib/118374044638383268672,,,,,"https://www.google.com/maps/place/Anthony%27s+Custom+Pools+%26+Outdoor+Living/@29.971275199999997,-90.1294382,14z/data=!4m8!1m2!2m1!1sAnthony%27s+Custom+Pools+%26+Outdoor+Living!3m4!1s0x8620a5baac26ba11:0xd8ebd6c3552a50f0!8m2!3d29.971275199999997!4d-90.1294382","https://www.google.com/maps/place/Anthony%27s+Custom+Pools+%26+Outdoor+Living/@29.971275199999997,-90.1294382,13.99z/data=!4m16!1m7!3m6!1s0x8620a5baac26ba11:0xd8ebd6c3552a50f0!2sAnthony%27s+Custom+Pools+%26+Outdoor+Living!8m2!3d29.971275199999997!4d-90.1294382!16s%2Fg%2F11ckvg1dmb!3m7!1s0x8620a5baac26ba11:0xd8ebd6c3552a50f0!8m2!3d29.971275199999997!4d-90.1294382!9m1!1b1!16s%2Fg%2F11ckvg1dmb?entry=ttu",ChIJEbomrLqlIIYR8FAqVcPW69g,0x8620a5baac26ba11:0xd8ebd6c3552a50f0,15630823066155241712,/g/1wk7r6fn,-2815921007554309904,,asantor@cox.net,INVALID,Undeliverable,Anthony Santor,Anthony,Santor,Owner,17086147517,tanthony@anthonyslandscaping.com,INVALID,Cannot validate,"Anthony, Ted","Anthony,",Ted,Owner,,llee@anthonys.net,RECEIVING,SMTP validated,Louise Lee,Louise,Lee,Manager Interior Northshore,,15048343094,landline,,,17086147517,landline,AT&T Illinois,True,17086140636,AT&T Illinois,landline,True,https://www.facebook.com/anthonysnola/,,http://www.linkedin.com/company/5998867,,,,,,,,,,,,,Anthony's Landscaping | Home,,,,,
"swimming pool contractor, 70115, New Orleans, LA, US",pH Pools,Ph Pools,http://phpools504.com/,"Swimming pool repair service, Service establishment, Pool cleaning service",Pool cleaning service,Swimming pool repair service,+1 504-481-5976,mobile,"NEW CINGULAR WIRELESS PCS, LLC - GA",,,,,,,,,,,29.997165,-90.200605,89444654e7bffff,America/Chicago,,True,5.0,3.0,https://search.google.com/local/reviews?placeid=ChIJK-9rbSAolK0Rkm0kfauhmXo&q=*&authuser=0&hl=en&gl=US,,,0.0,0.0,0.0,0.0,3.0,1.0,https://lh3.googleusercontent.com/p/AF1QipMceY54N81qzlFshW5Jnkx4EVK-Kre6eTGz9LWI=w800-h500-k-no,https://lh3.googleusercontent.com/p/AF1QipMceY54N81qzlFshW5Jnkx4EVK-Kre6eTGz9LWI=w1600-h1000-k-no,,,,,,,OPERATIONAL,"{""Service options"": {""Online estimates"": true}}",,,,https://lh6.googleusercontent.com/-I_ZOoORibdc/AAAAAAAAAAI/AAAAAAAAAAA/rrs4f-ZQhgk/s44-p-k-no-ns-nd/photo.jpg,,,True,103325498341375726735,pH Pools,https://www.google.com/maps/contrib/103325498341375726735,,,,,"https://www.google.com/maps/place/pH+Pools/@29.997165,-90.200605,14z/data=!4m8!1m2!2m1!1spH+Pools!3m4!1s0xad9428206d6bef2b:0x7a99a1ab7d246d92!8m2!3d29.997165!4d-90.200605","https://www.google.com/maps/place/pH+Pools/@29.997165,-90.200605,13.99z/data=!4m16!1m7!3m6!1s0xad9428206d6bef2b:0x7a99a1ab7d246d92!2spH+Pools!8m2!3d29.997165!4d-90.200605!16s%2Fg%2F11ckvg1dmb!3m7!1s0xad9428206d6bef2b:0x7a99a1ab7d246d92!8m2!3d29.997165!4d-90.200605!9m1!1b1!16s%2Fg%2F11ckvg1dmb?entry=ttu",ChIJK-9rbSAolK0Rkm0kfauhmXo,0xad9428206d6bef2b:0x7a99a1ab7d246d92,8834269901974957458,/g/11s_zv631x,8834269901974957458,,phpools504@gmail.com,RECEIVING,SMTP validated,,,,,,,,,,,,,,,,,,,,,,5044815976,mobile,"NEW CINGULAR WIRELESS PCS, LLC - GA",,15044815976,mobile,"NEW CINGULAR WIRELESS PCS, LLC - GA",,,,,,https://www.facebook.com/phpools504,,,,,,,,,,,,,,,Log In ‹ pHPools504.com — WordPress,wordpress,We Keep Your Pool Balanced,,False,False
"swimming pool contractor, 70115, New Orleans, LA, US",Audubon Park Whitney Young Swimming Pool,Audubon Park Whitney Young Swimming Pool,https://nordc.org/,Swimming pool,Swimming pool,Swimming pool,+1 504-864-1416,,T-Mobile,True,"6500 Magazine St, New Orleans, LA 70118",Uptown/Carrollton,6500 Magazine St,New Orleans,70118,Louisiana,Louisiana,United States of America,US,29.924811599999998,-90.12999169999999,894446554c7ffff,America/Chicago,,False,3.7,40.0,https://search.google.com/local/reviews?placeid=ChIJXR7MDeGkIIYRCJaRyH2RaKU&q=*&authuser=0&hl=en&gl=US,,,10.0,0.0,2.0,8.0,20.0,11.0,https://lh3.googleusercontent.com/gps-cs-s/AG0ilSwAIDjcmTMclP2qvA6z6Ju6L1A1GPqjw0H9nmZZmcOLJNPOT5yNd8_856phpbY1OlREqus3qTTWV5ZBAo2Vl-VuGOB9lJSapA6hbCF738fMlDhCWiPuIHeA7LAbxaKRQBl1GSg=w800-h500-k-no,https://lh3.googleusercontent.com/gps-cs-s/AG0ilSwjQckolED3gaul1kfQXE0BeJ5RF45Fr400aFsjyqcmxC7geg6FdJMDCk-jVnRu6hphlskTq0MBqJ9rxU-eiciIRc2b09gDZLfhQn_JttKRSyCCVWOJlPKHswlZE-DC89l3il2ZbA=w1600-h1000-k-no,,"{""Sunday"": ""Closed"", ""Monday"": ""8AM-6PM"", ""Tuesday"": ""8AM-6PM"", ""Wednesday"": ""8AM-6PM"", ""Thursday"": ""8AM-6PM"", ""Friday"": ""8AM-6PM"", ""Saturday"": ""9AM-4PM""}","Sunday,|Monday,8AM,6PM|Tuesday,8AM,6PM|Wednesday,8AM,6PM|Thursday,8AM,6PM|Friday,8AM,6PM|Saturday,9AM,4PM",Sunday:Closed|Monday:8AM-6PM|Tuesday:8AM-6PM|Wednesday:8AM-6PM|Thursday:8AM-6PM|Friday:8AM-6PM|Saturday:9AM-4PM,,,OPERATIONAL,{},,,,,Summer-only public pool near Audubon Park run by the New Orleans Recreational Department.,,False,None,Audubon Park Whitney Young Swimming Pool,,,,,,"https://www.google.com/maps/place/Audubon+Park+Whitney+Young+Swimming+Pool/@29.924811599999998,-90.12999169999999,14z/data=!4m8!1m2!2m1!1sAudubon+Park+Whitney+Young+Swimming+Pool!3m4!1s0x8620a4e10dcc1e5d:0xa568917dc8919608!8m2!3d29.924811599999998!4d-90.12999169999999","https://www.google.com/maps/place/Audubon+Park+Whitney+Young+Swimming+Pool/@29.924811599999998,-90.12999169999999,13.99z/data=!4m16!1m7!3m6!1s0x8620a4e10dcc1e5d:0xa568917dc8919608!2sAudubon+Park+Whitney+Young+Swimming+Pool!8m2!3d29.924811599999998!4d-90.12999169999999!16s%2Fg%2F11ckvg1dmb!3m7!1s0x8620a4e10dcc1e5d:0xa568917dc8919608!8m2!3d29.924811599999998!4d-90.12999169999999!9m1!1b1!16s%2Fg%2F11ckvg1dmb?entry=ttu",ChIJXR7MDeGkIIYRCJaRyH2RaKU,0x8620a4e10dcc1e5d:0xa568917dc8919608,11918936383257941512,/g/1vn18w_3,-6527807690451610104,,kelyons@nola.gov,RECEIVING,SMTP validated,,,,,,cory.davis@nola.gov,RECEIVING,Catch All,,,,,,,,,,,,,,15046580014,landline,,,5046580014,landline,,,5046583004,AT&T Southeast,landline,True,https://www.facebook.com/184060178316989,,,,,,,,,,,,,,,Home - NORDC - New Orleans Recreation Development Commission,,"The New Orleans Recreation Development Commission offers recreation activities, classes, programs and special events for all ages at recreation centers, pools and playgrounds across New Orleans.","nord, nordc, new orleans, swimming, basketball, pools, football, sports, parks, baseball, dance, ballet, arts, music, fitness, movies in the park, baseball, tennis, volleyball, cheerleading",,
"swimming pool contractor, 70115, New Orleans, LA, US",Sun Custom Landscapes,Sun Custom Landscapes,https://www.suncustomlandscapes.com/contact/,Landscaper,Landscaper,Landscaper,,,,,"730 Delachaise St, New Orleans, LA 70115",Faubourg Delachaise,730 Delachaise St,New Orleans,70115,Louisiana,Louisiana,United States of America,US,29.9188086,-90.08850149999999,89444650b13ffff,America/Chicago,,False,5.0,3.0,https://search.google.com/local/reviews?placeid=ChIJVVWJBrSlIIYRT9utdqhPQ9s&q=*&authuser=0&hl=en&gl=US,,,0.0,0.0,0.0,0.0,3.0,14.0,https://lh3.googleusercontent.com/p/AF1QipNd-loUTegvlzaPOkm4j3ntiDHiFJGkDkzotzld=w800-h500-k-no,https://lh3.googleusercontent.com/p/AF1QipNd-loUTegvlzaPOkm4j3ntiDHiFJGkDkzotzld=w1600-h1000-k-no,,"{""Sunday"": ""Closed"", ""Monday"": ""7:30AM-4:30PM"", ""Tuesday"": ""7:30AM-4:30PM"", ""Wednesday"": ""7:30AM-4:30PM"", ""Thursday"": ""7:30AM-4:30PM"", ""Friday"": ""7:30AM-4:30PM"", ""Saturday"": ""Closed""}","Sunday,|Monday,7:30AM,4:30PM|Tuesday,7:30AM,4:30PM|Wednesday,7:30AM,4:30PM|Thursday,7:30AM,4:30PM|Friday,7:30AM,4:30PM|Saturday,",Sunday:Closed|Monday:7:30AM-4:30PM|Tuesday:7:30AM-4:30PM|Wednesday:7:30AM-4:30PM|Thursday:7:30AM-4:30PM|Friday:7:30AM-4:30PM|Saturday:Closed,,,OPERATIONAL,{},,,,https://lh6.googleusercontent.com/-tOKwXhnI5T4/AAAAAAAAAAI/AAAAAAAAAAA/8L59Pd4I-m4/s44-p-k-no-ns-nd/photo.jpg,,,True,111070021594748103184,Sun Custom Landscapes,https://www.google.com/maps/contrib/111070021594748103184,,https://www.suncustomlandscapes.com/contact,,https://www.suncustomlandscapes.com/contact,"https://www.google.com/maps/place/Sun+Custom+Landscapes/@29.9188086,-90.08850149999999,14z/data=!4m8!1m2!2m1!1sSun+Custom+Landscapes!3m4!1s0x8620a5b406895555:0xdb434fa876addb4f!8m2!3d29.9188086!4d-90.08850149999999","https://www.google.com/maps/place/Sun+Custom+Landscapes/@29.9188086,-90.08850149999999,13.99z/data=!4m16!1m7!3m6!1s0x8620a5b406895555:0xdb434fa876addb4f!2sSun+Custom+Landscapes!8m2!3d29.9188086!4d-90.08850149999999!16s%2Fg%2F11ckvg1dmb!3m7!1s0x8620a5b406895555:0xdb434fa876addb4f!8m2!3d29.9188086!4d-90.08850149999999!9m1!1b1!16s%2Fg%2F11ckvg1dmb?entry=ttu",ChIJVVWJBrSlIIYRT9utdqhPQ9s,0x8620a5b406895555:0xdb434fa876addb4f,15799559502710037327,/g/11gmyx9blz,-2647184570999514289,,miranda@suncustomlandscapes.com,RECEIVING,SMTP validated,,,,,,jay@suncustomlandscapes.com,RECEIVING,SMTP validated,,,,,,,,,,,,,,7858266363,landline,,,,,,,,,,,https://www.facebook.com/Sun-Custom-Landscapes-515460468984275/,https://www.instagram.com/suncustomlandscapes,,,,,,,,,,,,,,223 — Sun Custom Landscapes,,"Scope of work: pool, turf, garden beds, tv case, porch steps, landscape 
lighting",,False,True
"swimming pool contractor, 70115, New Orleans, LA, US",Allpools,Allpools,,Swimming pool contractor,Swimming pool contractor,Swimming pool contractor,+1 504-290-6470,landline,,,"2901 Belmont Pl, Metairie, LA 70002",None,2901 Belmont Pl,Metairie,70002,Louisiana,Louisiana,United States of America,US,30.000132699999998,-90.16894309999999,89444655897ffff,America/Chicago,,False,,,,,,,,,,,3.0,https://lh3.googleusercontent.com/p/AF1QipOfnz7o7KhkShZaN5m4bgY15fQKKTYEUiiR4mm_=w800-h500-k-no,https://lh3.googleusercontent.com/p/AF1QipOfnz7o7KhkShZaN5m4bgY15fQKKTYEUiiR4mm_=w1600-h1000-k-no,,"{""Sunday"": ""Closed"", ""Monday"": ""8AM-6PM"", ""Tuesday"": ""8AM-6PM"", ""Wednesday"": ""7AM-5PM"", ""Thursday"": ""7:30AM-6PM"", ""Friday"": ""7AM-6PM"", ""Saturday"": ""Closed""}","Sunday,|Monday,8AM,6PM|Tuesday,8AM,6PM|Wednesday,7AM,5PM|Thursday,7:30AM,6PM|Friday,7AM,6PM|Saturday,",Sunday:Closed|Monday:8AM-6PM|Tuesday:8AM-6PM|Wednesday:7AM-5PM|Thursday:7:30AM-6PM|Friday:7AM-6PM|Saturday:Closed,,,OPERATIONAL,{},,,,https://lh3.googleusercontent.com/-F_Bww05-GLk/AAAAAAAAAAI/AAAAAAAAAAA/1s9asfP4aIw/s44-p-k-no-ns-nd/photo.jpg,,,True,117140479735503070662,Allpools,https://www.google.com/maps/contrib/117140479735503070662,,,,,"https://www.google.com/maps/place/Allpools/@30.000132699999998,-90.16894309999999,14z/data=!4m8!1m2!2m1!1sAllpools!3m4!1s0x8620b1eba58b4fa7:0x944a02a344f84c90!8m2!3d30.000132699999998!4d-90.16894309999999","https://www.google.com/maps/place/Allpools/@30.000132699999998,-90.16894309999999,13.99z/data=!4m16!1m7!3m6!1s0x8620b1eba58b4fa7:0x944a02a344f84c90!2sAllpools!8m2!3d30.000132699999998!4d-90.16894309999999!16s%2Fg%2F11ckvg1dmb!3m7!1s0x8620b1eba58b4fa7:0x944a02a344f84c90!8m2!3d30.000132699999998!4d-90.16894309999999!9m1!1b1!16s%2Fg%2F11ckvg1dmb?entry=ttu",ChIJp0-LpeuxIIYRkEz4RKMCSpQ,0x8620b1eba58b4fa7:0x944a02a344f84c90,10685355966149971088,/g/11ts0fvqgv,None,,,,,,,,,,,,,,,,,,,,,,,,,,,,,,,,,,,,,,,,,,,,,,,,,,,,,,,,,,
"swimming pool contractor, 70115, New Orleans, LA, US",M E C Construction LLC of New Orleans,M E C Construction Llc Of New Orleans,https://concretecontractorneworleansla.com/,"Concrete contractor, Service establishment",Concrete contractor,Concrete contractor,+1 985-332-8725,landline,,,,,,,,,,,,30.032089499999998,-89.90136299999999,8944464aec7ffff,America/Chicago,,True,,,,,,,,,,,5.0,https://lh3.googleusercontent.com/p/AF1QipNcGmqfzRtqZOLCTinbSvxtU651xzFVjlD37nwG=w800-h500-k-no,https://lh3.googleusercontent.com/p/AF1QipNcGmqfzRtqZOLCTinbSvxtU651xzFVjlD37nwG=w1600-h1000-k-no,,"{""Sunday"": ""Open 24 hours"", ""Monday"": ""Open 24 hours"", ""Tuesday"": ""Open 24 hours"", ""Wednesday"": ""Open 24 hours"", ""Thursday"": ""Open 24 hours"", ""Friday"": ""Open 24 hours"", ""Saturday"": ""Open 24 hours""}","Sunday,Open 24 hours|Monday,Open 24 hours|Tuesday,Open 24 hours|Wednesday,Open 24 hours|Thursday,Open 24 hours|Friday,Open 24 hours|Saturday,Open 24 hours",Sunday:Open 24 hours|Monday:Open 24 hours|Tuesday:Open 24 hours|Wednesday:Open 24 hours|Thursday:Open 24 hours|Friday:Open 24 hours|Saturday:Open 24 hours,,,OPERATIONAL,{},,,,https://lh6.googleusercontent.com/-oObrGnyMh68/AAAAAAAAAAI/AAAAAAAAAAA/edrfQ_4I1fY/s44-p-k-no-ns-nd/photo.jpg,,,True,101780544931277833827,M E C Construction LLC of New Orleans,https://www.google.com/maps/contrib/101780544931277833827,,,,,"https://www.google.com/maps/place/M+E+C+Construction+LLC+of+New+Orleans/@30.032089499999998,-89.90136299999999,14z/data=!4m8!1m2!2m1!1sM+E+C+Construction+LLC+of+New+Orleans!3m4!1s0xa33a6a7225f9580d:0xcb76d5a7fdabc0bb!8m2!3d30.032089499999998!4d-89.90136299999999","https://www.google.com/maps/place/M+E+C+Construction+LLC+of+New+Orleans/@30.032089499999998,-89.90136299999999,13.99z/data=!4m16!1m7!3m6!1s0xa33a6a7225f9580d:0xcb76d5a7fdabc0bb!2sM+E+C+Construction+LLC+of+New+Orleans!8m2!3d30.032089499999998!4d-89.90136299999999!16s%2Fg%2F11ckvg1dmb!3m7!1s0xa33a6a7225f9580d:0xcb76d5a7fdabc0bb!8m2!3d30.032089499999998!4d-89.90136299999999!9m1!1b1!16s%2Fg%2F11ckvg1dmb?entry=ttu",ChIJDVj5JXJqOqMRu8Cr_afVdss,0xa33a6a7225f9580d:0xcb76d5a7fdabc0bb,14661140554443374779,/g/11stj9gdvk,None,,primahengkiki@gmail.com,RECEIVING,Verified,,,,,,,,,,,,,,,,,,,,,,5045045810,landline,,,5049096757,mobile,"NEW CINGULAR WIRELESS PCS, LLC - GA",,9853328725,,landline,,,,,,,,,,,,,,,,,X888 Apk - Instal Terbaru (24 Jam Nonstop) Stream 11.04,wordpress,Pelajari teknik-teknik lanjutan dan cara menguasai bonus Depo 25 To 5x melalui artikel ini. Artikel ini memberikan wawasan tentang cara terbaik untuk menang.,,False,False
"swimming pool contractor, 70115, New Orleans, LA, US",People First Pools,People First Pools,,"Swimming pool repair service, Service establishment",Swimming pool repair service,Swimming pool repair service,+1 504-318-8568,landline,Onvoy,True,,,,,,,,,,30.026535,-90.01078749999999,89444640343ffff,America/Chicago,,True,,,,,,,,,,,,,,,"{""Sunday"": ""Closed"", ""Monday"": ""9AM-5PM"", ""Tuesday"": ""9AM-5PM"", ""Wednesday"": ""9AM-5PM"", ""Thursday"": ""9AM-5PM"", ""Friday"": ""9AM-5PM"", ""Saturday"": ""9AM-5PM""}","Sunday,|Monday,9AM,5PM|Tuesday,9AM,5PM|Wednesday,9AM,5PM|Thursday,9AM,5PM|Friday,9AM,5PM|Saturday,9AM,5PM",Sunday:Closed|Monday:9AM-5PM|Tuesday:9AM-5PM|Wednesday:9AM-5PM|Thursday:9AM-5PM|Friday:9AM-5PM|Saturday:9AM-5PM,,,OPERATIONAL,{},,,,https://lh4.googleusercontent.com/-RnLwh0n1szY/AAAAAAAAAAI/AAAAAAAAAAA/dj-jQv5mQWQ/s44-p-k-no-ns-nd/photo.jpg,,,True,114476431406932148826,People First Pools,https://www.google.com/maps/contrib/114476431406932148826,,,,,"https://www.google.com/maps/place/People+First+Pools/@30.026535,-90.01078749999999,14z/data=!4m8!1m2!2m1!1sPeople+First+Pools!3m4!1s0x84ca6940a272d70d:0xb9a6ae080eccb16f!8m2!3d30.026535!4d-90.01078749999999","https://www.google.com/maps/place/People+First+Pools/@30.026535,-90.01078749999999,13.99z/data=!4m16!1m7!3m6!1s0x84ca6940a272d70d:0xb9a6ae080eccb16f!2sPeople+First+Pools!8m2!3d30.026535!4d-90.01078749999999!16s%2Fg%2F11ckvg1dmb!3m7!1s0x84ca6940a272d70d:0xb9a6ae080eccb16f!8m2!3d30.026535!4d-90.01078749999999!9m1!1b1!16s%2Fg%2F11ckvg1dmb?entry=ttu",ChIJDddyokBpyoQRb7HMDgiuprk,0x84ca6940a272d70d:0xb9a6ae080eccb16f,13377571092781904239,/g/11xtbpyb6p,None,,,,,,,,,,,,,,,,,,,,,,,,,,,,,,,,,,,,,,,,,,,,,,,,,,,,,,,,,,
"swimming pool contractor, 70115, New Orleans, LA, US",Life Saver Pool Fence New Orleans,Life Saver Pool Fence New Orleans,https://www.poolfencelouisiana.com/,"Fence contractor, Service establishment",Fence contractor,Fence contractor,+1 504-218-3536,landline,,,,,,,,,,,,30.0326605,-89.88256349999999,8944464a367ffff,America/Chicago,,True,,,,,,,,,,,38.0,https://lh3.googleusercontent.com/p/AF1QipNKsEP49GHjXwINJhfg4AP7eFbFDzx1UPZCcFNq=w800-h500-k-no,https://lh3.googleusercontent.com/p/AF1QipNKsEP49GHjXwINJhfg4AP7eFbFDzx1UPZCcFNq=w1600-h1000-k-no,,"{""Sunday"": ""7AM-9PM"", ""Monday"": ""7AM-9PM"", ""Tuesday"": ""7AM-9PM"", ""Wednesday"": ""7AM-9PM"", ""Thursday"": ""7AM-9PM"", ""Friday"": ""7AM-9PM"", ""Saturday"": ""7AM-9PM""}","Sunday,7AM,9PM|Monday,7AM,9PM|Tuesday,7AM,9PM|Wednesday,7AM,9PM|Thursday,7AM,9PM|Friday,7AM,9PM|Saturday,7AM,9PM",Sunday:7AM-9PM|Monday:7AM-9PM|Tuesday:7AM-9PM|Wednesday:7AM-9PM|Thursday:7AM-9PM|Friday:7AM-9PM|Saturday:7AM-9PM,,,OPERATIONAL,"{""Service options"": {""Online estimates"": true}, ""Crowd"": {""LGBTQ+ friendly"": true}, ""Other"": {""LGBTQ+ friendly"": true}}",,,,https://lh4.googleusercontent.com/-Jgw2YfK3Rw8/AAAAAAAAAAI/AAAAAAAAAAA/0tR86l1HW8c/s44-p-k-no-ns-nd/photo.jpg,,,True,115155733693740414965,Life Saver Pool Fence New Orleans,https://www.google.com/maps/contrib/115155733693740414965,,https://www.poolfencelouisiana.com/contact-us/,,https://www.poolfencelouisiana.com/contact-us/,"https://www.google.com/maps/place/Life+Saver+Pool+Fence+New+Orleans/@30.0326605,-89.88256349999999,14z/data=!4m8!1m2!2m1!1sLife+Saver+Pool+Fence+New+Orleans!3m4!1s0x8620ba73c83f9185:0x726b3b33cda2294!8m2!3d30.0326605!4d-89.88256349999999","https://www.google.com/maps/place/Life+Saver+Pool+Fence+New+Orleans/@30.0326605,-89.88256349999999,13.99z/data=!4m16!1m7!3m6!1s0x8620ba73c83f9185:0x726b3b33cda2294!2sLife+Saver+Pool+Fence+New+Orleans!8m2!3d30.0326605!4d-89.88256349999999!16s%2Fg%2F11ckvg1dmb!3m7!1s0x8620ba73c83f9185:0x726b3b33cda2294!8m2!3d30.0326605!4d-89.88256349999999!9m1!1b1!16s%2Fg%2F11ckvg1dmb?entry=ttu",ChIJhZE_yHO6IIYRlCLaPLOzJgc,0x8620ba73c83f9185:0x726b3b33cda2294,515296789781947028,/g/1tf_hs7k,None,,info@poolfencelouisiana.com,BLACKLISTED,Cannot validate,,,,,,,,,,,,,,,,,,,,,,9853971785,mobile,,,,,,,,,,,https://www.facebook.com/Life-Saver-Pool-Fence-of-Louisiana-1452638741620779/,,,,,,,,,,,,,,,Life Saver Pool Fence of Louisiana,WordPress 6.3,Call (985) 397-1785 for a FREE estimate from Life Saver Pool Fence of Louisiana. Voted Best Pool Fencing. Lifetime Limited Warranty.,"pool fence,pool safety fence,pool fencing,removable mesh pool fence,child pool safety fence,louisiana",False,False
"swimming pool contractor, 70115, New Orleans, LA, US",Uptown Pressure Washing,Uptown Pressure Washing,http://uptownpressure.com/,"Pressure washing service, Drainage service, Gutter cleaning service, Solar panel maintenance service, Window cleaning service",Pressure washing service,Pressure washing service,+1 504-475-3991,landline,,,"3000 Octavia St, New Orleans, LA 70115",Uptown/Carrollton,3000 Octavia St,New Orleans,70115,Louisiana,Louisiana,United States of America,US,29.9424705,-90.1105015,89444655633ffff,America/Chicago,,False,5.0,72.0,https://search.google.com/local/reviews?placeid=ChIJDcN_pNLbb2IRXVaNhWZx9mA&q=*&authuser=0&hl=en&gl=US,,,0.0,0.0,0.0,0.0,72.0,23.0,https://lh3.googleusercontent.com/p/AF1QipNS7L4aWFFDNM9fn6RHtVx1UdveQZct7m1LDZ8T=w800-h500-k-no,https://lh3.googleusercontent.com/p/AF1QipNS7L4aWFFDNM9fn6RHtVx1UdveQZct7m1LDZ8T=w1600-h1000-k-no,,"{""Sunday"": ""Open 24 hours"", ""Monday"": ""Open 24 hours"", ""Tuesday"": ""Open 24 hours"", ""Wednesday"": ""Open 24 hours"", ""Thursday"": ""Open 24 hours"", ""Friday"": ""Open 24 hours"", ""Saturday"": ""Open 24 hours""}","Sunday,Open 24 hours|Monday,Open 24 hours|Tuesday,Open 24 hours|Wednesday,Open 24 hours|Thursday,Open 24 hours|Friday,Open 24 hours|Saturday,Open 24 hours",Sunday:Open 24 hours|Monday:Open 24 hours|Tuesday:Open 24 hours|Wednesday:Open 24 hours|Thursday:Open 24 hours|Friday:Open 24 hours|Saturday:Open 24 hours,,,OPERATIONAL,"{""Service options"": {""Online estimates"": true}}",,,,https://lh6.googleusercontent.com/-pG3FItamZ9s/AAAAAAAAAAI/AAAAAAAAAAA/Khh5yQP4xN8/s44-p-k-no-ns-nd/photo.jpg,,,True,110329263001416121748,Uptown Pressure Washing,https://www.google.com/maps/contrib/110329263001416121748,,,,,"https://www.google.com/maps/place/Uptown+Pressure+Washing/@29.9424705,-90.1105015,14z/data=!4m8!1m2!2m1!1sUptown+Pressure+Washing!3m4!1s0x626fdbd2a47fc30d:0x60f67166858d565d!8m2!3d29.9424705!4d-90.1105015","https://www.google.com/maps/place/Uptown+Pressure+Washing/@29.9424705,-90.1105015,13.99z/data=!4m16!1m7!3m6!1s0x626fdbd2a47fc30d:0x60f67166858d565d!2sUptown+Pressure+Washing!8m2!3d29.9424705!4d-90.1105015!16s%2Fg%2F11ckvg1dmb!3m7!1s0x626fdbd2a47fc30d:0x60f67166858d565d!8m2!3d29.9424705!4d-90.1105015!9m1!1b1!16s%2Fg%2F11ckvg1dmb?entry=ttu",ChIJDcN_pNLbb2IRXVaNhWZx9mA,0x626fdbd2a47fc30d:0x60f67166858d565d,6986896557053138525,/g/11w4cgz41d,6986896557053138525,,,,,,,,,,,,,,,,,,,,,,,,,,,,,,,,,,,,,,,,,,,,,,,,,,,,,820 Tree Service | Tree Services You Can Depend On!,"Elementor 3.33.1; features: additional_custom_breakpoints; settings: css_print_method-external, google_font-enabled, font_display-auto",We are an owner operated company focused on residential and commercial pressure cleaning needs. Our goal is to create outdoor living space that reflects the desire and vision of our customers.,,False,False
"swimming pool contractor, 70118, New Orleans, LA, US",Baldos Pool Plastering,Baldos Pool Plastering,http://www.baldospools.com/,"Swimming pool contractor, Swimming pool repair service",Swimming pool repair service,Swimming pool contractor,+1 504-628-3041,mobile,T-Mobile USA Inc.,,"500 N Turnbull Dr, Metairie, LA 70001",None,500 N Turnbull Dr,Metairie,70001,Louisiana,Louisiana,United States of America,US,29.978571499999997,-90.1674445,89444655c8bffff,America/Chicago,,False,4.9,31.0,https://search.google.com/local/reviews?placeid=ChIJObquTEC3IIYRELY-LYaPvok&q=*&authuser=0&hl=en&gl=US,,,1.0,0.0,0.0,0.0,30.0,36.0,https://lh3.googleusercontent.com/p/AF1QipOYYdFiiFrO_ZWht9CzBWTsPvybyvx8vhNBJxuD=w800-h500-k-no,https://lh3.googleusercontent.com/p/AF1QipOYYdFiiFrO_ZWht9CzBWTsPvybyvx8vhNBJxuD=w1600-h1000-k-no,,"{""Sunday"": ""Closed"", ""Monday"": ""6AM-5PM"", ""Tuesday"": ""6AM-5PM"", ""Wednesday"": ""6AM-5PM"", ""Thursday"": ""6AM-5PM"", ""Friday"": ""6AM-5PM"", ""Saturday"": ""6AM-5PM""}","Sunday,|Monday,6AM,5PM|Tuesday,6AM,5PM|Wednesday,6AM,5PM|Thursday,6AM,5PM|Friday,6AM,5PM|Saturday,6AM,5PM",Sunday:Closed|Monday:6AM-5PM|Tuesday:6AM-5PM|Wednesday:6AM-5PM|Thursday:6AM-5PM|Friday:6AM-5PM|Saturday:6AM-5PM,,,OPERATIONAL,"{""Accessibility"": {""Wheelchair accessible parking lot"": true}}",,,,https://lh3.googleusercontent.com/-eGX9lKoIbaI/AAAAAAAAAAI/AAAAAAAAAAA/rFBhXuKlZqE/s44-p-k-no-ns-nd/photo.jpg,,,True,107342311370242748753,Baldos Pool Plastering,https://www.google.com/maps/contrib/107342311370242748753,,,,,"https://www.google.com/maps/place/Baldos+Pool+Plastering/@29.978571499999997,-90.1674445,14z/data=!4m8!1m2!2m1!1sBaldos+Pool+Plastering!3m4!1s0x8620b7404caeba39:0x89be8f862d3eb610!8m2!3d29.978571499999997!4d-90.1674445","https://www.google.com/maps/place/Baldos+Pool+Plastering/@29.978571499999997,-90.1674445,13.99z/data=!4m16!1m7!3m6!1s0x8620b7404caeba39:0x89be8f862d3eb610!2sBaldos+Pool+Plastering!8m2!3d29.978571499999997!4d-90.1674445!16s%2Fg%2F11ckvg1dmb!3m7!1s0x8620b7404caeba39:0x89be8f862d3eb610!8m2!3d29.978571499999997!4d-90.1674445!9m1!1b1!16s%2Fg%2F11ckvg1dmb?entry=ttu",ChIJObquTEC3IIYRELY-LYaPvok,0x8620b7404caeba39:0x89be8f862d3eb610,9925528435218626064,/g/11b76flqpg,-8521215638490925552,,john@baldospools.com,UNKNOWN,Cannot validate,,,,,,,,,,,,,,,,,,,,,,5046283041,mobile,T-Mobile USA Inc.,,,,,,,,,,https://www.facebook.com/pages/,https://www.instagram.com/baldospoolplastering,,,,,,,,,,,,,,Renovate | Baldos Pools,,Dive in and get a better understanding of the pool remodeling process from Baldos Pools.,,False,False
"swimming pool contractor, 70118, New Orleans, LA, US",Aquatic Outdoors,Aquatic Outdoors,https://aquaticoutdoors.com/about-us/,Contractor,Contractor,Contractor,+1 504-267-0886,landline,,,"716 Papworth Ave, Metairie, LA 70005",Bonnabel Place,716 Papworth Ave,Metairie,70005,Louisiana,Louisiana,United States of America,US,29.999354699999998,-90.1268867,89444642da3ffff,America/Chicago,,False,,,,,,,,,,,1.0,https://streetviewpixels-pa.googleapis.com/v1/thumbnail?panoid=g4WHQyiRetnLktulP90hmA&cb_client=search.gws-prod.gps&w=800&h=500&yaw=278.13898&pitch=0&thumbfov=100,https://streetviewpixels-pa.googleapis.com/v1/thumbnail?panoid=g4WHQyiRetnLktulP90hmA&cb_client=search.gws-prod.gps&w=1600&h=1000&yaw=278.13898&pitch=0&thumbfov=100,,,,,,,OPERATIONAL,"{""Accessibility"": {""Wheelchair accessible parking lot"": true}, ""Parking"": {""On-site parking"": true}}",,,,,,,False,None,Aquatic Outdoors,,,,,,"https://www.google.com/maps/place/Aquatic+Outdoors/@29.999354699999998,-90.1268867,14z/data=!4m8!1m2!2m1!1sAquatic+Outdoors!3m4!1s0x8620afbe6596b779:0xee26b7aa90054d9e!8m2!3d29.999354699999998!4d-90.1268867","https://www.google.com/maps/place/Aquatic+Outdoors/@29.999354699999998,-90.1268867,13.99z/data=!4m16!1m7!3m6!1s0x8620afbe6596b779:0xee26b7aa90054d9e!2sAquatic+Outdoors!8m2!3d29.999354699999998!4d-90.1268867!16s%2Fg%2F11ckvg1dmb!3m7!1s0x8620afbe6596b779:0xee26b7aa90054d9e!8m2!3d29.999354699999998!4d-90.1268867!9m1!1b1!16s%2Fg%2F11ckvg1dmb?entry=ttu",ChIJebeWZb6vIIYRnk0FkKq3Ju4,0x8620afbe6596b779:0xee26b7aa90054d9e,17160605373330443678,/g/11g0k1s93z,None,,aquaticoutdoors@gmail.com,RECEIVING,SMTP validated,,,,,,,,,,,,,,,,,,,,,,5042670886,landline,,,,,,,,,,,,,,,,,,,,,,,,,,Home | Aquatic Outdoors,Powered by Visual Composer - drag and drop page builder for WordPress.,"Design A new pool is an investment that, not only, increases the value of your home, but changes your entire lifestyle. Let our talented team of design professionals provide you with a fully-customized plan to fit your space and budget. Installation Our courteous and reliable staff guarantee the ...",,False,False
"swimming pool contractor, 70118, New Orleans, LA, US",Equinox Sports Club New York,Equinox Sports Club New York,https://www.equinox.com/clubs/new-york/uptown/sportsclubnewyork%3Fcid%3Dgmb,"Gym, Physical fitness program, Pilates studio, Spa, Yoga studio",Gym,Gym,+1 212-362-6800,landline,,,"160 Columbus Ave, New York, NY 10023",Manhattan,160 Columbus Ave,New York,10023,New York,New York,United States of America,US,40.7745008,-73.9812756,892a1008bafffff,America/New_York,,False,3.5,251.0,https://search.google.com/local/reviews?placeid=ChIJr62bNPVYwokRrjUjALpFNcs&q=*&authuser=0&hl=en&gl=US,,,67.0,22.0,18.0,18.0,126.0,138.0,https://lh3.googleusercontent.com/p/AF1QipM6IHaV43cEK4LBpJbo2EVqLHy2oy1-qkYpCfYS=w800-h500-k-no,https://lh3.googleusercontent.com/p/AF1QipM6IHaV43cEK4LBpJbo2EVqLHy2oy1-qkYpCfYS=w1600-h1000-k-no,,"{""Monday"": ""5:30AM-11PM"", ""Tuesday"": ""5:30AM-11PM"", ""Wednesday"": ""5:30AM-11PM"", ""Thursday"": ""5:30AM-11PM"", ""Friday"": ""5:30AM-10PM"", ""Saturday"": ""7AM-9PM"", ""Sunday"": ""7AM-9PM""}","Sunday,7AM,9PM|Monday,5:30AM,11PM|Tuesday,5:30AM,11PM|Wednesday,5:30AM,11PM|Thursday,5:30AM,11PM|Friday,5:30AM,10PM|Saturday,7AM,9PM",Monday:5:30AM-11PM|Tuesday:5:30AM-11PM|Wednesday:5:30AM-11PM|Thursday:5:30AM-11PM|Friday:5:30AM-10PM|Saturday:7AM-9PM|Sunday:7AM-9PM,,,OPERATIONAL,"{""Service options"": {""Online classes"": true, ""Outdoor services"": true}, ""Accessibility"": {""Wheelchair accessible entrance"": true, ""Wheelchair accessible restroom"": true, ""Wheelchair accessible parking lot"": false}, ""Offerings"": {""Sauna"": true}, ""Amenities"": {""Basketball court"": true, ""Restroom"": true, ""Swimming pool"": true}, ""Atmosphere"": {""Shower"": true}, ""Planning"": {""Membership required"": true}, ""Payments"": {""Credit cards"": true, ""Debit cards"": true, ""NFC mobile payments"": true}}",,,,https://lh6.googleusercontent.com/-9EVs55qZqVo/AAAAAAAAAAI/AAAAAAAAAAA/5ro2Wg-nsHQ/s44-p-k-no-ns-nd/photo.jpg,,,True,106303855004893482882,Equinox Sports Club New York,https://www.google.com/maps/contrib/106303855004893482882,,,,,"https://www.google.com/maps/place/Equinox+Sports+Club+New+York/@40.7745008,-73.9812756,14z/data=!4m8!1m2!2m1!1sEquinox+Sports+Club+New+York!3m4!1s0x89c258f5349badaf:0xcb3545ba002335ae!8m2!3d40.7745008!4d-73.9812756","https://www.google.com/maps/place/Equinox+Sports+Club+New+York/@40.7745008,-73.9812756,13.99z/data=!4m16!1m7!3m6!1s0x89c258f5349badaf:0xcb3545ba002335ae!2sEquinox+Sports+Club+New+York!8m2!3d40.7745008!4d-73.9812756!16s%2Fg%2F11ckvg1dmb!3m7!1s0x89c258f5349badaf:0xcb3545ba002335ae!8m2!3d40.7745008!4d-73.9812756!9m1!1b1!16s%2Fg%2F11ckvg1dmb?entry=ttu",ChIJr62bNPVYwokRrjUjALpFNcs,0x89c258f5349badaf:0xcb3545ba002335ae,14642686428633576878,/g/1td0tt6v,-3804057645075974738,,garylbinnie@aol.com,INVALID,Undeliverable,Gary Binnie,Gary,Binnie,Personal Trainer,,rfarr@nmu.edu,RECEIVING,Catch All,Rachel Farr,Rachel,Farr,Fitness Manager,12483462783,danny.simmons@equinoxfitness.com,RECEIVING,Catch All,Danny Simmons,Danny,Simmons,Vice President,,8662755678,toll_free,,,12123670863,landline,,,3109548950,MCIMETRO ACCESS TRANSMISSION S,fixed line,,http://www.facebook.com/equinox,https://www.instagram.com/equinox,http://www.linkedin.com/company/equinox,,,,,,,,http://www.twitter.com/equinox,,https://www.youtube.com/user/equinox,,https://www.crunchbase.com/organization/equinox,Equinox+ | Sign in,,"Unlock your peak performance at Equinox Brooklyn Heights fitness club in Brooklyn, New York. Explore five stories of fitness classes and community building.","equinox, gyms near me, personal training, group fitness, contact equinox, contact us, visit a club",False,False
"swimming pool contractor, 70118, New Orleans, LA, US",Agape Pool Services LLC,Agape Pool Services,http://agapepool.com/,"Swimming pool repair service, Pool cleaning service",Swimming pool repair service,Swimming pool repair service,+1 504-621-3465,mobile,CELLCO PARTNERSHIP DBA VERIZON,,"1015 Central Ave Ste 212c, Metairie, LA 70001",None,1015 Central Ave Ste 212c,Metairie,70001,Louisiana,Louisiana,United States of America,US,29.972561799999998,-90.17377049999999,8944465422fffff,America/Chicago,,False,4.6,10.0,https://search.google.com/local/reviews?placeid=ChIJmVoUdpywIIYRcHEptlVyYvI&q=*&authuser=0&hl=en&gl=US,,,1.0,0.0,0.0,0.0,9.0,12.0,https://lh3.googleusercontent.com/gps-cs-s/AG0ilSx7mhX581CtFysTtW6_5ue8Kjkc6HLDGJKv_ED2SLtqHR47IqLNL6M0v6LZNqa7ceIDFiOcOsINNU2drbNiY3EOQMukwMK2lDbzEGUxbCScNuNOPI1NwcSYrnR71-UiwHLnm7QzEQ=w800-h500-k-no,https://lh3.googleusercontent.com/gps-cs-s/AG0ilSx7mhX581CtFysTtW6_5ue8Kjkc6HLDGJKv_ED2SLtqHR47IqLNL6M0v6LZNqa7ceIDFiOcOsINNU2drbNiY3EOQMukwMK2lDbzEGUxbCScNuNOPI1NwcSYrnR71-UiwHLnm7QzEQ=w1600-h1000-k-no,,"{""Sunday"": ""Closed"", ""Monday"": ""8AM-5PM"", ""Tuesday"": ""8AM-5PM"", ""Wednesday"": ""8AM-5PM"", ""Thursday"": ""8AM-5PM"", ""Friday"": ""8AM-5PM"", ""Saturday"": ""8AM-4PM""}","Sunday,|Monday,8AM,5PM|Tuesday,8AM,5PM|Wednesday,8AM,5PM|Thursday,8AM,5PM|Friday,8AM,5PM|Saturday,8AM,4PM",Sunday:Closed|Monday:8AM-5PM|Tuesday:8AM-5PM|Wednesday:8AM-5PM|Thursday:8AM-5PM|Friday:8AM-5PM|Saturday:8AM-4PM,,,OPERATIONAL,{},,,,https://lh4.googleusercontent.com/-HhSyLKSjCqY/AAAAAAAAAAI/AAAAAAAAAAA/7ge1qh-NYn0/s44-p-k-no-ns-nd/photo.jpg,,,True,114039746117821936541,Agape Pool Services LLC,https://www.google.com/maps/contrib/114039746117821936541,,,,,"https://www.google.com/maps/place/Agape+Pool+Services+LLC/@29.972561799999998,-90.17377049999999,14z/data=!4m8!1m2!2m1!1sAgape+Pool+Services+LLC!3m4!1s0x8620b09c76145a99:0xf2627255b6297170!8m2!3d29.972561799999998!4d-90.17377049999999","https://www.google.com/maps/place/Agape+Pool+Services+LLC/@29.972561799999998,-90.17377049999999,13.99z/data=!4m16!1m7!3m6!1s0x8620b09c76145a99:0xf2627255b6297170!2sAgape+Pool+Services+LLC!8m2!3d29.972561799999998!4d-90.17377049999999!16s%2Fg%2F11ckvg1dmb!3m7!1s0x8620b09c76145a99:0xf2627255b6297170!8m2!3d29.972561799999998!4d-90.17377049999999!9m1!1b1!16s%2Fg%2F11ckvg1dmb?entry=ttu",ChIJmVoUdpywIIYRcHEptlVyYvI,0x8620b09c76145a99:0xf2627255b6297170,17465648017350160752,/g/11g6bgdnjz,-981096056359390864,,info@agapepool.com,RECEIVING,SMTP validated,,,,,,,,,,,,,,,,,,,,,,5046213465,mobile,CELLCO PARTNERSHIP DBA VERIZON,,,,,,,,,,https://www.facebook.com/AgapePoolServicesLLC/,,,,,,,,,,,,,,,Reliable Pool Cleaning & Repair | Agape Pool Services,All in One SEO (AIOSEO) 4.8.2,Agape Pool offers top-tier pool cleaning and repair services. Keep your pool sparkling and well-maintained with our expert care and trusted solutions.,,False,False
"swimming pool contractor, 70118, New Orleans, LA, US",Equinox Columbus Circle,Equinox Columbus Circle,https://www.equinox.com/clubs/new-york/uptown/columbuscircle%3Fcid%3Dgmb,"Gym, Personal trainer, Physical fitness program, Pilates studio, Spa, Yoga studio",Gym,Gym,+1 212-871-0425,landline,,,"10 Columbus Cir, New York, NY 10019",Manhattan,10 Columbus Cir,New York,10019,New York,New York,United States of America,US,40.7685526,-73.9831866,892a1008b27ffff,America/New_York,,False,3.5,259.0,https://search.google.com/local/reviews?placeid=ChIJMRtanfBYwokRr5YE_1LUuNY&q=*&authuser=0&hl=en&gl=US,,,53.0,23.0,24.0,47.0,112.0,40.0,https://lh3.googleusercontent.com/gps-cs-s/AG0ilSxQper1KaqShMa_0jMYTjcXlFQQH9D-D0JfgUhUsLSDESd3F7lZmfLOXBY-X59ocWNNeIt1_q6pA28D1Be4KabyPg2377yc5wRE2FJA-UbUdGIUV0uQWvmTZqGIHdYSaJJbXvc=w800-h500-k-no,https://lh3.googleusercontent.com/gps-cs-s/AG0ilSxQper1KaqShMa_0jMYTjcXlFQQH9D-D0JfgUhUsLSDESd3F7lZmfLOXBY-X59ocWNNeIt1_q6pA28D1Be4KabyPg2377yc5wRE2FJA-UbUdGIUV0uQWvmTZqGIHdYSaJJbXvc=w1600-h1000-k-no,,"{""Monday"": ""5AM-10PM"", ""Tuesday"": ""5AM-10PM"", ""Wednesday"": ""5AM-10PM"", ""Thursday"": ""5AM-10PM"", ""Friday"": ""5AM-9PM"", ""Saturday"": ""7AM-8PM"", ""Sunday"": ""7AM-8PM""}","Sunday,7AM,8PM|Monday,5AM,10PM|Tuesday,5AM,10PM|Wednesday,5AM,10PM|Thursday,5AM,10PM|Friday,5AM,9PM|Saturday,7AM,8PM",Monday:5AM-10PM|Tuesday:5AM-10PM|Wednesday:5AM-10PM|Thursday:5AM-10PM|Friday:5AM-9PM|Saturday:7AM-8PM|Sunday:7AM-8PM,,,OPERATIONAL,"{""Service options"": {""Online classes"": true, ""Onsite services"": true}, ""Accessibility"": {""Wheelchair accessible entrance"": true, ""Wheelchair accessible restroom"": true, ""Wheelchair accessible parking lot"": false}, ""Offerings"": {""Sauna"": true}, ""Amenities"": {""Restroom"": true, ""Swimming pool"": true, ""Wi-Fi"": true}, ""Atmosphere"": {""Shower"": true}, ""Planning"": {""Membership required"": true}, ""Payments"": {""Credit cards"": true, ""Debit cards"": true, ""NFC mobile payments"": true}}",,,,https://lh5.googleusercontent.com/-4QcOOZ-SQas/AAAAAAAAAAI/AAAAAAAAAAA/HyuWNffq1Ss/s44-p-k-no-ns-nd/photo.jpg,,,True,112963701060445550701,Equinox Columbus Circle,https://www.google.com/maps/contrib/112963701060445550701,,,,,"https://www.google.com/maps/place/Equinox+Columbus+Circle/@40.7685526,-73.9831866,14z/data=!4m8!1m2!2m1!1sEquinox+Columbus+Circle!3m4!1s0x89c258f09d5a1b31:0xd6b8d452ff0496af!8m2!3d40.7685526!4d-73.9831866","https://www.google.com/maps/place/Equinox+Columbus+Circle/@40.7685526,-73.9831866,13.99z/data=!4m16!1m7!3m6!1s0x89c258f09d5a1b31:0xd6b8d452ff0496af!2sEquinox+Columbus+Circle!8m2!3d40.7685526!4d-73.9831866!16s%2Fg%2F11ckvg1dmb!3m7!1s0x89c258f09d5a1b31:0xd6b8d452ff0496af!8m2!3d40.7685526!4d-73.9831866!9m1!1b1!16s%2Fg%2F11ckvg1dmb?entry=ttu",ChIJMRtanfBYwokRr5YE_1LUuNY,0x89c258f09d5a1b31:0xd6b8d452ff0496af,15472349972762236591,/g/1tjmfksz,-2974394100947315025,,privacy@equinox.com,RECEIVING,SMTP validated,,,,,,memadmin@equinox.com,RECEIVING,Catch All,,,,,,concierge@equinox.com,RECEIVING,SMTP validated,,,,,,8662755678,toll_free,,,12123670863,landline,,,3109548950,MCIMETRO ACCESS TRANSMISSION S,fixed line,,http://www.facebook.com/equinox,https://www.instagram.com/equinox,http://www.linkedin.com/company/equinox,,,,,,,,http://www.twitter.com/equinox,,https://www.youtube.com/user/equinox,,https://www.crunchbase.com/organization/equinox,Equinox+ | Sign in,,"Unlock your peak performance at Equinox Brooklyn Heights fitness club in Brooklyn, New York. Explore five stories of fitness classes and community building.","equinox, gyms near me, personal training, group fitness, contact equinox, contact us, visit a club",False,False
"swimming pool contractor, 70118, New Orleans, LA, US",Backyard Makeover,Backyard Makeover,https://www.backyard-makeover.com/,"Swimming pool contractor, Service establishment, Swimming pool repair service",Swimming pool contractor,Swimming pool contractor,+1 504-295-5482,mobile,,,,,,,,,,,,30.0519331,-90.42997849999999,8944460ad87ffff,America/Chicago,,True,,,,,,,,,,,23.0,https://lh3.googleusercontent.com/p/AF1QipPmaAAktICj_OS4lkKIZ5S4C0tklPp_MK7fKwhT=w800-h500-k-no,https://lh3.googleusercontent.com/p/AF1QipPmaAAktICj_OS4lkKIZ5S4C0tklPp_MK7fKwhT=w1600-h1000-k-no,,"{""Sunday"": ""Closed"", ""Monday"": ""8AM-5PM"", ""Tuesday"": ""8AM-5PM"", ""Wednesday"": ""8AM-5PM"", ""Thursday"": ""8AM-5PM"", ""Friday"": ""8AM-5PM"", ""Saturday"": ""9AM-5PM""}","Sunday,|Monday,8AM,5PM|Tuesday,8AM,5PM|Wednesday,8AM,5PM|Thursday,8AM,5PM|Friday,8AM,5PM|Saturday,9AM,5PM",Sunday:Closed|Monday:8AM-5PM|Tuesday:8AM-5PM|Wednesday:8AM-5PM|Thursday:8AM-5PM|Friday:8AM-5PM|Saturday:9AM-5PM,,,OPERATIONAL,{},,,,https://lh4.googleusercontent.com/-LZiebr56iJE/AAAAAAAAAAI/AAAAAAAAAAA/uW-9al11yNo/s44-p-k-no-ns-nd/photo.jpg,,,True,115760016839200790273,Backyard Makeover,https://www.google.com/maps/contrib/115760016839200790273,,https://www.backyard-makeover.com/contact,,https://www.backyard-makeover.com/contact,"https://www.google.com/maps/place/Backyard+Makeover/@30.0519331,-90.42997849999999,14z/data=!4m8!1m2!2m1!1sBackyard+Makeover!3m4!1s0x8620af5f47f8c7b7:0x4e812b73bed18508!8m2!3d30.0519331!4d-90.42997849999999","https://www.google.com/maps/place/Backyard+Makeover/@30.0519331,-90.42997849999999,13.99z/data=!4m16!1m7!3m6!1s0x8620af5f47f8c7b7:0x4e812b73bed18508!2sBackyard+Makeover!8m2!3d30.0519331!4d-90.42997849999999!16s%2Fg%2F11ckvg1dmb!3m7!1s0x8620af5f47f8c7b7:0x4e812b73bed18508!8m2!3d30.0519331!4d-90.42997849999999!9m1!1b1!16s%2Fg%2F11ckvg1dmb?entry=ttu",ChIJt8f4R1-vIIYRCIXRvnMrgU4,0x8620af5f47f8c7b7:0x4e812b73bed18508,5656850383076689160,/g/11vyxv0z51,None,,contact@sansoxygen.com,RECEIVING,Role,,,,,,info@backyard-makeover.com,RECEIVING,Catch All,,,,,,,,,,,,,,5042955482,mobile,,,,,,,,,,,https://facebook.com/makeoverbackyard,https://instagram.com/backyard_makeover,,,,,,,,,,,,https://github.com/andrew-paglinawan/,,"Swimming Pool Contractor | Prairieville, LA | Backyard Makeover",Starfield Technologies; Go Daddy Website Builder 8.0.0000,"Expert swimming pool contractor in Prairieville, LA. Backyard Makeover designs and builds custom pools and outdoor spaces for the perfect backyard retreat.","Swimming Pool Contractor in Prairieville, LA",False,False
"swimming pool contractor, 70118, New Orleans, LA, US",AAA Pool Renovations Inc,Aaa Pool Renovations,,Swimming pool contractor,Swimming pool contractor,Swimming pool contractor,+1 504-833-4103,landline,,,"3109 Metairie Ct, Metairie, LA 70002",None,3109 Metairie Ct,Metairie,70002,Louisiana,Louisiana,United States of America,US,30.0067983,-90.14761179999999,8944465584bffff,America/Chicago,,False,,,,,,,,,,,2.0,https://lh3.googleusercontent.com/p/AF1QipPvCd97Emg4fTbahfmh4st1IAUHS4hStjjJ9LGd=w800-h500-k-no,https://lh3.googleusercontent.com/p/AF1QipPvCd97Emg4fTbahfmh4st1IAUHS4hStjjJ9LGd=w1600-h1000-k-no,,"{""Sunday"": ""7AM-7PM"", ""Monday"": ""7AM-7PM"", ""Tuesday"": ""7AM-7PM"", ""Wednesday"": ""7AM-7PM"", ""Thursday"": ""7AM-7PM"", ""Friday"": ""7AM-7PM"", ""Saturday"": ""7AM-7PM""}","Sunday,7AM,7PM|Monday,7AM,7PM|Tuesday,7AM,7PM|Wednesday,7AM,7PM|Thursday,7AM,7PM|Friday,7AM,7PM|Saturday,7AM,7PM",Sunday:7AM-7PM|Monday:7AM-7PM|Tuesday:7AM-7PM|Wednesday:7AM-7PM|Thursday:7AM-7PM|Friday:7AM-7PM|Saturday:7AM-7PM,,,OPERATIONAL,{},,,,https://lh5.googleusercontent.com/-H_EPOHw1t2g/AAAAAAAAAAI/AAAAAAAAAAA/8GlaE8HXSmw/s44-p-k-no-ns-nd/photo.jpg,,,True,117880120839880407379,AAA Pool Renovations Inc,https://www.google.com/maps/contrib/117880120839880407379,,,,,"https://www.google.com/maps/place/AAA+Pool+Renovations+Inc/@30.0067983,-90.14761179999999,14z/data=!4m8!1m2!2m1!1sAAA+Pool+Renovations+Inc!3m4!1s0x8620afd8457ddd17:0xe1dbc813885ec017!8m2!3d30.0067983!4d-90.14761179999999","https://www.google.com/maps/place/AAA+Pool+Renovations+Inc/@30.0067983,-90.14761179999999,13.99z/data=!4m16!1m7!3m6!1s0x8620afd8457ddd17:0xe1dbc813885ec017!2sAAA+Pool+Renovations+Inc!8m2!3d30.0067983!4d-90.14761179999999!16s%2Fg%2F11ckvg1dmb!3m7!1s0x8620afd8457ddd17:0xe1dbc813885ec017!8m2!3d30.0067983!4d-90.14761179999999!9m1!1b1!16s%2Fg%2F11ckvg1dmb?entry=ttu",ChIJF919RdivIIYRF8BeiBPI2-E,0x8620afd8457ddd17:0xe1dbc813885ec017,16274821664651264023,/g/1tks6p3k,None,,,,,,,,,,,,,,,,,,,,,,,,,,,,,,,,,,,,,,,,,,,,,,,,,,,,,,,,,,
"swimming pool contractor, 70119, New Orleans, LA, US",America's Swimming Pool Co of New Orleans,Americas Swimming Pool Co Of New Orleans,,"Pool cleaning service, Service establishment",Pool cleaning service,Pool cleaning service,+1 504-930-9130,landline,,,,,,,,,,,,30.0326605,-89.889337,8944464a323ffff,America/Chicago,,True,5.0,1.0,,,,0.0,0.0,0.0,0.0,1.0,,https://lh3.googleusercontent.com/gps-cs-s/AG0ilSyfCcmSOfQ6TCsbBxkp_5vPRZQiRVUDwpx9JnqGuao9zOorgModbnIGP_1W9N-MYFIBCkSUDtoBuhXnxPD50pt5eWfvCC-6-kUciabxx46QICPZZKuq8fHwiY0PZVB_E0v1qWkx=w800-h500-k-no,,,"{""Sunday"": ""Closed"", ""Monday"": ""8:30AM-4:30PM"", ""Tuesday"": ""8:30AM-4:30PM"", ""Wednesday"": ""8:30AM-4:30PM"", ""Thursday"": ""8:30AM-4:30PM"", ""Friday"": ""8:30AM-4:30PM"", ""Saturday"": ""9AM-12PM""}","Sunday,|Monday,8:30AM,4:30PM|Tuesday,8:30AM,4:30PM|Wednesday,8:30AM,4:30PM|Thursday,8:30AM,4:30PM|Friday,8:30AM,4:30PM|Saturday,9AM,12PM",Sunday:Closed|Monday:8:30AM-4:30PM|Tuesday:8:30AM-4:30PM|Wednesday:8:30AM-4:30PM|Thursday:8:30AM-4:30PM|Friday:8:30AM-4:30PM|Saturday:9AM-12PM,,,OPERATIONAL,{},,,,https://lh5.googleusercontent.com/-FM5rYX2i4rQ/AAAAAAAAAAI/AAAAAAAAAAA/0fX0OyhnMmo/s44-p-k-no-ns-nd/photo.jpg,,,True,113952619095235997213,America's Swimming Pool Co of New Orleans,https://www.google.com/maps/contrib/113952619095235997213,,,,,"https://www.google.com/maps/place/America%27s+Swimming+Pool+Co+of+New+Orleans/@30.0326605,-89.889337,14z/data=!4m8!1m2!2m1!1sAmerica%27s+Swimming+Pool+Co+of+New+Orleans!3m4!1s0x459faf971beeb8e9:0x14fbc597925ea44c!8m2!3d30.0326605!4d-89.889337","https://www.google.com/maps/place/America%27s+Swimming+Pool+Co+of+New+Orleans/@30.0326605,-89.889337,13.99z/data=!4m16!1m7!3m6!1s0x459faf971beeb8e9:0x14fbc597925ea44c!2sAmerica%27s+Swimming+Pool+Co+of+New+Orleans!8m2!3d30.0326605!4d-89.889337!16s%2Fg%2F11ckvg1dmb!3m7!1s0x459faf971beeb8e9:0x14fbc597925ea44c!8m2!3d30.0326605!4d-89.889337!9m1!1b1!16s%2Fg%2F11ckvg1dmb?entry=ttu",ChIJ6bjuG5evn0URTKRekpfF-xQ,0x459faf971beeb8e9:0x14fbc597925ea44c,1512019354699342924,/g/11wy1ddbgh,None,,,,,,,,,,,,,,,,,,,,,,,,,,,,,,,,,,,,,,,,,,,,,,,,,,,,,,,,,,
"swimming pool contractor, 70119, New Orleans, LA, US",Sea Monkey Service,Sea Monkey Service,http://seamonkeyservice.base44.app/,"Swimming pool repair service, Boat detailing service, Diving contractor",Swimming pool repair service,Swimming pool repair service,+1 504-385-4747,mobile,AT&T,True,"1438 Crescent Dr, New Orleans, LA 70122",Filmore,1438 Crescent Dr,New Orleans,70122,Louisiana,Louisiana,United States of America,US,30.012845,-90.07940359999999,89444642aa3ffff,America/Chicago,,False,,,,,,,,,,,18.0,https://lh3.googleusercontent.com/p/AF1QipPSH3fB_dmsniWrzJjACF36q9hc4RqD5Uzm7m7U=w800-h500-k-no,https://lh3.googleusercontent.com/p/AF1QipPSH3fB_dmsniWrzJjACF36q9hc4RqD5Uzm7m7U=w1600-h1000-k-no,,"{""Sunday"": ""Closed"", ""Monday"": ""8AM-8PM"", ""Tuesday"": ""8AM-8PM"", ""Wednesday"": ""8AM-8PM"", ""Thursday"": ""8AM-8PM"", ""Friday"": ""8AM-4PM"", ""Saturday"": ""10AM-4PM""}","Sunday,|Monday,8AM,8PM|Tuesday,8AM,8PM|Wednesday,8AM,8PM|Thursday,8AM,8PM|Friday,8AM,4PM|Saturday,10AM,4PM",Sunday:Closed|Monday:8AM-8PM|Tuesday:8AM-8PM|Wednesday:8AM-8PM|Thursday:8AM-8PM|Friday:8AM-4PM|Saturday:10AM-4PM,,,OPERATIONAL,{},,,,https://lh5.googleusercontent.com/-o3mT_R14LxI/AAAAAAAAAAI/AAAAAAAAAAA/drr1x06XDJs/s44-p-k-no-ns-nd/photo.jpg,,,True,116202013805266845358,Sea Monkey Service,https://www.google.com/maps/contrib/116202013805266845358,,,,,"https://www.google.com/maps/place/Sea+Monkey+Service/@30.012845,-90.07940359999999,14z/data=!4m8!1m2!2m1!1sSea+Monkey+Service!3m4!1s0x4c179bc84e6d5d8d:0xcf6215a5ea4ae1be!8m2!3d30.012845!4d-90.07940359999999","https://www.google.com/maps/place/Sea+Monkey+Service/@30.012845,-90.07940359999999,13.99z/data=!4m16!1m7!3m6!1s0x4c179bc84e6d5d8d:0xcf6215a5ea4ae1be!2sSea+Monkey+Service!8m2!3d30.012845!4d-90.07940359999999!16s%2Fg%2F11ckvg1dmb!3m7!1s0x4c179bc84e6d5d8d:0xcf6215a5ea4ae1be!8m2!3d30.012845!4d-90.07940359999999!9m1!1b1!16s%2Fg%2F11ckvg1dmb?entry=ttu",ChIJjV1tTsibF0wRvuFK6qUVYs8,0x4c179bc84e6d5d8d:0xcf6215a5ea4ae1be,14943530315913290174,/g/11m6dn0rry,None,,,,,,,,,,,,,,,,,,,,,,,,,,,,,,,,,,,,,,,,,,,,,,,,,,,,,Sea Monkey Pool Services,,,,False,False
"swimming pool contractor, 70121, New Orleans, LA, US",Summit Builders LLC,Summit Builders,,Swimming pool contractor,Swimming pool contractor,Swimming pool contractor,+1 504-419-5173,mobile,"NEW CINGULAR WIRELESS PCS, LLC - GA",,"5728 Plauche St B, Elmwood, LA 70123",None,5728 Plauche St B,Elmwood,70123,Louisiana,Louisiana,United States of America,US,29.9460104,-90.18909269999999,894446540d3ffff,America/Chicago,,False,4.1,35.0,https://search.google.com/local/reviews?placeid=ChIJMdVcWiinIIYRJPnju2ueM9A&q=*&authuser=0&hl=en&gl=US,,,7.0,1.0,0.0,0.0,27.0,55.0,https://lh3.googleusercontent.com/p/AF1QipOJR-4YH5OcFRaIp2t2olZDLHODSc6oxeN70gG0=w800-h500-k-no,https://lh3.googleusercontent.com/p/AF1QipOJR-4YH5OcFRaIp2t2olZDLHODSc6oxeN70gG0=w1600-h1000-k-no,,"{""Sunday"": ""Closed"", ""Monday"": ""7AM-5PM"", ""Tuesday"": ""7AM-5PM"", ""Wednesday"": ""7AM-5PM"", ""Thursday"": ""7AM-5PM"", ""Friday"": ""7AM-5PM"", ""Saturday"": ""9AM-5PM""}","Sunday,|Monday,7AM,5PM|Tuesday,7AM,5PM|Wednesday,7AM,5PM|Thursday,7AM,5PM|Friday,7AM,5PM|Saturday,9AM,5PM",Sunday:Closed|Monday:7AM-5PM|Tuesday:7AM-5PM|Wednesday:7AM-5PM|Thursday:7AM-5PM|Friday:7AM-5PM|Saturday:9AM-5PM,,,OPERATIONAL,"{""Service options"": {""Online estimates"": true, ""Onsite services"": true, ""Language assistance"": ""Spanish""}}",,,,https://lh5.googleusercontent.com/-avxakvUw5UE/AAAAAAAAAAI/AAAAAAAAAAA/FTuPyUG3uMg/s44-p-k-no-ns-nd/photo.jpg,,,True,105521444497887453441,Summit Builders LLC,https://www.google.com/maps/contrib/105521444497887453441,,,,,"https://www.google.com/maps/place/Summit+Builders+LLC/@29.9460104,-90.18909269999999,14z/data=!4m8!1m2!2m1!1sSummit+Builders+LLC!3m4!1s0x8620a7285a5cd531:0xd0339e6bbbe3f924!8m2!3d29.9460104!4d-90.18909269999999","https://www.google.com/maps/place/Summit+Builders+LLC/@29.9460104,-90.18909269999999,13.99z/data=!4m16!1m7!3m6!1s0x8620a7285a5cd531:0xd0339e6bbbe3f924!2sSummit+Builders+LLC!8m2!3d29.9460104!4d-90.18909269999999!16s%2Fg%2F11ckvg1dmb!3m7!1s0x8620a7285a5cd531:0xd0339e6bbbe3f924!8m2!3d29.9460104!4d-90.18909269999999!9m1!1b1!16s%2Fg%2F11ckvg1dmb?entry=ttu",ChIJMdVcWiinIIYRJPnju2ueM9A,0x8620a7285a5cd531:0xd0339e6bbbe3f924,15002508969252223268,/g/11gnrtrcvw,-3444235104457328348,,,,,,,,,,,,,,,,,,,,,,,,,,,,,,,,,,,,,,,,,,,,,,,,,,,,,,,,,,
"swimming pool contractor, 70121, New Orleans, LA, US",CMS Swimming Pool Co LLC,Cms Swimming Pool,,"Swimming pool contractor, Public swimming pool, Swimming pool, Swimming pool repair service",attractions,Swimming pool contractor,+1 504-388-1834,mobile,"NEW CINGULAR WIRELESS PCS, LLC - GA",,"468 Hickory Ave #4037, New Orleans, LA 70123",None,468 Hickory Ave #4037,New Orleans,70123,Louisiana,Louisiana,United States of America,US,29.9429779,-90.19784489999999,89444654467ffff,America/Chicago,,False,1.0,3.0,https://search.google.com/local/reviews?placeid=ChIJxRQH6ES6IIYRaJlftO4iHVk&q=*&authuser=0&hl=en&gl=US,,,3.0,0.0,0.0,0.0,0.0,1.0,https://streetviewpixels-pa.googleapis.com/v1/thumbnail?panoid=zStori0z-TOYMSvqgwt3pw&cb_client=search.gws-prod.gps&w=800&h=500&yaw=249.40703&pitch=0&thumbfov=100,https://streetviewpixels-pa.googleapis.com/v1/thumbnail?panoid=zStori0z-TOYMSvqgwt3pw&cb_client=search.gws-prod.gps&w=1600&h=1000&yaw=249.40703&pitch=0&thumbfov=100,,"{""Sunday"": ""Open 24 hours"", ""Monday"": ""Open 24 hours"", ""Tuesday"": ""Open 24 hours"", ""Wednesday"": ""Open 24 hours"", ""Thursday"": ""Open 24 hours"", ""Friday"": ""Open 24 hours"", ""Saturday"": ""Open 24 hours""}","Sunday,Open 24 hours|Monday,Open 24 hours|Tuesday,Open 24 hours|Wednesday,Open 24 hours|Thursday,Open 24 hours|Friday,Open 24 hours|Saturday,Open 24 hours",Sunday:Open 24 hours|Monday:Open 24 hours|Tuesday:Open 24 hours|Wednesday:Open 24 hours|Thursday:Open 24 hours|Friday:Open 24 hours|Saturday:Open 24 hours,,,OPERATIONAL,"{""Accessibility"": {""Wheelchair accessible entrance"": true, ""Wheelchair accessible parking lot"": true}}",,,,,,,False,None,CMS Swimming Pool Co LLC,,,,,,"https://www.google.com/maps/place/CMS+Swimming+Pool+Co+LLC/@29.9429779,-90.19784489999999,14z/data=!4m8!1m2!2m1!1sCMS+Swimming+Pool+Co+LLC!3m4!1s0x8620ba44e80714c5:0x591d22eeb45f9968!8m2!3d29.9429779!4d-90.19784489999999","https://www.google.com/maps/place/CMS+Swimming+Pool+Co+LLC/@29.9429779,-90.19784489999999,13.99z/data=!4m16!1m7!3m6!1s0x8620ba44e80714c5:0x591d22eeb45f9968!2sCMS+Swimming+Pool+Co+LLC!8m2!3d29.9429779!4d-90.19784489999999!16s%2Fg%2F11ckvg1dmb!3m7!1s0x8620ba44e80714c5:0x591d22eeb45f9968!8m2!3d29.9429779!4d-90.19784489999999!9m1!1b1!16s%2Fg%2F11ckvg1dmb?entry=ttu",ChIJxRQH6ES6IIYRaJlftO4iHVk,0x8620ba44e80714c5:0x591d22eeb45f9968,6421327052323920232,/g/1tcvv6h0,6421327052323920232,,,,,,,,,,,,,,,,,,,,,,,,,,,,,,,,,,,,,,,,,,,,,,,,,,,,,,,,,,
"swimming pool contractor, 70121, New Orleans, LA, US",Andy-Abc Pool Installation Services,Andy Abc Pool Installation Services,,Swimming pool contractor,Swimming pool contractor,Swimming pool contractor,+1 504-454-0522,landline,,,"5705 Chopin Ct, Metairie, LA 70003",None,5705 Chopin Ct,Metairie,70003,Louisiana,Louisiana,United States of America,US,29.998765799999997,-90.1999129,89444654e7bffff,America/Chicago,,False,3.3,7.0,https://search.google.com/local/reviews?placeid=ChIJVcZrlOywIIYR71j78czoL5Y&q=*&authuser=0&hl=en&gl=US,,,3.0,0.0,0.0,0.0,4.0,1.0,https://streetviewpixels-pa.googleapis.com/v1/thumbnail?panoid=jH_5KSosaPuPQK3M1orioA&cb_client=search.gws-prod.gps&w=800&h=500&yaw=68.60005&pitch=0&thumbfov=100,https://streetviewpixels-pa.googleapis.com/v1/thumbnail?panoid=jH_5KSosaPuPQK3M1orioA&cb_client=search.gws-prod.gps&w=1600&h=1000&yaw=68.60005&pitch=0&thumbfov=100,,,,,,,OPERATIONAL,{},,,,,,,False,None,Andy-Abc Pool Installation Services,,,,,,"https://www.google.com/maps/place/Andy-Abc+Pool+Installation+Services/@29.998765799999997,-90.1999129,14z/data=!4m8!1m2!2m1!1sAndy-Abc+Pool+Installation+Services!3m4!1s0x8620b0ec946bc655:0x962fe8ccf1fb58ef!8m2!3d29.998765799999997!4d-90.1999129","https://www.google.com/maps/place/Andy-Abc+Pool+Installation+Services/@29.998765799999997,-90.1999129,13.99z/data=!4m16!1m7!3m6!1s0x8620b0ec946bc655:0x962fe8ccf1fb58ef!2sAndy-Abc+Pool+Installation+Services!8m2!3d29.998765799999997!4d-90.1999129!16s%2Fg%2F11ckvg1dmb!3m7!1s0x8620b0ec946bc655:0x962fe8ccf1fb58ef!8m2!3d29.998765799999997!4d-90.1999129!9m1!1b1!16s%2Fg%2F11ckvg1dmb?entry=ttu",ChIJVcZrlOywIIYR71j78czoL5Y,0x8620b0ec946bc655:0x962fe8ccf1fb58ef,10822124396525345007,/g/1trplkkj,-7624619677184206609,,,,,,,,,,,,,,,,,,,,,,,,,,,,,,,,,,,,,,,,,,,,,,,,,,,,,,,,,,
"swimming pool contractor, 70121, New Orleans, LA, US",LA Pools and Spas,La Pools And Spas,https://www.lapoolsandspasinc.com/,Swimming pool contractor,Swimming pool contractor,Swimming pool contractor,+1 504-224-0178,mobile,CELLCO PARTNERSHIP DBA VERIZON WIRELESS - LA,,"2323 Bainbridge St Bldg 2 Suite 13, Kenner, LA 70062",None,2323 Bainbridge St Bldg 2 Suite 13,Kenner,70062,Louisiana,Louisiana,United States of America,US,29.9994291,-90.2507016,89444654d13ffff,America/Chicago,,False,4.3,50.0,https://search.google.com/local/reviews?placeid=ChIJS4e4wTawIIYRyHNWEz_Bx7A&q=*&authuser=0&hl=en&gl=US,,,7.0,1.0,2.0,0.0,40.0,36.0,https://lh3.googleusercontent.com/p/AF1QipP9fyzMcAS2d5f12ROI3wSTVM17oQmCsQQMxr1G=w800-h500-k-no,https://lh3.googleusercontent.com/p/AF1QipP9fyzMcAS2d5f12ROI3wSTVM17oQmCsQQMxr1G=w1600-h1000-k-no,,"{""Sunday"": ""Open 24 hours"", ""Monday"": ""Open 24 hours"", ""Tuesday"": ""Open 24 hours"", ""Wednesday"": ""Open 24 hours"", ""Thursday"": ""Open 24 hours"", ""Friday"": ""Open 24 hours"", ""Saturday"": ""Open 24 hours""}","Sunday,Open 24 hours|Monday,Open 24 hours|Tuesday,Open 24 hours|Wednesday,Open 24 hours|Thursday,Open 24 hours|Friday,Open 24 hours|Saturday,Open 24 hours",Sunday:Open 24 hours|Monday:Open 24 hours|Tuesday:Open 24 hours|Wednesday:Open 24 hours|Thursday:Open 24 hours|Friday:Open 24 hours|Saturday:Open 24 hours,,,OPERATIONAL,"{""Amenities"": {""Gender-neutral restroom"": true}}",,,,https://lh4.googleusercontent.com/-khlPw2R9T7M/AAAAAAAAAAI/AAAAAAAAAAA/XOpoaT-6N2Y/s44-p-k-no-ns-nd/photo.jpg,,,True,116544907501167054924,LA Pools and Spas,https://www.google.com/maps/contrib/116544907501167054924,,https://forms.gle/SQEp8JnHdKxRpD5Q7,,https://forms.gle/SQEp8JnHdKxRpD5Q7,"https://www.google.com/maps/place/LA+Pools+and+Spas/@29.9994291,-90.2507016,14z/data=!4m8!1m2!2m1!1sLA+Pools+and+Spas!3m4!1s0x8620b036c1b8874b:0xb0c7c13f135673c8!8m2!3d29.9994291!4d-90.2507016","https://www.google.com/maps/place/LA+Pools+and+Spas/@29.9994291,-90.2507016,13.99z/data=!4m16!1m7!3m6!1s0x8620b036c1b8874b:0xb0c7c13f135673c8!2sLA+Pools+and+Spas!8m2!3d29.9994291!4d-90.2507016!16s%2Fg%2F11ckvg1dmb!3m7!1s0x8620b036c1b8874b:0xb0c7c13f135673c8!8m2!3d29.9994291!4d-90.2507016!9m1!1b1!16s%2Fg%2F11ckvg1dmb?entry=ttu",ChIJS4e4wTawIIYRyHNWEz_Bx7A,0x8620b036c1b8874b:0xb0c7c13f135673c8,12738362547692270536,/g/1tnblhg5,-5708381526017281080,,laps55@yahoo.com,RECEIVING,SMTP validated,,,,,,rob.lapoolsandspas@gmail.com,RECEIVING,Verified,,,,,,,,,,,,,,5046691470,mobile,,,5042240178,mobile,CELLCO PARTNERSHIP DBA VERIZON WIRELESS - LA,,,,,,https://facebook.com/810777845797124,,,,,,,,,,https://twitter.com/intent/,,,,,"Contact LA Pools & Spas | Kenner, LA",Wix.com Website Builder,"Contact LA Pools & Spas for expert in-ground pool services in Baton Rouge, LA. Fill out our form or call for more info.","in-ground pool installation, custom pool design, pool contractors Kenner LA, Baton Rouge, swimming pool installation Slidell, gunite pool construction, travertine pool decking, residential pool services, free pool estimates Louisiana, pool renovation Louisiana, in ground pools New Orleans",False,False
"swimming pool contractor, 70121, New Orleans, LA, US",Southern Style Pool Services,Southern Style Pool Services,,Swimming pool contractor,Swimming pool contractor,Swimming pool contractor,+1 504-737-7665,landline,,,"241 Tudor Ave, New Orleans, LA 70123",None,241 Tudor Ave,New Orleans,70123,Louisiana,Louisiana,United States of America,US,29.9674382,-90.2243455,894446541b3ffff,America/Chicago,,False,,,,,,,,,,,1.0,https://streetviewpixels-pa.googleapis.com/v1/thumbnail?panoid=3_IKb3qWplLG3EpBIYfWww&cb_client=search.gws-prod.gps&w=800&h=500&yaw=137.65671&pitch=0&thumbfov=100,https://streetviewpixels-pa.googleapis.com/v1/thumbnail?panoid=3_IKb3qWplLG3EpBIYfWww&cb_client=search.gws-prod.gps&w=1600&h=1000&yaw=137.65671&pitch=0&thumbfov=100,,,,,,,OPERATIONAL,{},,,,,,,False,None,Southern Style Pool Services,,,,,,"https://www.google.com/maps/place/Southern+Style+Pool+Services/@29.9674382,-90.2243455,14z/data=!4m8!1m2!2m1!1sSouthern+Style+Pool+Services!3m4!1s0x8620ba0207befd35:0x9d7845ec44b9c42c!8m2!3d29.9674382!4d-90.2243455","https://www.google.com/maps/place/Southern+Style+Pool+Services/@29.9674382,-90.2243455,13.99z/data=!4m16!1m7!3m6!1s0x8620ba0207befd35:0x9d7845ec44b9c42c!2sSouthern+Style+Pool+Services!8m2!3d29.9674382!4d-90.2243455!16s%2Fg%2F11ckvg1dmb!3m7!1s0x8620ba0207befd35:0x9d7845ec44b9c42c!8m2!3d29.9674382!4d-90.2243455!9m1!1b1!16s%2Fg%2F11ckvg1dmb?entry=ttu",ChIJNf2-BwK6IIYRLMS5ROxFeJ0,0x8620ba0207befd35:0x9d7845ec44b9c42c,11346896142227588140,/g/12618nrx0,None,,,,,,,,,,,,,,,,,,,,,,,,,,,,,,,,,,,,,,,,,,,,,,,,,,,,,,,,,,
"swimming pool contractor, 70121, New Orleans, LA, US",Rusty's Swimming Pool Services Inc.,Rustys Swimming Pool Services,,Swimming pool contractor,Swimming pool contractor,Swimming pool contractor,+1 504-452-8986,mobile,"NEW CINGULAR WIRELESS PCS, LLC - GA",,"4012 Berot Dr, Metairie, LA 70002",None,4012 Berot Dr,Metairie,70002,Louisiana,Louisiana,United States of America,US,30.012635,-90.1761889,894446559d3ffff,America/Chicago,,False,3.3,3.0,https://search.google.com/local/reviews?placeid=ChIJBUvzQk6wIIYRjYpqLo21qIs&q=*&authuser=0&hl=en&gl=US,,,1.0,0.0,0.0,1.0,1.0,7.0,https://lh3.googleusercontent.com/gps-cs-s/AG0ilSzKN3pboXEC__O8UM3_2ThSK_Mvp9NuvavQt_gn7CrxWrIsuKGCr-w3u7ECl5hOmYnOYKmEHNK424KF9qRLMTDgD5ao9tcFl5WP8sgAvMGkjz1aBLktYqT2AX99Uklr3DvTIvga=w800-h500-k-no,https://lh3.googleusercontent.com/gps-cs-s/AG0ilSzKN3pboXEC__O8UM3_2ThSK_Mvp9NuvavQt_gn7CrxWrIsuKGCr-w3u7ECl5hOmYnOYKmEHNK424KF9qRLMTDgD5ao9tcFl5WP8sgAvMGkjz1aBLktYqT2AX99Uklr3DvTIvga=w1600-h1000-k-no,,"{""Sunday"": ""Closed"", ""Monday"": ""Open 24 hours"", ""Tuesday"": ""Open 24 hours"", ""Wednesday"": ""Open 24 hours"", ""Thursday"": ""Open 24 hours"", ""Friday"": ""Open 24 hours"", ""Saturday"": ""Open 24 hours""}","Sunday,|Monday,Open 24 hours|Tuesday,Open 24 hours|Wednesday,Open 24 hours|Thursday,Open 24 hours|Friday,Open 24 hours|Saturday,Open 24 hours",Sunday:Closed|Monday:Open 24 hours|Tuesday:Open 24 hours|Wednesday:Open 24 hours|Thursday:Open 24 hours|Friday:Open 24 hours|Saturday:Open 24 hours,,,OPERATIONAL,{},,,,,,,False,None,Rusty's Swimming Pool Services Inc.,,,,,,"https://www.google.com/maps/place/Rusty%27s+Swimming+Pool+Services+Inc./@30.012635,-90.1761889,14z/data=!4m8!1m2!2m1!1sRusty%27s+Swimming+Pool+Services+Inc.!3m4!1s0x8620b04e42f34b05:0x8ba8b58d2e6a8a8d!8m2!3d30.012635!4d-90.1761889","https://www.google.com/maps/place/Rusty%27s+Swimming+Pool+Services+Inc./@30.012635,-90.1761889,13.99z/data=!4m16!1m7!3m6!1s0x8620b04e42f34b05:0x8ba8b58d2e6a8a8d!2sRusty%27s+Swimming+Pool+Services+Inc.!8m2!3d30.012635!4d-90.1761889!16s%2Fg%2F11ckvg1dmb!3m7!1s0x8620b04e42f34b05:0x8ba8b58d2e6a8a8d!8m2!3d30.012635!4d-90.1761889!9m1!1b1!16s%2Fg%2F11ckvg1dmb?entry=ttu",ChIJBUvzQk6wIIYRjYpqLo21qIs,0x8620b04e42f34b05:0x8ba8b58d2e6a8a8d,10063492985333123725,/g/1tl1j7j7,-8383251088376427891,,,,,,,,,,,,,,,,,,,,,,,,,,,,,,,,,,,,,,,,,,,,,,,,,,,,,,,,,,
"swimming pool contractor, 70121, New Orleans, LA, US",Steve's Pool Services & Repair,Steves Pool Services And Repair,,Swimming pool contractor,Swimming pool contractor,Swimming pool contractor,+1 504-236-5466,mobile,T-Mobile USA Inc.,,"121 Celeste Ave, River Ridge, LA 70123",None,121 Celeste Ave,River Ridge,70123,Louisiana,Louisiana,United States of America,US,29.9639071,-90.2223594,89444656a4bffff,America/Chicago,,False,2.3,3.0,https://search.google.com/local/reviews?placeid=ChIJyfTU6AK6IIYRjLPh5z4D4m0&q=*&authuser=0&hl=en&gl=US,,,2.0,0.0,0.0,0.0,1.0,6.0,https://lh3.googleusercontent.com/p/AF1QipNxqviCh1JeTlDdzcYADqmVcLRbS04LCMkD-ZdK=w800-h500-k-no,https://lh3.googleusercontent.com/p/AF1QipNxqviCh1JeTlDdzcYADqmVcLRbS04LCMkD-ZdK=w1600-h1000-k-no,,"{""Sunday"": ""Closed"", ""Monday"": ""7:43AM-7:43PM"", ""Tuesday"": ""7:43AM-7:43PM"", ""Wednesday"": ""7:43AM-7:43PM"", ""Thursday"": ""7:43AM-7:43PM"", ""Friday"": ""7:43AM-7:43PM"", ""Saturday"": ""7:43AM-7:43PM""}","Sunday,|Monday,7:43AM,7:43PM|Tuesday,7:43AM,7:43PM|Wednesday,7:43AM,7:43PM|Thursday,7:43AM,7:43PM|Friday,7:43AM,7:43PM|Saturday,7:43AM,7:43PM",Sunday:Closed|Monday:7:43AM-7:43PM|Tuesday:7:43AM-7:43PM|Wednesday:7:43AM-7:43PM|Thursday:7:43AM-7:43PM|Friday:7:43AM-7:43PM|Saturday:7:43AM-7:43PM,,,OPERATIONAL,{},,,,https://lh6.googleusercontent.com/-TJhnv0D9pbg/AAAAAAAAAAI/AAAAAAAAAAA/tMQeIjyLzxw/s44-p-k-no-ns-nd/photo.jpg,,,True,104280816868049357472,Steve's Pool Services & Repair,https://www.google.com/maps/contrib/104280816868049357472,,,,,"https://www.google.com/maps/place/Steve%27s+Pool+Services+%26+Repair/@29.9639071,-90.2223594,14z/data=!4m8!1m2!2m1!1sSteve%27s+Pool+Services+%26+Repair!3m4!1s0x8620ba02e8d4f4c9:0x6de2033ee7e1b38c!8m2!3d29.9639071!4d-90.2223594","https://www.google.com/maps/place/Steve%27s+Pool+Services+%26+Repair/@29.9639071,-90.2223594,13.99z/data=!4m16!1m7!3m6!1s0x8620ba02e8d4f4c9:0x6de2033ee7e1b38c!2sSteve%27s+Pool+Services+%26+Repair!8m2!3d29.9639071!4d-90.2223594!16s%2Fg%2F11ckvg1dmb!3m7!1s0x8620ba02e8d4f4c9:0x6de2033ee7e1b38c!8m2!3d29.9639071!4d-90.2223594!9m1!1b1!16s%2Fg%2F11ckvg1dmb?entry=ttu",ChIJyfTU6AK6IIYRjLPh5z4D4m0,0x8620ba02e8d4f4c9:0x6de2033ee7e1b38c,7917894663583937420,/g/1w3w3d0_,7917894663583937420,,,,,,,,,,,,,,,,,,,,,,,,,,,,,,,,,,,,,,,,,,,,,,,,,,,,,,,,,,
"swimming pool contractor, 70121, New Orleans, LA, US",Flamingo Pools Nola,Flamingo Pools Nola,,Swimming pool contractor,Swimming pool contractor,Swimming pool contractor,+1 504-782-5178,mobile,T-Mobile USA Inc.,,"4625 Cleveland Pl, Metairie, LA 70003",None,4625 Cleveland Pl,Metairie,70003,Louisiana,Louisiana,United States of America,US,30.0212342,-90.2102705,89444654a37ffff,America/Chicago,,False,,,,,,,,,,,6.0,https://lh3.googleusercontent.com/p/AF1QipOB6SqtVbm0_3L3Tn9TlQHk3NRDbuvIr5iLn_lq=w800-h500-k-no,https://lh3.googleusercontent.com/p/AF1QipOB6SqtVbm0_3L3Tn9TlQHk3NRDbuvIr5iLn_lq=w1600-h1000-k-no,,"{""Sunday"": ""Open 24 hours"", ""Monday"": ""Open 24 hours"", ""Tuesday"": ""Open 24 hours"", ""Wednesday"": ""Open 24 hours"", ""Thursday"": ""Open 24 hours"", ""Friday"": ""Open 24 hours"", ""Saturday"": ""Open 24 hours""}","Sunday,Open 24 hours|Monday,Open 24 hours|Tuesday,Open 24 hours|Wednesday,Open 24 hours|Thursday,Open 24 hours|Friday,Open 24 hours|Saturday,Open 24 hours",Sunday:Open 24 hours|Monday:Open 24 hours|Tuesday:Open 24 hours|Wednesday:Open 24 hours|Thursday:Open 24 hours|Friday:Open 24 hours|Saturday:Open 24 hours,,,OPERATIONAL,{},,,,https://lh3.googleusercontent.com/-Z1ToO6ep3Ag/AAAAAAAAAAI/AAAAAAAAAAA/vLjx6ChSaTg/s44-p-k-no-ns-nd/photo.jpg,,,True,116843604628059323466,Flamingo Pools Nola,https://www.google.com/maps/contrib/116843604628059323466,,,,,"https://www.google.com/maps/place/Flamingo+Pools+Nola/@30.0212342,-90.2102705,14z/data=!4m8!1m2!2m1!1sFlamingo+Pools+Nola!3m4!1s0x212505d16036b18d:0x45cc67fb6b8855a4!8m2!3d30.0212342!4d-90.2102705","https://www.google.com/maps/place/Flamingo+Pools+Nola/@30.0212342,-90.2102705,13.99z/data=!4m16!1m7!3m6!1s0x212505d16036b18d:0x45cc67fb6b8855a4!2sFlamingo+Pools+Nola!8m2!3d30.0212342!4d-90.2102705!16s%2Fg%2F11ckvg1dmb!3m7!1s0x212505d16036b18d:0x45cc67fb6b8855a4!8m2!3d30.0212342!4d-90.2102705!9m1!1b1!16s%2Fg%2F11ckvg1dmb?entry=ttu",ChIJjbE2YNEFJSERpFWIa_tnzEU,0x212505d16036b18d:0x45cc67fb6b8855a4,5029509213404550564,/g/11s56xt7zl,None,,,,,,,,,,,,,,,,,,,,,,,,,,,,,,,,,,,,,,,,,,,,,,,,,,,,,,,,,,
"swimming pool contractor, 70121, New Orleans, LA, US",Southern Style Pool Services,Southern Style Pool Services,https://www.aquaticsconnect.com/harahan/services-vendors/southern-style-pool-services,Swimming pool contractor,Swimming pool contractor,Swimming pool contractor,+1 504-737-7665,landline,,,"58 W Imperial Dr, Harahan, LA 70123",None,58 W Imperial Dr,Harahan,70123,Louisiana,Louisiana,United States of America,US,29.9294041,-90.20403639999999,8944465448fffff,America/Chicago,,False,,,,,,,,,,,1.0,https://streetviewpixels-pa.googleapis.com/v1/thumbnail?panoid=xIt12rHW3fAHHmnRCa6I9w&cb_client=search.gws-prod.gps&w=800&h=500&yaw=276.35352&pitch=0&thumbfov=100,https://streetviewpixels-pa.googleapis.com/v1/thumbnail?panoid=xIt12rHW3fAHHmnRCa6I9w&cb_client=search.gws-prod.gps&w=1600&h=1000&yaw=276.35352&pitch=0&thumbfov=100,,,,,,,OPERATIONAL,{},,,,,,,False,None,Southern Style Pool Services,,,,,,"https://www.google.com/maps/place/Southern+Style+Pool+Services/@29.9294041,-90.20403639999999,14z/data=!4m8!1m2!2m1!1sSouthern+Style+Pool+Services!3m4!1s0x8620ba4afa54b847:0x71cd593675cd3700!8m2!3d29.9294041!4d-90.20403639999999","https://www.google.com/maps/place/Southern+Style+Pool+Services/@29.9294041,-90.20403639999999,13.99z/data=!4m16!1m7!3m6!1s0x8620ba4afa54b847:0x71cd593675cd3700!2sSouthern+Style+Pool+Services!8m2!3d29.9294041!4d-90.20403639999999!16s%2Fg%2F11ckvg1dmb!3m7!1s0x8620ba4afa54b847:0x71cd593675cd3700!8m2!3d29.9294041!4d-90.20403639999999!9m1!1b1!16s%2Fg%2F11ckvg1dmb?entry=ttu",ChIJR7hU-kq6IIYRADfNdTZZzXE,0x8620ba4afa54b847:0x71cd593675cd3700,8200308586951030528,/g/1tt8cmlq,None,,support@aquaticsconnect.com,RECEIVING,Role,,,,,,jane@aquaticsconnect.com,INVALID,Undeliverable,,,,,,,,,,,,,,15164050676,landline,,,5164050676,landline,,,,,,,https://www.facebook.com/AquaticsConnect/,https://www.instagram.com/aquaticsconnect,,,,,,,,,https://twitter.com/the_safety_dad,,https://www.youtube.com/channel/UCyZQM0iu61TBL-tuZBR4jVQ,,,Terms of Use - Aquatics Connect,,Read Aquatics Connect terms of use.,"aquatics,aquatics places and service",False,False
"swimming pool contractor, 70121, New Orleans, LA, US",J's Pool Services,Js Pool Services,,Swimming pool contractor,Swimming pool contractor,Swimming pool contractor,+1 504-305-4562,landline,,,"2340 Massachusetts Ave, Metairie, LA 70003",None,2340 Massachusetts Ave,Metairie,70003,Louisiana,Louisiana,United States of America,US,29.9987012,-90.23060129999999,8944465489bffff,America/Chicago,,False,3.0,1.0,https://search.google.com/local/reviews?placeid=ChIJ51ibPza3IIYR-s2jJYRBYqs&q=*&authuser=0&hl=en&gl=US,,,0.0,0.0,1.0,0.0,0.0,1.0,https://streetviewpixels-pa.googleapis.com/v1/thumbnail?panoid=h8LdkrmOOuiX-JDi0vUtVQ&cb_client=search.gws-prod.gps&w=800&h=500&yaw=285.90057&pitch=0&thumbfov=100,https://streetviewpixels-pa.googleapis.com/v1/thumbnail?panoid=h8LdkrmOOuiX-JDi0vUtVQ&cb_client=search.gws-prod.gps&w=1600&h=1000&yaw=285.90057&pitch=0&thumbfov=100,,"{""Sunday"": ""Closed"", ""Monday"": ""8AM-5PM"", ""Tuesday"": ""8AM-5PM"", ""Wednesday"": ""8AM-5PM"", ""Thursday"": ""8AM-5PM"", ""Friday"": ""8AM-5PM"", ""Saturday"": ""Closed""}","Sunday,|Monday,8AM,5PM|Tuesday,8AM,5PM|Wednesday,8AM,5PM|Thursday,8AM,5PM|Friday,8AM,5PM|Saturday,",Sunday:Closed|Monday:8AM-5PM|Tuesday:8AM-5PM|Wednesday:8AM-5PM|Thursday:8AM-5PM|Friday:8AM-5PM|Saturday:Closed,,,OPERATIONAL,{},,,,,,,False,None,J's Pool Services,,,,,,"https://www.google.com/maps/place/J%27s+Pool+Services/@29.9987012,-90.23060129999999,14z/data=!4m8!1m2!2m1!1sJ%27s+Pool+Services!3m4!1s0x8620b7363f9b58e7:0xab62418425a3cdfa!8m2!3d29.9987012!4d-90.23060129999999","https://www.google.com/maps/place/J%27s+Pool+Services/@29.9987012,-90.23060129999999,13.99z/data=!4m16!1m7!3m6!1s0x8620b7363f9b58e7:0xab62418425a3cdfa!2sJ%27s+Pool+Services!8m2!3d29.9987012!4d-90.23060129999999!16s%2Fg%2F11ckvg1dmb!3m7!1s0x8620b7363f9b58e7:0xab62418425a3cdfa!8m2!3d29.9987012!4d-90.23060129999999!9m1!1b1!16s%2Fg%2F11ckvg1dmb?entry=ttu",ChIJ51ibPza3IIYR-s2jJYRBYqs,0x8620b7363f9b58e7:0xab62418425a3cdfa,12349505164026301946,/g/1td25t9j,-6097238909683249670,,,,,,,,,,,,,,,,,,,,,,,,,,,,,,,,,,,,,,,,,,,,,,,,,,,,,,,,,,
"swimming pool contractor, 70121, New Orleans, LA, US",Lousiana leaking detection,Lousiana Leaking Detection,https://sites.google.com/view/leaking-detection/home,"Swimming pool contractor, Swimming pool repair service",Swimming pool repair service,Swimming pool contractor,+1 504-446-4235,mobile,T-Mobile USA Inc.,,"4117 Ole Miss Dr, Kenner, LA 70065",None,4117 Ole Miss Dr,Kenner,70065,Louisiana,Louisiana,United States of America,US,30.037967499999997,-90.2623814,8944460941bffff,America/Chicago,,False,4.9,119.0,https://search.google.com/local/reviews?placeid=ChIJWfFnkTnS3S8RC_jjvBLvPPY&q=*&authuser=0&hl=en&gl=US,,,2.0,0.0,0.0,0.0,117.0,54.0,https://lh3.googleusercontent.com/gps-cs-s/AG0ilSy3sRBhhhvLKp06zvhw01FkqBZzSQiL5PxiBSDEn8Ub7GhNTpLvX4o_9UzO2SFTRwrGT-CXxo2BMMeuOljnH7QB9FDzWE0YITrTiVuUcc4VJ1WMIOFS2xEqRcYciool5azmTa96fw=w800-h500-k-no,https://lh3.googleusercontent.com/gps-cs-s/AG0ilSy3sRBhhhvLKp06zvhw01FkqBZzSQiL5PxiBSDEn8Ub7GhNTpLvX4o_9UzO2SFTRwrGT-CXxo2BMMeuOljnH7QB9FDzWE0YITrTiVuUcc4VJ1WMIOFS2xEqRcYciool5azmTa96fw=w1600-h1000-k-no,,"{""Sunday"": ""Open 24 hours"", ""Monday"": ""Open 24 hours"", ""Tuesday"": ""Open 24 hours"", ""Wednesday"": ""Open 24 hours"", ""Thursday"": ""Open 24 hours"", ""Friday"": ""Open 24 hours"", ""Saturday"": ""Open 24 hours""}","Sunday,Open 24 hours|Monday,Open 24 hours|Tuesday,Open 24 hours|Wednesday,Open 24 hours|Thursday,Open 24 hours|Friday,Open 24 hours|Saturday,Open 24 hours",Sunday:Open 24 hours|Monday:Open 24 hours|Tuesday:Open 24 hours|Wednesday:Open 24 hours|Thursday:Open 24 hours|Friday:Open 24 hours|Saturday:Open 24 hours,,,OPERATIONAL,"{""Accessibility"": {""Wheelchair accessible parking lot"": true}}",,,,https://lh3.googleusercontent.com/-CEfBzlSh5Q8/AAAAAAAAAAI/AAAAAAAAAAA/ytmalfJFa2Q/s44-p-k-no-ns-nd/photo.jpg,,,True,116865294000625687513,Lousiana leaking detection,https://www.google.com/maps/contrib/116865294000625687513,,,,,"https://www.google.com/maps/place/Lousiana+leaking+detection/@30.037967499999997,-90.2623814,14z/data=!4m8!1m2!2m1!1sLousiana+leaking+detection!3m4!1s0x2fddd2399167f159:0xf63cef12bce3f80b!8m2!3d30.037967499999997!4d-90.2623814","https://www.google.com/maps/place/Lousiana+leaking+detection/@30.037967499999997,-90.2623814,13.99z/data=!4m16!1m7!3m6!1s0x2fddd2399167f159:0xf63cef12bce3f80b!2sLousiana+leaking+detection!8m2!3d30.037967499999997!4d-90.2623814!16s%2Fg%2F11ckvg1dmb!3m7!1s0x2fddd2399167f159:0xf63cef12bce3f80b!8m2!3d30.037967499999997!4d-90.2623814!9m1!1b1!16s%2Fg%2F11ckvg1dmb?entry=ttu",ChIJWfFnkTnS3S8RC_jjvBLvPPY,0x2fddd2399167f159:0xf63cef12bce3f80b,17743319495690418187,/g/11vs8b6dkk,-703424578019133429,,h.weiner@4gig.com,INVALID,Invalid SMTP,Howard Weiner,Howard,Weiner,Chief Operating Offr,13127872345,stryba@4gig.com,INVALID,Cannot validate,Steve Tryba,Steve,Tryba,Owner,,tryba@4gig.com,INVALID,Cannot validate,,,,Owner,,19105815540,mobile,CELLCO PARTNERSHIP DBA VERIZON WIRELESS - NC,,9197579321,landline,,,9197634402,,landline,,,,,,,,,,,,,,,,https://www.crunchbase.com/organization/delta-landscapes,Delta landscapes,WordPress 6.0.3,"Premier landscaping services in Nashville, Tennessee. We specialize in creating beautiful and sustainable landscapes for residential and commercial properties.","landscaping, nashville, tennessee",False,False
"swimming pool contractor, 70121, New Orleans, LA, US",Ladner's Pools,Ladners Pools,https://ladnerspools.com/,"Swimming pool contractor, Air conditioning contractor, HVAC contractor, Pool cleaning service, Public swimming pool, Swimming pool repair service",attractions,Swimming pool contractor,+1 504-887-4822,landline,"COMCAST PHONE OF LOUISIANA, LL",,"4108 Sanford St, Metairie, LA 70002",None,4108 Sanford St,Metairie,70002,Louisiana,Louisiana,United States of America,US,30.0013777,-90.17691359999999,89444655d47ffff,America/Chicago,,False,2.8,4.0,https://search.google.com/local/reviews?placeid=ChIJd3q2R0OwIIYRtSnONGOzQs0&q=*&authuser=0&hl=en&gl=US,,,1.0,0.0,2.0,1.0,0.0,4.0,https://lh3.googleusercontent.com/p/AF1QipO9DS_T0FAp2db6PGs7pQOuf0U1uFxDlBjdyPM-=w800-h500-k-no,https://lh3.googleusercontent.com/p/AF1QipO9DS_T0FAp2db6PGs7pQOuf0U1uFxDlBjdyPM-=w1600-h1000-k-no,,"{""Sunday"": ""12-4PM"", ""Monday"": ""9AM-5PM"", ""Tuesday"": ""9AM-5PM"", ""Wednesday"": ""9AM-5PM"", ""Thursday"": ""9AM-5PM"", ""Friday"": ""9AM-5PM"", ""Saturday"": ""9AM-5PM""}","Sunday,12,4PM|Monday,9AM,5PM|Tuesday,9AM,5PM|Wednesday,9AM,5PM|Thursday,9AM,5PM|Friday,9AM,5PM|Saturday,9AM,5PM",Sunday:12-4PM|Monday:9AM-5PM|Tuesday:9AM-5PM|Wednesday:9AM-5PM|Thursday:9AM-5PM|Friday:9AM-5PM|Saturday:9AM-5PM,,,OPERATIONAL,{},,,,https://lh4.googleusercontent.com/-FMYwFk5khE0/AAAAAAAAAAI/AAAAAAAAAAA/1dxYIN6ea18/s44-p-k-no-ns-nd/photo.jpg,,,True,101366695465204063202,Ladner's Pools,https://www.google.com/maps/contrib/101366695465204063202,,,,,"https://www.google.com/maps/place/Ladner%27s+Pools/@30.0013777,-90.17691359999999,14z/data=!4m8!1m2!2m1!1sLadner%27s+Pools!3m4!1s0x8620b04347b67a77:0xcd42b36334ce29b5!8m2!3d30.0013777!4d-90.17691359999999","https://www.google.com/maps/place/Ladner%27s+Pools/@30.0013777,-90.17691359999999,13.99z/data=!4m16!1m7!3m6!1s0x8620b04347b67a77:0xcd42b36334ce29b5!2sLadner%27s+Pools!8m2!3d30.0013777!4d-90.17691359999999!16s%2Fg%2F11ckvg1dmb!3m7!1s0x8620b04347b67a77:0xcd42b36334ce29b5!8m2!3d30.0013777!4d-90.17691359999999!9m1!1b1!16s%2Fg%2F11ckvg1dmb?entry=ttu",ChIJd3q2R0OwIIYRtSnONGOzQs0,0x8620b04347b67a77:0xcd42b36334ce29b5,14790581364907190709,/g/1tscpcfp,-3656162708802360907,,sales@ladners.com,INVALID,Invalid SMTP,,,,,,service@ladners.com,INVALID,Invalid SMTP,,,,,,,,,,,,,,,,,,,,,,,,,,,,,,,,,,,,,,,,,Home Page 2 — Ladners Online,,"1517 Dickory Ave. Harahan, LA 70123 Email - Sales@ladners.com Email - Service@ladners.com Main Office - 504-733-4090 Fax - 504-733-4052 Toll Free - 1-800-256-1551 Emergency - 1-800-395-8479",,False,False
"swimming pool contractor, 70121, New Orleans, LA, US",Miller Outdoors,Miller Outdoors,https://www.milleroutdoorsnola.com/%3Futm_campaign%3Dgmb,"Swimming pool contractor, Landscape designer",Swimming pool contractor,Swimming pool contractor,+1 504-230-6479,mobile,T-Mobile USA Inc.,,"319 David Dr, Metairie, LA 70003",None,319 David Dr,Metairie,70003,Louisiana,Louisiana,United States of America,US,29.980438799999998,-90.2114015,89444654167ffff,America/Chicago,,False,5.0,80.0,https://search.google.com/local/reviews?placeid=ChIJyTxKrmOxIIYRieL8q4YKFkE&q=*&authuser=0&hl=en&gl=US,,,1.0,0.0,0.0,0.0,79.0,101.0,https://lh3.googleusercontent.com/p/AF1QipMDyp2Hqaw2DuYXIVRs1XrZMxX28Z7ZRLuCFdPv=w800-h500-k-no,https://lh3.googleusercontent.com/p/AF1QipMDyp2Hqaw2DuYXIVRs1XrZMxX28Z7ZRLuCFdPv=w1600-h1000-k-no,,"{""Sunday"": ""Closed"", ""Monday"": ""9AM-5PM"", ""Tuesday"": ""9AM-5PM"", ""Wednesday"": ""9AM-5PM"", ""Thursday"": ""9AM-5PM"", ""Friday"": ""9AM-5PM"", ""Saturday"": ""Closed""}","Sunday,|Monday,9AM,5PM|Tuesday,9AM,5PM|Wednesday,9AM,5PM|Thursday,9AM,5PM|Friday,9AM,5PM|Saturday,",Sunday:Closed|Monday:9AM-5PM|Tuesday:9AM-5PM|Wednesday:9AM-5PM|Thursday:9AM-5PM|Friday:9AM-5PM|Saturday:Closed,,,OPERATIONAL,"{""Service options"": {""Onsite services"": true}, ""Crowd"": {""LGBTQ+ friendly"": true, ""Transgender safespace"": true}, ""Other"": {""LGBTQ+ friendly"": true}}",,,,https://lh3.googleusercontent.com/-WIWOM9_zUoM/AAAAAAAAAAI/AAAAAAAAAAA/JhbdDGvBtKY/s44-p-k-no-ns-nd/photo.jpg,,,True,114710888833302299272,Miller Outdoors,https://www.google.com/maps/contrib/114710888833302299272,,https://www.milleroutdoorsnola.com/contact-us/,,https://www.milleroutdoorsnola.com/contact-us/,"https://www.google.com/maps/place/Miller+Outdoors/@29.980438799999998,-90.2114015,14z/data=!4m8!1m2!2m1!1sMiller+Outdoors!3m4!1s0x8620b163ae4a3cc9:0x41160a86abfce289!8m2!3d29.980438799999998!4d-90.2114015","https://www.google.com/maps/place/Miller+Outdoors/@29.980438799999998,-90.2114015,13.99z/data=!4m16!1m7!3m6!1s0x8620b163ae4a3cc9:0x41160a86abfce289!2sMiller+Outdoors!8m2!3d29.980438799999998!4d-90.2114015!16s%2Fg%2F11ckvg1dmb!3m7!1s0x8620b163ae4a3cc9:0x41160a86abfce289!8m2!3d29.980438799999998!4d-90.2114015!9m1!1b1!16s%2Fg%2F11ckvg1dmb?entry=ttu",ChIJyTxKrmOxIIYRieL8q4YKFkE,0x8620b163ae4a3cc9:0x41160a86abfce289,4689947635480322697,/g/11k_ztblln,4689947635480322697,,info@milleroutdoorsnola.com,RECEIVING,SMTP validated,,,,,,,,,,,,,,,,,,,,,,5044523131,mobile,"NEW CINGULAR WIRELESS PCS, LLC - GA",,,,,,,,,,https://facebook.com/milleroutdoorsnola,https://instagram.com/p,,,,,,,,,,,https://www.youtube.com/channel/UCJ9J6yyGF60kPBAfAyUZEXg/,,,New Orleans LA's #1 Outdoor Living Contractor,,"At Miller Outdoors, we pride ourselves on being the best outdoor living construction company there is.",,False,False
"swimming pool contractor, 70121, New Orleans, LA, US",SaltPoolGuys.com,Saltpoolguys Com,http://www.saltpoolguys.com/,Swimming pool supply store,Swimming pool supply store,Swimming pool supply store,+1 888-725-8766,toll_free,,,"2636 Edenborn Ave, Metairie, LA 70002",None,2636 Edenborn Ave,Metairie,70002,Louisiana,Louisiana,United States of America,US,30.000418099999997,-90.162741,8944465588bffff,America/Chicago,,False,5.0,25.0,https://search.google.com/local/reviews?placeid=ChIJ5ZU_GuaxIIYRExdf6AKOES0&q=*&authuser=0&hl=en&gl=US,,,0.0,0.0,0.0,0.0,25.0,3.0,https://lh3.googleusercontent.com/gps-cs-s/AG0ilSw8crU0OwmKNxPQq0tLz344hxChiKUPfir82CPLKv1iWOBIqr44byrLSV3L3NDdqttXL3a8nLZuwaGzBpaNQEfU4YJ7pxF2lzSiEdGc-ue3eQwQDUYKqM8Z1suBP6_bziIqmqrPozSPXJ0=w800-h500-k-no,https://lh3.googleusercontent.com/gps-cs-s/AG0ilSw8crU0OwmKNxPQq0tLz344hxChiKUPfir82CPLKv1iWOBIqr44byrLSV3L3NDdqttXL3a8nLZuwaGzBpaNQEfU4YJ7pxF2lzSiEdGc-ue3eQwQDUYKqM8Z1suBP6_bziIqmqrPozSPXJ0=w1600-h1000-k-no,,"{""Sunday"": ""Closed"", ""Monday"": ""8:30AM-4:30PM"", ""Tuesday"": ""8:30AM-4:30PM"", ""Wednesday"": ""8:30AM-4:30PM"", ""Thursday"": ""8:30AM-4:30PM"", ""Friday"": ""8:30AM-4:30PM"", ""Saturday"": ""Closed""}","Sunday,|Monday,8:30AM,4:30PM|Tuesday,8:30AM,4:30PM|Wednesday,8:30AM,4:30PM|Thursday,8:30AM,4:30PM|Friday,8:30AM,4:30PM|Saturday,",Sunday:Closed|Monday:8:30AM-4:30PM|Tuesday:8:30AM-4:30PM|Wednesday:8:30AM-4:30PM|Thursday:8:30AM-4:30PM|Friday:8:30AM-4:30PM|Saturday:Closed,,,OPERATIONAL,"{""From the business"": {""Small business"": true}, ""Service options"": {""Delivery"": true}, ""Accessibility"": {""Wheelchair accessible entrance"": true, ""Wheelchair accessible parking lot"": true}, ""Planning"": {""Quick visit"": true}, ""Payments"": {""Credit cards"": true, ""Debit cards"": true}}",,,,https://lh6.googleusercontent.com/-7jrC-aLPZ_Q/AAAAAAAAAAI/AAAAAAAAAAA/o7xwNWsp2-8/s44-p-k-no-ns-nd/photo.jpg,,,True,111444293147664661543,SaltPoolGuys.com,https://www.google.com/maps/contrib/111444293147664661543,,,,,"https://www.google.com/maps/place/SaltPoolGuys.com/@30.000418099999997,-90.162741,14z/data=!4m8!1m2!2m1!1sSaltPoolGuys.com!3m4!1s0x8620b1e61a3f95e5:0x2d118e02e85f1713!8m2!3d30.000418099999997!4d-90.162741","https://www.google.com/maps/place/SaltPoolGuys.com/@30.000418099999997,-90.162741,13.99z/data=!4m16!1m7!3m6!1s0x8620b1e61a3f95e5:0x2d118e02e85f1713!2sSaltPoolGuys.com!8m2!3d30.000418099999997!4d-90.162741!16s%2Fg%2F11ckvg1dmb!3m7!1s0x8620b1e61a3f95e5:0x2d118e02e85f1713!8m2!3d30.000418099999997!4d-90.162741!9m1!1b1!16s%2Fg%2F11ckvg1dmb?entry=ttu",ChIJ5ZU_GuaxIIYRExdf6AKOES0,0x8620b1e61a3f95e5:0x2d118e02e85f1713,3247532949450462995,/g/11frcsm2wc,3247532949450462995,,support@saltpoolguys.com,RECEIVING,SMTP validated,,,,,,,,,,,,,,,,,,,,,,,,,,,,,,,,,,,,,,,,,,,,,,,,,SaltPoolGuys.com: AutoPilot Pool Pilot Experts,,"An authorized AutoPilot Pool Pilot & AquaCal dealer featuring replacement cells, parts, complete systems & heat pumps. Offers nationwide shipping.",,,
"swimming pool contractor, 70121, New Orleans, LA, US","Kalvins Pools & Spas - Kenner, LA",Kalvins Pools And Spas Kenner La,,"Swimming pool contractor, Service establishment",Swimming pool contractor,Swimming pool contractor,+1 601-215-4921,mobile,"NEW CINGULAR WIRELESS PCS, LLC",,,,,,,,,,,30.034979,-90.15695149999999,89444655b3bffff,America/Chicago,,True,,,,,,,,,,,,,,,,,,,,OPERATIONAL,{},,,,https://lh5.googleusercontent.com/-sI-Zd_5Z0Ug/AAAAAAAAAAI/AAAAAAAAAAA/KYZM0CR4JJg/s44-p-k-no-ns-nd/photo.jpg,,,True,116933842666982834808,"Kalvins Pools & Spas - Kenner, LA",https://www.google.com/maps/contrib/116933842666982834808,,,,,"https://www.google.com/maps/place/Kalvins+Pools+%26+Spas+-+Kenner%2C+LA/@30.034979,-90.15695149999999,14z/data=!4m8!1m2!2m1!1sKalvins+Pools+%26+Spas+-+Kenner%2C+LA!3m4!1s0x8620b65c670b1d9d:0x4d38f8699a07a3c8!8m2!3d30.034979!4d-90.15695149999999","https://www.google.com/maps/place/Kalvins+Pools+%26+Spas+-+Kenner%2C+LA/@30.034979,-90.15695149999999,13.99z/data=!4m16!1m7!3m6!1s0x8620b65c670b1d9d:0x4d38f8699a07a3c8!2sKalvins+Pools+%26+Spas+-+Kenner%2C+LA!8m2!3d30.034979!4d-90.15695149999999!16s%2Fg%2F11ckvg1dmb!3m7!1s0x8620b65c670b1d9d:0x4d38f8699a07a3c8!8m2!3d30.034979!4d-90.15695149999999!9m1!1b1!16s%2Fg%2F11ckvg1dmb?entry=ttu",ChIJnR0LZ1y2IIYRyKMHmmn4OE0,0x8620b65c670b1d9d:0x4d38f8699a07a3c8,5564470472055694280,/g/11df81kxlr,None,,,,,,,,,,,,,,,,,,,,,,,,,,,,,,,,,,,,,,,,,,,,,,,,,,,,,,,,,,
"swimming pool contractor, 70123, New Orleans, LA, US",Blue Haven Pool Builders Metairie Contractors,Blue Haven Pool Builders Metairie Contractors,https://www.bluehaven.com/new-orleans-swimming-pool-builder/,Swimming pool contractor,Swimming pool contractor,Swimming pool contractor,+1 504-455-2445,landline,"COMCAST PHONE OF LOUISIANA, LL",,"7119 Veterans Blvd, Metairie, LA 70003",None,7119 Veterans Blvd,Metairie,70003,Louisiana,Louisiana,United States of America,US,30.006252,-90.2195933,89444654853ffff,America/Chicago,,False,1.0,1.0,https://search.google.com/local/reviews?placeid=ChIJr0rRqMOwIIYRQ146RlqQXnQ&q=*&authuser=0&hl=en&gl=US,,,1.0,0.0,0.0,0.0,0.0,1.0,https://streetviewpixels-pa.googleapis.com/v1/thumbnail?panoid=WrSEo9xHVsZJLmZr1B9miQ&cb_client=search.gws-prod.gps&w=800&h=500&yaw=281.40515&pitch=0&thumbfov=100,https://streetviewpixels-pa.googleapis.com/v1/thumbnail?panoid=WrSEo9xHVsZJLmZr1B9miQ&cb_client=search.gws-prod.gps&w=1600&h=1000&yaw=281.40515&pitch=0&thumbfov=100,,,,,,,OPERATIONAL,{},,,,https://lh6.googleusercontent.com/-WkJ6M5iPbKA/AAAAAAAAAAI/AAAAAAAAAAA/kwhNJ0lblDQ/s44-p-k-no-ns-nd/photo.jpg,,,True,113797918270555380480,Blue Haven Pool Builders Metairie Contractors,https://www.google.com/maps/contrib/113797918270555380480,,,,,"https://www.google.com/maps/place/Blue+Haven+Pool+Builders+Metairie+Contractors/@30.006252,-90.2195933,14z/data=!4m8!1m2!2m1!1sBlue+Haven+Pool+Builders+Metairie+Contractors!3m4!1s0x8620b0c3a8d14aaf:0x745e905a463a5e43!8m2!3d30.006252!4d-90.2195933","https://www.google.com/maps/place/Blue+Haven+Pool+Builders+Metairie+Contractors/@30.006252,-90.2195933,13.99z/data=!4m16!1m7!3m6!1s0x8620b0c3a8d14aaf:0x745e905a463a5e43!2sBlue+Haven+Pool+Builders+Metairie+Contractors!8m2!3d30.006252!4d-90.2195933!16s%2Fg%2F11ckvg1dmb!3m7!1s0x8620b0c3a8d14aaf:0x745e905a463a5e43!8m2!3d30.006252!4d-90.2195933!9m1!1b1!16s%2Fg%2F11ckvg1dmb?entry=ttu",ChIJr0rRqMOwIIYRQ146RlqQXnQ,0x8620b0c3a8d14aaf:0x745e905a463a5e43,8385298273610128963,/g/1wcxdg19,8385298273610128963,,john@bluehavenpoolstyler.com,INVALID,Undeliverable,John Manager,John,Manager,Whse Manager,,cabluefinn@sbcglobal.net,RECEIVING,SMTP validated,Scott Finwall,Scott,Finwall,Owner,15308933322,cthalmann1@optimum.net,INVALID,Undeliverable,Craig Thalmann,Craig,Thalmann,Design Consultant,12017236725,12056554744,fixed line,"CENTURYTEL TEL AL, LLC (NORTHE",,2058342144,mobile,CELLCO PARTNERSHIP DBA VERIZON,,3342773100,CELLCO PARTNERSHIP DBA VERIZON,landline,,https://www.facebook.com/bluehavenpools,,https://www.linkedin.com/company/blue-haven-construction-llc,,,,,,,,https://twitter.com/bluehavenpools,,,,,Contact Webmaster - Submit Your Questions | Blue Haven Pools,WordPress 6.8.3,Contact webmaster for bluehaven.com,,False,False
"swimming pool contractor, 70123, New Orleans, LA, US",C&T Louisiana pool replastering company(booking will take no longer than 3 days)( we accept Credit Card),C And T Louisiana Pool Replastering Company Booking Will Take No Longer Than 3 Days We Accept Credit Card,,"Swimming pool repair service, Service establishment",Swimming pool repair service,Swimming pool repair service,+1 504-446-4235,mobile,T-Mobile USA Inc.,,,,,,,,,,,30.937373599999997,-91.40087,8944400c20fffff,America/Chicago,,True,5.0,1.0,,,,0.0,0.0,0.0,0.0,1.0,,,,,"{""Sunday"": ""Open 24 hours"", ""Monday"": ""Open 24 hours"", ""Tuesday"": ""Open 24 hours"", ""Wednesday"": ""Open 24 hours"", ""Thursday"": ""Open 24 hours"", ""Friday"": ""Open 24 hours"", ""Saturday"": ""Open 24 hours""}","Sunday,Open 24 hours|Monday,Open 24 hours|Tuesday,Open 24 hours|Wednesday,Open 24 hours|Thursday,Open 24 hours|Friday,Open 24 hours|Saturday,Open 24 hours",Sunday:Open 24 hours|Monday:Open 24 hours|Tuesday:Open 24 hours|Wednesday:Open 24 hours|Thursday:Open 24 hours|Friday:Open 24 hours|Saturday:Open 24 hours,,,OPERATIONAL,{},,,,https://lh3.googleusercontent.com/-GyFFQuiuvqg/AAAAAAAAAAI/AAAAAAAAAAA/uZ8y3PPt1tY/s44-p-k-no-ns-nd/photo.jpg,,,True,106693745489073489149,C&T Louisiana pool replastering company(booking will take no longer than 3 days)( we accept Credit Card),https://www.google.com/maps/contrib/106693745489073489149,,,,,"https://www.google.com/maps/place/C%26T+Louisiana+pool+replastering+company%28booking+will+take+no+longer+than+3+days%29%28+we+accept+Credit+Card%29/@30.937373599999997,-91.40087,14z/data=!4m8!1m2!2m1!1sC%26T+Louisiana+pool+replastering+company%28booking+will+take+no+longer+than+3+days%29%28+we+accept+Credit+Card%29!3m4!1s0x48213c015694a95d:0xcc854b73c7e9cdd7!8m2!3d30.937373599999997!4d-91.40087","https://www.google.com/maps/place/C%26T+Louisiana+pool+replastering+company%28booking+will+take+no+longer+than+3+days%29%28+we+accept+Credit+Card%29/@30.937373599999997,-91.40087,13.99z/data=!4m16!1m7!3m6!1s0x48213c015694a95d:0xcc854b73c7e9cdd7!2sC%26T+Louisiana+pool+replastering+company%28booking+will+take+no+longer+than+3+days%29%28+we+accept+Credit+Card%29!8m2!3d30.937373599999997!4d-91.40087!16s%2Fg%2F11ckvg1dmb!3m7!1s0x48213c015694a95d:0xcc854b73c7e9cdd7!8m2!3d30.937373599999997!4d-91.40087!9m1!1b1!16s%2Fg%2F11ckvg1dmb?entry=ttu",ChIJXamUVgE8IUgR183px3NLhcw,0x48213c015694a95d:0xcc854b73c7e9cdd7,14737268316287126999,/g/11y3ls26s_,None,,,,,,,,,,,,,,,,,,,,,,,,,,,,,,,,,,,,,,,,,,,,,,,,,,,,,,,,,,
"swimming pool contractor, 70123, New Orleans, LA, US",Kalvin's Pools - Louisiana,Kalvins Pools Louisiana,,"Swimming pool contractor, Service establishment",Swimming pool contractor,Swimming pool contractor,+1 985-288-7175,mobile,"VOICESTREAM GSM I, LLC",,,,,,,,,,,30.3167996,-89.552852,8944551682bffff,America/Chicago,,True,2.5,11.0,,,,7.0,0.0,0.0,0.0,4.0,,,,,,,,,,OPERATIONAL,{},,,,https://lh5.googleusercontent.com/-p7SVtA94WlA/AAAAAAAAAAI/AAAAAAAAAAA/vf2ekUghLg8/s44-p-k-no-ns-nd/photo.jpg,,,True,110791076267101973694,Kalvin's Pools - Louisiana,https://www.google.com/maps/contrib/110791076267101973694,,,,,"https://www.google.com/maps/place/Kalvin%27s+Pools+-+Louisiana/@30.3167996,-89.552852,14z/data=!4m8!1m2!2m1!1sKalvin%27s+Pools+-+Louisiana!3m4!1s0x889de771e3c63f57:0x179ba00765721596!8m2!3d30.3167996!4d-89.552852","https://www.google.com/maps/place/Kalvin%27s+Pools+-+Louisiana/@30.3167996,-89.552852,13.99z/data=!4m16!1m7!3m6!1s0x889de771e3c63f57:0x179ba00765721596!2sKalvin%27s+Pools+-+Louisiana!8m2!3d30.3167996!4d-89.552852!16s%2Fg%2F11ckvg1dmb!3m7!1s0x889de771e3c63f57:0x179ba00765721596!8m2!3d30.3167996!4d-89.552852!9m1!1b1!16s%2Fg%2F11ckvg1dmb?entry=ttu",ChIJVz_G43HnnYgRlhVyZQegmxc,0x889de771e3c63f57:0x179ba00765721596,1701129237889684886,/g/11df0n26zl,None,,,,,,,,,,,,,,,,,,,,,,,,,,,,,,,,,,,,,,,,,,,,,,,,,,,,,,,,,,
"swimming pool contractor, 70123, New Orleans, LA, US",Denex of Louisiana Inc,Denex Of Louisiana,,Swimming pool contractor,Swimming pool contractor,Swimming pool contractor,+1 504-472-6285,landline,"COMCAST PHONE OF LOUISIANA, LL",,"2237 Greenwood St, Kenner, LA 70062",None,2237 Greenwood St,Kenner,70062,Louisiana,Louisiana,United States of America,US,29.998434999999997,-90.26734049999999,8944460b67bffff,America/Chicago,,False,4.3,6.0,https://search.google.com/local/reviews?placeid=ChIJ72BmGaK3IIYRl9Q94xJx688&q=*&authuser=0&hl=en&gl=US,,,1.0,0.0,0.0,0.0,5.0,2.0,https://streetviewpixels-pa.googleapis.com/v1/thumbnail?panoid=sRwHIl9mtZomKJD_Jl8JdQ&cb_client=search.gws-prod.gps&w=800&h=500&yaw=271.444&pitch=0&thumbfov=100,https://lh3.googleusercontent.com/gps-cs-s/AG0ilSyKmCMwJqpkiS6zhIxs71xXhtFK4ofUsTf-RpXuWYHzO3k6VgEqTit5xbxVHREIKpCcvzABSttdPwqLYFPV1T0r4o2t3obfR9vvYMpoR7i2vrleHufFHWoLEU1Mj9p6c_-HJ5kT=w1600-h1000-k-no,,,,,,,OPERATIONAL,{},,,,,,,False,None,Denex of Louisiana Inc,,,,,,"https://www.google.com/maps/place/Denex+of+Louisiana+Inc/@29.998434999999997,-90.26734049999999,14z/data=!4m8!1m2!2m1!1sDenex+of+Louisiana+Inc!3m4!1s0x8620b7a2196660ef:0xcfeb7112e33dd497!8m2!3d29.998434999999997!4d-90.26734049999999","https://www.google.com/maps/place/Denex+of+Louisiana+Inc/@29.998434999999997,-90.26734049999999,13.99z/data=!4m16!1m7!3m6!1s0x8620b7a2196660ef:0xcfeb7112e33dd497!2sDenex+of+Louisiana+Inc!8m2!3d29.998434999999997!4d-90.26734049999999!16s%2Fg%2F11ckvg1dmb!3m7!1s0x8620b7a2196660ef:0xcfeb7112e33dd497!8m2!3d29.998434999999997!4d-90.26734049999999!9m1!1b1!16s%2Fg%2F11ckvg1dmb?entry=ttu",ChIJ72BmGaK3IIYRl9Q94xJx688,0x8620b7a2196660ef:0xcfeb7112e33dd497,14982192911313917079,/g/1tcwgbh6,-3464551162395634537,,,,,,,,,,,,,,,,,,,,,,,,,,,,,,,,,,,,,,,,,,,,,,,,,,,,,,,,,,
"swimming pool contractor, 70123, New Orleans, LA, US",Louisiana Pools,Louisiana Pools,,Swimming pool repair service,Swimming pool repair service,Swimming pool repair service,+1 504-669-3337,mobile,,,"4400 Belle Dr, Metairie, LA 70006",None,4400 Belle Dr,Metairie,70006,Louisiana,Louisiana,United States of America,US,30.0179069,-90.18415069999999,8944465598fffff,America/Chicago,,False,,,,,,,,,,,1.0,https://streetviewpixels-pa.googleapis.com/v1/thumbnail?panoid=_q2OwWxh7J6HrFFU1HW__A&cb_client=search.gws-prod.gps&w=800&h=500&yaw=253.43005&pitch=0&thumbfov=100,https://streetviewpixels-pa.googleapis.com/v1/thumbnail?panoid=_q2OwWxh7J6HrFFU1HW__A&cb_client=search.gws-prod.gps&w=1600&h=1000&yaw=253.43005&pitch=0&thumbfov=100,,,,,,,OPERATIONAL,{},,,,https://lh6.googleusercontent.com/-AUINxV4SPW8/AAAAAAAAAAI/AAAAAAAAAAA/yd42B6t4AcI/s44-p-k-no-ns-nd/photo.jpg,,,True,103187094722884449665,Louisiana Pools,https://www.google.com/maps/contrib/103187094722884449665,,,,,"https://www.google.com/maps/place/Louisiana+Pools/@30.0179069,-90.18415069999999,14z/data=!4m8!1m2!2m1!1sLouisiana+Pools!3m4!1s0x8620b054efeb2ae9:0x59f6423e3a02c4a6!8m2!3d30.0179069!4d-90.18415069999999","https://www.google.com/maps/place/Louisiana+Pools/@30.0179069,-90.18415069999999,13.99z/data=!4m16!1m7!3m6!1s0x8620b054efeb2ae9:0x59f6423e3a02c4a6!2sLouisiana+Pools!8m2!3d30.0179069!4d-90.18415069999999!16s%2Fg%2F11ckvg1dmb!3m7!1s0x8620b054efeb2ae9:0x59f6423e3a02c4a6!8m2!3d30.0179069!4d-90.18415069999999!9m1!1b1!16s%2Fg%2F11ckvg1dmb?entry=ttu",ChIJ6Srr71SwIIYRpsQCOj5C9lk,0x8620b054efeb2ae9:0x59f6423e3a02c4a6,6482441548675073190,/g/11c1tt71n3,None,,,,,,,,,,,,,,,,,,,,,,,,,,,,,,,,,,,,,,,,,,,,,,,,,,,,,,,,,,
"swimming pool contractor, 70123, New Orleans, LA, US",Kimbrough's Inc. Pool & Spa Builders,Kimbroughs Inc Pool And Spa Builders,https://www.kimbroughsinc.com/,"Swimming pool contractor, General contractor",General contractor,Swimming pool contractor,+1 504-273-4631,landline,,,"3314 Chateau Blvd, Kenner, LA 70065",None,3314 Chateau Blvd,Kenner,70065,Louisiana,Louisiana,United States of America,US,30.018036199999997,-90.2576584,8944460b24bffff,America/Chicago,,False,2.3,4.0,https://search.google.com/local/reviews?placeid=ChIJIfI9jgG3IIYRpKGID92TMn0&q=*&authuser=0&hl=en&gl=US,,,2.0,1.0,0.0,0.0,1.0,2.0,https://streetviewpixels-pa.googleapis.com/v1/thumbnail?panoid=IxE_Q9LNyDHPNJrEND6mYg&cb_client=search.gws-prod.gps&w=800&h=500&yaw=118.43612&pitch=0&thumbfov=100,https://lh3.googleusercontent.com/p/AF1QipNEbVHPY-7_qE1M5WNUsv-7rkt4IIN9Ej8_ScNk=w1600-h1000-k-no,,"{""Sunday"": ""9AM-5PM"", ""Monday"": ""9AM-5PM"", ""Tuesday"": ""9AM-5PM"", ""Wednesday"": ""9AM-5PM"", ""Thursday"": ""9AM-5PM"", ""Friday"": ""9AM-5PM"", ""Saturday"": ""9AM-5PM""}","Sunday,9AM,5PM|Monday,9AM,5PM|Tuesday,9AM,5PM|Wednesday,9AM,5PM|Thursday,9AM,5PM|Friday,9AM,5PM|Saturday,9AM,5PM",Sunday:9AM-5PM|Monday:9AM-5PM|Tuesday:9AM-5PM|Wednesday:9AM-5PM|Thursday:9AM-5PM|Friday:9AM-5PM|Saturday:9AM-5PM,,,OPERATIONAL,"{""Accessibility"": {""Wheelchair accessible parking lot"": true}}",,,,https://lh6.googleusercontent.com/-yVKXU7BKras/AAAAAAAAAAI/AAAAAAAAAAA/p3DrSN30Jrg/s44-p-k-no-ns-nd/photo.jpg,,,True,115174565341454414718,Kimbrough's Inc. Pool & Spa Builders,https://www.google.com/maps/contrib/115174565341454414718,,https://youtu.be/G7jbletOpqk,,https://youtu.be/G7jbletOpqk,"https://www.google.com/maps/place/Kimbrough%27s+Inc.+Pool+%26+Spa+Builders/@30.018036199999997,-90.2576584,14z/data=!4m8!1m2!2m1!1sKimbrough%27s+Inc.+Pool+%26+Spa+Builders!3m4!1s0x8620b7018e3df221:0x7d3293dd0f88a1a4!8m2!3d30.018036199999997!4d-90.2576584","https://www.google.com/maps/place/Kimbrough%27s+Inc.+Pool+%26+Spa+Builders/@30.018036199999997,-90.2576584,13.99z/data=!4m16!1m7!3m6!1s0x8620b7018e3df221:0x7d3293dd0f88a1a4!2sKimbrough%27s+Inc.+Pool+%26+Spa+Builders!8m2!3d30.018036199999997!4d-90.2576584!16s%2Fg%2F11ckvg1dmb!3m7!1s0x8620b7018e3df221:0x7d3293dd0f88a1a4!8m2!3d30.018036199999997!4d-90.2576584!9m1!1b1!16s%2Fg%2F11ckvg1dmb?entry=ttu",ChIJIfI9jgG3IIYRpKGID92TMn0,0x8620b7018e3df221:0x7d3293dd0f88a1a4,9021435581234192804,/g/1tfly7gt,9021435581234192804,,kimbroughspools@outlook.com,RECEIVING,SMTP validated,,,,,,,,,,,,,,,,,,,,,,,,,,,,,,,,,,,,,,,,,,,,,,,,,Home | Kimbrough's Inc. Pool & Spa Builders,Wix.com Website Builder,,"General, Hot, Pool, Service, Swimming, Tub, contractor, &middot;",,
"swimming pool contractor, 70125, New Orleans, LA, US",Couvillion's Landscapes,Couvillions Landscapes,https://www.couvillionslandscaping.com/,"Swimming pool contractor, Deck builder, Fence contractor, Landscape designer, Lawn care service, Landscaper",Landscaper,Swimming pool contractor,+1 504-377-6224,mobile,Verizon Wireless,True,"502 Dr Gorman Dr, Belle Chasse, LA 70037",None,502 Dr Gorman Dr,Belle Chasse,70037,Louisiana,Louisiana,United States of America,US,29.8478717,-89.9959944,89444651007ffff,America/Chicago,,False,5.0,8.0,https://search.google.com/local/reviews?placeid=ChIJQ37ZTiOxuCMRtp13J1rRvV8&q=*&authuser=0&hl=en&gl=US,,,0.0,0.0,0.0,0.0,8.0,26.0,https://lh3.googleusercontent.com/gps-cs-s/AG0ilSzyVAkXh05ID4N9xJGENrqGTwaNUf_uDII6MonzJVW0aoX6IeNWn8m_YKJYb2wbFnqOktn1z447kvz9gkNSr5_hmQRyBzER4-EoIjoiI6Cia7CkTedIQZNZKQJdsLzwpegJFYBbTzd8NLc=w800-h500-k-no,https://lh3.googleusercontent.com/gps-cs-s/AG0ilSzyVAkXh05ID4N9xJGENrqGTwaNUf_uDII6MonzJVW0aoX6IeNWn8m_YKJYb2wbFnqOktn1z447kvz9gkNSr5_hmQRyBzER4-EoIjoiI6Cia7CkTedIQZNZKQJdsLzwpegJFYBbTzd8NLc=w1600-h1000-k-no,,"{""Sunday"": ""Closed"", ""Monday"": ""7AM-6PM"", ""Tuesday"": ""7AM-6PM"", ""Wednesday"": ""7AM-6PM"", ""Thursday"": ""7AM-6PM"", ""Friday"": ""7AM-6PM"", ""Saturday"": ""10AM-4PM""}","Sunday,|Monday,7AM,6PM|Tuesday,7AM,6PM|Wednesday,7AM,6PM|Thursday,7AM,6PM|Friday,7AM,6PM|Saturday,10AM,4PM",Sunday:Closed|Monday:7AM-6PM|Tuesday:7AM-6PM|Wednesday:7AM-6PM|Thursday:7AM-6PM|Friday:7AM-6PM|Saturday:10AM-4PM,,,OPERATIONAL,{},,,,https://lh6.googleusercontent.com/-6X0RoGp0tjs/AAAAAAAAAAI/AAAAAAAAAAA/9b4WUwbn9gw/s44-p-k-no-ns-nd/photo.jpg,,,True,101908300523991474156,Couvillion's Landscapes,https://www.google.com/maps/contrib/101908300523991474156,,https://www.couvillionslandscaping.com/contact-us/,,https://www.couvillionslandscaping.com/contact-us/,"https://www.google.com/maps/place/Couvillion%27s+Landscapes/@29.8478717,-89.9959944,14z/data=!4m8!1m2!2m1!1sCouvillion%27s+Landscapes!3m4!1s0x23b8b1234ed97e43:0x5fbdd15a27779db6!8m2!3d29.8478717!4d-89.9959944","https://www.google.com/maps/place/Couvillion%27s+Landscapes/@29.8478717,-89.9959944,13.99z/data=!4m16!1m7!3m6!1s0x23b8b1234ed97e43:0x5fbdd15a27779db6!2sCouvillion%27s+Landscapes!8m2!3d29.8478717!4d-89.9959944!16s%2Fg%2F11ckvg1dmb!3m7!1s0x23b8b1234ed97e43:0x5fbdd15a27779db6!8m2!3d29.8478717!4d-89.9959944!9m1!1b1!16s%2Fg%2F11ckvg1dmb?entry=ttu",ChIJQ37ZTiOxuCMRtp13J1rRvV8,0x23b8b1234ed97e43:0x5fbdd15a27779db6,6898900389340880310,/g/11mf4n53zr,6898900389340880310,,,,,,,,,,,,,,,,,,,,,,,,,,5043865939,mobile,CSC Wireless LLC (Altice Wireless),,,,,,,,,,https://www.facebook.com/cvnlawns/,https://www.instagram.com/couvillionslandscape,,,,,,,,,,,,,,Coming Soon,wordpress,Couvillion's Landscapes is a top-tier landscaping company based in Belle Chasse serving residential & commercial clients throughout greater New Orleans. Get a quote today for your next project.,,False,False
"swimming pool contractor, 70125, New Orleans, LA, US",Gulf Solutions Contractors,Gulf Solutions Contractors,http://www.gulfsolutions.org/,"Concrete contractor, Fence contractor, Landscaper, Painter, Pool cleaning service, Remodeler, Roofing contractor, Siding contractor",Concrete contractor,Concrete contractor,,,,,"981 Polk St, New Orleans, LA 70124",Lakeview,981 Polk St,New Orleans,70124,Louisiana,Louisiana,United States of America,US,29.9988313,-90.10167709999999,89444642d4bffff,America/Chicago,,False,5.0,2.0,https://search.google.com/local/reviews?placeid=ChIJA1Cbq3GvIIYRnz1LdS44AP0&q=*&authuser=0&hl=en&gl=US,,,0.0,0.0,0.0,0.0,2.0,11.0,https://lh3.googleusercontent.com/p/AF1QipMW72UKUwpgdxc_VLMgmpdlBsS3iedKPGSIn5rA=w800-h500-k-no,https://lh3.googleusercontent.com/p/AF1QipMW72UKUwpgdxc_VLMgmpdlBsS3iedKPGSIn5rA=w1600-h1000-k-no,,"{""Sunday"": ""9AM-5PM"", ""Monday"": ""9AM-5PM"", ""Tuesday"": ""9AM-5PM"", ""Wednesday"": ""9AM-5PM"", ""Thursday"": ""9AM-5PM"", ""Friday"": ""9AM-5PM"", ""Saturday"": ""9AM-5PM""}","Sunday,9AM,5PM|Monday,9AM,5PM|Tuesday,9AM,5PM|Wednesday,9AM,5PM|Thursday,9AM,5PM|Friday,9AM,5PM|Saturday,9AM,5PM",Sunday:9AM-5PM|Monday:9AM-5PM|Tuesday:9AM-5PM|Wednesday:9AM-5PM|Thursday:9AM-5PM|Friday:9AM-5PM|Saturday:9AM-5PM,,,OPERATIONAL,{},,,,https://lh5.googleusercontent.com/-mvi-IXDm7LU/AAAAAAAAAAI/AAAAAAAAAAA/rz_ybvBwyVg/s44-p-k-no-ns-nd/photo.jpg,,,True,108790050253237483689,Gulf Solutions Contractors,https://www.google.com/maps/contrib/108790050253237483689,,,,,"https://www.google.com/maps/place/Gulf+Solutions+Contractors/@29.9988313,-90.10167709999999,14z/data=!4m8!1m2!2m1!1sGulf+Solutions+Contractors!3m4!1s0x8620af71ab9b5003:0xfd00382e754b3d9f!8m2!3d29.9988313!4d-90.10167709999999","https://www.google.com/maps/place/Gulf+Solutions+Contractors/@29.9988313,-90.10167709999999,13.99z/data=!4m16!1m7!3m6!1s0x8620af71ab9b5003:0xfd00382e754b3d9f!2sGulf+Solutions+Contractors!8m2!3d29.9988313!4d-90.10167709999999!16s%2Fg%2F11ckvg1dmb!3m7!1s0x8620af71ab9b5003:0xfd00382e754b3d9f!8m2!3d29.9988313!4d-90.10167709999999!9m1!1b1!16s%2Fg%2F11ckvg1dmb?entry=ttu",ChIJA1Cbq3GvIIYRnz1LdS44AP0,0x8620af71ab9b5003:0xfd00382e754b3d9f,18230633063783284127,/g/11tgdyphcd,-216111009926267489,,cdufour@gulfsolutions.org,RECEIVING,SMTP validated,,,,,,,,,,,,,,,,,,,,,,,,,,,,,,,,,,,,,,,,,,,,,,,,,Home | Gulf Solutions Contractors | Outdoor Construction Services | Landscaping | Swimming Pool Maintenance,Wix.com Website Builder,"Gulf Solutions Contractors. Offering Outdoor Construction Services, Landscaping, and Swimming Pool Maintenance for your Home!

Outdoor services include; concrete, roofing, siding, exterior paint, porchs/decks, and fencing.",,False,False
"swimming pool contractor, 70125, New Orleans, LA, US","Gilco Home Services, LLC",Gilco Home Services,http://www.gilcollc.com/,"Swimming pool contractor, Custom home builder, Deck builder, Dry wall contractor, Garage builder, Kitchen remodeler, Roofing contractor, Siding contractor, Sunroom contractor, General contractor",General contractor,Swimming pool contractor,+1 504-342-8895,landline,,,"5616 Salmen St Suite B, New Orleans, LA 70123",None,5616 Salmen St Suite B,New Orleans,70123,Louisiana,Louisiana,United States of America,US,29.9608863,-90.1934479,89444654077ffff,America/Chicago,,False,5.0,2.0,https://search.google.com/local/reviews?placeid=ChIJUx3o9EenIIYR0rM2zsDuNKg&q=*&authuser=0&hl=en&gl=US,,,0.0,0.0,0.0,0.0,2.0,1.0,https://streetviewpixels-pa.googleapis.com/v1/thumbnail?panoid=6o0w1LPa0243ltaVGyBKVw&cb_client=search.gws-prod.gps&w=800&h=500&yaw=156.38611&pitch=0&thumbfov=100,https://streetviewpixels-pa.googleapis.com/v1/thumbnail?panoid=6o0w1LPa0243ltaVGyBKVw&cb_client=search.gws-prod.gps&w=1600&h=1000&yaw=156.38611&pitch=0&thumbfov=100,,"{""Sunday"": ""Closed"", ""Monday"": ""7:30AM-4:30PM"", ""Tuesday"": ""7:30AM-4:30PM"", ""Wednesday"": ""7:30AM-4:30PM"", ""Thursday"": ""7:30AM-4:30PM"", ""Friday"": ""7:30AM-4:30PM"", ""Saturday"": ""Closed""}","Sunday,|Monday,7:30AM,4:30PM|Tuesday,7:30AM,4:30PM|Wednesday,7:30AM,4:30PM|Thursday,7:30AM,4:30PM|Friday,7:30AM,4:30PM|Saturday,",Sunday:Closed|Monday:7:30AM-4:30PM|Tuesday:7:30AM-4:30PM|Wednesday:7:30AM-4:30PM|Thursday:7:30AM-4:30PM|Friday:7:30AM-4:30PM|Saturday:Closed,,,OPERATIONAL,"{""Service options"": {""Online estimates"": true}, ""Accessibility"": {""Wheelchair accessible parking lot"": true}}",,,,https://lh3.googleusercontent.com/-mLpyqheKvj8/AAAAAAAAAAI/AAAAAAAAAAA/lcgoV1L7zcw/s44-p-k-no-ns-nd/photo.jpg,,,True,106068367988848844338,"Gilco Home Services, LLC",https://www.google.com/maps/contrib/106068367988848844338,,,,,"https://www.google.com/maps/place/Gilco+Home+Services%2C+LLC/@29.9608863,-90.1934479,14z/data=!4m8!1m2!2m1!1sGilco+Home+Services%2C+LLC!3m4!1s0x8620a747f4e81d53:0xa834eec0ce36b3d2!8m2!3d29.9608863!4d-90.1934479","https://www.google.com/maps/place/Gilco+Home+Services%2C+LLC/@29.9608863,-90.1934479,13.99z/data=!4m16!1m7!3m6!1s0x8620a747f4e81d53:0xa834eec0ce36b3d2!2sGilco+Home+Services%2C+LLC!8m2!3d29.9608863!4d-90.1934479!16s%2Fg%2F11ckvg1dmb!3m7!1s0x8620a747f4e81d53:0xa834eec0ce36b3d2!8m2!3d29.9608863!4d-90.1934479!9m1!1b1!16s%2Fg%2F11ckvg1dmb?entry=ttu",ChIJUx3o9EenIIYR0rM2zsDuNKg,0x8620a747f4e81d53:0xa834eec0ce36b3d2,12120575009021670354,/g/11b6ln065g,-6326169064687881262,,office@gilcollc.com,UNKNOWN,Cannot validate,,,,,,office@gilcollc.com,UNKNOWN,Cannot validate,,,,,,office@gilcollc.com,UNKNOWN,Cannot validate,,,,,,15043428895,landline,,,5044424815,mobile,CELLCO PARTNERSHIP DBA VERIZON WIRELESS - LA,,5043428895,,landline,,https://www.facebook.com/GilcoConstructionCompanyLLC,,,,,,,,,,,,,,,Gilco Construction Company • Gilco Home Page,WordPress 6.8.3,"Gilco Construction Company is a commercial and residential construction company located in New Orleans, Louisiana U.S.A.",,False,True
"swimming pool contractor, 70125, New Orleans, LA, US",Construtech landscape & lawn care,Construtech Landscape And Lawn Care,,"Lawn care service, Service establishment, Landscaper, Pressure washing service",Lawn care service,Lawn care service,+1 504-402-7283,mobile,CELLCO PARTNERSHIP DBA VERIZON WIRELESS - LA,,,,,,,,,,,30.027376999999998,-89.9526745,8944464130fffff,America/Chicago,,True,5.0,27.0,,,,0.0,0.0,0.0,0.0,27.0,,,,,"{""Sunday"": ""9AM-5PM"", ""Monday"": ""9AM-5PM"", ""Tuesday"": ""9AM-5PM"", ""Wednesday"": ""9AM-5PM"", ""Thursday"": ""9AM-5PM"", ""Friday"": ""9AM-5PM"", ""Saturday"": ""9AM-5PM""}","Sunday,9AM,5PM|Monday,9AM,5PM|Tuesday,9AM,5PM|Wednesday,9AM,5PM|Thursday,9AM,5PM|Friday,9AM,5PM|Saturday,9AM,5PM",Sunday:9AM-5PM|Monday:9AM-5PM|Tuesday:9AM-5PM|Wednesday:9AM-5PM|Thursday:9AM-5PM|Friday:9AM-5PM|Saturday:9AM-5PM,,,OPERATIONAL,"{""Service options"": {""Online estimates"": true, ""Language assistance"": ""American Sign Language, English, Portuguese, Spanish""}}",,,,https://lh6.googleusercontent.com/-oCPVyOcqjlc/AAAAAAAAAAI/AAAAAAAAAAA/9xnLf31fehk/s44-p-k-no-ns-nd/photo.jpg,,,True,104564868636811850092,Construtech landscape & lawn care,https://www.google.com/maps/contrib/104564868636811850092,,,,,"https://www.google.com/maps/place/Construtech+landscape+%26+lawn+care/@30.027376999999998,-89.9526745,14z/data=!4m8!1m2!2m1!1sConstrutech+landscape+%26+lawn+care!3m4!1s0x4fe0cd69a8544ffb:0xb22e1b2a4a86c53b!8m2!3d30.027376999999998!4d-89.9526745","https://www.google.com/maps/place/Construtech+landscape+%26+lawn+care/@30.027376999999998,-89.9526745,13.99z/data=!4m16!1m7!3m6!1s0x4fe0cd69a8544ffb:0xb22e1b2a4a86c53b!2sConstrutech+landscape+%26+lawn+care!8m2!3d30.027376999999998!4d-89.9526745!16s%2Fg%2F11ckvg1dmb!3m7!1s0x4fe0cd69a8544ffb:0xb22e1b2a4a86c53b!8m2!3d30.027376999999998!4d-89.9526745!9m1!1b1!16s%2Fg%2F11ckvg1dmb?entry=ttu",ChIJ-09UqGnN4E8RO8WGSiobLrI,0x4fe0cd69a8544ffb:0xb22e1b2a4a86c53b,12839229456132785467,/g/11stlkhfkj,None,,,,,,,,,,,,,,,,,,,,,,,,,,,,,,,,,,,,,,,,,,,,,,,,,,,,,,,,,,
"swimming pool contractor, 70126, New Orleans, LA, US",Poseidon Pools LLC,Poseidon Pools,https://poseidonpools23.com/,"Swimming pool contractor, Service establishment",Swimming pool contractor,Swimming pool contractor,+1 504-251-1549,mobile,T-Mobile USA Inc.,,,,,,,,,,,30.2509084,-89.9117654,894455b76a3ffff,America/Chicago,,True,4.6,10.0,https://search.google.com/local/reviews?placeid=ChIJgdwcKr4bbY0RqbZIkN6jogw&q=*&authuser=0&hl=en&gl=US,,,1.0,0.0,0.0,0.0,9.0,14.0,https://lh3.googleusercontent.com/gps-cs-s/AG0ilSwNxyBRaCaONDtSep-Pxw5ZkOUtB4MBBZ33wcxAJPX5_XlDXtyUYsh7WoGhRNi94v0obXjV8p4kvrMW8E4lpTXJTu8m56y_2KWY-NP4WOiw54zgAXfPOM9MDFsIRK_B9GvQgEoO=w800-h500-k-no,https://lh3.googleusercontent.com/gps-cs-s/AG0ilSwNxyBRaCaONDtSep-Pxw5ZkOUtB4MBBZ33wcxAJPX5_XlDXtyUYsh7WoGhRNi94v0obXjV8p4kvrMW8E4lpTXJTu8m56y_2KWY-NP4WOiw54zgAXfPOM9MDFsIRK_B9GvQgEoO=w1600-h1000-k-no,,"{""Sunday"": ""Closed"", ""Monday"": ""8AM-5PM"", ""Tuesday"": ""8AM-5PM"", ""Wednesday"": ""8AM-5PM"", ""Thursday"": ""8AM-5AM"", ""Friday"": ""8AM-5AM"", ""Saturday"": ""8AM-5AM""}","Sunday,|Monday,8AM,5PM|Tuesday,8AM,5PM|Wednesday,8AM,5PM|Thursday,8AM,5AM|Friday,8AM,5AM|Saturday,8AM,5AM",Sunday:Closed|Monday:8AM-5PM|Tuesday:8AM-5PM|Wednesday:8AM-5PM|Thursday:8AM-5AM|Friday:8AM-5AM|Saturday:8AM-5AM,,,OPERATIONAL,{},,,,https://lh6.googleusercontent.com/-FsZijKcT6q0/AAAAAAAAAAI/AAAAAAAAAAA/4AybqEk0Als/s44-p-k-no-ns-nd/photo.jpg,,,True,109564173717566452849,Poseidon Pools LLC,https://www.google.com/maps/contrib/109564173717566452849,,,,,"https://www.google.com/maps/place/Poseidon+Pools+LLC/@30.2509084,-89.9117654,14z/data=!4m8!1m2!2m1!1sPoseidon+Pools+LLC!3m4!1s0x8d6d1bbe2a1cdc81:0xca2a3de9048b6a9!8m2!3d30.2509084!4d-89.9117654","https://www.google.com/maps/place/Poseidon+Pools+LLC/@30.2509084,-89.9117654,13.99z/data=!4m16!1m7!3m6!1s0x8d6d1bbe2a1cdc81:0xca2a3de9048b6a9!2sPoseidon+Pools+LLC!8m2!3d30.2509084!4d-89.9117654!16s%2Fg%2F11ckvg1dmb!3m7!1s0x8d6d1bbe2a1cdc81:0xca2a3de9048b6a9!8m2!3d30.2509084!4d-89.9117654!9m1!1b1!16s%2Fg%2F11ckvg1dmb?entry=ttu",ChIJgdwcKr4bbY0RqbZIkN6jogw,0x8d6d1bbe2a1cdc81:0xca2a3de9048b6a9,910470250981013161,/g/11w3gp8txr,910470250981013161,,poseidonpools23@gmail.com,RECEIVING,SMTP validated,,,,,,,,,,,,,,,,,,,,,,15042511549,mobile,T-Mobile USA Inc.,,5042511549,mobile,T-Mobile USA Inc.,,,,,,https://www.facebook.com/LouisianaSwimmingPools,https://instagram.com/poseidonpools23,,,,,,,,,//platform.twitter.com/widgets,,,https://github.com/newrelic/,,Swimming Pool Contractor in St. Tammany Parrish LA - Poseidon Pools,,"Poseidon Pools is a top-rated swimming pool contractor in St. Tammany Parish, LA. We offer swimming pool design, installation, repairs and service.","Poseidon Pools, Swimming Pool Contractor in Slidell, Swimming Pool Repairs Slidell",False,True
"swimming pool contractor, 70126, New Orleans, LA, US",Fantasy Pool & Spa,Fantasy Pool And Spa,http://fantasypoolandspa.com/,"Swimming pool contractor, Spa",Swimming pool contractor,Swimming pool contractor,+1 504-884-0398,mobile,CELLCO PARTNERSHIP DBA VERIZON WIRELESS - LA,,"2204 Landry Ct, Meraux, LA 70075",None,2204 Landry Ct,Meraux,70075,Louisiana,Louisiana,United States of America,US,29.921498699999997,-89.9104424,8944465812bffff,America/Chicago,,False,,,,,,,,,,,1.0,https://streetviewpixels-pa.googleapis.com/v1/thumbnail?panoid=zK-ErI1W3u6yCBUUatz5dA&cb_client=search.gws-prod.gps&w=800&h=500&yaw=307.8271&pitch=0&thumbfov=100,https://streetviewpixels-pa.googleapis.com/v1/thumbnail?panoid=zK-ErI1W3u6yCBUUatz5dA&cb_client=search.gws-prod.gps&w=1600&h=1000&yaw=307.8271&pitch=0&thumbfov=100,,,,,,,OPERATIONAL,{},,,,,,,False,None,Fantasy Pool & Spa,,,,,,"https://www.google.com/maps/place/Fantasy+Pool+%26+Spa/@29.921498699999997,-89.9104424,14z/data=!4m8!1m2!2m1!1sFantasy+Pool+%26+Spa!3m4!1s0x889e1b994ecc479f:0xd37a6c0dbab3f372!8m2!3d29.921498699999997!4d-89.9104424","https://www.google.com/maps/place/Fantasy+Pool+%26+Spa/@29.921498699999997,-89.9104424,13.99z/data=!4m16!1m7!3m6!1s0x889e1b994ecc479f:0xd37a6c0dbab3f372!2sFantasy+Pool+%26+Spa!8m2!3d29.921498699999997!4d-89.9104424!16s%2Fg%2F11ckvg1dmb!3m7!1s0x889e1b994ecc479f:0xd37a6c0dbab3f372!8m2!3d29.921498699999997!4d-89.9104424!9m1!1b1!16s%2Fg%2F11ckvg1dmb?entry=ttu",ChIJn0fMTpkbnogRcvOzug1setM,0x889e1b994ecc479f:0xd37a6c0dbab3f372,15238611095384224626,/g/11w9hj3332,None,,,,,,,,,,,,,,,,,,,,,,,,,,,,,,,,,,,,,,,,,,,,,,,,,,,,,Home | Fantasy Pool & Spa,,,,,
"swimming pool contractor, 70126, New Orleans, LA, US","Abitas Pool Service - Swimming Pool Repair Covington LA, Swimming Pool Service, Pool Cleaning",Abitas Pool Service Swimming Pool Repair Covington La Swimming Pool Service Pool Cleaning,https://abitapoolservice.com/pool-cleaning-service-covington/,"Swimming pool contractor, Service establishment, Pool cleaning service, Swimming pool repair service",Swimming pool repair service,Swimming pool contractor,+1 985-778-3340,mobile,CELLCO PARTNERSHIP DBA VERIZON,,,,,,,,,,,30.37814,-90.028548,8944466b21bffff,America/Chicago,,True,5.0,4.0,https://search.google.com/local/reviews?placeid=ChIJs6pyU0JZJ4YRDnyT-sns--M&q=*&authuser=0&hl=en&gl=US,,,0.0,0.0,0.0,0.0,4.0,6.0,https://lh3.googleusercontent.com/p/AF1QipMf9qc6Xg6UsDdC8K9-kVzPQ5h1w3XuIAiflZ5z=w800-h500-k-no,https://lh3.googleusercontent.com/p/AF1QipMf9qc6Xg6UsDdC8K9-kVzPQ5h1w3XuIAiflZ5z=w1600-h1000-k-no,,"{""Sunday"": ""Open 24 hours"", ""Monday"": ""Open 24 hours"", ""Tuesday"": ""Open 24 hours"", ""Wednesday"": ""Open 24 hours"", ""Thursday"": ""Open 24 hours"", ""Friday"": ""Open 24 hours"", ""Saturday"": ""Open 24 hours""}","Sunday,Open 24 hours|Monday,Open 24 hours|Tuesday,Open 24 hours|Wednesday,Open 24 hours|Thursday,Open 24 hours|Friday,Open 24 hours|Saturday,Open 24 hours",Sunday:Open 24 hours|Monday:Open 24 hours|Tuesday:Open 24 hours|Wednesday:Open 24 hours|Thursday:Open 24 hours|Friday:Open 24 hours|Saturday:Open 24 hours,,,OPERATIONAL,"{""Crowd"": {""LGBTQ+ friendly"": true}, ""Other"": {""LGBTQ+ friendly"": true}}",,,,https://lh6.googleusercontent.com/-hyvRGAKDqw8/AAAAAAAAAAI/AAAAAAAAAAA/CeYzXkvAI24/s44-p-k-no-ns-nd/photo.jpg,,,True,103688630121390885641,"Abitas Pool Service - Swimming Pool Repair Covington LA, Swimming Pool Service, Pool Cleaning",https://www.google.com/maps/contrib/103688630121390885641,,https://abitapoolservice.com/contact/,,https://abitapoolservice.com/contact/,"https://www.google.com/maps/place/Abitas+Pool+Service+-+Swimming+Pool+Repair+Covington+LA%2C+Swimming+Pool+Service%2C+Pool+Cleaning/@30.37814,-90.028548,14z/data=!4m8!1m2!2m1!1sAbitas+Pool+Service+-+Swimming+Pool+Repair+Covington+LA%2C+Swimming+Pool+Service%2C+Pool+Cleaning!3m4!1s0x862759425372aab3:0xe3fbecc9fa937c0e!8m2!3d30.37814!4d-90.028548","https://www.google.com/maps/place/Abitas+Pool+Service+-+Swimming+Pool+Repair+Covington+LA%2C+Swimming+Pool+Service%2C+Pool+Cleaning/@30.37814,-90.028548,13.99z/data=!4m16!1m7!3m6!1s0x862759425372aab3:0xe3fbecc9fa937c0e!2sAbitas+Pool+Service+-+Swimming+Pool+Repair+Covington+LA%2C+Swimming+Pool+Service%2C+Pool+Cleaning!8m2!3d30.37814!4d-90.028548!16s%2Fg%2F11ckvg1dmb!3m7!1s0x862759425372aab3:0xe3fbecc9fa937c0e!8m2!3d30.37814!4d-90.028548!9m1!1b1!16s%2Fg%2F11ckvg1dmb?entry=ttu",ChIJs6pyU0JZJ4YRDnyT-sns--M,0x862759425372aab3:0xe3fbecc9fa937c0e,16427984418000567310,/g/11c3l7rkvz,-2018759655708984306,,scott.scardina@yahoo.com,RECEIVING,SMTP validated,,,,,,,,,,,,,,,,,,,,,,9857783340,mobile,CELLCO PARTNERSHIP DBA VERIZON,,19857783340,mobile,CELLCO PARTNERSHIP DBA VERIZON,,,,,,https://www.facebook.com/abitapoolservice/,,,,,,,,,,https://twitter.com/ScottScardans,,,,,Abita Pool Service | Pool Cleaning Service and Pool Repair,Divi v.4.22.0,"A Pool Service You Can Count On. Pool repair and more. We service Mandeville, Covington, Madisonville, Abita Springs, and surrounding areas.",,False,False
"swimming pool contractor, 70126, New Orleans, LA, US",Tropical Pool Services & Renovation,Tropical Pool Services And Renovation,http://apoolguy.com/,"Swimming pool contractor, Pool cleaning service, Swimming pool repair service, Swimming pool supply store",Pool cleaning service,Swimming pool contractor,+1 985-626-9939,fixed line,"ONVOY, LLC - LA",,"100 Industrial Dr, Slidell, LA 70460",None,100 Industrial Dr,Slidell,70460,Louisiana,Louisiana,United States of America,US,30.314441499999997,-89.7769261,894455a352bffff,America/Chicago,,False,4.4,36.0,https://search.google.com/local/reviews?placeid=ChIJ0Ur20_FZJ4YRy-uHRpPlucE&q=*&authuser=0&hl=en&gl=US,,,5.0,1.0,0.0,0.0,30.0,122.0,https://lh3.googleusercontent.com/p/AF1QipNOoz2CFjqbI59HBgiOW9pNGfM-xOceDR7VBgiE=w800-h500-k-no,https://lh3.googleusercontent.com/p/AF1QipNOoz2CFjqbI59HBgiOW9pNGfM-xOceDR7VBgiE=w1600-h1000-k-no,,"{""Sunday"": ""Closed"", ""Monday"": ""8AM-5PM"", ""Tuesday"": ""8AM-5PM"", ""Wednesday"": ""8AM-5PM"", ""Thursday"": ""8AM-5PM"", ""Friday"": ""8AM-5PM"", ""Saturday"": ""9AM-12PM""}","Sunday,|Monday,8AM,5PM|Tuesday,8AM,5PM|Wednesday,8AM,5PM|Thursday,8AM,5PM|Friday,8AM,5PM|Saturday,9AM,12PM",Sunday:Closed|Monday:8AM-5PM|Tuesday:8AM-5PM|Wednesday:8AM-5PM|Thursday:8AM-5PM|Friday:8AM-5PM|Saturday:9AM-12PM,,,OPERATIONAL,"{""Service options"": {""Onsite services"": true}, ""Accessibility"": {""Wheelchair accessible parking lot"": true}}",,,,https://lh3.googleusercontent.com/-NjJPHL0KH4c/AAAAAAAAAAI/AAAAAAAAAAA/REES9iJJ1YM/s44-p-k-no-ns-nd/photo.jpg,,,True,115623618395608967193,Tropical Pool Services & Renovation,https://www.google.com/maps/contrib/115623618395608967193,,,,,"https://www.google.com/maps/place/Tropical+Pool+Services+%26+Renovation/@30.314441499999997,-89.7769261,14z/data=!4m8!1m2!2m1!1sTropical+Pool+Services+%26+Renovation!3m4!1s0x862759f1d3f64ad1:0xc1b9e5934687ebcb!8m2!3d30.314441499999997!4d-89.7769261","https://www.google.com/maps/place/Tropical+Pool+Services+%26+Renovation/@30.314441499999997,-89.7769261,13.99z/data=!4m16!1m7!3m6!1s0x862759f1d3f64ad1:0xc1b9e5934687ebcb!2sTropical+Pool+Services+%26+Renovation!8m2!3d30.314441499999997!4d-89.7769261!16s%2Fg%2F11ckvg1dmb!3m7!1s0x862759f1d3f64ad1:0xc1b9e5934687ebcb!8m2!3d30.314441499999997!4d-89.7769261!9m1!1b1!16s%2Fg%2F11ckvg1dmb?entry=ttu",ChIJ0Ur20_FZJ4YRy-uHRpPlucE,0x862759f1d3f64ad1:0xc1b9e5934687ebcb,13959440940717829067,/g/1tdb95tm,-4487303132991722549,,info@tropicalpool.com,RECEIVING,SMTP validated,,,,,,,,,,,,,,,,,,,,,,,,,,,,,,,,,,https://www.facebook.com/tropicalrenovation,,http://linkedin.com/company/tropical-pool-services-and-renovations,,,,,,,,,,,,,"About Us - Tropical Pool - 5 Star Pool Service & Repair In Mandeville, Slidell & New Orleans",All in One SEO (AIOSEO) 4.8.2,"[et_pb_fullwidth_header title="" Expert Pool Services"" text_orientation=""center"" header_fullscreen=""on"" button_one_text=""Click Here",,False,True
"swimming pool contractor, 70126, New Orleans, LA, US",University of New Orleans Aquatic Center,University Of New Orleans Aquatic Center,http://www.unoaquatics.com/,"Swimming pool, Indoor swimming pool, Outdoor swimming pool, SCUBA instructor, Swimming facility, Swimming instructor",Swimming pool,Swimming pool,+1 504-280-7238,landline,,,"6801 Franklin Ave, New Orleans, LA 70122",Gentilly,6801 Franklin Ave,New Orleans,70122,Louisiana,Louisiana,United States of America,US,30.029647599999997,-90.0504699,89444640127ffff,America/Chicago,,False,4.5,29.0,https://search.google.com/local/reviews?placeid=ChIJrS0-NRqpIIYROnoDCjp5uEk&q=*&authuser=0&hl=en&gl=US,,,0.0,1.0,2.0,7.0,19.0,10.0,https://lh3.googleusercontent.com/p/AF1QipPZ7RLQ9FBUNrkoQPQ3RsxZXN-jlBjgubdlZ7ET=w800-h500-k-no,https://lh3.googleusercontent.com/p/AF1QipPZ7RLQ9FBUNrkoQPQ3RsxZXN-jlBjgubdlZ7ET=w1600-h1000-k-no,,"{""Sunday"": ""Closed"", ""Monday"": ""12-8PM"", ""Tuesday"": ""10AM-8PM"", ""Wednesday"": ""8AM-8PM"", ""Thursday"": ""10AM-8PM"", ""Friday"": ""8AM-8PM"", ""Saturday"": ""10AM-4PM""}","Sunday,|Monday,12,8PM|Tuesday,10AM,8PM|Wednesday,8AM,8PM|Thursday,10AM,8PM|Friday,8AM,8PM|Saturday,10AM,4PM",Sunday:Closed|Monday:12-8PM|Tuesday:10AM-8PM|Wednesday:8AM-8PM|Thursday:10AM-8PM|Friday:8AM-8PM|Saturday:10AM-4PM,,,OPERATIONAL,"{""Accessibility"": {""Wheelchair accessible entrance"": true, ""Wheelchair accessible parking lot"": true, ""Wheelchair accessible restroom"": true}, ""Payments"": {""Credit cards"": true}}",,,,https://lh4.googleusercontent.com/-mtnTy6puT64/AAAAAAAAAAI/AAAAAAAAAAA/XbFkiHp4rxk/s44-p-k-no-ns-nd/photo.jpg,,,True,108976244720120669518,University of New Orleans Aquatic Center,https://www.google.com/maps/contrib/108976244720120669518,,,,,"https://www.google.com/maps/place/University+of+New+Orleans+Aquatic+Center/@30.029647599999997,-90.0504699,14z/data=!4m8!1m2!2m1!1sUniversity+of+New+Orleans+Aquatic+Center!3m4!1s0x8620a91a353e2dad:0x49b8793a0a037a3a!8m2!3d30.029647599999997!4d-90.0504699","https://www.google.com/maps/place/University+of+New+Orleans+Aquatic+Center/@30.029647599999997,-90.0504699,13.99z/data=!4m16!1m7!3m6!1s0x8620a91a353e2dad:0x49b8793a0a037a3a!2sUniversity+of+New+Orleans+Aquatic+Center!8m2!3d30.029647599999997!4d-90.0504699!16s%2Fg%2F11ckvg1dmb!3m7!1s0x8620a91a353e2dad:0x49b8793a0a037a3a!8m2!3d30.029647599999997!4d-90.0504699!9m1!1b1!16s%2Fg%2F11ckvg1dmb?entry=ttu",ChIJrS0-NRqpIIYROnoDCjp5uEk,0x8620a91a353e2dad:0x49b8793a0a037a3a,5312129050666564154,/g/11bv6pxh83,5312129050666564154,,robyn@selaaquatics.com,RECEIVING,Catch All,,,,,,uno@selaaquatics.com,RECEIVING,Catch All,,,,,,,,,,,,,,5042807238,landline,,,,,,,,,,,https://www.facebook.com/unoaquaticcenter/,https://www.instagram.com/uno_aquatic_center,,,,,,,,,https://twitter.com/selaaquatics,,,,,UNO Aquatics,,"The UNO Aquatic Center is located in the UNO Lakefront Arena and is operated by SELA Aquatics, LLC.","aquatics, uno, university, new orleans, sela, sela aquatics, sela management, lifeguard, swim, swimming",,
"swimming pool contractor, 70126, New Orleans, LA, US",Mr C's Billiard,Mr Cs Billiard,https://usmapz.com/mr-cs-billiard-415571-web,Pool hall,Pool hall,Pool hall,+1 504-245-8758,landline,AT&T Southeast,True,"6510 Morrison Rd, New Orleans, LA 70126",Little Woods,6510 Morrison Rd,New Orleans,70126,Louisiana,Louisiana,United States of America,US,30.028299099999998,-90.0157412,8944464030bffff,America/Chicago,,False,4.3,83.0,https://search.google.com/local/reviews?placeid=ChIJQ5ROBcmpIIYRt4lNAzu5qR4&q=*&authuser=0&hl=en&gl=US,,,4.0,1.0,13.0,14.0,51.0,20.0,https://lh3.googleusercontent.com/gps-cs-s/AG0ilSyE0Q2-wxM7_ZZGHkn4hKWMM6ijy4cQcChrp9SFJc1g4He6EBnkCpIGke-JEhmPjIvdPLRYTBFyCLbgRHv28Y5ruAt72M8Wsj4PrvWSHB__yHeNjKbnKM3zJqV4tdsdjeBDAC5z=w800-h500-k-no,https://lh3.googleusercontent.com/gps-cs-s/AG0ilSyE0Q2-wxM7_ZZGHkn4hKWMM6ijy4cQcChrp9SFJc1g4He6EBnkCpIGke-JEhmPjIvdPLRYTBFyCLbgRHv28Y5ruAt72M8Wsj4PrvWSHB__yHeNjKbnKM3zJqV4tdsdjeBDAC5z=w1600-h1000-k-no,,,,,,,OPERATIONAL,"{""Highlights"": {""Fast service"": true, ""Great beer selection"": true, ""Sports"": true}, ""Accessibility"": {""Wheelchair accessible restroom"": true}, ""Offerings"": {""Alcohol"": true, ""Beer"": true, ""Cocktails"": true, ""Hard liquor"": true, ""Wine"": true}, ""Dining options"": {""Table service"": false}, ""Amenities"": {""Bar onsite"": true, ""Restroom"": true}, ""Atmosphere"": {""Casual"": true}, ""Crowd"": {""Groups"": true}, ""Planning"": {""Accepts reservations"": false}}",$,,,,,,False,None,Mr C's Billiard,,,,,,"https://www.google.com/maps/place/Mr+C%27s+Billiard/@30.028299099999998,-90.0157412,14z/data=!4m8!1m2!2m1!1sMr+C%27s+Billiard!3m4!1s0x8620a9c9054e9443:0x1ea9b93b034d89b7!8m2!3d30.028299099999998!4d-90.0157412","https://www.google.com/maps/place/Mr+C%27s+Billiard/@30.028299099999998,-90.0157412,13.99z/data=!4m16!1m7!3m6!1s0x8620a9c9054e9443:0x1ea9b93b034d89b7!2sMr+C%27s+Billiard!8m2!3d30.028299099999998!4d-90.0157412!16s%2Fg%2F11ckvg1dmb!3m7!1s0x8620a9c9054e9443:0x1ea9b93b034d89b7!8m2!3d30.028299099999998!4d-90.0157412!9m1!1b1!16s%2Fg%2F11ckvg1dmb?entry=ttu",ChIJQ5ROBcmpIIYRt4lNAzu5qR4,0x8620a9c9054e9443:0x1ea9b93b034d89b7,2209500755311561143,/g/1260n1wxs,2209500755311561143,,,,,,,,,,,,,,,,,,,,,,,,,,442380651165,,,,046131348050,,,,072439398366,,,,https://www.facebook.com/pages/,,,,,,,,,,,,,,,Gaststätte Känguruh | Schulstraße 16 31675 Bückeburg,,,,False,False
"swimming pool contractor, 70127, New Orleans, LA, US",Cali Pools and Spas,Cali Pools And Spas,,"Swimming pool contractor, Service establishment",Swimming pool contractor,Swimming pool contractor,+1 985-646-9019,landline,,,,,,,,,,,,30.235775999999998,-89.619197,894455bb323ffff,America/Chicago,,True,5.0,3.0,https://search.google.com/local/reviews?placeid=ChIJI0bNlTnLS6wRkbhs8STt1X0&q=*&authuser=0&hl=en&gl=US,,,0.0,0.0,0.0,0.0,3.0,3.0,https://lh3.googleusercontent.com/p/AF1QipOH9JjEFGplqVBGjKkNt9Zw_O5bd6YZ733XLC_m=w800-h500-k-no,https://lh3.googleusercontent.com/p/AF1QipOH9JjEFGplqVBGjKkNt9Zw_O5bd6YZ733XLC_m=w1600-h1000-k-no,,"{""Sunday"": ""Closed"", ""Monday"": ""8AM-5PM"", ""Tuesday"": ""8AM-5PM"", ""Wednesday"": ""8AM-5PM"", ""Thursday"": ""8AM-5PM"", ""Friday"": ""8AM-5PM"", ""Saturday"": ""Closed""}","Sunday,|Monday,8AM,5PM|Tuesday,8AM,5PM|Wednesday,8AM,5PM|Thursday,8AM,5PM|Friday,8AM,5PM|Saturday,",Sunday:Closed|Monday:8AM-5PM|Tuesday:8AM-5PM|Wednesday:8AM-5PM|Thursday:8AM-5PM|Friday:8AM-5PM|Saturday:Closed,,,OPERATIONAL,{},,,,https://lh6.googleusercontent.com/-rFdSDTXkCY0/AAAAAAAAAAI/AAAAAAAAAAA/6n9pLHxccbQ/s44-p-k-no-ns-nd/photo.jpg,,,True,113415887941117802465,Cali Pools and Spas,https://www.google.com/maps/contrib/113415887941117802465,,,,,"https://www.google.com/maps/place/Cali+Pools+and+Spas/@30.235775999999998,-89.619197,14z/data=!4m8!1m2!2m1!1sCali+Pools+and+Spas!3m4!1s0xac4bcb3995cd4623:0x7dd5ed24f16cb891!8m2!3d30.235775999999998!4d-89.619197","https://www.google.com/maps/place/Cali+Pools+and+Spas/@30.235775999999998,-89.619197,13.99z/data=!4m16!1m7!3m6!1s0xac4bcb3995cd4623:0x7dd5ed24f16cb891!2sCali+Pools+and+Spas!8m2!3d30.235775999999998!4d-89.619197!16s%2Fg%2F11ckvg1dmb!3m7!1s0xac4bcb3995cd4623:0x7dd5ed24f16cb891!8m2!3d30.235775999999998!4d-89.619197!9m1!1b1!16s%2Fg%2F11ckvg1dmb?entry=ttu",ChIJI0bNlTnLS6wRkbhs8STt1X0,0xac4bcb3995cd4623:0x7dd5ed24f16cb891,9067414167705401489,/g/11tp3xps17,9067414167705401489,,,,,,,,,,,,,,,,,,,,,,,,,,,,,,,,,,,,,,,,,,,,,,,,,,,,,,,,,,
"swimming pool contractor, 70127, New Orleans, LA, US",ASP - America's Swimming Pool Company of Covington,Asp Americas Swimming Pool Company Of Covington,https://www.asppoolco.com/covington/%3Futm_source%3DGMB%26utm_medium%3Dorganic%26utm_campaign%3Dmadisonville,"Swimming pool contractor, Service establishment, Pool cleaning service, Swimming pool repair service",Swimming pool contractor,Swimming pool contractor,+1 985-244-3034,fixed line,"ONVOY, LLC - LA",,,,,,,,,,,30.086242,-89.91803,8944464ab2bffff,America/Chicago,,True,4.0,12.0,https://search.google.com/local/reviews?placeid=ChIJZ8P81c5EJ4YRhIJ6m7ymc5U&q=*&authuser=0&hl=en&gl=US,,,3.0,0.0,0.0,0.0,9.0,5.0,https://lh3.googleusercontent.com/p/AF1QipNSDIMxskBqdQBbPKUS3zIcNRRu23HAiuzBMauO=w800-h500-k-no,https://lh3.googleusercontent.com/p/AF1QipNSDIMxskBqdQBbPKUS3zIcNRRu23HAiuzBMauO=w1600-h1000-k-no,,,,,,,CLOSED_TEMPORARILY,{},,,,https://lh5.googleusercontent.com/-kAJSarpnOak/AAAAAAAAAAI/AAAAAAAAAAA/YL7vzVU42yQ/s44-p-k-no-ns-nd/photo.jpg,,,True,109737473341046372075,ASP - America's Swimming Pool Company of Covington,https://www.google.com/maps/contrib/109737473341046372075,,,,,"https://www.google.com/maps/place/ASP+-+America%27s+Swimming+Pool+Company+of+Covington/@30.086242,-89.91803,14z/data=!4m8!1m2!2m1!1sASP+-+America%27s+Swimming+Pool+Company+of+Covington!3m4!1s0x862744ced5fcc367:0x9573a6bc9b7a8284!8m2!3d30.086242!4d-89.91803","https://www.google.com/maps/place/ASP+-+America%27s+Swimming+Pool+Company+of+Covington/@30.086242,-89.91803,13.99z/data=!4m16!1m7!3m6!1s0x862744ced5fcc367:0x9573a6bc9b7a8284!2sASP+-+America%27s+Swimming+Pool+Company+of+Covington!8m2!3d30.086242!4d-89.91803!16s%2Fg%2F11ckvg1dmb!3m7!1s0x862744ced5fcc367:0x9573a6bc9b7a8284!8m2!3d30.086242!4d-89.91803!9m1!1b1!16s%2Fg%2F11ckvg1dmb?entry=ttu",ChIJZ8P81c5EJ4YRhIJ6m7ymc5U,0x862744ced5fcc367:0x9573a6bc9b7a8284,10769134462965547652,/g/1pzpy1gbt,-7677609610744003964,,kwhjr218@gmail.com,RECEIVING,Verified,Unknown Not Provided,Unknown,Not Provided,,12297980780,deborahcurran@asppoolco.com,INVALID,SMTP validated,Deborah Curran,Deborah,Curran,Principal,,carlkuluz@asppoolco.com,RECEIVING,SMTP validated,Carl Kuluz,Carl,Kuluz,Owner,,18662777665,tollfree,,,5732852990,landline,,,8662530455,,toll_free,,http://www.facebook.com/158559710832135,https://www.instagram.com/asppoolco,http://www.linkedin.com/company/asp---america's-swimming-pool-company-of-dallas,,,,,,,,http://www.twitter.com/americaspoolco,,https://www.youtube.com/user/ASPFranchise,,,Rock Hill Pool Service | ASP - America's Swimming Pool Company of Rock Hill,,"The Rock Hill pool maintenance team at ASP provide quality pool cleaning, installation, and repairs at affordable rates. Serving Rock Hill, Fort Mill, & beyond! Call now to learn why people love what we do.",,True,False
"swimming pool contractor, 70129, New Orleans, LA, US",DPK Pools,Dpk Pools,https://dpkpools.com/,Swimming pool contractor,Swimming pool contractor,Swimming pool contractor,+1 985-888-9899,landline,"NEW CINGULAR WIRELESS PCS, LLC",,"310 Hidden Springs Ln, Covington, LA 70433",None,310 Hidden Springs Ln,Covington,70433,Louisiana,Louisiana,United States of America,US,30.436725,-90.070807,89444668207ffff,America/Chicago,,False,4.6,9.0,https://search.google.com/local/reviews?placeid=ChIJ4Y2MT2lfJ4YRXrJ4O4gxwic&q=*&authuser=0&hl=en&gl=US,,,1.0,0.0,0.0,0.0,8.0,32.0,https://lh3.googleusercontent.com/p/AF1QipO9xRd2T19d3NeGTFO5Who8QvVRDL2XCVIr_qp6=w800-h500-k-no,https://lh3.googleusercontent.com/p/AF1QipO9xRd2T19d3NeGTFO5Who8QvVRDL2XCVIr_qp6=w1600-h1000-k-no,,,,,,,OPERATIONAL,{},,,,https://lh3.googleusercontent.com/-ChyhzZY1Tnc/AAAAAAAAAAI/AAAAAAAAAAA/7YlvWd6NyVs/s44-p-k-no-ns-nd/photo.jpg,,,True,106091103117901323732,DPK Pools,https://www.google.com/maps/contrib/106091103117901323732,,,,,"https://www.google.com/maps/place/DPK+Pools/@30.436725,-90.070807,14z/data=!4m8!1m2!2m1!1sDPK+Pools!3m4!1s0x86275f694f8c8de1:0x27c231883b78b25e!8m2!3d30.436725!4d-90.070807","https://www.google.com/maps/place/DPK+Pools/@30.436725,-90.070807,13.99z/data=!4m16!1m7!3m6!1s0x86275f694f8c8de1:0x27c231883b78b25e!2sDPK+Pools!8m2!3d30.436725!4d-90.070807!16s%2Fg%2F11ckvg1dmb!3m7!1s0x86275f694f8c8de1:0x27c231883b78b25e!8m2!3d30.436725!4d-90.070807!9m1!1b1!16s%2Fg%2F11ckvg1dmb?entry=ttu",ChIJ4Y2MT2lfJ4YRXrJ4O4gxwic,0x86275f694f8c8de1:0x27c231883b78b25e,2864906774144135774,/g/11j8x26pm2,2864906774144135774,,dougking@dpkpools.com,RECEIVING,SMTP validated,,,,,,,,,,,,,,,,,,,,,,985888,unknown,Mobile Communications Company of Iran (MCI),,9858889899,landline,"NEW CINGULAR WIRELESS PCS, LLC",,19858889899,"NEW CINGULAR WIRELESS PCS, LLC",landline,,https://www.facebook.com/dpkpoolsnola/,https://www.instagram.com/dpk_pools,,,,,,,,,,,https://www.youtube.com/channel/UCd90VHSx6X1OB2inob8MBeg,,,New Orleans Pool Renovations | DPK Pools,,Need help to renovate your pool? DPK Pools in Northshore offers the best pool renovation services. Visit or call us at 985-888-9899 now for a free estimate!,"Pool Builder, Pool Replastering, Pool Renovations, Pool Equipment change out, Pool Tile, Pool Coping, Pool Deck Pavers",True,True
"swimming pool contractor, 70129, New Orleans, LA, US",Pleasure Pools,Pleasure Pools,http://www.pleasurepoolsno.com/,"Swimming pool contractor, Swimming pool, Swimming pool repair service",Swimming pool contractor,Swimming pool contractor,+1 985-626-1283,fixed line,"BANDWIDTH.COM CLEC, LLC - LA",,"68470 Tammany Trace Dr, Mandeville, LA 70471",None,68470 Tammany Trace Dr,Mandeville,70471,Louisiana,Louisiana,United States of America,US,30.4268932,-90.0443604,89444669567ffff,America/Chicago,,False,4.6,61.0,https://search.google.com/local/reviews?placeid=ChIJlWp8ki9ZJ4YR0jXfz_TRp8k&q=*&authuser=0&hl=en&gl=US,,,5.0,1.0,0.0,1.0,54.0,86.0,https://lh3.googleusercontent.com/gps-cs-s/AG0ilSxv-bbd34iN60WZ56efYTIKMqdvjA7odH30W72nSvRV732mrzQwBbmnTMV6zLvl-fKqsOoEcvjYdPyuq2qM-ILIa8GbVMy5fRM1NjkrXe3GMfGzPZFWiNUAeRE9NvVA9kZZErTj=w800-h500-k-no,https://lh3.googleusercontent.com/gps-cs-s/AG0ilSxv-bbd34iN60WZ56efYTIKMqdvjA7odH30W72nSvRV732mrzQwBbmnTMV6zLvl-fKqsOoEcvjYdPyuq2qM-ILIa8GbVMy5fRM1NjkrXe3GMfGzPZFWiNUAeRE9NvVA9kZZErTj=w1600-h1000-k-no,,"{""Sunday"": ""Closed"", ""Monday"": ""8:30AM-4:30PM"", ""Tuesday"": ""8:30AM-4:30PM"", ""Wednesday"": ""8:30AM-4:30PM"", ""Thursday"": ""8:30AM-4:30PM"", ""Friday"": ""8:30AM-4:30PM"", ""Saturday"": ""Closed""}","Sunday,|Monday,8:30AM,4:30PM|Tuesday,8:30AM,4:30PM|Wednesday,8:30AM,4:30PM|Thursday,8:30AM,4:30PM|Friday,8:30AM,4:30PM|Saturday,",Sunday:Closed|Monday:8:30AM-4:30PM|Tuesday:8:30AM-4:30PM|Wednesday:8:30AM-4:30PM|Thursday:8:30AM-4:30PM|Friday:8:30AM-4:30PM|Saturday:Closed,,,OPERATIONAL,"{""Service options"": {""Onsite services"": true}, ""Parking"": {""On-site parking"": true}}",,,,https://lh4.googleusercontent.com/-0maVvsmZRP0/AAAAAAAAAAI/AAAAAAAAAAA/Dp231SdIRAE/s44-p-k-no-ns-nd/photo.jpg,,,True,115759259965381447340,Pleasure Pools,https://www.google.com/maps/contrib/115759259965381447340,,,,,"https://www.google.com/maps/place/Pleasure+Pools/@30.4268932,-90.0443604,14z/data=!4m8!1m2!2m1!1sPleasure+Pools!3m4!1s0x8627592f927c6a95:0xc9a7d1f4cfdf35d2!8m2!3d30.4268932!4d-90.0443604","https://www.google.com/maps/place/Pleasure+Pools/@30.4268932,-90.0443604,13.99z/data=!4m16!1m7!3m6!1s0x8627592f927c6a95:0xc9a7d1f4cfdf35d2!2sPleasure+Pools!8m2!3d30.4268932!4d-90.0443604!16s%2Fg%2F11ckvg1dmb!3m7!1s0x8627592f927c6a95:0xc9a7d1f4cfdf35d2!8m2!3d30.4268932!4d-90.0443604!9m1!1b1!16s%2Fg%2F11ckvg1dmb?entry=ttu",ChIJlWp8ki9ZJ4YR0jXfz_TRp8k,0x8627592f927c6a95:0xc9a7d1f4cfdf35d2,14530813572123932114,/g/1tdcb515,-3915930501585619502,,kathleen@pleasurepoolsno.com,INVALID,Cannot validate,Kathleen Esterquest,Kathleen,Esterquest,Director Of Sales,,denise@pleasurepoolsno.com,INVALID,Cannot validate,Denise Davis,Denise,Davis,Sales Director,,carlos@pleasurepoolsno.com,INVALID,Cannot validate,Carlos Brito-Mauriz,Carlos,Brito-Mauriz,Miami Infotel Sales,,15048886660,fixed line,"BANDWIDTH.COM CLEC, LLC - LA",,19856261283,fixed line,"BANDWIDTH.COM CLEC, LLC - LA",,,,,,https://www.facebook.com/people/Pleasure-Pools/100063521982642/,,,,,,,,,,,https://vimeo.com/user43489065,,,,Home - Pleasure Pools,Divi Child Theme v.1.0.0,,,,
"swimming pool contractor, 70129, New Orleans, LA, US",Tropical Pool Services & Renovations,Tropical Pool Services And Renovations,https://tropicalpool.com/,"Swimming pool contractor, Pool cleaning service, Swimming pool repair service",Swimming pool repair service,Swimming pool contractor,+1 985-626-9939,fixed line,"ONVOY, LLC - LA",,"1461 N Causeway Blvd STE 7, Mandeville, LA 70471",None,1461 N Causeway Blvd STE 7,Mandeville,70471,Louisiana,Louisiana,United States of America,US,30.389229999999998,-90.0885122,8944466b1b7ffff,America/Chicago,,False,4.8,40.0,https://search.google.com/local/reviews?placeid=ChIJ4bli6utDAmQRLE74ab46Mso&q=*&authuser=0&hl=en&gl=US,,,1.0,1.0,0.0,0.0,38.0,92.0,https://lh3.googleusercontent.com/p/AF1QipPZeq3Y2mgmA9nK-hkUu0kq9q192Jzq0uk1PWR9=w800-h500-k-no,https://lh3.googleusercontent.com/p/AF1QipPZeq3Y2mgmA9nK-hkUu0kq9q192Jzq0uk1PWR9=w1600-h1000-k-no,,"{""Sunday"": ""Closed"", ""Monday"": ""8AM-6:30PM"", ""Tuesday"": ""8AM-7PM"", ""Wednesday"": ""8AM-7PM"", ""Thursday"": ""8AM-7PM"", ""Friday"": ""8AM-7PM"", ""Saturday"": ""8AM-12PM""}","Sunday,|Monday,8AM,6:30PM|Tuesday,8AM,7PM|Wednesday,8AM,7PM|Thursday,8AM,7PM|Friday,8AM,7PM|Saturday,8AM,12PM",Sunday:Closed|Monday:8AM-6:30PM|Tuesday:8AM-7PM|Wednesday:8AM-7PM|Thursday:8AM-7PM|Friday:8AM-7PM|Saturday:8AM-12PM,,,OPERATIONAL,"{""Service options"": {""Onsite services"": true}, ""Accessibility"": {""Wheelchair accessible parking lot"": true}}",,,,https://lh3.googleusercontent.com/-in2foy_Lwtw/AAAAAAAAAAI/AAAAAAAAAAA/6tVo3Dzsq2U/s44-p-k-no-ns-nd/photo.jpg,,,True,106850288962361605172,Tropical Pool Services & Renovations,https://www.google.com/maps/contrib/106850288962361605172,,,,,"https://www.google.com/maps/place/Tropical+Pool+Services+%26+Renovations/@30.389229999999998,-90.0885122,14z/data=!4m8!1m2!2m1!1sTropical+Pool+Services+%26+Renovations!3m4!1s0x640243ebea62b9e1:0xca323abe69f84e2c!8m2!3d30.389229999999998!4d-90.0885122","https://www.google.com/maps/place/Tropical+Pool+Services+%26+Renovations/@30.389229999999998,-90.0885122,13.99z/data=!4m16!1m7!3m6!1s0x640243ebea62b9e1:0xca323abe69f84e2c!2sTropical+Pool+Services+%26+Renovations!8m2!3d30.389229999999998!4d-90.0885122!16s%2Fg%2F11ckvg1dmb!3m7!1s0x640243ebea62b9e1:0xca323abe69f84e2c!8m2!3d30.389229999999998!4d-90.0885122!9m1!1b1!16s%2Fg%2F11ckvg1dmb?entry=ttu",ChIJ4bli6utDAmQRLE74ab46Mso,0x640243ebea62b9e1:0xca323abe69f84e2c,14569772333993053740,/g/11rqtkt4l8,-3876971739716497876,,danny@tropicalpoolrenovations.com,RECEIVING,SMTP validated,,,,,,info@tropicalpool.com,RECEIVING,SMTP validated,,,,,,,,,,,,,,19856269939,fixed line,"ONVOY, LLC - LA",,,,,,,,,,https://www.facebook.com/tropicalrenovation,,,,,,,,,,,,,,,"Jandy Pool Automation - Tropical Pool - 5 Star Pool Service & Repair In Mandeville, Slidell & New Orleans",All in One SEO (AIOSEO) 4.8.2,"[et_pb_fullwidth_header title="" Expert Pool Services"" text_orientation=""center"" header_fullscreen=""on"" button_one_text=""Click Here",,False,True
"swimming pool contractor, 70129, New Orleans, LA, US",Caribbean Pools & Landscape LLC,Caribbean Pools And Landscape,https://www.caribbeanpoolsandlandscape.com/,"Swimming pool contractor, Landscape architect, Landscape designer, Spa, Swimming pool",Swimming pool contractor,Swimming pool contractor,+1 985-276-7757,landline,,,"75400 Tantela Ranch Rd, Covington, LA 70435",None,75400 Tantela Ranch Rd,Covington,70435,Louisiana,Louisiana,United States of America,US,30.527448,-90.21033399999999,8944466c623ffff,America/Chicago,,False,4.9,35.0,https://search.google.com/local/reviews?placeid=ChIJsVKP9-FpJ4YRN_wFaoS8Asw&q=*&authuser=0&hl=en&gl=US,,,1.0,0.0,0.0,1.0,33.0,103.0,https://lh3.googleusercontent.com/p/AF1QipOFNDskbKtQsUWV0tey9ZPduHGypI-hFP-bzdHl=w800-h500-k-no,https://lh3.googleusercontent.com/p/AF1QipOFNDskbKtQsUWV0tey9ZPduHGypI-hFP-bzdHl=w1600-h1000-k-no,,"{""Sunday"": ""Closed"", ""Monday"": ""8AM-5PM"", ""Tuesday"": ""8AM-5PM"", ""Wednesday"": ""8AM-5PM"", ""Thursday"": ""8AM-5PM"", ""Friday"": ""8AM-5PM"", ""Saturday"": ""Closed""}","Sunday,|Monday,8AM,5PM|Tuesday,8AM,5PM|Wednesday,8AM,5PM|Thursday,8AM,5PM|Friday,8AM,5PM|Saturday,",Sunday:Closed|Monday:8AM-5PM|Tuesday:8AM-5PM|Wednesday:8AM-5PM|Thursday:8AM-5PM|Friday:8AM-5PM|Saturday:Closed,,,OPERATIONAL,"{""Service options"": {""Online estimates"": false, ""Onsite services"": false}}",,,,https://lh4.googleusercontent.com/-D7mpwP1tCus/AAAAAAAAAAI/AAAAAAAAAAA/GW1MXBU1UgU/s44-p-k-no-ns-nd/photo.jpg,,,True,116044817622139735060,Caribbean Pools & Landscape LLC,https://www.google.com/maps/contrib/116044817622139735060,,https://www.caribbeanpoolsandlandscape.com/form__map,,https://www.caribbeanpoolsandlandscape.com/form__map,"https://www.google.com/maps/place/Caribbean+Pools+%26+Landscape+LLC/@30.527448,-90.21033399999999,14z/data=!4m8!1m2!2m1!1sCaribbean+Pools+%26+Landscape+LLC!3m4!1s0x862769e1f78f52b1:0xcc02bc846a05fc37!8m2!3d30.527448!4d-90.21033399999999","https://www.google.com/maps/place/Caribbean+Pools+%26+Landscape+LLC/@30.527448,-90.21033399999999,13.99z/data=!4m16!1m7!3m6!1s0x862769e1f78f52b1:0xcc02bc846a05fc37!2sCaribbean+Pools+%26+Landscape+LLC!8m2!3d30.527448!4d-90.21033399999999!16s%2Fg%2F11ckvg1dmb!3m7!1s0x862769e1f78f52b1:0xcc02bc846a05fc37!8m2!3d30.527448!4d-90.21033399999999!9m1!1b1!16s%2Fg%2F11ckvg1dmb?entry=ttu",ChIJsVKP9-FpJ4YRN_wFaoS8Asw,0x862769e1f78f52b1:0xcc02bc846a05fc37,14700519410591202359,/g/1tcvc7s0,-3746224663118349257,,caribbeanpoolsandlandscape@gmail.com,RECEIVING,SMTP validated,,,,,,lance@caribbeanpoolsandlandscape.com,RECEIVING,SMTP validated,,,,,,taylor@caribbeanpoolsandlandscape.com,RECEIVING,SMTP validated,,,,,,,,,,,,,,,,,,,,,,,,,,,,,,,,,Swimming Pool Builder | New Orleans-Northshore & Lafayette |,Wix.com Website Builder,"Caribbean Pools and Landscape specializes in designing and building custom swimming pools, spas and landscaping in the Metro New Orleans, and Lafayette Regions of South Louisiana.","Pool Builder, spas, landscape designer, Mandeville, Covington, Slidell, Madisonville, New Orleans, Northshore",False,False
"swimming pool contractor, 70129, New Orleans, LA, US",Cameron Leak Detection Inc,Cameron Leak Detection,https://cameronleakdetection.com/,"Swimming pool, Swimming pool repair service",Swimming pool,Swimming pool,+1 504-390-4112,mobile,"NEW CINGULAR WIRELESS PCS, LLC - GA",,"3161 Sunrise Blvd, Slidell, LA 70461",None,3161 Sunrise Blvd,Slidell,70461,Louisiana,Louisiana,United States of America,US,30.206183099999997,-89.765594,894455b10b3ffff,America/Chicago,,False,5.0,105.0,https://search.google.com/local/reviews?placeid=ChIJ-ySbWNQInogRXJFBcW9FxCg&q=*&authuser=0&hl=en&gl=US,,,1.0,0.0,0.0,1.0,103.0,2.0,https://streetviewpixels-pa.googleapis.com/v1/thumbnail?panoid=RU8-81o9XOmBgZaa02hthg&cb_client=search.gws-prod.gps&w=800&h=500&yaw=35.72466&pitch=0&thumbfov=100,https://lh3.googleusercontent.com/p/AF1QipP-57fV-FDpT-OSui78eoiv65rSmR2SuvLOkkEt=w1600-h1000-k-no,,"{""Sunday"": ""Closed"", ""Monday"": ""8AM-5PM"", ""Tuesday"": ""8AM-5PM"", ""Wednesday"": ""8AM-5PM"", ""Thursday"": ""8AM-5PM"", ""Friday"": ""8AM-5PM"", ""Saturday"": ""Closed""}","Sunday,|Monday,8AM,5PM|Tuesday,8AM,5PM|Wednesday,8AM,5PM|Thursday,8AM,5PM|Friday,8AM,5PM|Saturday,",Sunday:Closed|Monday:8AM-5PM|Tuesday:8AM-5PM|Wednesday:8AM-5PM|Thursday:8AM-5PM|Friday:8AM-5PM|Saturday:Closed,,,OPERATIONAL,"{""Accessibility"": {""Wheelchair accessible parking lot"": true}, ""Payments"": {""Debit cards"": true, ""Credit cards"": true}}",,,,https://lh3.googleusercontent.com/-MxU6voLPPHY/AAAAAAAAAAI/AAAAAAAAAAA/mMqqVnB6e_s/s44-p-k-no-ns-nd/photo.jpg,,,True,106708034735876794896,Cameron Leak Detection Inc,https://www.google.com/maps/contrib/106708034735876794896,,,,,"https://www.google.com/maps/place/Cameron+Leak+Detection+Inc/@30.206183099999997,-89.765594,14z/data=!4m8!1m2!2m1!1sCameron+Leak+Detection+Inc!3m4!1s0x889e08d4589b24fb:0x28c4456f7141915c!8m2!3d30.206183099999997!4d-89.765594","https://www.google.com/maps/place/Cameron+Leak+Detection+Inc/@30.206183099999997,-89.765594,13.99z/data=!4m16!1m7!3m6!1s0x889e08d4589b24fb:0x28c4456f7141915c!2sCameron+Leak+Detection+Inc!8m2!3d30.206183099999997!4d-89.765594!16s%2Fg%2F11ckvg1dmb!3m7!1s0x889e08d4589b24fb:0x28c4456f7141915c!8m2!3d30.206183099999997!4d-89.765594!9m1!1b1!16s%2Fg%2F11ckvg1dmb?entry=ttu",ChIJ-ySbWNQInogRXJFBcW9FxCg,0x889e08d4589b24fb:0x28c4456f7141915c,2937549201896214876,/g/1tftg2m8,2937549201896214876,,cameronleakdetectionla@gmail.com,RECEIVING,SMTP validated,,,,,,,,,,,,,,,,,,,,,,5043904112,mobile,"NEW CINGULAR WIRELESS PCS, LLC - GA",,,,,,,,,,https://www.facebook.com/298956514386201,,,,,,,,,,,,,https://github.com/impallari/,,"Cameron Leak Detection, Inc.",Starfield Technologies; Go Daddy Website Builder 8.0.0000,,,False,False
"swimming pool contractor, 70129, New Orleans, LA, US","Abita Pool Service - Swimming Pool Cleaning Mandeville LA, Swimming Pool Repair, Pool Cleaner",Abita Pool Service Swimming Pool Cleaning Mandeville La Swimming Pool Repair Pool Cleaner,https://abitapoolservice.com/pool-cleaning-service-mandeville/,"Swimming pool contractor, Service establishment, Pool cleaning service",Pool cleaning service,Swimming pool contractor,+1 985-778-3340,mobile,CELLCO PARTNERSHIP DBA VERIZON,,,,,,,,,,,30.3762044,-90.09606149999999,8944466a2c3ffff,America/Chicago,,True,5.0,5.0,https://search.google.com/local/reviews?placeid=ChIJ1044soBYJ4YRoU6io9Vnlj4&q=*&authuser=0&hl=en&gl=US,,,0.0,0.0,0.0,0.0,5.0,5.0,https://lh3.googleusercontent.com/p/AF1QipP-WxO4mOUQ8W6hSA0fw9vaV4TNUZg_9F-jgPlT=w800-h500-k-no,https://lh3.googleusercontent.com/p/AF1QipP-WxO4mOUQ8W6hSA0fw9vaV4TNUZg_9F-jgPlT=w1600-h1000-k-no,,"{""Sunday"": ""Open 24 hours"", ""Monday"": ""Open 24 hours"", ""Tuesday"": ""Open 24 hours"", ""Wednesday"": ""Open 24 hours"", ""Thursday"": ""Open 24 hours"", ""Friday"": ""Open 24 hours"", ""Saturday"": ""Open 24 hours""}","Sunday,Open 24 hours|Monday,Open 24 hours|Tuesday,Open 24 hours|Wednesday,Open 24 hours|Thursday,Open 24 hours|Friday,Open 24 hours|Saturday,Open 24 hours",Sunday:Open 24 hours|Monday:Open 24 hours|Tuesday:Open 24 hours|Wednesday:Open 24 hours|Thursday:Open 24 hours|Friday:Open 24 hours|Saturday:Open 24 hours,,,OPERATIONAL,"{""Crowd"": {""LGBTQ+ friendly"": true}, ""Other"": {""LGBTQ+ friendly"": true}}",,,,https://lh3.googleusercontent.com/-a1sP7WU7rqE/AAAAAAAAAAI/AAAAAAAAAAA/veBLGbaWN8Y/s44-p-k-no-ns-nd/photo.jpg,,,True,110362573941624000126,"Abita Pool Service - Swimming Pool Cleaning Mandeville LA, Swimming Pool Repair, Pool Cleaner",https://www.google.com/maps/contrib/110362573941624000126,,https://abitapoolservice.com/contact/,,https://abitapoolservice.com/contact/,"https://www.google.com/maps/place/Abita+Pool+Service+-+Swimming+Pool+Cleaning+Mandeville+LA%2C+Swimming+Pool+Repair%2C+Pool+Cleaner/@30.3762044,-90.09606149999999,14z/data=!4m8!1m2!2m1!1sAbita+Pool+Service+-+Swimming+Pool+Cleaning+Mandeville+LA%2C+Swimming+Pool+Repair%2C+Pool+Cleaner!3m4!1s0x86275880b2384ed7:0x3e9667d5a3a24ea1!8m2!3d30.3762044!4d-90.09606149999999","https://www.google.com/maps/place/Abita+Pool+Service+-+Swimming+Pool+Cleaning+Mandeville+LA%2C+Swimming+Pool+Repair%2C+Pool+Cleaner/@30.3762044,-90.09606149999999,13.99z/data=!4m16!1m7!3m6!1s0x86275880b2384ed7:0x3e9667d5a3a24ea1!2sAbita+Pool+Service+-+Swimming+Pool+Cleaning+Mandeville+LA%2C+Swimming+Pool+Repair%2C+Pool+Cleaner!8m2!3d30.3762044!4d-90.09606149999999!16s%2Fg%2F11ckvg1dmb!3m7!1s0x86275880b2384ed7:0x3e9667d5a3a24ea1!8m2!3d30.3762044!4d-90.09606149999999!9m1!1b1!16s%2Fg%2F11ckvg1dmb?entry=ttu",ChIJ1044soBYJ4YRoU6io9Vnlj4,0x86275880b2384ed7:0x3e9667d5a3a24ea1,4509906244129148577,/g/1td00vsj,4509906244129148577,,scott.scardina@yahoo.com,RECEIVING,SMTP validated,,,,,,,,,,,,,,,,,,,,,,9857783340,mobile,CELLCO PARTNERSHIP DBA VERIZON,,19857783340,mobile,CELLCO PARTNERSHIP DBA VERIZON,,,,,,https://www.facebook.com/abitapoolservice/,,,,,,,,,,https://twitter.com/ScottScardans,,,,,Abita Pool Service | Pool Cleaning Service and Pool Repair,Divi v.4.22.0,"A Pool Service You Can Count On. Pool repair and more. We service Mandeville, Covington, Madisonville, Abita Springs, and surrounding areas.",,False,False
"swimming pool contractor, 70129, New Orleans, LA, US",Captains Pools,Captains Pools,,Swimming pool contractor,Swimming pool contractor,Swimming pool contractor,+1 985-333-7665,landline,,,"2040 Lakeshore Blvd, Slidell, LA 70461",None,2040 Lakeshore Blvd,Slidell,70461,Louisiana,Louisiana,United States of America,US,30.201029499999997,-89.7696496,894455b1543ffff,America/Chicago,,False,,,,,,,,,,,1.0,https://streetviewpixels-pa.googleapis.com/v1/thumbnail?panoid=kKZ-pwKVY5Z1cNOBASItKw&cb_client=search.gws-prod.gps&w=800&h=500&yaw=128.05403&pitch=0&thumbfov=100,https://streetviewpixels-pa.googleapis.com/v1/thumbnail?panoid=kKZ-pwKVY5Z1cNOBASItKw&cb_client=search.gws-prod.gps&w=1600&h=1000&yaw=128.05403&pitch=0&thumbfov=100,,"{""Sunday"": ""Open 24 hours"", ""Monday"": ""Open 24 hours"", ""Tuesday"": ""Open 24 hours"", ""Wednesday"": ""Open 24 hours"", ""Thursday"": ""Open 24 hours"", ""Friday"": ""Open 24 hours"", ""Saturday"": ""Open 24 hours""}","Sunday,Open 24 hours|Monday,Open 24 hours|Tuesday,Open 24 hours|Wednesday,Open 24 hours|Thursday,Open 24 hours|Friday,Open 24 hours|Saturday,Open 24 hours",Sunday:Open 24 hours|Monday:Open 24 hours|Tuesday:Open 24 hours|Wednesday:Open 24 hours|Thursday:Open 24 hours|Friday:Open 24 hours|Saturday:Open 24 hours,,,OPERATIONAL,{},,,,https://lh3.googleusercontent.com/--WBqOnqKGTk/AAAAAAAAAAI/AAAAAAAAAAA/L3OY0HqIBzU/s44-p-k-no-ns-nd/photo.jpg,,,True,110475517493501502120,Captains Pools,https://www.google.com/maps/contrib/110475517493501502120,,,,,"https://www.google.com/maps/place/Captains+Pools/@30.201029499999997,-89.7696496,14z/data=!4m8!1m2!2m1!1sCaptains+Pools!3m4!1s0x889de195da018305:0xd097ebfc225009d4!8m2!3d30.201029499999997!4d-89.7696496","https://www.google.com/maps/place/Captains+Pools/@30.201029499999997,-89.7696496,13.99z/data=!4m16!1m7!3m6!1s0x889de195da018305:0xd097ebfc225009d4!2sCaptains+Pools!8m2!3d30.201029499999997!4d-89.7696496!16s%2Fg%2F11ckvg1dmb!3m7!1s0x889de195da018305:0xd097ebfc225009d4!8m2!3d30.201029499999997!4d-89.7696496!9m1!1b1!16s%2Fg%2F11ckvg1dmb?entry=ttu",ChIJBYMB2pXhnYgR1AlQIvzrl9A,0x889de195da018305:0xd097ebfc225009d4,15030741749512276436,/g/11g072txs6,None,,,,,,,,,,,,,,,,,,,,,,,,,,,,,,,,,,,,,,,,,,,,,,,,,,,,,,,,,,
"swimming pool contractor, 70129, New Orleans, LA, US",Rock N Pools,Rock N Pools,http://www.rocknpools.com/,"Swimming pool contractor, Service establishment",Swimming pool contractor,Swimming pool contractor,+1 504-915-6759,mobile,"NEW CINGULAR WIRELESS PCS, LLC",,,,,,,,,,,29.903546,-89.8876344,89444658077ffff,America/Chicago,,True,5.0,1.0,https://search.google.com/local/reviews?placeid=ChIJr3Ba7AznnYgRAP9db-2GP5o&q=*&authuser=0&hl=en&gl=US,,,0.0,0.0,0.0,0.0,1.0,15.0,https://lh3.googleusercontent.com/p/AF1QipMTYY67BhADGnaH_Cfj3qb8yl0rzjPnA4hkpNi0=w800-h500-k-no,https://lh3.googleusercontent.com/p/AF1QipMTYY67BhADGnaH_Cfj3qb8yl0rzjPnA4hkpNi0=w1600-h1000-k-no,,"{""Sunday"": ""Closed"", ""Monday"": ""8AM-5PM"", ""Tuesday"": ""8AM-5PM"", ""Wednesday"": ""8AM-5PM"", ""Thursday"": ""8AM-5PM"", ""Friday"": ""8AM-5PM"", ""Saturday"": ""Closed""}","Sunday,|Monday,8AM,5PM|Tuesday,8AM,5PM|Wednesday,8AM,5PM|Thursday,8AM,5PM|Friday,8AM,5PM|Saturday,",Sunday:Closed|Monday:8AM-5PM|Tuesday:8AM-5PM|Wednesday:8AM-5PM|Thursday:8AM-5PM|Friday:8AM-5PM|Saturday:Closed,,,OPERATIONAL,{},,,,https://lh3.googleusercontent.com/-RxtGML7bW60/AAAAAAAAAAI/AAAAAAAAAAA/1xQs9NwfLJo/s44-p-k-no-ns-nd/photo.jpg,,,True,115708072134587979268,Rock N Pools,https://www.google.com/maps/contrib/115708072134587979268,,,,,"https://www.google.com/maps/place/Rock+N+Pools/@29.903546,-89.8876344,14z/data=!4m8!1m2!2m1!1sRock+N+Pools!3m4!1s0x889de70cec5a70af:0x9a3f86ed6f5dff00!8m2!3d29.903546!4d-89.8876344","https://www.google.com/maps/place/Rock+N+Pools/@29.903546,-89.8876344,13.99z/data=!4m16!1m7!3m6!1s0x889de70cec5a70af:0x9a3f86ed6f5dff00!2sRock+N+Pools!8m2!3d29.903546!4d-89.8876344!16s%2Fg%2F11ckvg1dmb!3m7!1s0x889de70cec5a70af:0x9a3f86ed6f5dff00!8m2!3d29.903546!4d-89.8876344!9m1!1b1!16s%2Fg%2F11ckvg1dmb?entry=ttu",ChIJr3Ba7AznnYgRAP9db-2GP5o,0x889de70cec5a70af:0x9a3f86ed6f5dff00,11114750759707475712,/g/11j7kcs3dc,-7331993314002075904,,,,,,,,,,,,,,,,,,,,,,,,,,5049156759,mobile,"NEW CINGULAR WIRELESS PCS, LLC",,,,,,,,,,https://www.facebook.com/rockn.pools/,,,,,,,,,,,,,,,Rock'N'Pools – The Gulf Coast's Premier Pool Construction Company,"Elementor 3.33.1; features: additional_custom_breakpoints; settings: css_print_method-external, google_font-enabled, font_display-auto",Rock'N'Pools The Gulf Coast's Premier Pool Construction Company Rock‘N’Pools is a full service swimming pool construction company which specializes in custom pool designs catered to your landscape and lifestyle. Customer happiness is the foundational element of our family owned business and we strive to go beyond expectations to provide quality pool contracting services. Call today…,,False,False
"swimming pool contractor, 70129, New Orleans, LA, US",C & C Leak Detection Inc,C And C Leak Detection,,"Swimming pool repair service, Service establishment",Swimming pool repair service,Swimming pool repair service,+1 504-554-1339,mobile,CELLCO PARTNERSHIP DBA VERIZON WIRELESS - LA,,,,,,,,,,,31.925613,-91.07061999999999,8944430856fffff,America/Chicago,,True,5.0,28.0,https://search.google.com/local/reviews?placeid=ChIJ4dqAGZi6IIYRIE7DtPZyR7E&q=*&authuser=0&hl=en&gl=US,,,0.0,0.0,0.0,0.0,28.0,17.0,https://lh3.googleusercontent.com/p/AF1QipPNV5Tqd5vuSGpldoUYAmvczm68lEA6nx9e18Yz=w800-h500-k-no,https://lh3.googleusercontent.com/p/AF1QipPNV5Tqd5vuSGpldoUYAmvczm68lEA6nx9e18Yz=w1600-h1000-k-no,,"{""Sunday"": ""Closed"", ""Monday"": ""9AM-5PM"", ""Tuesday"": ""9AM-5PM"", ""Wednesday"": ""9AM-5PM"", ""Thursday"": ""9AM-5PM"", ""Friday"": ""9AM-5PM"", ""Saturday"": ""9AM-5PM""}","Sunday,|Monday,9AM,5PM|Tuesday,9AM,5PM|Wednesday,9AM,5PM|Thursday,9AM,5PM|Friday,9AM,5PM|Saturday,9AM,5PM",Sunday:Closed|Monday:9AM-5PM|Tuesday:9AM-5PM|Wednesday:9AM-5PM|Thursday:9AM-5PM|Friday:9AM-5PM|Saturday:9AM-5PM,,,OPERATIONAL,{},,,,https://lh3.googleusercontent.com/-mXorYZcDNdw/AAAAAAAAAAI/AAAAAAAAAAA/7EPfc8Vsxn0/s44-p-k-no-ns-nd/photo.jpg,,,True,117759300414890345461,C & C Leak Detection Inc,https://www.google.com/maps/contrib/117759300414890345461,,,,,"https://www.google.com/maps/place/C+%26+C+Leak+Detection+Inc/@31.925613,-91.07061999999999,14z/data=!4m8!1m2!2m1!1sC+%26+C+Leak+Detection+Inc!3m4!1s0x8620ba981980dae1:0xb14772f6b4c34e20!8m2!3d31.925613!4d-91.07061999999999","https://www.google.com/maps/place/C+%26+C+Leak+Detection+Inc/@31.925613,-91.07061999999999,13.99z/data=!4m16!1m7!3m6!1s0x8620ba981980dae1:0xb14772f6b4c34e20!2sC+%26+C+Leak+Detection+Inc!8m2!3d31.925613!4d-91.07061999999999!16s%2Fg%2F11ckvg1dmb!3m7!1s0x8620ba981980dae1:0xb14772f6b4c34e20!8m2!3d31.925613!4d-91.07061999999999!9m1!1b1!16s%2Fg%2F11ckvg1dmb?entry=ttu",ChIJ4dqAGZi6IIYRIE7DtPZyR7E,0x8620ba981980dae1:0xb14772f6b4c34e20,12774305271979920928,/g/1tgdjbv3,-5672438801729630688,,,,,,,,,,,,,,,,,,,,,,,,,,,,,,,,,,,,,,,,,,,,,,,,,,,,,,,,,,
"swimming pool contractor, 70129, New Orleans, LA, US",Clearwater Outdoor Creations LLC,Clearwater Outdoor Creations,http://www.cocpools.com/,"Swimming pool contractor, Swimming pool repair service",Swimming pool contractor,Swimming pool contractor,+1 985-273-3071,mobile,"NEW CINGULAR WIRELESS PCS, LLC - GA",,"4001 Hwy 190 East Service Rd, Covington, LA 70433",None,4001 Hwy 190 East Service Rd,Covington,70433,Louisiana,Louisiana,United States of America,US,30.414581599999998,-90.0828815,894446686a7ffff,America/Chicago,,False,4.3,19.0,https://search.google.com/local/reviews?placeid=ChIJPRFoMvpbJ4YRuguGwjk7Z5A&q=*&authuser=0&hl=en&gl=US,,,3.0,0.0,1.0,0.0,15.0,13.0,https://lh3.googleusercontent.com/gps-cs-s/AG0ilSy8Xbao61Y38lT5XVEcHX7eRzZ9GKWJwNa33zLMoCfycgCTtsq3-Sj-tSI4vOa_WR33uCS6B79OhUjHFgmtUpDgj5LxQq-njcZ_p7Dn8dyuTvpFGW9eP9gT2C-90RWDiA6ZgaiZ=w800-h500-k-no,https://lh3.googleusercontent.com/gps-cs-s/AG0ilSy8Xbao61Y38lT5XVEcHX7eRzZ9GKWJwNa33zLMoCfycgCTtsq3-Sj-tSI4vOa_WR33uCS6B79OhUjHFgmtUpDgj5LxQq-njcZ_p7Dn8dyuTvpFGW9eP9gT2C-90RWDiA6ZgaiZ=w1600-h1000-k-no,,"{""Sunday"": ""Closed"", ""Monday"": ""8:30AM-4PM"", ""Tuesday"": ""8AM-4PM"", ""Wednesday"": ""8AM-4PM"", ""Thursday"": ""8AM-4PM"", ""Friday"": ""8AM-4PM"", ""Saturday"": ""8AM-5PM""}","Sunday,|Monday,8:30AM,4PM|Tuesday,8AM,4PM|Wednesday,8AM,4PM|Thursday,8AM,4PM|Friday,8AM,4PM|Saturday,8AM,5PM",Sunday:Closed|Monday:8:30AM-4PM|Tuesday:8AM-4PM|Wednesday:8AM-4PM|Thursday:8AM-4PM|Friday:8AM-4PM|Saturday:8AM-5PM,,,OPERATIONAL,{},,,,https://lh6.googleusercontent.com/-KgqDyy_8HQU/AAAAAAAAAAI/AAAAAAAAAAA/dhvPV5jMeMs/s44-p-k-no-ns-nd/photo.jpg,,,True,107461406233392502233,Clearwater Outdoor Creations LLC,https://www.google.com/maps/contrib/107461406233392502233,,,,,"https://www.google.com/maps/place/Clearwater+Outdoor+Creations+LLC/@30.414581599999998,-90.0828815,14z/data=!4m8!1m2!2m1!1sClearwater+Outdoor+Creations+LLC!3m4!1s0x86275bfa3268113d:0x90673b39c2860bba!8m2!3d30.414581599999998!4d-90.0828815","https://www.google.com/maps/place/Clearwater+Outdoor+Creations+LLC/@30.414581599999998,-90.0828815,13.99z/data=!4m16!1m7!3m6!1s0x86275bfa3268113d:0x90673b39c2860bba!2sClearwater+Outdoor+Creations+LLC!8m2!3d30.414581599999998!4d-90.0828815!16s%2Fg%2F11ckvg1dmb!3m7!1s0x86275bfa3268113d:0x90673b39c2860bba!8m2!3d30.414581599999998!4d-90.0828815!9m1!1b1!16s%2Fg%2F11ckvg1dmb?entry=ttu",ChIJPRFoMvpbJ4YRuguGwjk7Z5A,0x86275bfa3268113d:0x90673b39c2860bba,10405350583325559738,/g/11f63xh48p,-8041393490383991878,,customerservice@cocnola.com,RECEIVING,Role,,,,,,jeremyj@cocnola.com,RECEIVING,SMTP validated,,,,,,,,,,,,,,9852733071,mobile,"NEW CINGULAR WIRELESS PCS, LLC - GA",,19852733071,mobile,"NEW CINGULAR WIRELESS PCS, LLC - GA",,9855027138,CELLCO PARTNERSHIP DBA VERIZON WIRELESS - LA,mobile,,https://www.facebook.com/clearwateroutdoorcreationscoc/,,,,,,,,,,,,,,,Contact the #1 Trusted Pool Installation Experts Today,WordPress 6.8.3,"Contact Pool Installation Experts at Sea Glass Photos. We offer expert pool installation services on the Northshore, New Orleans, and Baton Rouge.",,False,False
"swimming pool contractor, 70129, New Orleans, LA, US",Gunite Express,Gunite Express,http://usgunite.com/,Swimming pool contractor,Swimming pool contractor,Swimming pool contractor,+1 985-445-5522,mobile,"NEW CINGULAR WIRELESS PCS, LLC - GA",,"38138 Hwy Dept Rd, Pearl River, LA 70452",None,38138 Hwy Dept Rd,Pearl River,70452,Louisiana,Louisiana,United States of America,US,30.3440652,-89.7642843,894455a06c3ffff,America/Chicago,,False,4.0,13.0,https://search.google.com/local/reviews?placeid=ChIJSb7SmqfonYgRNA4gt4okZ84&q=*&authuser=0&hl=en&gl=US,,,3.0,0.0,0.0,1.0,9.0,8.0,https://lh3.googleusercontent.com/gps-cs-s/AG0ilSxXciQqsWITBZzbm-XkjoLbHW10yeWNJMxcPBBSdtfjEWgFlckcyGfEnanooGEDzkFoHvhCFjFYUmv9lb95RI2DZhSKrUadstRQb4x02Xgyhyq88KTBNv01EVDejJO_RqcfJBQS=w800-h500-k-no,https://lh3.googleusercontent.com/gps-cs-s/AG0ilSxXciQqsWITBZzbm-XkjoLbHW10yeWNJMxcPBBSdtfjEWgFlckcyGfEnanooGEDzkFoHvhCFjFYUmv9lb95RI2DZhSKrUadstRQb4x02Xgyhyq88KTBNv01EVDejJO_RqcfJBQS=w1600-h1000-k-no,,"{""Sunday"": ""Closed"", ""Monday"": ""8AM-5:30PM"", ""Tuesday"": ""8AM-5:30PM"", ""Wednesday"": ""8AM-5:30AM"", ""Thursday"": ""8AM-5:30PM"", ""Friday"": ""8AM-5:30PM"", ""Saturday"": ""Closed""}","Sunday,|Monday,8AM,5:30PM|Tuesday,8AM,5:30PM|Wednesday,8AM,5:30AM|Thursday,8AM,5:30PM|Friday,8AM,5:30PM|Saturday,",Sunday:Closed|Monday:8AM-5:30PM|Tuesday:8AM-5:30PM|Wednesday:8AM-5:30AM|Thursday:8AM-5:30PM|Friday:8AM-5:30PM|Saturday:Closed,,,OPERATIONAL,{},,,,https://lh4.googleusercontent.com/-wrl1KzD0mic/AAAAAAAAAAI/AAAAAAAAAAA/0HPnFmzfmws/s44-p-k-no-ns-nd/photo.jpg,,,True,105606167210437203089,Gunite Express,https://www.google.com/maps/contrib/105606167210437203089,,,,,"https://www.google.com/maps/place/Gunite+Express/@30.3440652,-89.7642843,14z/data=!4m8!1m2!2m1!1sGunite+Express!3m4!1s0x889de8a79ad2be49:0xce67248ab7200e34!8m2!3d30.3440652!4d-89.7642843","https://www.google.com/maps/place/Gunite+Express/@30.3440652,-89.7642843,13.99z/data=!4m16!1m7!3m6!1s0x889de8a79ad2be49:0xce67248ab7200e34!2sGunite+Express!8m2!3d30.3440652!4d-89.7642843!16s%2Fg%2F11ckvg1dmb!3m7!1s0x889de8a79ad2be49:0xce67248ab7200e34!8m2!3d30.3440652!4d-89.7642843!9m1!1b1!16s%2Fg%2F11ckvg1dmb?entry=ttu",ChIJSb7SmqfonYgRNA4gt4okZ84,0x889de8a79ad2be49:0xce67248ab7200e34,14872896472610770484,/g/1v27w8jn,-3573847601098781132,,info@uspoolplaster.com,RECEIVING,SMTP validated,,,,,,info@usgunite.com,RECEIVING,SMTP validated,,,,,,gunitescheduling@usgunite.com,INVALID,Undeliverable,,,,,,5122108224,mobile,CELLCO PARTNERSHIP DBA VERIZON WIRELESS - TX,,,,,,,,,,,,,,,,,,,,,,,,,Contact US Gunite & US Pool Plaster – U.S. Gunite & U.S. Pool Plaster,WordPress 6.8.3,,,False,True
"swimming pool contractor, 70129, New Orleans, LA, US",NolaScapes Pool & Outdoors Co,Nolascapes Pool And Outdoors,https://www.nolascapes.com/,"Swimming pool contractor, Service establishment",Swimming pool contractor,Swimming pool contractor,+1 985-774-5468,mobile,,,,,,,,,,,,30.381717599999998,-89.65850089999999,894455aa14fffff,America/Chicago,,True,,,,,,,,,,,,,,,"{""Sunday"": ""Closed"", ""Monday"": ""8AM-5PM"", ""Tuesday"": ""8AM-5PM"", ""Wednesday"": ""8AM-5PM"", ""Thursday"": ""8AM-5PM"", ""Friday"": ""8AM-5PM"", ""Saturday"": ""9AM-3PM""}","Sunday,|Monday,8AM,5PM|Tuesday,8AM,5PM|Wednesday,8AM,5PM|Thursday,8AM,5PM|Friday,8AM,5PM|Saturday,9AM,3PM",Sunday:Closed|Monday:8AM-5PM|Tuesday:8AM-5PM|Wednesday:8AM-5PM|Thursday:8AM-5PM|Friday:8AM-5PM|Saturday:9AM-3PM,,,OPERATIONAL,{},,,,https://lh5.googleusercontent.com/-_7NS5GX3EJU/AAAAAAAAAAI/AAAAAAAAAAA/jHk0FIbWMso/s44-p-k-no-ns-nd/photo.jpg,,,True,116062486877389424080,NolaScapes Pool & Outdoors Co,https://www.google.com/maps/contrib/116062486877389424080,,,,,"https://www.google.com/maps/place/NolaScapes+Pool+%26+Outdoors+Co/@30.381717599999998,-89.65850089999999,14z/data=!4m8!1m2!2m1!1sNolaScapes+Pool+%26+Outdoors+Co!3m4!1s0x67a4104f1d06d98d:0xda6147655aa06b46!8m2!3d30.381717599999998!4d-89.65850089999999","https://www.google.com/maps/place/NolaScapes+Pool+%26+Outdoors+Co/@30.381717599999998,-89.65850089999999,13.99z/data=!4m16!1m7!3m6!1s0x67a4104f1d06d98d:0xda6147655aa06b46!2sNolaScapes+Pool+%26+Outdoors+Co!8m2!3d30.381717599999998!4d-89.65850089999999!16s%2Fg%2F11ckvg1dmb!3m7!1s0x67a4104f1d06d98d:0xda6147655aa06b46!8m2!3d30.381717599999998!4d-89.65850089999999!9m1!1b1!16s%2Fg%2F11ckvg1dmb?entry=ttu",ChIJjdkGHU8QpGcRRmugWmVHYdo,0x67a4104f1d06d98d:0xda6147655aa06b46,15735937073646955334,/g/11ygwp3_2r,None,,jonathan@nolascapes.com,RECEIVING,SMTP validated,,,,,,,,,,,,,,,,,,,,,,5043308479,mobile,CELLCO PARTNERSHIP DBA VERIZON,,15042503910,mobile,CELLCO PARTNERSHIP DBA VERIZON WIRELESS - LA,,,,,,https://www.facebook.com/NOLAScapesPoolAndOutdoors,,,,,,,,,,https://twitter.com/nolascapes,,,,,"Organic Gardens, New Orleans, Uptown, Kenner, Metairie, LA",,"Photo gallery of Organic Gardens by Nolascapes, serving greater New Orleans, Uptown, Kenner, Metairie, Lakeview, LA.","Pool Installations, Inground Pools, In Ground Pool, Fiberglass Pools, Gunite Pools, Shotcrete Pools, Pool Designs, Pool Builder, Pool Installer, Concrete Pools, Pool Tiling, Baja Entry, Beach Entry, Bubble Jet, Built-In Spa, Bull-Nosed Coping, Pool Coping, Pool Deck, Free-Form Pool, Fountain Jet, Formal Pool, Grecian Pool, Grotto, Jump Rock, Lap Pool, Pool Lighting, Natural Pool, Spa, Swim Spa, Swim-Up Bars, Vanishing Edge, Waterfalls, New Orleans, Uptown, Kenner, River Ridge, Lakeview, Metairie, West Bank, Harahan, LA, NOLASCAPES Landscaping",False,False
"swimming pool contractor, 70129, New Orleans, LA, US",Pools by Dennis,Pools By Dennis,,"Swimming pool contractor, Service establishment",Swimming pool contractor,Swimming pool contractor,+1 504-723-9351,mobile,,,,,,,,,,,,30.1230345,-89.4642906,8944558d4bbffff,America/Chicago,,True,,,,,,,,,,,12.0,https://lh3.googleusercontent.com/p/AF1QipNsSgFfQcPs0Zno7_2nWkuIeMn1cXkA4lIcJGnf=w800-h500-k-no,https://lh3.googleusercontent.com/p/AF1QipNsSgFfQcPs0Zno7_2nWkuIeMn1cXkA4lIcJGnf=w1600-h1000-k-no,,"{""Sunday"": ""Closed"", ""Monday"": ""9AM-5PM"", ""Tuesday"": ""9AM-5PM"", ""Wednesday"": ""9AM-5PM"", ""Thursday"": ""9AM-5PM"", ""Friday"": ""9AM-5PM"", ""Saturday"": ""Closed""}","Sunday,|Monday,9AM,5PM|Tuesday,9AM,5PM|Wednesday,9AM,5PM|Thursday,9AM,5PM|Friday,9AM,5PM|Saturday,",Sunday:Closed|Monday:9AM-5PM|Tuesday:9AM-5PM|Wednesday:9AM-5PM|Thursday:9AM-5PM|Friday:9AM-5PM|Saturday:Closed,,,OPERATIONAL,"{""Service options"": {""Online estimates"": false}}",,,,https://lh4.googleusercontent.com/-GQ8fQJaiK1E/AAAAAAAAAAI/AAAAAAAAAAA/pig4wGkEodo/s44-p-k-no-ns-nd/photo.jpg,,,True,101126637147751378040,Pools by Dennis,https://www.google.com/maps/contrib/101126637147751378040,,,,,"https://www.google.com/maps/place/Pools+by+Dennis/@30.1230345,-89.4642906,14z/data=!4m8!1m2!2m1!1sPools+by+Dennis!3m4!1s0x889de3a19c0eaaab:0x919b94c7427785f7!8m2!3d30.1230345!4d-89.4642906","https://www.google.com/maps/place/Pools+by+Dennis/@30.1230345,-89.4642906,13.99z/data=!4m16!1m7!3m6!1s0x889de3a19c0eaaab:0x919b94c7427785f7!2sPools+by+Dennis!8m2!3d30.1230345!4d-89.4642906!16s%2Fg%2F11ckvg1dmb!3m7!1s0x889de3a19c0eaaab:0x919b94c7427785f7!8m2!3d30.1230345!4d-89.4642906!9m1!1b1!16s%2Fg%2F11ckvg1dmb?entry=ttu",ChIJq6oOnKHjnYgR94V3QseUm5E,0x889de3a19c0eaaab:0x919b94c7427785f7,10492143340424234487,/g/11ggsgg60m,None,,,,,,,,,,,,,,,,,,,,,,,,,,,,,,,,,,,,,,,,,,,,,,,,,,,,,,,,,,
"swimming pool contractor, 70129, New Orleans, LA, US",Green Country Rooftops & Restoration,Green Country Rooftops And Restoration,https://www.greencountryrooftops.com/,"General contractor, Service establishment",General contractor,General contractor,+1 504-491-5375,mobile,"NEW CINGULAR WIRELESS PCS, LLC - GA",,,,,,,,,,,33.1015976,-92.437424,89444e2e2d3ffff,America/Chicago,,True,4.7,40.0,https://search.google.com/local/reviews?placeid=ChIJq6r2oNOvIIYRVqAnPUq95XY&q=*&authuser=0&hl=en&gl=US,,,3.0,0.0,0.0,0.0,37.0,70.0,https://lh3.googleusercontent.com/p/AF1QipP0wcAdY-tL5GGmQagJsb-py9LPD7i0kmaSt60j=w800-h500-k-no,https://lh3.googleusercontent.com/p/AF1QipP0wcAdY-tL5GGmQagJsb-py9LPD7i0kmaSt60j=w1600-h1000-k-no,,"{""Sunday"": ""Closed"", ""Monday"": ""Open 24 hours"", ""Tuesday"": ""Open 24 hours"", ""Wednesday"": ""Open 24 hours"", ""Thursday"": ""Open 24 hours"", ""Friday"": ""Open 24 hours"", ""Saturday"": ""Open 24 hours""}","Sunday,|Monday,Open 24 hours|Tuesday,Open 24 hours|Wednesday,Open 24 hours|Thursday,Open 24 hours|Friday,Open 24 hours|Saturday,Open 24 hours",Sunday:Closed|Monday:Open 24 hours|Tuesday:Open 24 hours|Wednesday:Open 24 hours|Thursday:Open 24 hours|Friday:Open 24 hours|Saturday:Open 24 hours,,,OPERATIONAL,{},,,,https://lh4.googleusercontent.com/-4nNRxF5JHp4/AAAAAAAAAAI/AAAAAAAAAAA/p2WawIZoMps/s44-p-k-no-ns-nd/photo.jpg,,,True,107809145596997048705,Green Country Rooftops & Restoration,https://www.google.com/maps/contrib/107809145596997048705,,,,,"https://www.google.com/maps/place/Green+Country+Rooftops+%26+Restoration/@33.1015976,-92.437424,14z/data=!4m8!1m2!2m1!1sGreen+Country+Rooftops+%26+Restoration!3m4!1s0x8620afd3a0f6aaab:0x76e5bd4a3d27a056!8m2!3d33.1015976!4d-92.437424","https://www.google.com/maps/place/Green+Country+Rooftops+%26+Restoration/@33.1015976,-92.437424,13.99z/data=!4m16!1m7!3m6!1s0x8620afd3a0f6aaab:0x76e5bd4a3d27a056!2sGreen+Country+Rooftops+%26+Restoration!8m2!3d33.1015976!4d-92.437424!16s%2Fg%2F11ckvg1dmb!3m7!1s0x8620afd3a0f6aaab:0x76e5bd4a3d27a056!8m2!3d33.1015976!4d-92.437424!9m1!1b1!16s%2Fg%2F11ckvg1dmb?entry=ttu",ChIJq6r2oNOvIIYRVqAnPUq95XY,0x8620afd3a0f6aaab:0x76e5bd4a3d27a056,8567461992693473366,/g/11fm3vfq58,8567461992693473366,,greencountryrooftops12@gmail.com,RECEIVING,SMTP validated,,,,,,ryan@gcrtrestore.com,UNKNOWN,Cannot validate,,,,,,ryan@gcrtrestore.com,UNKNOWN,Cannot validate,,,,,,5044915375,mobile,"NEW CINGULAR WIRELESS PCS, LLC - GA",,5044915375,mobile,"NEW CINGULAR WIRELESS PCS, LLC - GA",,4699197330,CELLCO PARTNERSHIP DBA VERIZON WIRELESS - TX,mobile,,,,,,,,,,,,,,,,,Remodel & Restoration,,Home and business restoration and remodel services.  Turn-key home improvement with the highest quality material.,"Home renovation, interior renovation, local contractor, best construction company, remodeling, general contractor, home remodeling, home repair, storm restoration, flooring, painting, crown molding, BBB approved",False,True
"swimming pool contractor, 70129, New Orleans, LA, US",Bywater Suite Hotel,Bywater Suite Hotel,https://www.thebywaterhotel.com/,"Swimming pool, Resort hotel, Hotel",hotels,Swimming pool,+1 650-735-0080,landline,,,"3500 St Claude Ave, New Orleans, LA 70117",St. Claude,3500 St Claude Ave,New Orleans,70117,Louisiana,Louisiana,United States of America,US,29.966126799999998,-90.0392145,89444642223ffff,America/Chicago,,False,4.5,54.0,https://search.google.com/local/reviews?placeid=ChIJ2ydk9iymIIYRhGLc4ilSvpI&q=*&authuser=0&hl=en&gl=US,,,6.0,0.0,0.0,4.0,44.0,75.0,https://lh3.googleusercontent.com/p/AF1QipPud-IqNDoE-UWN_OHk5-UMsnW2aOVAeA2yeGjk=w800-h500-k-no,https://lh3.googleusercontent.com/p/AF1QipPud-IqNDoE-UWN_OHk5-UMsnW2aOVAeA2yeGjk=w1600-h1000-k-no,,,,,,,OPERATIONAL,"{""Crowd"": {""LGBTQ+ friendly"": true}, ""Other"": {""LGBTQ+ friendly"": true}}",,,,https://lh3.googleusercontent.com/-U8sKY_YcQ70/AAAAAAAAAAI/AAAAAAAAAAA/11ilQSP9l78/s44-p-k-no-ns-nd/photo.jpg,,,True,104419905442650737587,Bywater Suite Hotel,https://www.google.com/maps/contrib/104419905442650737587,,,,,"https://www.google.com/maps/place/Bywater+Suite+Hotel/@29.966126799999998,-90.0392145,14z/data=!4m8!1m2!2m1!1sBywater+Suite+Hotel!3m4!1s0x8620a62cf66427db:0x92be5229e2dc6284!8m2!3d29.966126799999998!4d-90.0392145","https://www.google.com/maps/place/Bywater+Suite+Hotel/@29.966126799999998,-90.0392145,13.99z/data=!4m16!1m7!3m6!1s0x8620a62cf66427db:0x92be5229e2dc6284!2sBywater+Suite+Hotel!8m2!3d29.966126799999998!4d-90.0392145!16s%2Fg%2F11ckvg1dmb!3m7!1s0x8620a62cf66427db:0x92be5229e2dc6284!8m2!3d29.966126799999998!4d-90.0392145!9m1!1b1!16s%2Fg%2F11ckvg1dmb?entry=ttu",ChIJ2ydk9iymIIYRhGLc4ilSvpI,0x8620a62cf66427db:0x92be5229e2dc6284,10573979314965734020,/g/11w9bc5r_b,-7872764758743817596,,,,,,,,,,,,,,,,,,,,,,,,,,,,,,,,,,,,,,https://facebook.com/thebywater,https://instagram.com/thebywaterhotel,,,,,,,,,,,,,,The Bywater Hotel – Stay. Swim. Dine. Lounge. Celebrate.,WordPress 6.8.2,,,False,False
"swimming pool contractor, 70129, New Orleans, LA, US","Cornerstone Pools, Inc",Cornerstone Pools,http://www.cornerstonepoolsinc.com/,"Swimming pool contractor, Service establishment, Swimming pool repair service",Swimming pool contractor,Swimming pool contractor,+1 985-845-7100,landline,AT&T CORP.,,,,,,,,,,,30.188856599999998,-89.5402805,8944558ceabffff,America/Chicago,,True,5.0,2.0,https://search.google.com/local/reviews?placeid=ChIJcdZCxfYy3IURD1WozgILZXY&q=*&authuser=0&hl=en&gl=US,,,0.0,0.0,0.0,0.0,2.0,10.0,https://lh3.googleusercontent.com/p/AF1QipMTtDSDzwbQCWCioE6K7dRgaPh9E9-Mxc2filFO=w800-h500-k-no,https://lh3.googleusercontent.com/p/AF1QipMTtDSDzwbQCWCioE6K7dRgaPh9E9-Mxc2filFO=w1600-h1000-k-no,,"{""Sunday"": ""Closed"", ""Monday"": ""9AM-5PM"", ""Tuesday"": ""9AM-5PM"", ""Wednesday"": ""9AM-5PM"", ""Thursday"": ""9AM-5PM"", ""Friday"": ""9AM-5PM"", ""Saturday"": ""Closed""}","Sunday,|Monday,9AM,5PM|Tuesday,9AM,5PM|Wednesday,9AM,5PM|Thursday,9AM,5PM|Friday,9AM,5PM|Saturday,",Sunday:Closed|Monday:9AM-5PM|Tuesday:9AM-5PM|Wednesday:9AM-5PM|Thursday:9AM-5PM|Friday:9AM-5PM|Saturday:Closed,,,OPERATIONAL,{},,,,https://lh6.googleusercontent.com/-m0tqdpUs0ac/AAAAAAAAAAI/AAAAAAAAAAA/qB-ATQPgfNo/s44-p-k-no-ns-nd/photo.jpg,,,True,112657878259694793492,"Cornerstone Pools, Inc",https://www.google.com/maps/contrib/112657878259694793492,,https://www.cornerstonepoolsinc.com/contact-us,,https://www.cornerstonepoolsinc.com/contact-us,"https://www.google.com/maps/place/Cornerstone+Pools%2C+Inc/@30.188856599999998,-89.5402805,14z/data=!4m8!1m2!2m1!1sCornerstone+Pools%2C+Inc!3m4!1s0x85dc32f6c542d671:0x76650b02cea8550f!8m2!3d30.188856599999998!4d-89.5402805","https://www.google.com/maps/place/Cornerstone+Pools%2C+Inc/@30.188856599999998,-89.5402805,13.99z/data=!4m16!1m7!3m6!1s0x85dc32f6c542d671:0x76650b02cea8550f!2sCornerstone+Pools%2C+Inc!8m2!3d30.188856599999998!4d-89.5402805!16s%2Fg%2F11ckvg1dmb!3m7!1s0x85dc32f6c542d671:0x76650b02cea8550f!8m2!3d30.188856599999998!4d-89.5402805!9m1!1b1!16s%2Fg%2F11ckvg1dmb?entry=ttu",ChIJcdZCxfYy3IURD1WozgILZXY,0x85dc32f6c542d671:0x76650b02cea8550f,8531237175808251151,/g/11sgzr8f9s,8531237175808251151,,,,,,,,,,,,,,,,,,,,,,,,,,9858457100,landline,AT&T CORP.,,5555555555,mobile,,,19858457100,AT&T CORP.,landline,,,,http://www.linkedin.com/company/6699581,,,,,,,,,,,,,About Us| Cornerstone Pools,WordPress 6.8.3,"Contact Cornerstone Pools Inc. in Madisonville, LA at 985-845-7100 for more information on our pool building.",,False,False
"swimming pool contractor, 70129, New Orleans, LA, US",Aquatic Custom Built Pools,Aquatic Custom Built Pools,,"Swimming pool contractor, Hot tub store, Swimming pool repair service",Swimming pool contractor,Swimming pool contractor,+1 985-869-0556,mobile,,,"218 Kissena Park Ct, Covington, LA 70435",None,218 Kissena Park Ct,Covington,70435,Louisiana,Louisiana,United States of America,US,30.510907999999997,-90.022055,894442d3447ffff,America/Chicago,,False,5.0,3.0,https://search.google.com/local/reviews?placeid=ChIJddJp3sNfJ4YR6YQybmcID0I&q=*&authuser=0&hl=en&gl=US,,,0.0,0.0,0.0,0.0,3.0,1.0,https://streetviewpixels-pa.googleapis.com/v1/thumbnail?panoid=yxCnLkvUKynbDCgefJASWQ&cb_client=search.gws-prod.gps&w=800&h=500&yaw=9.317461&pitch=0&thumbfov=100,https://streetviewpixels-pa.googleapis.com/v1/thumbnail?panoid=yxCnLkvUKynbDCgefJASWQ&cb_client=search.gws-prod.gps&w=1600&h=1000&yaw=9.317461&pitch=0&thumbfov=100,,"{""Sunday"": ""Closed"", ""Monday"": ""7AM-5PM"", ""Tuesday"": ""7AM-5PM"", ""Wednesday"": ""7AM-5PM"", ""Thursday"": ""7AM-5PM"", ""Friday"": ""7AM-5PM"", ""Saturday"": ""7AM-6PM""}","Sunday,|Monday,7AM,5PM|Tuesday,7AM,5PM|Wednesday,7AM,5PM|Thursday,7AM,5PM|Friday,7AM,5PM|Saturday,7AM,6PM",Sunday:Closed|Monday:7AM-5PM|Tuesday:7AM-5PM|Wednesday:7AM-5PM|Thursday:7AM-5PM|Friday:7AM-5PM|Saturday:7AM-6PM,,,OPERATIONAL,{},,,,,,,False,None,Aquatic Custom Built Pools,,,,,,"https://www.google.com/maps/place/Aquatic+Custom+Built+Pools/@30.510907999999997,-90.022055,14z/data=!4m8!1m2!2m1!1sAquatic+Custom+Built+Pools!3m4!1s0x86275fc3de69d275:0x420f08676e3284e9!8m2!3d30.510907999999997!4d-90.022055","https://www.google.com/maps/place/Aquatic+Custom+Built+Pools/@30.510907999999997,-90.022055,13.99z/data=!4m16!1m7!3m6!1s0x86275fc3de69d275:0x420f08676e3284e9!2sAquatic+Custom+Built+Pools!8m2!3d30.510907999999997!4d-90.022055!16s%2Fg%2F11ckvg1dmb!3m7!1s0x86275fc3de69d275:0x420f08676e3284e9!8m2!3d30.510907999999997!4d-90.022055!9m1!1b1!16s%2Fg%2F11ckvg1dmb?entry=ttu",ChIJddJp3sNfJ4YR6YQybmcID0I,0x86275fc3de69d275:0x420f08676e3284e9,4760032571477361897,/g/1td9wh0p,4760032571477361897,,,,,,,,,,,,,,,,,,,,,,,,,,,,,,,,,,,,,,,,,,,,,,,,,,,,,,,,,,
"swimming pool contractor, 70129, New Orleans, LA, US",Ducky’s Pools & Hot Tubs of Slidell,Ducky’S Pools And Hot Tubs Of Slidell,,"Swimming pool contractor, Service establishment",Swimming pool contractor,Swimming pool contractor,+1 985-444-7665,landline,,,,,,,,,,,,30.4110214,-89.585481,894455a82dbffff,America/Chicago,,True,,,,,,,,,,,3.0,https://lh3.googleusercontent.com/p/AF1QipMPrD_WENziZnmD8-C9i59_VOiguTKUvE5tVoDy=w800-h500-k-no,https://lh3.googleusercontent.com/p/AF1QipMPrD_WENziZnmD8-C9i59_VOiguTKUvE5tVoDy=w1600-h1000-k-no,,"{""Sunday"": ""Closed"", ""Monday"": ""9AM-5PM"", ""Tuesday"": ""9AM-5PM"", ""Wednesday"": ""9AM-5PM"", ""Thursday"": ""9AM-5PM"", ""Friday"": ""9AM-5PM"", ""Saturday"": ""9AM-5PM""}","Sunday,|Monday,9AM,5PM|Tuesday,9AM,5PM|Wednesday,9AM,5PM|Thursday,9AM,5PM|Friday,9AM,5PM|Saturday,9AM,5PM",Sunday:Closed|Monday:9AM-5PM|Tuesday:9AM-5PM|Wednesday:9AM-5PM|Thursday:9AM-5PM|Friday:9AM-5PM|Saturday:9AM-5PM,,,OPERATIONAL,{},,,,https://lh3.googleusercontent.com/-rRwf8Ca7T9E/AAAAAAAAAAI/AAAAAAAAAAA/BhOlbUC542o/s44-p-k-no-ns-nd/photo.jpg,,,True,116117384364618734648,Ducky’s Pools & Hot Tubs of Slidell,https://www.google.com/maps/contrib/116117384364618734648,,,,,"https://www.google.com/maps/place/Ducky%E2%80%99s+Pools+%26+Hot+Tubs+of+Slidell/@30.4110214,-89.585481,14z/data=!4m8!1m2!2m1!1sDucky%E2%80%99s+Pools+%26+Hot+Tubs+of+Slidell!3m4!1s0x861b5d6f3db3b47b:0xeefbbbcb6af0bec5!8m2!3d30.4110214!4d-89.585481","https://www.google.com/maps/place/Ducky%E2%80%99s+Pools+%26+Hot+Tubs+of+Slidell/@30.4110214,-89.585481,13.99z/data=!4m16!1m7!3m6!1s0x861b5d6f3db3b47b:0xeefbbbcb6af0bec5!2sDucky%E2%80%99s+Pools+%26+Hot+Tubs+of+Slidell!8m2!3d30.4110214!4d-89.585481!16s%2Fg%2F11ckvg1dmb!3m7!1s0x861b5d6f3db3b47b:0xeefbbbcb6af0bec5!8m2!3d30.4110214!4d-89.585481!9m1!1b1!16s%2Fg%2F11ckvg1dmb?entry=ttu",ChIJe7SzPW9dG4YRxb7wasu7--4,0x861b5d6f3db3b47b:0xeefbbbcb6af0bec5,17220564082528140997,/g/11trdwz4cy,None,,,,,,,,,,,,,,,,,,,,,,,,,,,,,,,,,,,,,,,,,,,,,,,,,,,,,,,,,,
"swimming pool contractor, 70129, New Orleans, LA, US","Willstand Renovations, Inc.",Willstand Renovations,https://willstandrenovationsinc.com/,"Swimming pool contractor, Bathroom remodeler, Carport and pergola builder, Service establishment, Kitchen remodeler, Roofing contractor, Contractor",Contractor,Swimming pool contractor,+1 504-224-9838,mobile,CELLCO PARTNERSHIP DBA VERIZON WIRELESS - LA,,,,,,,,,,,30.0326605,-89.88256349999999,8944464a367ffff,America/Chicago,,True,,,,,,,,,,,,,,,"{""Sunday"": ""Closed"", ""Monday"": ""8AM-5PM"", ""Tuesday"": ""8AM-5PM"", ""Wednesday"": ""8AM-5PM"", ""Thursday"": ""8AM-5PM"", ""Friday"": ""8AM-5PM"", ""Saturday"": ""Closed""}","Sunday,|Monday,8AM,5PM|Tuesday,8AM,5PM|Wednesday,8AM,5PM|Thursday,8AM,5PM|Friday,8AM,5PM|Saturday,",Sunday:Closed|Monday:8AM-5PM|Tuesday:8AM-5PM|Wednesday:8AM-5PM|Thursday:8AM-5PM|Friday:8AM-5PM|Saturday:Closed,,,OPERATIONAL,{},,,,https://lh3.googleusercontent.com/-2vD5sqFfBa0/AAAAAAAAAAI/AAAAAAAAAAA/1BXwsrRqbTQ/s44-p-k-no-ns-nd/photo.jpg,,,True,114795571168669548689,"Willstand Renovations, Inc.",https://www.google.com/maps/contrib/114795571168669548689,,,,,"https://www.google.com/maps/place/Willstand+Renovations%2C+Inc./@30.0326605,-89.88256349999999,14z/data=!4m8!1m2!2m1!1sWillstand+Renovations%2C+Inc.!3m4!1s0x889e0b6c8f477921:0x4fb8cd9fa0c5d6db!8m2!3d30.0326605!4d-89.88256349999999","https://www.google.com/maps/place/Willstand+Renovations%2C+Inc./@30.0326605,-89.88256349999999,13.99z/data=!4m16!1m7!3m6!1s0x889e0b6c8f477921:0x4fb8cd9fa0c5d6db!2sWillstand+Renovations%2C+Inc.!8m2!3d30.0326605!4d-89.88256349999999!16s%2Fg%2F11ckvg1dmb!3m7!1s0x889e0b6c8f477921:0x4fb8cd9fa0c5d6db!8m2!3d30.0326605!4d-89.88256349999999!9m1!1b1!16s%2Fg%2F11ckvg1dmb?entry=ttu",ChIJIXlHj2wLnogR29bFoJ_NuE8,0x889e0b6c8f477921:0x4fb8cd9fa0c5d6db,5744567410191881947,/g/11kxs9zhv9,None,,,,,,,,,,,,,,,,,,,,,,,,,,,,,,,,,,,,,,,,,,,,,,,,,,,,,,,,,,
"swimming pool contractor, 70129, New Orleans, LA, US",Urbanscapes Design+Build Collaborative,Urbanscapes Design+Build Collaborative,http://urbanscapesnola.com/,"Landscape designer, Service establishment",Landscape designer,Landscape designer,+1 631-805-3665,mobile,,,,,,,,,,,,46.423669,-129.9427086,8928e9c8573ffff,America/Chicago,,True,5.0,17.0,https://search.google.com/local/reviews?placeid=ChIJ__8zNK6oIIYRxatkz-w2Hs8&q=*&authuser=0&hl=en&gl=US,,,0.0,0.0,0.0,0.0,17.0,20.0,https://lh3.googleusercontent.com/gps-cs-s/AG0ilSw0Q7R1rdPjHogLo9k9WHyyvSkXCbaz-xqyCY5q4QePX3Lf5CqrfefHdMQyi9lAPKlN2z4ns2Nn5VX_4GnJi-oqEQ0SQoPdqy2YE_qVqluFJKRoQoPZ8cYt5zYEAMz9MU1V_5PY=w800-h500-k-no,https://lh3.googleusercontent.com/gps-cs-s/AG0ilSw0Q7R1rdPjHogLo9k9WHyyvSkXCbaz-xqyCY5q4QePX3Lf5CqrfefHdMQyi9lAPKlN2z4ns2Nn5VX_4GnJi-oqEQ0SQoPdqy2YE_qVqluFJKRoQoPZ8cYt5zYEAMz9MU1V_5PY=w1600-h1000-k-no,,"{""Sunday"": ""Closed"", ""Monday"": ""9AM-5PM"", ""Tuesday"": ""9AM-5PM"", ""Wednesday"": ""9AM-5PM"", ""Thursday"": ""9AM-5PM"", ""Friday"": ""9AM-5PM"", ""Saturday"": ""9AM-5PM""}","Sunday,|Monday,9AM,5PM|Tuesday,9AM,5PM|Wednesday,9AM,5PM|Thursday,9AM,5PM|Friday,9AM,5PM|Saturday,9AM,5PM",Sunday:Closed|Monday:9AM-5PM|Tuesday:9AM-5PM|Wednesday:9AM-5PM|Thursday:9AM-5PM|Friday:9AM-5PM|Saturday:9AM-5PM,,,OPERATIONAL,{},,,,https://lh3.googleusercontent.com/-uZNLD83uqT4/AAAAAAAAAAI/AAAAAAAAAAA/MlM9Ro8hN1A/s44-p-k-no-ns-nd/photo.jpg,,,True,116965134380917941854,Urbanscapes Design+Build Collaborative,https://www.google.com/maps/contrib/116965134380917941854,,,,,"https://www.google.com/maps/place/Urbanscapes+Design%2BBuild+Collaborative/@46.423669,-129.9427086,14z/data=!4m8!1m2!2m1!1sUrbanscapes+Design%2BBuild+Collaborative!3m4!1s0x8620a8ae3433ffff:0xcf1e36eccf64abc5!8m2!3d46.423669!4d-129.9427086","https://www.google.com/maps/place/Urbanscapes+Design%2BBuild+Collaborative/@46.423669,-129.9427086,13.99z/data=!4m16!1m7!3m6!1s0x8620a8ae3433ffff:0xcf1e36eccf64abc5!2sUrbanscapes+Design%2BBuild+Collaborative!8m2!3d46.423669!4d-129.9427086!16s%2Fg%2F11ckvg1dmb!3m7!1s0x8620a8ae3433ffff:0xcf1e36eccf64abc5!8m2!3d46.423669!4d-129.9427086!9m1!1b1!16s%2Fg%2F11ckvg1dmb?entry=ttu",ChIJ__8zNK6oIIYRxatkz-w2Hs8,0x8620a8ae3433ffff:0xcf1e36eccf64abc5,14924426605872065477,/g/11lktnlvyr,-3522317467837486139,,design@urbanscapesnola.com,RECEIVING,SMTP validated,,,,,,,,,,,,,,,,,,,,,,,,,,,,,,,,,,https://www.facebook.com/Urbanscapesnola-109516390916530,https://www.instagram.com/urbanscapes.nola,,,,,,,,,,,,,,Water Management — Urbanscapes Design+Build Collaborative,,,,False,False
"swimming pool contractor, 70129, New Orleans, LA, US",Category 5 Fence Co,Category 5 Fence,https://www.cat5fence.com/,Fence contractor,Fence contractor,Fence contractor,+1 504-243-2285,landline,,,"3800 Desire Pkwy, New Orleans, LA 70126",Desire Area,3800 Desire Pkwy,New Orleans,70126,Louisiana,Louisiana,United States of America,US,29.998166299999998,-90.0330178,89444640087ffff,America/Chicago,,False,4.5,11.0,https://search.google.com/local/reviews?placeid=ChIJVVVVVcWwIIYRSjmvDes0HqQ&q=*&authuser=0&hl=en&gl=US,,,1.0,0.0,0.0,1.0,9.0,32.0,https://lh3.googleusercontent.com/p/AF1QipPFhw1rvVf7wJ7V58jLvhRNXZu7JbZkA3Tln5iY=w800-h500-k-no,https://lh3.googleusercontent.com/p/AF1QipPFhw1rvVf7wJ7V58jLvhRNXZu7JbZkA3Tln5iY=w1600-h1000-k-no,,"{""Sunday"": ""Closed"", ""Monday"": ""8AM-5PM"", ""Tuesday"": ""8AM-5PM"", ""Wednesday"": ""8AM-5PM"", ""Thursday"": ""8AM-5PM"", ""Friday"": ""8AM-5PM"", ""Saturday"": ""Closed""}","Sunday,|Monday,8AM,5PM|Tuesday,8AM,5PM|Wednesday,8AM,5PM|Thursday,8AM,5PM|Friday,8AM,5PM|Saturday,",Sunday:Closed|Monday:8AM-5PM|Tuesday:8AM-5PM|Wednesday:8AM-5PM|Thursday:8AM-5PM|Friday:8AM-5PM|Saturday:Closed,,,OPERATIONAL,{},,,,https://lh5.googleusercontent.com/-53ezDGCjXjY/AAAAAAAAAAI/AAAAAAAAAAA/ZYGKT-qO4qI/s44-p-k-no-ns-nd/photo.jpg,,,True,111098127651304694569,Category 5 Fence Co,https://www.google.com/maps/contrib/111098127651304694569,,https://localfence.com/contactsus/,,https://localfence.com/contactsus/,"https://www.google.com/maps/place/Category+5+Fence+Co/@29.998166299999998,-90.0330178,14z/data=!4m8!1m2!2m1!1sCategory+5+Fence+Co!3m4!1s0x8620b0c555555555:0xa41e34eb0daf394a!8m2!3d29.998166299999998!4d-90.0330178","https://www.google.com/maps/place/Category+5+Fence+Co/@29.998166299999998,-90.0330178,13.99z/data=!4m16!1m7!3m6!1s0x8620b0c555555555:0xa41e34eb0daf394a!2sCategory+5+Fence+Co!8m2!3d29.998166299999998!4d-90.0330178!16s%2Fg%2F11ckvg1dmb!3m7!1s0x8620b0c555555555:0xa41e34eb0daf394a!8m2!3d29.998166299999998!4d-90.0330178!9m1!1b1!16s%2Fg%2F11ckvg1dmb?entry=ttu",ChIJVVVVVcWwIIYRSjmvDes0HqQ,0x8620b0c555555555:0xa41e34eb0daf394a,11825947855673047370,/g/1w455zkz,-6620796218036504246,,,,,,,,,,,,,,,,,,,,,,,,,,,,,,,,,,,,,,,,,,,,,,,,,,,,,,,,,,
"swimming pool contractor, 70131, New Orleans, LA, US",Big Easy Pool Builders,Big Easy Pool Builders,https://www.google.com/url?q=https://www.bigeasypoolbuilders.com/?utm_source%3Dgbp%26utm_medium%3Dgbph%26utm_campaign%3Dnola,Contractor,Contractor,Contractor,+1 504-352-5986,mobile,CELLCO PARTNERSHIP DBA VERIZON WIRELESS - LA,,"3246 Behrman Pl, New Orleans, LA 70114",Algiers,3246 Behrman Pl,New Orleans,70114,Louisiana,Louisiana,United States of America,US,29.921147899999998,-90.0170648,89444651b0bffff,America/Chicago,,False,3.7,3.0,https://search.google.com/local/reviews?placeid=ChIJPTH0pAypIIYR_VVTq-KsXTI&q=*&authuser=0&hl=en&gl=US,,,1.0,0.0,0.0,0.0,2.0,1.0,https://streetviewpixels-pa.googleapis.com/v1/thumbnail?panoid=lx1F7MzDsDAkeqPq1_mbmw&cb_client=search.gws-prod.gps&w=800&h=500&yaw=89.52616&pitch=0&thumbfov=100,https://streetviewpixels-pa.googleapis.com/v1/thumbnail?panoid=lx1F7MzDsDAkeqPq1_mbmw&cb_client=search.gws-prod.gps&w=1600&h=1000&yaw=89.52616&pitch=0&thumbfov=100,,"{""Sunday"": ""Closed"", ""Monday"": ""8:30AM-5PM"", ""Tuesday"": ""8AM-5PM"", ""Wednesday"": ""8AM-5PM"", ""Thursday"": ""8AM-5PM"", ""Friday"": ""8AM-5PM"", ""Saturday"": ""Closed""}","Sunday,|Monday,8:30AM,5PM|Tuesday,8AM,5PM|Wednesday,8AM,5PM|Thursday,8AM,5PM|Friday,8AM,5PM|Saturday,",Sunday:Closed|Monday:8:30AM-5PM|Tuesday:8AM-5PM|Wednesday:8AM-5PM|Thursday:8AM-5PM|Friday:8AM-5PM|Saturday:Closed,,,OPERATIONAL,"{""Accessibility"": {""Wheelchair accessible entrance"": true, ""Wheelchair accessible parking lot"": true}}",,,,,,,False,None,Big Easy Pool Builders,,,,,,"https://www.google.com/maps/place/Big+Easy+Pool+Builders/@29.921147899999998,-90.0170648,14z/data=!4m8!1m2!2m1!1sBig+Easy+Pool+Builders!3m4!1s0x8620a90ca4f4313d:0x325dace2ab5355fd!8m2!3d29.921147899999998!4d-90.0170648","https://www.google.com/maps/place/Big+Easy+Pool+Builders/@29.921147899999998,-90.0170648,13.99z/data=!4m16!1m7!3m6!1s0x8620a90ca4f4313d:0x325dace2ab5355fd!2sBig+Easy+Pool+Builders!8m2!3d29.921147899999998!4d-90.0170648!16s%2Fg%2F11ckvg1dmb!3m7!1s0x8620a90ca4f4313d:0x325dace2ab5355fd!8m2!3d29.921147899999998!4d-90.0170648!9m1!1b1!16s%2Fg%2F11ckvg1dmb?entry=ttu",ChIJPTH0pAypIIYR_VVTq-KsXTI,0x8620a90ca4f4313d:0x325dace2ab5355fd,3629246964267439613,/g/11fkcpbs0v,3629246964267439613,,,,,,,,,,,,,,,,,,,,,,,,,,,,,,,,,,,,,,,,,,,,,,,,,,,,,,,,,,
"swimming pool contractor, 70131, New Orleans, LA, US",Relief Pool Builders of Baton Rouge,Relief Pool Builders Of Baton Rouge,https://reliefpools.com/pool-builders/baton-rouge/,Swimming pool contractor,Swimming pool contractor,Swimming pool contractor,+1 225-364-0146,voip,,,"12637 Jefferson Hwy, Baton Rouge, LA 70816",None,12637 Jefferson Hwy,Baton Rouge,70816,Louisiana,Louisiana,United States of America,US,30.3948389,-91.0430264,894440cb527ffff,America/Chicago,,False,5.0,32.0,https://search.google.com/local/reviews?placeid=ChIJAWIlyKilJoYReZ21hlHyyes&q=*&authuser=0&hl=en&gl=US,,,0.0,0.0,0.0,1.0,31.0,50.0,https://lh3.googleusercontent.com/gps-cs-s/AG0ilSyL_QkV4GH_7KWaE8VNJxpUR9hDfGxWYxl3sMWFHWWbYOFQHHzf6IskmfI5yTCQEdRf6xxhN1QK90JuiLk3pE1A1fMHVx5Ckf_2exj9NASFy2091etiQj0GdYFQXbXDX5kP4_0Jdw=w800-h500-k-no,https://lh3.googleusercontent.com/gps-cs-s/AG0ilSyL_QkV4GH_7KWaE8VNJxpUR9hDfGxWYxl3sMWFHWWbYOFQHHzf6IskmfI5yTCQEdRf6xxhN1QK90JuiLk3pE1A1fMHVx5Ckf_2exj9NASFy2091etiQj0GdYFQXbXDX5kP4_0Jdw=w1600-h1000-k-no,,"{""Sunday"": ""Closed"", ""Monday"": ""9AM-5PM"", ""Tuesday"": ""9AM-5PM"", ""Wednesday"": ""9AM-5PM"", ""Thursday"": ""9AM-5PM"", ""Friday"": ""9AM-5PM"", ""Saturday"": ""Closed""}","Sunday,|Monday,9AM,5PM|Tuesday,9AM,5PM|Wednesday,9AM,5PM|Thursday,9AM,5PM|Friday,9AM,5PM|Saturday,",Sunday:Closed|Monday:9AM-5PM|Tuesday:9AM-5PM|Wednesday:9AM-5PM|Thursday:9AM-5PM|Friday:9AM-5PM|Saturday:Closed,,,OPERATIONAL,"{""Service options"": {""Online estimates"": true, ""Onsite services"": true}, ""Accessibility"": {""Wheelchair accessible entrance"": true, ""Wheelchair accessible parking lot"": true, ""Wheelchair accessible restroom"": true, ""Wheelchair accessible seating"": true}}",,,,https://lh4.googleusercontent.com/-IhVgf2-9Ir4/AAAAAAAAAAI/AAAAAAAAAAA/gktipT3wJlg/s44-p-k-no-ns-nd/photo.jpg,,,True,106517016325439696082,Relief Pool Builders of Baton Rouge,https://www.google.com/maps/contrib/106517016325439696082,,https://reliefpools.com/pool-builders/baton-rouge/#free-quote,,https://reliefpools.com/pool-builders/baton-rouge/#free-quote,"https://www.google.com/maps/place/Relief+Pool+Builders+of+Baton+Rouge/@30.3948389,-91.0430264,14z/data=!4m8!1m2!2m1!1sRelief+Pool+Builders+of+Baton+Rouge!3m4!1s0x8626a5a8c8256201:0xebc9f25186b59d79!8m2!3d30.3948389!4d-91.0430264","https://www.google.com/maps/place/Relief+Pool+Builders+of+Baton+Rouge/@30.3948389,-91.0430264,13.99z/data=!4m16!1m7!3m6!1s0x8626a5a8c8256201:0xebc9f25186b59d79!2sRelief+Pool+Builders+of+Baton+Rouge!8m2!3d30.3948389!4d-91.0430264!16s%2Fg%2F11ckvg1dmb!3m7!1s0x8626a5a8c8256201:0xebc9f25186b59d79!8m2!3d30.3948389!4d-91.0430264!9m1!1b1!16s%2Fg%2F11ckvg1dmb?entry=ttu",ChIJAWIlyKilJoYReZ21hlHyyes,0x8626a5a8c8256201:0xebc9f25186b59d79,16990377501198228857,/g/11fnypznq7,-1456366572511322759,,support@reliefpools.com,RECEIVING,SMTP validated,,,,,,,,,,,,,,,,,,,,,,2253640146,voip,,,,,,,,,,,https://www.facebook.com/reliefpools,https://www.instagram.com/reliefpools,https://www.linkedin.com/company/relief-pools-patio,,,,,,,,https://twitter.com/reliefpools,,https://www.youtube.com/channel/UCfL4mmdeiEC2o4VwHXKLcRQ,,,Contact - reliefpools.com,WordPress 6.8.3,"Custom inground pool construction in Mandeville, LA. Certified designers & builders. Premium materials. Dial (225) 314-8726!",,True,False
"swimming pool contractor, 70131, New Orleans, LA, US",Morel Pool Supplies & More,Morel Pool Supplies And More,http://morelpoolsupply.com/,Swimming pool supply store,Swimming pool supply store,Swimming pool supply store,+1 504-510-2818,landline,,,"103 W St Bernard Hwy, Chalmette, LA 70043",None,103 W St Bernard Hwy,Chalmette,70043,Louisiana,Louisiana,United States of America,US,29.9377528,-89.96670879999999,89444643647ffff,America/Chicago,,False,4.3,6.0,https://search.google.com/local/reviews?placeid=ChIJV6K1ZEAdnogRd5X1DfMk87E&q=*&authuser=0&hl=en&gl=US,,,1.0,0.0,0.0,0.0,5.0,5.0,https://lh3.googleusercontent.com/gps-cs-s/AG0ilSxhwqefZo-B03aLDu6Wu6o1_zYHvymCiJpKCuVRqjMJt8BVS9RDIKQcB2pfLguppwGl25Y_u2HjTx5LgfcF4Q_HIzw1TZr-pDRyapXMnuo4WrQN1Uj0lCdeW_5QUUMZovf_smbZ0N-L7POh=w800-h500-k-no,https://lh3.googleusercontent.com/gps-cs-s/AG0ilSxhwqefZo-B03aLDu6Wu6o1_zYHvymCiJpKCuVRqjMJt8BVS9RDIKQcB2pfLguppwGl25Y_u2HjTx5LgfcF4Q_HIzw1TZr-pDRyapXMnuo4WrQN1Uj0lCdeW_5QUUMZovf_smbZ0N-L7POh=w1600-h1000-k-no,,"{""Sunday"": ""Closed"", ""Monday"": ""Closed"", ""Tuesday"": ""10AM-6PM"", ""Wednesday"": ""10AM-6PM"", ""Thursday"": ""10AM-6PM"", ""Friday"": ""10AM-6PM"", ""Saturday"": ""9AM-5PM""}","Sunday,|Monday,|Tuesday,10AM,6PM|Wednesday,10AM,6PM|Thursday,10AM,6PM|Friday,10AM,6PM|Saturday,9AM,5PM",Sunday:Closed|Monday:Closed|Tuesday:10AM-6PM|Wednesday:10AM-6PM|Thursday:10AM-6PM|Friday:10AM-6PM|Saturday:9AM-5PM,,,OPERATIONAL,"{""Accessibility"": {""Wheelchair accessible entrance"": true, ""Wheelchair accessible parking lot"": true}, ""Planning"": {""Quick visit"": true}, ""Payments"": {""Credit cards"": true, ""Debit cards"": true}}",,,,https://lh3.googleusercontent.com/-u5gWCVsChXQ/AAAAAAAAAAI/AAAAAAAAAAA/CBWsUwn7Vs4/s44-p-k-no-ns-nd/photo.jpg,,,True,116011562955103971113,Morel Pool Supplies & More,https://www.google.com/maps/contrib/116011562955103971113,,,,,"https://www.google.com/maps/place/Morel+Pool+Supplies+%26+More/@29.9377528,-89.96670879999999,14z/data=!4m8!1m2!2m1!1sMorel+Pool+Supplies+%26+More!3m4!1s0x889e1d4064b5a257:0xb1f324f30df59577!8m2!3d29.9377528!4d-89.96670879999999","https://www.google.com/maps/place/Morel+Pool+Supplies+%26+More/@29.9377528,-89.96670879999999,13.99z/data=!4m16!1m7!3m6!1s0x889e1d4064b5a257:0xb1f324f30df59577!2sMorel+Pool+Supplies+%26+More!8m2!3d29.9377528!4d-89.96670879999999!16s%2Fg%2F11ckvg1dmb!3m7!1s0x889e1d4064b5a257:0xb1f324f30df59577!8m2!3d29.9377528!4d-89.96670879999999!9m1!1b1!16s%2Fg%2F11ckvg1dmb?entry=ttu",ChIJV6K1ZEAdnogRd5X1DfMk87E,0x889e1d4064b5a257:0xb1f324f30df59577,12822633190383785335,/g/11vzvq7btz,-5624110883325766281,,contact@sansoxygen.com,RECEIVING,Role,,,,,,,,,,,,,,,,,,,,,,5045102818,landline,,,,,,,,,,,,,,,,,,,,,,,,https://github.com/andrew-paglinawan/,,"Morel Pool Supplies in Chalmette, Louisiana",Starfield Technologies; Go Daddy Website Builder 8.0.0000,"Find a wide range of swimming pool supplies, parts, and accessories at Morel Pool Supplies. Shop now for all your pool maintenance needs.",,False,False
"swimming pool contractor, 70131, New Orleans, LA, US",Martinez Gunite Pools LLC,Martinez Gunite Pools,,"Swimming pool contractor, Swimming pool repair service",Swimming pool contractor,Swimming pool contractor,+1 504-336-7975,mobile,T-Mobile USA Inc.,,"93 W 27th St, Kenner, LA 70062",None,93 W 27th St,Kenner,70062,Louisiana,Louisiana,United States of America,US,30.002416999999998,-90.27786979999999,8944460b62bffff,America/Chicago,,False,3.0,4.0,https://search.google.com/local/reviews?placeid=ChIJl-HhfV-3IIYRkgnMF_WBurE&q=*&authuser=0&hl=en&gl=US,,,2.0,0.0,0.0,0.0,2.0,5.0,https://lh3.googleusercontent.com/p/AF1QipPEtm6kyBPpPqNqVoGAahmeg8UGbcSt7Pwk-Lt1=w800-h500-k-no,https://lh3.googleusercontent.com/p/AF1QipPEtm6kyBPpPqNqVoGAahmeg8UGbcSt7Pwk-Lt1=w1600-h1000-k-no,,"{""Sunday"": ""9AM-9PM"", ""Monday"": ""8AM-9PM"", ""Tuesday"": ""8AM-9PM"", ""Wednesday"": ""8AM-9PM"", ""Thursday"": ""8AM-9PM"", ""Friday"": ""9AM-9PM"", ""Saturday"": ""9AM-9PM""}","Sunday,9AM,9PM|Monday,8AM,9PM|Tuesday,8AM,9PM|Wednesday,8AM,9PM|Thursday,8AM,9PM|Friday,9AM,9PM|Saturday,9AM,9PM",Sunday:9AM-9PM|Monday:8AM-9PM|Tuesday:8AM-9PM|Wednesday:8AM-9PM|Thursday:8AM-9PM|Friday:9AM-9PM|Saturday:9AM-9PM,,,OPERATIONAL,{},,,,https://lh4.googleusercontent.com/-8MOyN8jcZT0/AAAAAAAAAAI/AAAAAAAAAAA/cx_cAgwZ-vs/s44-p-k-no-ns-nd/photo.jpg,,,True,101579038981168385696,Martinez Gunite Pools LLC,https://www.google.com/maps/contrib/101579038981168385696,,,,,"https://www.google.com/maps/place/Martinez+Gunite+Pools+LLC/@30.002416999999998,-90.27786979999999,14z/data=!4m8!1m2!2m1!1sMartinez+Gunite+Pools+LLC!3m4!1s0x8620b75f7de1e197:0xb1ba81f517cc0992!8m2!3d30.002416999999998!4d-90.27786979999999","https://www.google.com/maps/place/Martinez+Gunite+Pools+LLC/@30.002416999999998,-90.27786979999999,13.99z/data=!4m16!1m7!3m6!1s0x8620b75f7de1e197:0xb1ba81f517cc0992!2sMartinez+Gunite+Pools+LLC!8m2!3d30.002416999999998!4d-90.27786979999999!16s%2Fg%2F11ckvg1dmb!3m7!1s0x8620b75f7de1e197:0xb1ba81f517cc0992!8m2!3d30.002416999999998!4d-90.27786979999999!9m1!1b1!16s%2Fg%2F11ckvg1dmb?entry=ttu",ChIJl-HhfV-3IIYRkgnMF_WBurE,0x8620b75f7de1e197:0xb1ba81f517cc0992,12806691380047645074,/g/11t_ts84xq,-5640052693661906542,,,,,,,,,,,,,,,,,,,,,,,,,,,,,,,,,,,,,,,,,,,,,,,,,,,,,,,,,,
"swimming pool contractor, 70131, New Orleans, LA, US",Aquarius Pools Inc,Aquarius Pools,http://www.aquariuspoolsandspas.com/,"Swimming pool contractor, Swimming pool, Swimming pool repair service",Swimming pool contractor,Swimming pool contractor,+1 985-626-7652,landline,,,"2050 General Pershing St, Mandeville, LA 70448",None,2050 General Pershing St,Mandeville,70448,Louisiana,Louisiana,United States of America,US,30.3617068,-90.0646369,8944466b42fffff,America/Chicago,,False,4.9,23.0,https://search.google.com/local/reviews?placeid=ChIJYXNjw-1ZJ4YRsCOieyns58A&q=*&authuser=0&hl=en&gl=US,,,0.0,0.0,1.0,1.0,21.0,53.0,https://lh3.googleusercontent.com/p/AF1QipMRnh7MliZWExZcs4mAVlTLjlB1sm1c4nngVPh2=w800-h500-k-no,https://lh3.googleusercontent.com/p/AF1QipMRnh7MliZWExZcs4mAVlTLjlB1sm1c4nngVPh2=w1600-h1000-k-no,,"{""Sunday"": ""Closed"", ""Monday"": ""8AM-4PM"", ""Tuesday"": ""8AM-4PM"", ""Wednesday"": ""8AM-4PM"", ""Thursday"": ""8AM-4PM"", ""Friday"": ""8AM-4PM"", ""Saturday"": ""Closed""}","Sunday,|Monday,8AM,4PM|Tuesday,8AM,4PM|Wednesday,8AM,4PM|Thursday,8AM,4PM|Friday,8AM,4PM|Saturday,",Sunday:Closed|Monday:8AM-4PM|Tuesday:8AM-4PM|Wednesday:8AM-4PM|Thursday:8AM-4PM|Friday:8AM-4PM|Saturday:Closed,,,OPERATIONAL,"{""Service options"": {""Onsite services"": true}}",,,,https://lh5.googleusercontent.com/-vPKQ9z-vB8Y/AAAAAAAAAAI/AAAAAAAAAAA/qhdQqM21uh0/s44-p-k-no-ns-nd/photo.jpg,,,True,107572854775040140567,Aquarius Pools Inc,https://www.google.com/maps/contrib/107572854775040140567,,,,,"https://www.google.com/maps/place/Aquarius+Pools+Inc/@30.3617068,-90.0646369,14z/data=!4m8!1m2!2m1!1sAquarius+Pools+Inc!3m4!1s0x862759edc3637361:0xc0e7ec297ba223b0!8m2!3d30.3617068!4d-90.0646369","https://www.google.com/maps/place/Aquarius+Pools+Inc/@30.3617068,-90.0646369,13.99z/data=!4m16!1m7!3m6!1s0x862759edc3637361:0xc0e7ec297ba223b0!2sAquarius+Pools+Inc!8m2!3d30.3617068!4d-90.0646369!16s%2Fg%2F11ckvg1dmb!3m7!1s0x862759edc3637361:0xc0e7ec297ba223b0!8m2!3d30.3617068!4d-90.0646369!9m1!1b1!16s%2Fg%2F11ckvg1dmb?entry=ttu",ChIJYXNjw-1ZJ4YRsCOieyns58A,0x862759edc3637361:0xc0e7ec297ba223b0,13900338437814363056,/g/1tfrmq1d,-4546405635895188560,,nathan@aquariuspoolsandspas.com,RECEIVING,Catch All,Nathan Burton,Nathan,Burton,Owner,7657020307,aimee@aquariuspoolsandspas.com,RECEIVING,Catch All,Aimee Ethridge,Aimee,Ethridge,Office Manager,,emmamontes1511@gmail.com,RECEIVING,Verified,Emma Montes,Emma,Montes,Retail Associate,2103677698,9856267652,landline,,,7657020307,mobile,"NEW CINGULAR WIRELESS PCS, LLC - IL",,2103677698,"T-MOBILE USA, INC.",mobile,,,,https://www.linkedin.com/company/aquariuspoolsandspas,,,,,,,,,,,https://github.com/Omnibus-Type/,,Aquarius Pools And Spas,Starfield Technologies; Go Daddy Website Builder 8.0.0000,,,,
"swimming pool contractor, 70131, New Orleans, LA, US",New Orleans Fence Company,New Orleans Fence Company,http://neworleansfenceco.com/,"Fence contractor, Service establishment",Fence contractor,Fence contractor,+1 504-438-1198,landline,,,,,,,,,,,,30.0326605,-89.88256349999999,8944464a367ffff,America/Chicago,,True,5.0,13.0,https://search.google.com/local/reviews?placeid=ChIJ_yfKcW_00oMRIuIgQRR8pdU&q=*&authuser=0&hl=en&gl=US,,,0.0,0.0,0.0,0.0,13.0,5.0,https://lh3.googleusercontent.com/p/AF1QipNC0huN8sIhby1b3KWBiW4-0yExZFpYV8Zxa9Ep=w800-h500-k-no,https://lh3.googleusercontent.com/p/AF1QipNC0huN8sIhby1b3KWBiW4-0yExZFpYV8Zxa9Ep=w1600-h1000-k-no,,"{""Sunday"": ""7AM-7PM"", ""Monday"": ""7AM-7PM"", ""Tuesday"": ""7AM-7PM"", ""Wednesday"": ""7AM-7PM"", ""Thursday"": ""7AM-7PM"", ""Friday"": ""7AM-7PM"", ""Saturday"": ""7AM-7PM""}","Sunday,7AM,7PM|Monday,7AM,7PM|Tuesday,7AM,7PM|Wednesday,7AM,7PM|Thursday,7AM,7PM|Friday,7AM,7PM|Saturday,7AM,7PM",Sunday:7AM-7PM|Monday:7AM-7PM|Tuesday:7AM-7PM|Wednesday:7AM-7PM|Thursday:7AM-7PM|Friday:7AM-7PM|Saturday:7AM-7PM,,,OPERATIONAL,{},,,,https://lh5.googleusercontent.com/-h_AyHb-zh4c/AAAAAAAAAAI/AAAAAAAAAAA/kS4vkyEWwbU/s44-p-k-no-ns-nd/photo.jpg,,,True,117942197941171402124,New Orleans Fence Company,https://www.google.com/maps/contrib/117942197941171402124,,,,,"https://www.google.com/maps/place/New+Orleans+Fence+Company/@30.0326605,-89.88256349999999,14z/data=!4m8!1m2!2m1!1sNew+Orleans+Fence+Company!3m4!1s0x83d2f46f71ca27ff:0xd5a57c144120e222!8m2!3d30.0326605!4d-89.88256349999999","https://www.google.com/maps/place/New+Orleans+Fence+Company/@30.0326605,-89.88256349999999,13.99z/data=!4m16!1m7!3m6!1s0x83d2f46f71ca27ff:0xd5a57c144120e222!2sNew+Orleans+Fence+Company!8m2!3d30.0326605!4d-89.88256349999999!16s%2Fg%2F11ckvg1dmb!3m7!1s0x83d2f46f71ca27ff:0xd5a57c144120e222!8m2!3d30.0326605!4d-89.88256349999999!9m1!1b1!16s%2Fg%2F11ckvg1dmb?entry=ttu",ChIJ_yfKcW_00oMRIuIgQRR8pdU,0x83d2f46f71ca27ff:0xd5a57c144120e222,15394847327669772834,/g/11y30zvhn9,-3051896746039778782,,,,,,,,,,,,,,,,,,,,,,,,,,123456789,fixed line,"FIRST COMMUNICATIONS, LLC - OH",,15044381198,landline,,,,,,,,,,,,,,,,,,,,,,"New Orleans Fence Company - Fence Company, Fence Companies New Orleans",,,,False,False
"swimming pool contractor, 70131, New Orleans, LA, US",Walk On Water Pool Safety,Walk On Water Pool Safety,http://www.wowsafety.com/,"Swimming pool, Fence contractor",Swimming pool,Swimming pool,+1 504-818-8006,mobile,,,"New Orleans, LA 70123",None,,New Orleans,70123,Louisiana,Louisiana,United States of America,US,29.9391918,-90.1963126,89444654477ffff,America/Chicago,,False,,,,,,,,,,,1.0,https://streetviewpixels-pa.googleapis.com/v1/thumbnail?panoid=Pppp8ziVbn5SfVZWA_p16Q&cb_client=search.gws-prod.gps&w=800&h=500&yaw=295.13977&pitch=0&thumbfov=100,https://streetviewpixels-pa.googleapis.com/v1/thumbnail?panoid=Pppp8ziVbn5SfVZWA_p16Q&cb_client=search.gws-prod.gps&w=1600&h=1000&yaw=295.13977&pitch=0&thumbfov=100,,"{""Sunday"": ""2-5PM"", ""Monday"": ""9AM-5:30PM"", ""Tuesday"": ""9AM-5:30PM"", ""Wednesday"": ""9AM-5:30PM"", ""Thursday"": ""9AM-5:30PM"", ""Friday"": ""9AM-5:30PM"", ""Saturday"": ""9AM-5:30PM""}","Sunday,2,5PM|Monday,9AM,5:30PM|Tuesday,9AM,5:30PM|Wednesday,9AM,5:30PM|Thursday,9AM,5:30PM|Friday,9AM,5:30PM|Saturday,9AM,5:30PM",Sunday:2-5PM|Monday:9AM-5:30PM|Tuesday:9AM-5:30PM|Wednesday:9AM-5:30PM|Thursday:9AM-5:30PM|Friday:9AM-5:30PM|Saturday:9AM-5:30PM,,,OPERATIONAL,"{""Accessibility"": {""Wheelchair accessible parking lot"": true}}",,,,,,,False,None,Walk On Water Pool Safety,,,,,,"https://www.google.com/maps/place/Walk+On+Water+Pool+Safety/@29.9391918,-90.1963126,14z/data=!4m8!1m2!2m1!1sWalk+On+Water+Pool+Safety!3m4!1s0x8620ba6eaaaaaaab:0xe9c74d79d512790d!8m2!3d29.9391918!4d-90.1963126","https://www.google.com/maps/place/Walk+On+Water+Pool+Safety/@29.9391918,-90.1963126,13.99z/data=!4m16!1m7!3m6!1s0x8620ba6eaaaaaaab:0xe9c74d79d512790d!2sWalk+On+Water+Pool+Safety!8m2!3d29.9391918!4d-90.1963126!16s%2Fg%2F11ckvg1dmb!3m7!1s0x8620ba6eaaaaaaab:0xe9c74d79d512790d!8m2!3d29.9391918!4d-90.1963126!9m1!1b1!16s%2Fg%2F11ckvg1dmb?entry=ttu",ChIJq6qqqm66IIYRDXkS1XlNx-k,0x8620ba6eaaaaaaab:0xe9c74d79d512790d,16845518116863768845,/g/1tgmwn9f,None,,,,,,,,,,,,,,,,,,,,,,,,,,,,,,,,,,,,,,,,,,,,,,,,,,,,,WOWSAFETY.COM,,,,,
"swimming pool contractor, 70131, New Orleans, LA, US",BV Builders LLC - NOLA,Bv Builders Llc Nola,https://bv-builders.com/,Construction company,Construction company,Construction company,+1 504-952-6136,mobile,"NEW CINGULAR WIRELESS PCS, LLC - GA",,"2716 Marietta St, Chalmette, LA 70043",None,2716 Marietta St,Chalmette,70043,Louisiana,Louisiana,United States of America,US,29.9420872,-89.9572282,89444658da3ffff,America/Chicago,,False,5.0,8.0,https://search.google.com/local/reviews?placeid=ChIJ6a1U4ExRbKUR8FFbiGsreWI&q=*&authuser=0&hl=en&gl=US,,,0.0,0.0,0.0,0.0,8.0,5.0,https://lh3.googleusercontent.com/p/AF1QipOzxGeBmTYooxRuU77Tc3OFJ15L9axlJjcMaRFE=w800-h500-k-no,https://lh3.googleusercontent.com/p/AF1QipOzxGeBmTYooxRuU77Tc3OFJ15L9axlJjcMaRFE=w1600-h1000-k-no,,"{""Sunday"": ""Closed"", ""Monday"": ""8AM-6PM"", ""Tuesday"": ""8AM-6PM"", ""Wednesday"": ""8AM-6PM"", ""Thursday"": ""8AM-6PM"", ""Friday"": ""8AM-6PM"", ""Saturday"": ""9AM-5PM""}","Sunday,|Monday,8AM,6PM|Tuesday,8AM,6PM|Wednesday,8AM,6PM|Thursday,8AM,6PM|Friday,8AM,6PM|Saturday,9AM,5PM",Sunday:Closed|Monday:8AM-6PM|Tuesday:8AM-6PM|Wednesday:8AM-6PM|Thursday:8AM-6PM|Friday:8AM-6PM|Saturday:9AM-5PM,,,OPERATIONAL,"{""Service options"": {""Online estimates"": true, ""Language assistance"": ""English, Portuguese, Spanish""}}",,,,https://lh5.googleusercontent.com/-9o6j20W5stI/AAAAAAAAAAI/AAAAAAAAAAA/LJomRgwuapM/s44-p-k-no-ns-nd/photo.jpg,,,True,100709421374566673714,BV Builders LLC - NOLA,https://www.google.com/maps/contrib/100709421374566673714,,,,,"https://www.google.com/maps/place/BV+Builders+LLC+-+NOLA/@29.9420872,-89.9572282,14z/data=!4m8!1m2!2m1!1sBV+Builders+LLC+-+NOLA!3m4!1s0xa56c514ce054ade9:0x62792b6b885b51f0!8m2!3d29.9420872!4d-89.9572282","https://www.google.com/maps/place/BV+Builders+LLC+-+NOLA/@29.9420872,-89.9572282,13.99z/data=!4m16!1m7!3m6!1s0xa56c514ce054ade9:0x62792b6b885b51f0!2sBV+Builders+LLC+-+NOLA!8m2!3d29.9420872!4d-89.9572282!16s%2Fg%2F11ckvg1dmb!3m7!1s0xa56c514ce054ade9:0x62792b6b885b51f0!8m2!3d29.9420872!4d-89.9572282!9m1!1b1!16s%2Fg%2F11ckvg1dmb?entry=ttu",ChIJ6a1U4ExRbKUR8FFbiGsreWI,0xa56c514ce054ade9:0x62792b6b885b51f0,7095750428748108272,/g/11y2hrx5s6,7095750428748108272,,contact@bv-builders.com,RECEIVING,SMTP validated,,,,,,info@bv-builders.com,INVALID,Undeliverable,,,,,,,,,,,,,,5047172505,landline,,,15047172505,landline,,,,,,,https://www.facebook.com/bvbuildersusa,https://www.instagram.com/bvbuildersusa,,,,,,,,,,,,,,About – Construction Company New Orleans | BV Builders LLC,WordPress 6.8.1,"Top Construction Company New Orleans LA: Turning dreams into reality with excellence, innovation, and quality construction.",,False,False
"swimming pool contractor, 70131, New Orleans, LA, US",Martz Pools,Martz Pools,,Swimming pool contractor,Swimming pool contractor,Swimming pool contractor,+1 504-305-1094,landline,,,"1710 18th St Suite B, Kenner, LA 70062",None,1710 18th St Suite B,Kenner,70062,Louisiana,Louisiana,United States of America,US,29.9905847,-90.2464055,89444654dd3ffff,America/Chicago,,False,,,,,,,,,,,1.0,https://streetviewpixels-pa.googleapis.com/v1/thumbnail?panoid=GKchQ2JwzD0iM3UPNCEFoQ&cb_client=search.gws-prod.gps&w=800&h=500&yaw=17.222223&pitch=0&thumbfov=100,https://streetviewpixels-pa.googleapis.com/v1/thumbnail?panoid=GKchQ2JwzD0iM3UPNCEFoQ&cb_client=search.gws-prod.gps&w=1600&h=1000&yaw=17.222223&pitch=0&thumbfov=100,,"{""Sunday"": ""Closed"", ""Monday"": ""8AM-7PM"", ""Tuesday"": ""8AM-7PM"", ""Wednesday"": ""8AM-7PM"", ""Thursday"": ""8AM-7PM"", ""Friday"": ""8AM-7PM"", ""Saturday"": ""8AM-12PM""}","Sunday,|Monday,8AM,7PM|Tuesday,8AM,7PM|Wednesday,8AM,7PM|Thursday,8AM,7PM|Friday,8AM,7PM|Saturday,8AM,12PM",Sunday:Closed|Monday:8AM-7PM|Tuesday:8AM-7PM|Wednesday:8AM-7PM|Thursday:8AM-7PM|Friday:8AM-7PM|Saturday:8AM-12PM,,,OPERATIONAL,{},,,,https://lh6.googleusercontent.com/-GPukx66roIk/AAAAAAAAAAI/AAAAAAAAAAA/k7X5ln4hxM0/s44-p-k-no-ns-nd/photo.jpg,,,True,109537735123801255221,Martz Pools,https://www.google.com/maps/contrib/109537735123801255221,,,,,"https://www.google.com/maps/place/Martz+Pools/@29.9905847,-90.2464055,14z/data=!4m8!1m2!2m1!1sMartz+Pools!3m4!1s0x8620b767c7f97663:0x8379c0a35ac3eb83!8m2!3d29.9905847!4d-90.2464055","https://www.google.com/maps/place/Martz+Pools/@29.9905847,-90.2464055,13.99z/data=!4m16!1m7!3m6!1s0x8620b767c7f97663:0x8379c0a35ac3eb83!2sMartz+Pools!8m2!3d29.9905847!4d-90.2464055!16s%2Fg%2F11ckvg1dmb!3m7!1s0x8620b767c7f97663:0x8379c0a35ac3eb83!8m2!3d29.9905847!4d-90.2464055!9m1!1b1!16s%2Fg%2F11ckvg1dmb?entry=ttu",ChIJY3b5x2e3IIYRg-vDWqPAeYM,0x8620b767c7f97663:0x8379c0a35ac3eb83,9473815098985540483,/g/11pc7r6f5z,None,,,,,,,,,,,,,,,,,,,,,,,,,,,,,,,,,,,,,,,,,,,,,,,,,,,,,,,,,,
"swimming pool contractor, 70141, New Orleans, LA, US",Cc pool repairs,Cc Pool Repairs,,"Swimming pool repair service, Service establishment",Swimming pool repair service,Swimming pool repair service,+1 504-518-3401,landline,,,,,,,,,,,,30.0519331,-90.42997849999999,8944460ad87ffff,America/Chicago,,True,5.0,1.0,https://search.google.com/local/reviews?placeid=ChIJn2f3KRSeJiIRQkJIPLvkC34&q=*&authuser=0&hl=en&gl=US,,,0.0,0.0,0.0,0.0,1.0,12.0,https://lh3.googleusercontent.com/p/AF1QipNZrENggPSCzUZrtmnFR7cJJBMFe05M23JwJ1G6=w800-h500-k-no,https://lh3.googleusercontent.com/p/AF1QipNZrENggPSCzUZrtmnFR7cJJBMFe05M23JwJ1G6=w1600-h1000-k-no,,"{""Sunday"": ""Open 24 hours"", ""Monday"": ""Open 24 hours"", ""Tuesday"": ""Open 24 hours"", ""Wednesday"": ""Open 24 hours"", ""Thursday"": ""Open 24 hours"", ""Friday"": ""Open 24 hours"", ""Saturday"": ""Open 24 hours""}","Sunday,Open 24 hours|Monday,Open 24 hours|Tuesday,Open 24 hours|Wednesday,Open 24 hours|Thursday,Open 24 hours|Friday,Open 24 hours|Saturday,Open 24 hours",Sunday:Open 24 hours|Monday:Open 24 hours|Tuesday:Open 24 hours|Wednesday:Open 24 hours|Thursday:Open 24 hours|Friday:Open 24 hours|Saturday:Open 24 hours,,,OPERATIONAL,{},,,,https://lh4.googleusercontent.com/-jemVMasbXu0/AAAAAAAAAAI/AAAAAAAAAAA/8p18_2P_gyw/s44-p-k-no-ns-nd/photo.jpg,,,True,106952295495661719052,Cc pool repairs,https://www.google.com/maps/contrib/106952295495661719052,,,,,"https://www.google.com/maps/place/Cc+pool+repairs/@30.0519331,-90.42997849999999,14z/data=!4m8!1m2!2m1!1sCc+pool+repairs!3m4!1s0x22269e1429f7679f:0x7e0be4bb3c484242!8m2!3d30.0519331!4d-90.42997849999999","https://www.google.com/maps/place/Cc+pool+repairs/@30.0519331,-90.42997849999999,13.99z/data=!4m16!1m7!3m6!1s0x22269e1429f7679f:0x7e0be4bb3c484242!2sCc+pool+repairs!8m2!3d30.0519331!4d-90.42997849999999!16s%2Fg%2F11ckvg1dmb!3m7!1s0x22269e1429f7679f:0x7e0be4bb3c484242!8m2!3d30.0519331!4d-90.42997849999999!9m1!1b1!16s%2Fg%2F11ckvg1dmb?entry=ttu",ChIJn2f3KRSeJiIRQkJIPLvkC34,0x22269e1429f7679f:0x7e0be4bb3c484242,9082604566344122946,/g/11y2b57dfr,9082604566344122946,,,,,,,,,,,,,,,,,,,,,,,,,,,,,,,,,,,,,,,,,,,,,,,,,,,,,,,,,,
"swimming pool contractor, 70141, New Orleans, LA, US",JF Metrology Pool Service,Jf Metrology Pool Service,,"Pool cleaning service, Cleaning service",Pool cleaning service,Pool cleaning service,+1 504-220-4139,mobile,CELLCO PARTNERSHIP DBA VERIZON WIRELESS - LA,,"2117 31st Ct, Kenner, LA 70065",None,2117 31st Ct,Kenner,70065,Louisiana,Louisiana,United States of America,US,30.0129287,-90.23823349999999,894446549dbffff,America/Chicago,,False,5.0,2.0,https://search.google.com/local/reviews?placeid=ChIJ9QuhDCS3IIYRYM39izF0CQA&q=*&authuser=0&hl=en&gl=US,,,0.0,0.0,0.0,0.0,2.0,1.0,https://streetviewpixels-pa.googleapis.com/v1/thumbnail?panoid=mt-ebmGi6-lsd1Sq2QnmVg&cb_client=search.gws-prod.gps&w=800&h=500&yaw=194.56668&pitch=0&thumbfov=100,https://streetviewpixels-pa.googleapis.com/v1/thumbnail?panoid=mt-ebmGi6-lsd1Sq2QnmVg&cb_client=search.gws-prod.gps&w=1600&h=1000&yaw=194.56668&pitch=0&thumbfov=100,,,,,,,OPERATIONAL,{},,,,,,,False,None,JF Metrology Pool Service,,,,,,"https://www.google.com/maps/place/JF+Metrology+Pool+Service/@30.0129287,-90.23823349999999,14z/data=!4m8!1m2!2m1!1sJF+Metrology+Pool+Service!3m4!1s0x8620b7240ca10bf5:0x974318bfdcd60!8m2!3d30.0129287!4d-90.23823349999999","https://www.google.com/maps/place/JF+Metrology+Pool+Service/@30.0129287,-90.23823349999999,13.99z/data=!4m16!1m7!3m6!1s0x8620b7240ca10bf5:0x974318bfdcd60!2sJF+Metrology+Pool+Service!8m2!3d30.0129287!4d-90.23823349999999!16s%2Fg%2F11ckvg1dmb!3m7!1s0x8620b7240ca10bf5:0x974318bfdcd60!8m2!3d30.0129287!4d-90.23823349999999!9m1!1b1!16s%2Fg%2F11ckvg1dmb?entry=ttu",ChIJ9QuhDCS3IIYRYM39izF0CQA,0x8620b7240ca10bf5:0x974318bfdcd60,2661030941281632,/g/11c1vk3myk,2661030941281632,,,,,,,,,,,,,,,,,,,,,,,,,,,,,,,,,,,,,,,,,,,,,,,,,,,,,,,,,,
"swimming pool contractor, 70141, New Orleans, LA, US","Blue Dolphin Pool Service, LLC",Blue Dolphin Pool Service,,"Swimming pool repair service, Service establishment",Swimming pool repair service,Swimming pool repair service,+1 504-220-3752,mobile,"NEW CINGULAR WIRELESS PCS, LLC",,,,,,,,,,,30.937373599999997,-91.40087,8944400c20fffff,America/Chicago,,True,5.0,2.0,https://search.google.com/local/reviews?placeid=ChIJo8bJDiS3IIYR34egMkOb4Jk&q=*&authuser=0&hl=en&gl=US,,,0.0,0.0,0.0,0.0,2.0,9.0,https://lh3.googleusercontent.com/p/AF1QipNJAKkVAhUWykJ16u8VzmSKSf0xOi9NRjUrz4XP=w800-h500-k-no,https://lh3.googleusercontent.com/p/AF1QipNJAKkVAhUWykJ16u8VzmSKSf0xOi9NRjUrz4XP=w1600-h1000-k-no,,"{""Sunday"": ""Closed"", ""Monday"": ""8AM-6PM"", ""Tuesday"": ""8AM-6PM"", ""Wednesday"": ""8AM-6PM"", ""Thursday"": ""8AM-6PM"", ""Friday"": ""8AM-6PM"", ""Saturday"": ""8AM-4PM""}","Sunday,|Monday,8AM,6PM|Tuesday,8AM,6PM|Wednesday,8AM,6PM|Thursday,8AM,6PM|Friday,8AM,6PM|Saturday,8AM,4PM",Sunday:Closed|Monday:8AM-6PM|Tuesday:8AM-6PM|Wednesday:8AM-6PM|Thursday:8AM-6PM|Friday:8AM-6PM|Saturday:8AM-4PM,,,OPERATIONAL,{},,,,https://lh3.googleusercontent.com/-b0JhWDkDRDA/AAAAAAAAAAI/AAAAAAAAAAA/LuZ5DTU41jM/s44-p-k-no-ns-nd/photo.jpg,,,True,112521529620115574753,"Blue Dolphin Pool Service, LLC",https://www.google.com/maps/contrib/112521529620115574753,,,,,"https://www.google.com/maps/place/Blue+Dolphin+Pool+Service%2C+LLC/@30.937373599999997,-91.40087,14z/data=!4m8!1m2!2m1!1sBlue+Dolphin+Pool+Service%2C+LLC!3m4!1s0x8620b7240ec9c6a3:0x99e09b4332a087df!8m2!3d30.937373599999997!4d-91.40087","https://www.google.com/maps/place/Blue+Dolphin+Pool+Service%2C+LLC/@30.937373599999997,-91.40087,13.99z/data=!4m16!1m7!3m6!1s0x8620b7240ec9c6a3:0x99e09b4332a087df!2sBlue+Dolphin+Pool+Service%2C+LLC!8m2!3d30.937373599999997!4d-91.40087!16s%2Fg%2F11ckvg1dmb!3m7!1s0x8620b7240ec9c6a3:0x99e09b4332a087df!8m2!3d30.937373599999997!4d-91.40087!9m1!1b1!16s%2Fg%2F11ckvg1dmb?entry=ttu",ChIJo8bJDiS3IIYR34egMkOb4Jk,0x8620b7240ec9c6a3:0x99e09b4332a087df,11088032995500656607,/g/11hb5mmd9_,-7358711078208895009,,,,,,,,,,,,,,,,,,,,,,,,,,,,,,,,,,,,,,,,,,,,,,,,,,,,,,,,,,
"swimming pool contractor, 70141, New Orleans, LA, US",Big Easy Pools LLC,Big Easy Pools,http://facebook.com/bigeasypools,Pool cleaning service,Pool cleaning service,Pool cleaning service,+1 504-270-4874,landline,,,"817 N Bengal Rd, Metairie, LA 70003",None,817 N Bengal Rd,Metairie,70003,Louisiana,Louisiana,United States of America,US,29.986554199999997,-90.22854939999999,89444654c0bffff,America/Chicago,,False,5.0,21.0,https://search.google.com/local/reviews?placeid=ChIJ7xdf4023IIYRMjvRcbot-qc&q=*&authuser=0&hl=en&gl=US,,,0.0,0.0,0.0,1.0,20.0,52.0,https://lh3.googleusercontent.com/p/AF1QipM5nVzVjbPehWrfraaDBrliMSIERuiNw1mn0h-2=w800-h500-k-no,https://lh3.googleusercontent.com/p/AF1QipM5nVzVjbPehWrfraaDBrliMSIERuiNw1mn0h-2=w1600-h1000-k-no,,"{""Sunday"": ""Closed"", ""Monday"": ""Closed"", ""Tuesday"": ""9AM-4PM"", ""Wednesday"": ""9AM-4PM"", ""Thursday"": ""9AM-4PM"", ""Friday"": ""9AM-4PM"", ""Saturday"": ""Closed""}","Sunday,|Monday,|Tuesday,9AM,4PM|Wednesday,9AM,4PM|Thursday,9AM,4PM|Friday,9AM,4PM|Saturday,",Sunday:Closed|Monday:Closed|Tuesday:9AM-4PM|Wednesday:9AM-4PM|Thursday:9AM-4PM|Friday:9AM-4PM|Saturday:Closed,,,OPERATIONAL,{},,,,https://lh6.googleusercontent.com/-pWg99W4U0Kg/AAAAAAAAAAI/AAAAAAAAAAA/1fSQk3LTP9E/s44-p-k-no-ns-nd/photo.jpg,,,True,112192886079487080547,Big Easy Pools LLC,https://www.google.com/maps/contrib/112192886079487080547,,,,,"https://www.google.com/maps/place/Big+Easy+Pools+LLC/@29.986554199999997,-90.22854939999999,14z/data=!4m8!1m2!2m1!1sBig+Easy+Pools+LLC!3m4!1s0x8620b74de35f17ef:0xa7fa2dba71d13b32!8m2!3d29.986554199999997!4d-90.22854939999999","https://www.google.com/maps/place/Big+Easy+Pools+LLC/@29.986554199999997,-90.22854939999999,13.99z/data=!4m16!1m7!3m6!1s0x8620b74de35f17ef:0xa7fa2dba71d13b32!2sBig+Easy+Pools+LLC!8m2!3d29.986554199999997!4d-90.22854939999999!16s%2Fg%2F11ckvg1dmb!3m7!1s0x8620b74de35f17ef:0xa7fa2dba71d13b32!8m2!3d29.986554199999997!4d-90.22854939999999!9m1!1b1!16s%2Fg%2F11ckvg1dmb?entry=ttu",ChIJ7xdf4023IIYRMjvRcbot-qc,0x8620b74de35f17ef:0xa7fa2dba71d13b32,12104037227308333874,/g/11cpnj6hr8,-6342706846401217742,,bigeasypools@yahoo.com,RECEIVING,Verified,,,,,,,,,,,,,,,,,,,,,,15042704874,landline,,,,,,,,,,,https://www.facebook.com/bigeasypools,,,,,,,,,,,,,,,,,,,,
"swimming pool contractor, 70141, New Orleans, LA, US",Alex The Pool Guy LLC,Alex The Pool Guy,,"Pool cleaning service, Service establishment",Pool cleaning service,Pool cleaning service,+1 504-616-6722,mobile,"NEW CINGULAR WIRELESS PCS, LLC - GA",,,,,,,,,,,30.0325644,-89.9526745,8944464132bffff,America/Chicago,,True,5.0,9.0,https://search.google.com/local/reviews?placeid=ChIJ4dAHOxTexY0RN4vKuKmiIAM&q=*&authuser=0&hl=en&gl=US,,,0.0,0.0,0.0,0.0,9.0,4.0,https://lh3.googleusercontent.com/gps-cs-s/AG0ilSzrB-DQoclCY5CG_miR5oBV6WQ9DprkH4QJU9rtuDkEx9DR3y4PVad2uWjbBSO9TgB80Slw477r3lZaXfdlWgkvha-bEwMAa6Ieo6aVTAlulobiVL_hi0LuwQ9K2N2bk1fyVKOGrcKIrAQ=w800-h500-k-no,https://lh3.googleusercontent.com/gps-cs-s/AG0ilSzrB-DQoclCY5CG_miR5oBV6WQ9DprkH4QJU9rtuDkEx9DR3y4PVad2uWjbBSO9TgB80Slw477r3lZaXfdlWgkvha-bEwMAa6Ieo6aVTAlulobiVL_hi0LuwQ9K2N2bk1fyVKOGrcKIrAQ=w1600-h1000-k-no,,"{""Sunday"": ""Closed"", ""Monday"": ""7:30AM-5PM"", ""Tuesday"": ""7:30AM-5PM"", ""Wednesday"": ""7:30AM-5PM"", ""Thursday"": ""7:30AM-5PM"", ""Friday"": ""7:30AM-5PM"", ""Saturday"": ""Closed""}","Sunday,|Monday,7:30AM,5PM|Tuesday,7:30AM,5PM|Wednesday,7:30AM,5PM|Thursday,7:30AM,5PM|Friday,7:30AM,5PM|Saturday,",Sunday:Closed|Monday:7:30AM-5PM|Tuesday:7:30AM-5PM|Wednesday:7:30AM-5PM|Thursday:7:30AM-5PM|Friday:7:30AM-5PM|Saturday:Closed,,,OPERATIONAL,{},,,,https://lh6.googleusercontent.com/-h6Yay67jv9E/AAAAAAAAAAI/AAAAAAAAAAA/nwgT2sYKRAI/s44-p-k-no-ns-nd/photo.jpg,,,True,108962212923502324462,Alex The Pool Guy LLC,https://www.google.com/maps/contrib/108962212923502324462,,,,,"https://www.google.com/maps/place/Alex+The+Pool+Guy+LLC/@30.0325644,-89.9526745,14z/data=!4m8!1m2!2m1!1sAlex+The+Pool+Guy+LLC!3m4!1s0x8dc5de143b07d0e1:0x320a2a9b8ca8b37!8m2!3d30.0325644!4d-89.9526745","https://www.google.com/maps/place/Alex+The+Pool+Guy+LLC/@30.0325644,-89.9526745,13.99z/data=!4m16!1m7!3m6!1s0x8dc5de143b07d0e1:0x320a2a9b8ca8b37!2sAlex+The+Pool+Guy+LLC!8m2!3d30.0325644!4d-89.9526745!16s%2Fg%2F11ckvg1dmb!3m7!1s0x8dc5de143b07d0e1:0x320a2a9b8ca8b37!8m2!3d30.0325644!4d-89.9526745!9m1!1b1!16s%2Fg%2F11ckvg1dmb?entry=ttu",ChIJ4dAHOxTexY0RN4vKuKmiIAM,0x8dc5de143b07d0e1:0x320a2a9b8ca8b37,225358831201979191,/g/11yh37f05l,225358831201979191,,,,,,,,,,,,,,,,,,,,,,,,,,,,,,,,,,,,,,,,,,,,,,,,,,,,,,,,,,
"swimming pool contractor, 70141, New Orleans, LA, US",The Pool Knight,The Pool Knight,https://www.nolapoolknight.com/,Swimming pool repair service,Swimming pool repair service,Swimming pool repair service,+1 504-612-5423,landline,,,"4016 Wanda Lynn Dr, Metairie, LA 70002",None,4016 Wanda Lynn Dr,Metairie,70002,Louisiana,Louisiana,United States of America,US,30.0108213,-90.1673673,894446558afffff,America/Chicago,,False,5.0,2.0,https://search.google.com/local/reviews?placeid=ChIJi-y65pOxIIYRX5v21B-f1sY&q=*&authuser=0&hl=en&gl=US,,,0.0,0.0,0.0,0.0,2.0,2.0,https://streetviewpixels-pa.googleapis.com/v1/thumbnail?panoid=K1EJh9oE_Y_noPiDNV_8Xw&cb_client=search.gws-prod.gps&w=800&h=500&yaw=288.34845&pitch=0&thumbfov=100,https://lh3.googleusercontent.com/p/AF1QipNRvuZQle0SQmXNVZLmT3icqjKggH4_btCNaEqz=w1600-h1000-k-no,,"{""Sunday"": ""8AM-8PM"", ""Monday"": ""8AM-8PM"", ""Tuesday"": ""8AM-8PM"", ""Wednesday"": ""8AM-8PM"", ""Thursday"": ""8AM-8PM"", ""Friday"": ""8AM-8PM"", ""Saturday"": ""8AM-8PM""}","Sunday,8AM,8PM|Monday,8AM,8PM|Tuesday,8AM,8PM|Wednesday,8AM,8PM|Thursday,8AM,8PM|Friday,8AM,8PM|Saturday,8AM,8PM",Sunday:8AM-8PM|Monday:8AM-8PM|Tuesday:8AM-8PM|Wednesday:8AM-8PM|Thursday:8AM-8PM|Friday:8AM-8PM|Saturday:8AM-8PM,,,OPERATIONAL,{},,,,https://lh4.googleusercontent.com/-7VN8zzhcbD4/AAAAAAAAAAI/AAAAAAAAAAA/bt2tvBTpWvA/s44-p-k-no-ns-nd/photo.jpg,,,True,100190023187497842461,The Pool Knight,https://www.google.com/maps/contrib/100190023187497842461,,,,,"https://www.google.com/maps/place/The+Pool+Knight/@30.0108213,-90.1673673,14z/data=!4m8!1m2!2m1!1sThe+Pool+Knight!3m4!1s0x8620b193e6baec8b:0xc6d69f1fd4f69b5f!8m2!3d30.0108213!4d-90.1673673","https://www.google.com/maps/place/The+Pool+Knight/@30.0108213,-90.1673673,13.99z/data=!4m16!1m7!3m6!1s0x8620b193e6baec8b:0xc6d69f1fd4f69b5f!2sThe+Pool+Knight!8m2!3d30.0108213!4d-90.1673673!16s%2Fg%2F11ckvg1dmb!3m7!1s0x8620b193e6baec8b:0xc6d69f1fd4f69b5f!8m2!3d30.0108213!4d-90.1673673!9m1!1b1!16s%2Fg%2F11ckvg1dmb?entry=ttu",ChIJi-y65pOxIIYRX5v21B-f1sY,0x8620b193e6baec8b:0xc6d69f1fd4f69b5f,14327814223591545695,/g/11ldrvkmjf,-4118929850118005921,,,,,,,,,,,,,,,,,,,,,,,,,,,,,,,,,,,,,,,,,,,,,,,,,,,,,Coming Soon,,,,False,False
"swimming pool contractor, 70141, New Orleans, LA, US",Ernie's Pool Services Inc,Ernies Pool Services,http://www.erniespoolservice.com/,Pool cleaning service,Pool cleaning service,Pool cleaning service,+1 504-456-0727,landline,,,"1 W Union St, Kenner, LA 70062",None,1 W Union St,Kenner,70062,Louisiana,Louisiana,United States of America,US,29.9987778,-90.27474529999999,8944460b60fffff,America/Chicago,,False,3.9,11.0,https://search.google.com/local/reviews?placeid=ChIJwTmThle3IIYRBnHkjmVVhA8&q=*&authuser=0&hl=en&gl=US,,,3.0,0.0,0.0,0.0,8.0,4.0,https://lh3.googleusercontent.com/gps-cs-s/AG0ilSxhWLT3nYdqKmdqtjiNbQtcPuYQ5IkHxeD7cvrUtzvh7dl4WQaKadb-GR1VbD-Ko_Ykrf-mjF1SlFrU0zw_pqZACxCI1yOP9iHMR55tzFgDjqpgg8cuKUkC8C8moBAVhovQTyH3og=w800-h500-k-no,https://lh3.googleusercontent.com/gps-cs-s/AG0ilSxhWLT3nYdqKmdqtjiNbQtcPuYQ5IkHxeD7cvrUtzvh7dl4WQaKadb-GR1VbD-Ko_Ykrf-mjF1SlFrU0zw_pqZACxCI1yOP9iHMR55tzFgDjqpgg8cuKUkC8C8moBAVhovQTyH3og=w1600-h1000-k-no,,"{""Sunday"": ""Closed"", ""Monday"": ""8AM-5PM"", ""Tuesday"": ""8AM-5PM"", ""Wednesday"": ""8AM-5PM"", ""Thursday"": ""8AM-5PM"", ""Friday"": ""8AM-5PM"", ""Saturday"": ""8AM-6PM""}","Sunday,|Monday,8AM,5PM|Tuesday,8AM,5PM|Wednesday,8AM,5PM|Thursday,8AM,5PM|Friday,8AM,5PM|Saturday,8AM,6PM",Sunday:Closed|Monday:8AM-5PM|Tuesday:8AM-5PM|Wednesday:8AM-5PM|Thursday:8AM-5PM|Friday:8AM-5PM|Saturday:8AM-6PM,,,OPERATIONAL,{},,,,,,,False,None,Ernie's Pool Services Inc,,,,,,"https://www.google.com/maps/place/Ernie%27s+Pool+Services+Inc/@29.9987778,-90.27474529999999,14z/data=!4m8!1m2!2m1!1sErnie%27s+Pool+Services+Inc!3m4!1s0x8620b757869339c1:0xf8455658ee47106!8m2!3d29.9987778!4d-90.27474529999999","https://www.google.com/maps/place/Ernie%27s+Pool+Services+Inc/@29.9987778,-90.27474529999999,13.99z/data=!4m16!1m7!3m6!1s0x8620b757869339c1:0xf8455658ee47106!2sErnie%27s+Pool+Services+Inc!8m2!3d29.9987778!4d-90.27474529999999!16s%2Fg%2F11ckvg1dmb!3m7!1s0x8620b757869339c1:0xf8455658ee47106!8m2!3d29.9987778!4d-90.27474529999999!9m1!1b1!16s%2Fg%2F11ckvg1dmb?entry=ttu",ChIJwTmThle3IIYRBnHkjmVVhA8,0x8620b757869339c1:0xf8455658ee47106,1118112502172119302,/g/11cncyfm3m,1118112502172119302,,rrehage@erniespoolservice.com,RECEIVING,SMTP validated,,,,,,,,,,,,,,,,,,,,,,,,,,,,,,,,,,https://www.facebook.com/erniespoolservice/,,,,,,,,,,,,,,,"Home - Ernies Pool Service, Inc.",WordPress 5.9,,,,
"swimming pool contractor, 70141, New Orleans, LA, US",My Affordable Pools,My Affordable Pools,https://myaffordablepools.com/,Swimming pool contractor,Swimming pool contractor,Swimming pool contractor,+1 504-920-5321,mobile,"NEW CINGULAR WIRELESS PCS, LLC - GA",,"68672 LA-59, Mandeville, LA 70471",None,68672 LA-59,Mandeville,70471,Louisiana,Louisiana,United States of America,US,30.432140999999998,-90.03905999999999,894446691c3ffff,America/Chicago,,False,5.0,1.0,https://search.google.com/local/reviews?placeid=ChIJAcCtbW1ZJ4YRmAawiCbiTjU&q=*&authuser=0&hl=en&gl=US,,,0.0,0.0,0.0,0.0,1.0,56.0,https://lh3.googleusercontent.com/p/AF1QipNxxgNJsHOJnZcNGOw3RZllvQntSO47eZIKlrI=w800-h500-k-no,https://lh3.googleusercontent.com/p/AF1QipNxxgNJsHOJnZcNGOw3RZllvQntSO47eZIKlrI=w1600-h1000-k-no,,"{""Sunday"": ""Closed"", ""Monday"": ""8AM-8PM"", ""Tuesday"": ""8AM-8PM"", ""Wednesday"": ""8AM-8PM"", ""Thursday"": ""8AM-8PM"", ""Friday"": ""8AM-8PM"", ""Saturday"": ""Closed""}","Sunday,|Monday,8AM,8PM|Tuesday,8AM,8PM|Wednesday,8AM,8PM|Thursday,8AM,8PM|Friday,8AM,8PM|Saturday,",Sunday:Closed|Monday:8AM-8PM|Tuesday:8AM-8PM|Wednesday:8AM-8PM|Thursday:8AM-8PM|Friday:8AM-8PM|Saturday:Closed,,,OPERATIONAL,{},,,,https://lh6.googleusercontent.com/-jrG0R1jkHH0/AAAAAAAAAAI/AAAAAAAAAAA/WqGrniokgUc/s44-p-k-no-ns-nd/photo.jpg,,,True,100759610854614566059,My Affordable Pools,https://www.google.com/maps/contrib/100759610854614566059,,,,,"https://www.google.com/maps/place/My+Affordable+Pools/@30.432140999999998,-90.03905999999999,14z/data=!4m8!1m2!2m1!1sMy+Affordable+Pools!3m4!1s0x8627596d6dadc001:0x354ee22688b00698!8m2!3d30.432140999999998!4d-90.03905999999999","https://www.google.com/maps/place/My+Affordable+Pools/@30.432140999999998,-90.03905999999999,13.99z/data=!4m16!1m7!3m6!1s0x8627596d6dadc001:0x354ee22688b00698!2sMy+Affordable+Pools!8m2!3d30.432140999999998!4d-90.03905999999999!16s%2Fg%2F11ckvg1dmb!3m7!1s0x8627596d6dadc001:0x354ee22688b00698!8m2!3d30.432140999999998!4d-90.03905999999999!9m1!1b1!16s%2Fg%2F11ckvg1dmb?entry=ttu",ChIJAcCtbW1ZJ4YRmAawiCbiTjU,0x8627596d6dadc001:0x354ee22688b00698,3841256187323483800,/g/11wfd9vp2n,3841256187323483800,,info@myaffordablepools.com,RECEIVING,Role,,,,,,,,,,,,,,,,,,,,,,,,,,,,,,,,,,,,,,,,,,,,,,,,,Backyard Paradise Experts - My Affordable Pools,WordPress 6.6.1,"Pool construction, remodeling, and maintenance. Custom designs, quality craftsmanship, exceptional service. Contact us today!",,False,False
"swimming pool contractor, 70141, New Orleans, LA, US",Supreme Pool & Spa,Supreme Pool And Spa,https://www.facebook.com/supremepoolspanola,"Pool cleaning service, Service establishment",Pool cleaning service,Pool cleaning service,+1 504-669-5690,mobile,T-Mobile USA Inc.,,,,,,,,,,,30.0257334,-90.02540139999999,894446403bbffff,America/Chicago,,True,4.4,7.0,https://search.google.com/local/reviews?placeid=ChIJzb5X9cpwiYwRYzMYtLF0BzY&q=*&authuser=0&hl=en&gl=US,,,1.0,0.0,0.0,0.0,6.0,14.0,https://lh3.googleusercontent.com/p/AF1QipOwqpvKj-yoHJoNGxEy-4UikJgvy3KuCHuKBurW=w800-h500-k-no,https://lh3.googleusercontent.com/p/AF1QipOwqpvKj-yoHJoNGxEy-4UikJgvy3KuCHuKBurW=w1600-h1000-k-no,,"{""Sunday"": ""Closed"", ""Monday"": ""7AM-5PM"", ""Tuesday"": ""7AM-5PM"", ""Wednesday"": ""7AM-5PM"", ""Thursday"": ""7AM-5PM"", ""Friday"": ""7AM-5PM"", ""Saturday"": ""7AM-5PM""}","Sunday,|Monday,7AM,5PM|Tuesday,7AM,5PM|Wednesday,7AM,5PM|Thursday,7AM,5PM|Friday,7AM,5PM|Saturday,7AM,5PM",Sunday:Closed|Monday:7AM-5PM|Tuesday:7AM-5PM|Wednesday:7AM-5PM|Thursday:7AM-5PM|Friday:7AM-5PM|Saturday:7AM-5PM,,,OPERATIONAL,"{""Service options"": {""Online estimates"": false}, ""Planning"": {""Appointment required"": true}}",,,,https://lh5.googleusercontent.com/-DgSu07uiE6A/AAAAAAAAAAI/AAAAAAAAAAA/xydyCAciq4Q/s44-p-k-no-ns-nd/photo.jpg,,,True,105064254236159152983,Supreme Pool & Spa,https://www.google.com/maps/contrib/105064254236159152983,,,,,"https://www.google.com/maps/place/Supreme+Pool+%26+Spa/@30.0257334,-90.02540139999999,14z/data=!4m8!1m2!2m1!1sSupreme+Pool+%26+Spa!3m4!1s0x8c8970caf557becd:0x360774b1b4183363!8m2!3d30.0257334!4d-90.02540139999999","https://www.google.com/maps/place/Supreme+Pool+%26+Spa/@30.0257334,-90.02540139999999,13.99z/data=!4m16!1m7!3m6!1s0x8c8970caf557becd:0x360774b1b4183363!2sSupreme+Pool+%26+Spa!8m2!3d30.0257334!4d-90.02540139999999!16s%2Fg%2F11ckvg1dmb!3m7!1s0x8c8970caf557becd:0x360774b1b4183363!8m2!3d30.0257334!4d-90.02540139999999!9m1!1b1!16s%2Fg%2F11ckvg1dmb?entry=ttu",ChIJzb5X9cpwiYwRYzMYtLF0BzY,0x8c8970caf557becd:0x360774b1b4183363,3893208709464601443,/g/11rcmsxgvz,3893208709464601443,,Supremepoolspa@gmail.com,RECEIVING,SMTP validated,,,,,,,,,,,,,,,,,,,,,,15046695690,mobile,T-Mobile USA Inc.,,,,,,,,,,https://www.facebook.com/supremepoolspanola,,,,,,,,,,,,,,,,,,,,
"swimming pool contractor, 70141, New Orleans, LA, US",Sunshine Pool Services LLC,Sunshine Pool Services,,"Pool cleaning service, Service establishment",Pool cleaning service,Pool cleaning service,+1 504-559-8148,mobile,"NEW CINGULAR WIRELESS PCS, LLC - GA",,,,,,,,,,,29.9909176,-90.200605,89444654e57ffff,America/Chicago,,True,5.0,3.0,https://search.google.com/local/reviews?placeid=ChIJGywALdDIpKYR-ipTDQ-bgyo&q=*&authuser=0&hl=en&gl=US,,,0.0,0.0,0.0,0.0,3.0,1.0,https://lh3.googleusercontent.com/p/AF1QipOO2DW3oiU-xWZFmEIF6OMEOskvrVVLsLLAO0yP=w800-h500-k-no,https://lh3.googleusercontent.com/p/AF1QipOO2DW3oiU-xWZFmEIF6OMEOskvrVVLsLLAO0yP=w1600-h1000-k-no,,"{""Sunday"": ""Closed"", ""Monday"": ""8AM-6PM"", ""Tuesday"": ""8AM-6PM"", ""Wednesday"": ""8AM-6PM"", ""Thursday"": ""8:30AM-6PM"", ""Friday"": ""8AM-6PM"", ""Saturday"": ""Closed""}","Sunday,|Monday,8AM,6PM|Tuesday,8AM,6PM|Wednesday,8AM,6PM|Thursday,8:30AM,6PM|Friday,8AM,6PM|Saturday,",Sunday:Closed|Monday:8AM-6PM|Tuesday:8AM-6PM|Wednesday:8AM-6PM|Thursday:8:30AM-6PM|Friday:8AM-6PM|Saturday:Closed,,,OPERATIONAL,{},,,,https://lh4.googleusercontent.com/-mIQNxCP42L8/AAAAAAAAAAI/AAAAAAAAAAA/FZYbAsODP18/s44-p-k-no-ns-nd/photo.jpg,,,True,108546246136910401366,Sunshine Pool Services LLC,https://www.google.com/maps/contrib/108546246136910401366,,,,,"https://www.google.com/maps/place/Sunshine+Pool+Services+LLC/@29.9909176,-90.200605,14z/data=!4m8!1m2!2m1!1sSunshine+Pool+Services+LLC!3m4!1s0xa6a4c8d02d002c1b:0x2a839b0f0d532afa!8m2!3d29.9909176!4d-90.200605","https://www.google.com/maps/place/Sunshine+Pool+Services+LLC/@29.9909176,-90.200605,13.99z/data=!4m16!1m7!3m6!1s0xa6a4c8d02d002c1b:0x2a839b0f0d532afa!2sSunshine+Pool+Services+LLC!8m2!3d29.9909176!4d-90.200605!16s%2Fg%2F11ckvg1dmb!3m7!1s0xa6a4c8d02d002c1b:0x2a839b0f0d532afa!8m2!3d29.9909176!4d-90.200605!9m1!1b1!16s%2Fg%2F11ckvg1dmb?entry=ttu",ChIJGywALdDIpKYR-ipTDQ-bgyo,0xa6a4c8d02d002c1b:0x2a839b0f0d532afa,3063462660492438266,/g/11wmtm565g,3063462660492438266,,,,,,,,,,,,,,,,,,,,,,,,,,,,,,,,,,,,,,,,,,,,,,,,,,,,,,,,,,
"swimming pool contractor, 70141, New Orleans, LA, US",Clear Pool Solutions LLC,Clear Pool Solutions,,"Swimming pool contractor, Service establishment",Swimming pool contractor,Swimming pool contractor,+1 985-722-8888,mobile,"NEW CINGULAR WIRELESS PCS, LLC - GA",,,,,,,,,,,29.9810925,-90.33374959999999,89444619ba3ffff,America/Chicago,,True,,,,,,,,,,,2.0,https://lh3.googleusercontent.com/p/AF1QipNSb4v6eOnRh6nvtMQ17LPbRLcMHCVJ5gCCUXgw=w800-h500-k-no,https://lh3.googleusercontent.com/p/AF1QipNSb4v6eOnRh6nvtMQ17LPbRLcMHCVJ5gCCUXgw=w1600-h1000-k-no,,"{""Sunday"": ""Closed"", ""Monday"": ""7AM-8PM"", ""Tuesday"": ""Open 24 hours"", ""Wednesday"": ""7AM-8PM"", ""Thursday"": ""7AM-8PM"", ""Friday"": ""7AM-8PM"", ""Saturday"": ""9AM-6PM""}","Sunday,|Monday,7AM,8PM|Tuesday,Open 24 hours|Wednesday,7AM,8PM|Thursday,7AM,8PM|Friday,7AM,8PM|Saturday,9AM,6PM",Sunday:Closed|Monday:7AM-8PM|Tuesday:Open 24 hours|Wednesday:7AM-8PM|Thursday:7AM-8PM|Friday:7AM-8PM|Saturday:9AM-6PM,,,OPERATIONAL,{},,,,https://lh4.googleusercontent.com/-FyBuNt159n0/AAAAAAAAAAI/AAAAAAAAAAA/CzM6d2IeNwA/s44-p-k-no-ns-nd/photo.jpg,,,True,102664698645083187176,Clear Pool Solutions LLC,https://www.google.com/maps/contrib/102664698645083187176,,,,,"https://www.google.com/maps/place/Clear+Pool+Solutions+LLC/@29.9810925,-90.33374959999999,14z/data=!4m8!1m2!2m1!1sClear+Pool+Solutions+LLC!3m4!1s0x8620cf080ad7db3b:0x3537b42b07546d8c!8m2!3d29.9810925!4d-90.33374959999999","https://www.google.com/maps/place/Clear+Pool+Solutions+LLC/@29.9810925,-90.33374959999999,13.99z/data=!4m16!1m7!3m6!1s0x8620cf080ad7db3b:0x3537b42b07546d8c!2sClear+Pool+Solutions+LLC!8m2!3d29.9810925!4d-90.33374959999999!16s%2Fg%2F11ckvg1dmb!3m7!1s0x8620cf080ad7db3b:0x3537b42b07546d8c!8m2!3d29.9810925!4d-90.33374959999999!9m1!1b1!16s%2Fg%2F11ckvg1dmb?entry=ttu",ChIJO9vXCgjPIIYRjG1UByu0NzU,0x8620cf080ad7db3b:0x3537b42b07546d8c,3834731704628833676,/g/11j4lg3dtl,None,,,,,,,,,,,,,,,,,,,,,,,,,,,,,,,,,,,,,,,,,,,,,,,,,,,,,,,,,,
"swimming pool contractor, 70141, New Orleans, LA, US",Corner Pocket,Corner Pocket,,Pool hall,Pool hall,Pool hall,+1 504-469-2003,landline,,,"2424 Williams Blvd, Kenner, LA 70062",None,2424 Williams Blvd,Kenner,70062,Louisiana,Louisiana,United States of America,US,30.000413299999998,-90.24031649999999,89444654d5bffff,America/Chicago,,False,4.5,186.0,https://search.google.com/local/reviews?placeid=ChIJ71rQVT63IIYRD0Solzgy2zU&q=*&authuser=0&hl=en&gl=US,,,6.0,3.0,14.0,33.0,130.0,16.0,https://lh3.googleusercontent.com/gps-cs-s/AG0ilSxzLQWE0O5asHQiMUrwv8gKldSeYtprMT_u9Nua6GkVPe29XxCReqj5jIdBafpZGJtLOlDclC19z3gGmQVkMKzAm-bE6ctLks6Nv1NPfV7tw2CZZWLcugxZPkxgea-_nIWOe-4=w800-h500-k-no,https://lh3.googleusercontent.com/gps-cs-s/AG0ilSxzLQWE0O5asHQiMUrwv8gKldSeYtprMT_u9Nua6GkVPe29XxCReqj5jIdBafpZGJtLOlDclC19z3gGmQVkMKzAm-bE6ctLks6Nv1NPfV7tw2CZZWLcugxZPkxgea-_nIWOe-4=w1600-h1000-k-no,,"{""Sunday"": ""Open 24 hours"", ""Monday"": ""Open 24 hours"", ""Tuesday"": ""Open 24 hours"", ""Wednesday"": ""Open 24 hours"", ""Thursday"": ""Open 24 hours"", ""Friday"": ""Open 24 hours"", ""Saturday"": ""Open 24 hours""}","Sunday,Open 24 hours|Monday,Open 24 hours|Tuesday,Open 24 hours|Wednesday,Open 24 hours|Thursday,Open 24 hours|Friday,Open 24 hours|Saturday,Open 24 hours",Sunday:Open 24 hours|Monday:Open 24 hours|Tuesday:Open 24 hours|Wednesday:Open 24 hours|Thursday:Open 24 hours|Friday:Open 24 hours|Saturday:Open 24 hours,,,OPERATIONAL,"{""Highlights"": {""Fast service"": true, ""Great beer selection"": true, ""Great cocktails"": true, ""Sports"": true}, ""Accessibility"": {""Wheelchair accessible entrance"": true, ""Wheelchair accessible parking lot"": true, ""Wheelchair accessible restroom"": true}, ""Offerings"": {""Alcohol"": true, ""Beer"": true, ""Cocktails"": true, ""Happy hour drinks"": true, ""Hard liquor"": true, ""Wine"": true}, ""Dining options"": {""Table service"": false}, ""Amenities"": {""Bar onsite"": true, ""Restroom"": true}, ""Atmosphere"": {""Casual"": true, ""Trendy"": true}, ""Crowd"": {""Groups"": true}, ""Planning"": {""Accepts reservations"": false}, ""Payments"": {""Credit cards"": true, ""Debit cards"": true, ""NFC mobile payments"": true}}",$,,,,,,False,None,Corner Pocket,,,,,,"https://www.google.com/maps/place/Corner+Pocket/@30.000413299999998,-90.24031649999999,14z/data=!4m8!1m2!2m1!1sCorner+Pocket!3m4!1s0x8620b73e55d05aef:0x35db323897a8440f!8m2!3d30.000413299999998!4d-90.24031649999999","https://www.google.com/maps/place/Corner+Pocket/@30.000413299999998,-90.24031649999999,13.99z/data=!4m16!1m7!3m6!1s0x8620b73e55d05aef:0x35db323897a8440f!2sCorner+Pocket!8m2!3d30.000413299999998!4d-90.24031649999999!16s%2Fg%2F11ckvg1dmb!3m7!1s0x8620b73e55d05aef:0x35db323897a8440f!8m2!3d30.000413299999998!4d-90.24031649999999!9m1!1b1!16s%2Fg%2F11ckvg1dmb?entry=ttu",ChIJ71rQVT63IIYRD0Solzgy2zU,0x8620b73e55d05aef:0x35db323897a8440f,3880750722553758735,/g/1tfmj541,3880750722553758735,,,,,,,,,,,,,,,,,,,,,,,,,,,,,,,,,,,,,,,,,,,,,,,,,,,,,,,,,,
"swimming pool contractor, 70141, New Orleans, LA, US",R G Construction LLC,R G Construction,https://constructioncompany-kennerla.com/,"Construction company, Service establishment, Interior designer, Painter",Construction company,Construction company,+1 504-215-6448,mobile,T-Mobile USA Inc.,,,,,,,,,,,30.937373599999997,-91.40087,8944400c20fffff,America/Chicago,,True,5.0,20.0,https://search.google.com/local/reviews?placeid=ChIJO6156ERm2KIRtvXQiT7HJVI&q=*&authuser=0&hl=en&gl=US,,,0.0,0.0,0.0,0.0,20.0,60.0,https://lh3.googleusercontent.com/p/AF1QipNcEB135Yt5F5p-L7YmR7UiYSymi9Rzlh-z64v6=w800-h500-k-no,https://lh3.googleusercontent.com/p/AF1QipNcEB135Yt5F5p-L7YmR7UiYSymi9Rzlh-z64v6=w1600-h1000-k-no,,"{""Sunday"": ""Closed"", ""Monday"": ""8AM-5PM"", ""Tuesday"": ""8AM-5PM"", ""Wednesday"": ""8AM-5PM"", ""Thursday"": ""8AM-5PM"", ""Friday"": ""8AM-5PM"", ""Saturday"": ""Closed""}","Sunday,|Monday,8AM,5PM|Tuesday,8AM,5PM|Wednesday,8AM,5PM|Thursday,8AM,5PM|Friday,8AM,5PM|Saturday,",Sunday:Closed|Monday:8AM-5PM|Tuesday:8AM-5PM|Wednesday:8AM-5PM|Thursday:8AM-5PM|Friday:8AM-5PM|Saturday:Closed,,,OPERATIONAL,{},,,,https://lh6.googleusercontent.com/-iNv4mmRsSRE/AAAAAAAAAAI/AAAAAAAAAAA/ss_VdyM1VnQ/s44-p-k-no-ns-nd/photo.jpg,,,True,103947269178577636947,R G Construction LLC,https://www.google.com/maps/contrib/103947269178577636947,,,,,"https://www.google.com/maps/place/R+G+Construction+LLC/@30.937373599999997,-91.40087,14z/data=!4m8!1m2!2m1!1sR+G+Construction+LLC!3m4!1s0xa2d86644e879ad3b:0x5225c73e89d0f5b6!8m2!3d30.937373599999997!4d-91.40087","https://www.google.com/maps/place/R+G+Construction+LLC/@30.937373599999997,-91.40087,13.99z/data=!4m16!1m7!3m6!1s0xa2d86644e879ad3b:0x5225c73e89d0f5b6!2sR+G+Construction+LLC!8m2!3d30.937373599999997!4d-91.40087!16s%2Fg%2F11ckvg1dmb!3m7!1s0xa2d86644e879ad3b:0x5225c73e89d0f5b6!8m2!3d30.937373599999997!4d-91.40087!9m1!1b1!16s%2Fg%2F11ckvg1dmb?entry=ttu",ChIJO6156ERm2KIRtvXQiT7HJVI,0xa2d86644e879ad3b:0x5225c73e89d0f5b6,5919356356662457782,/g/11vkf3s046,5919356356662457782,,grg151182@gmail.com,RECEIVING,SMTP validated,,,,,,admin@constructioncompany-kennerla.com,INVALID,Invalid DNS,,,,,,,,,,,,,,5042156448,mobile,T-Mobile USA Inc.,,5046881553,landline,,,,,,,,,,,,,,,,,,,,,,"Dependable construction company in Kenner, LA, 70062.",wordpress,"R G Construction LLC is a trusted construction company serving residential clients and businesses in and around Kenner, LA, 70062.",,False,False
"swimming pool contractor, 70141, New Orleans, LA, US",Kenner Pool Cleaning and Maintenance,Kenner Pool Cleaning And Maintenance,,"Swimming pool contractor, Pool cleaning service, Swimming pool repair service",Pool cleaning service,Swimming pool contractor,+1 504-565-2962,landline,,,"2331 Tifton St suite B, Kenner, LA 70062",None,2331 Tifton St suite B,Kenner,70062,Louisiana,Louisiana,United States of America,US,29.998872199999997,-90.2530208,89444654d13ffff,America/Chicago,,False,,,,,,,,,,,12.0,https://lh3.googleusercontent.com/p/AF1QipOahkMC1w8DRT2KxNSom826yDKrs2-WH2BNyGUd=w800-h500-k-no,https://lh3.googleusercontent.com/p/AF1QipOahkMC1w8DRT2KxNSom826yDKrs2-WH2BNyGUd=w1600-h1000-k-no,,"{""Sunday"": ""Closed"", ""Monday"": ""8AM-5PM"", ""Tuesday"": ""8AM-5PM"", ""Wednesday"": ""8AM-5PM"", ""Thursday"": ""8AM-5PM"", ""Friday"": ""8AM-5PM"", ""Saturday"": ""Closed""}","Sunday,|Monday,8AM,5PM|Tuesday,8AM,5PM|Wednesday,8AM,5PM|Thursday,8AM,5PM|Friday,8AM,5PM|Saturday,",Sunday:Closed|Monday:8AM-5PM|Tuesday:8AM-5PM|Wednesday:8AM-5PM|Thursday:8AM-5PM|Friday:8AM-5PM|Saturday:Closed,,,OPERATIONAL,{},,,,https://lh5.googleusercontent.com/-ZUe6Y3-kT-Q/AAAAAAAAAAI/AAAAAAAAAAA/KEO0ggCy_3U/s44-p-k-no-ns-nd/photo.jpg,,,True,103647544203716694521,Kenner Pool Cleaning and Maintenance,https://www.google.com/maps/contrib/103647544203716694521,,,,,"https://www.google.com/maps/place/Kenner+Pool+Cleaning+and+Maintenance/@29.998872199999997,-90.2530208,14z/data=!4m8!1m2!2m1!1sKenner+Pool+Cleaning+and+Maintenance!3m4!1s0x8620b78f862d56f3:0x594f7ec778ab3eeb!8m2!3d29.998872199999997!4d-90.2530208","https://www.google.com/maps/place/Kenner+Pool+Cleaning+and+Maintenance/@29.998872199999997,-90.2530208,13.99z/data=!4m16!1m7!3m6!1s0x8620b78f862d56f3:0x594f7ec778ab3eeb!2sKenner+Pool+Cleaning+and+Maintenance!8m2!3d29.998872199999997!4d-90.2530208!16s%2Fg%2F11ckvg1dmb!3m7!1s0x8620b78f862d56f3:0x594f7ec778ab3eeb!8m2!3d29.998872199999997!4d-90.2530208!9m1!1b1!16s%2Fg%2F11ckvg1dmb?entry=ttu",ChIJ81Ytho-3IIYR6z6reMd-T1k,0x8620b78f862d56f3:0x594f7ec778ab3eeb,6435501787723808491,/g/11jp1x_1bh,None,,,,,,,,,,,,,,,,,,,,,,,,,,,,,,,,,,,,,,,,,,,,,,,,,,,,,,,,,,
"swimming pool contractor, 70141, New Orleans, LA, US",Omega Concrete Coatings,Omega Concrete Coatings,http://www.omegaconcretecoatings.com/,"Concrete contractor, Service establishment",Concrete contractor,Concrete contractor,+1 877-363-8459,toll_free,,,,,,,,,,,,30.284277999999997,-90.4540275,894446762b7ffff,America/Chicago,,True,5.0,216.0,https://search.google.com/local/reviews?placeid=ChIJIZ9Z_IYLkQcRfDvTzm405gs&q=*&authuser=0&hl=en&gl=US,,,1.0,0.0,0.0,0.0,215.0,412.0,https://lh3.googleusercontent.com/p/AF1QipMGWaAj5NrUi6WVYeadzrbGnawD6rgEE-nLtJts=w800-h500-k-no,https://lh3.googleusercontent.com/p/AF1QipMGWaAj5NrUi6WVYeadzrbGnawD6rgEE-nLtJts=w1600-h1000-k-no,,"{""Sunday"": ""Open 24 hours"", ""Monday"": ""Open 24 hours"", ""Tuesday"": ""Open 24 hours"", ""Wednesday"": ""Open 24 hours"", ""Thursday"": ""Open 24 hours"", ""Friday"": ""Open 24 hours"", ""Saturday"": ""Open 24 hours""}","Sunday,Open 24 hours|Monday,Open 24 hours|Tuesday,Open 24 hours|Wednesday,Open 24 hours|Thursday,Open 24 hours|Friday,Open 24 hours|Saturday,Open 24 hours",Sunday:Open 24 hours|Monday:Open 24 hours|Tuesday:Open 24 hours|Wednesday:Open 24 hours|Thursday:Open 24 hours|Friday:Open 24 hours|Saturday:Open 24 hours,,,OPERATIONAL,"{""Service options"": {""Online estimates"": false}}",,,,https://lh3.googleusercontent.com/-6WpPp41BnMw/AAAAAAAAAAI/AAAAAAAAAAA/H8GRgjuUlAE/s44-p-k-no-ns-nd/photo.jpg,,,True,116404108260709293318,Omega Concrete Coatings,https://www.google.com/maps/contrib/116404108260709293318,,,,,"https://www.google.com/maps/place/Omega+Concrete+Coatings/@30.284277999999997,-90.4540275,14z/data=!4m8!1m2!2m1!1sOmega+Concrete+Coatings!3m4!1s0x7910b86fc599f21:0xbe6346eced33b7c!8m2!3d30.284277999999997!4d-90.4540275","https://www.google.com/maps/place/Omega+Concrete+Coatings/@30.284277999999997,-90.4540275,13.99z/data=!4m16!1m7!3m6!1s0x7910b86fc599f21:0xbe6346eced33b7c!2sOmega+Concrete+Coatings!8m2!3d30.284277999999997!4d-90.4540275!16s%2Fg%2F11ckvg1dmb!3m7!1s0x7910b86fc599f21:0xbe6346eced33b7c!8m2!3d30.284277999999997!4d-90.4540275!9m1!1b1!16s%2Fg%2F11ckvg1dmb?entry=ttu",ChIJIZ9Z_IYLkQcRfDvTzm405gs,0x7910b86fc599f21:0xbe6346eced33b7c,857430429581654908,/g/11t2j5v0x_,857430429581654908,,eric@omegaconcretecoatings.com,RECEIVING,SMTP validated,,,,,,,,,,,,,,,,,,,,,,,,,,,,,,,,,,,,,,,,,,,,,,,,,,,,,,
"swimming pool contractor, 70141, New Orleans, LA, US","TruPro Patios, LLC",Trupro Patios,https://www.trupropatios.com/,"Carport and pergola builder, Awning supplier, Service establishment, Patio enclosure supplier, Sunroom contractor",Carport and pergola builder,Carport and pergola builder,+1 504-782-8654,mobile,,,,,,,,,,,,30.0519331,-90.42997849999999,8944460ad87ffff,America/Chicago,,True,4.9,133.0,https://search.google.com/local/reviews?placeid=ChIJXYlhbfhDJ4YRxbhxExkn9uY&q=*&authuser=0&hl=en&gl=US,,,2.0,1.0,1.0,1.0,128.0,192.0,https://lh3.googleusercontent.com/p/AF1QipP07VoW1yTI5dIdD2zUrsUmrq8VouLmzrknT0__=w800-h500-k-no,https://lh3.googleusercontent.com/p/AF1QipP07VoW1yTI5dIdD2zUrsUmrq8VouLmzrknT0__=w1600-h1000-k-no,,"{""Sunday"": ""Closed"", ""Monday"": ""8AM-6PM"", ""Tuesday"": ""8AM-6PM"", ""Wednesday"": ""8AM-6PM"", ""Thursday"": ""8AM-6PM"", ""Friday"": ""8AM-6PM"", ""Saturday"": ""8AM-6PM""}","Sunday,|Monday,8AM,6PM|Tuesday,8AM,6PM|Wednesday,8AM,6PM|Thursday,8AM,6PM|Friday,8AM,6PM|Saturday,8AM,6PM",Sunday:Closed|Monday:8AM-6PM|Tuesday:8AM-6PM|Wednesday:8AM-6PM|Thursday:8AM-6PM|Friday:8AM-6PM|Saturday:8AM-6PM,,,OPERATIONAL,"{""From the business"": {""Identifies as veteran-owned"": true}, ""Other"": {""Identifies as veteran-owned"": true}}",,,,https://lh4.googleusercontent.com/-GgK2Oi_I2Uo/AAAAAAAAAAI/AAAAAAAAAAA/eb5bq_xRQaI/s44-p-k-no-ns-nd/photo.jpg,,,True,109627981426680699037,"TruPro Patios, LLC",https://www.google.com/maps/contrib/109627981426680699037,,,,,"https://www.google.com/maps/place/TruPro+Patios%2C+LLC/@30.0519331,-90.42997849999999,14z/data=!4m8!1m2!2m1!1sTruPro+Patios%2C+LLC!3m4!1s0x862743f86d61895d:0xe6f627191371b8c5!8m2!3d30.0519331!4d-90.42997849999999","https://www.google.com/maps/place/TruPro+Patios%2C+LLC/@30.0519331,-90.42997849999999,13.99z/data=!4m16!1m7!3m6!1s0x862743f86d61895d:0xe6f627191371b8c5!2sTruPro+Patios%2C+LLC!8m2!3d30.0519331!4d-90.42997849999999!16s%2Fg%2F11ckvg1dmb!3m7!1s0x862743f86d61895d:0xe6f627191371b8c5!8m2!3d30.0519331!4d-90.42997849999999!9m1!1b1!16s%2Fg%2F11ckvg1dmb?entry=ttu",ChIJXYlhbfhDJ4YRxbhxExkn9uY,0x862743f86d61895d:0xe6f627191371b8c5,16642532461648132293,/g/11j4y18w8g,-1804211612061419323,,dennis@trupropatios.com,RECEIVING,SMTP validated,,,,,,adam@trupropatios.com,UNKNOWN,Cannot validate,,,,,,,,,,,,,,19858881050,landline,,,9858881050,landline,,,5047828654,,mobile,,https://www.facebook.com/TruProPatios,,,,,,,,,,,,https://www.youtube.com/channel/UCc0QE1B4J2LEKuxHMAZFVww,https://github.com/clauseggers/,,About,"Elementor 3.24.4; features: additional_custom_breakpoints; settings: css_print_method-external, google_font-enabled, font_display-swap","Learn about the team behind TruPro Patios, LLC providing your needs in Harahan, LA, and surrounding areas. Contact us at (504) 782-8654 today!",,False,True
"swimming pool contractor, 70141, New Orleans, LA, US",Fresh Cut Landscaping,Fresh Cut Landscaping,https://www.freshcutlandscaping.com/,"Swimming pool contractor, Fence contractor, Gardener, Landscape architect, Landscape designer, Landscape lighting designer, Lawn irrigation equipment supplier, Sod supplier, Landscaper",Landscaper,Swimming pool contractor,+1 504-228-4445,mobile,CELLCO PARTNERSHIP DBA VERIZON WIRELESS - LA,,"1400 29th St, Kenner, LA 70062",None,1400 29th St,Kenner,70062,Louisiana,Louisiana,United States of America,US,30.0084798,-90.2492614,89444654d77ffff,America/Chicago,,False,4.7,42.0,https://search.google.com/local/reviews?placeid=ChIJYVQgbhZScUkRQs-eKIPJoP0&q=*&authuser=0&hl=en&gl=US,,,2.0,1.0,0.0,0.0,39.0,51.0,https://lh3.googleusercontent.com/p/AF1QipNGKN_ZkJTLgeCWjGc4d1grlGd1-l4cQVH2auqi=w800-h500-k-no,https://lh3.googleusercontent.com/p/AF1QipNGKN_ZkJTLgeCWjGc4d1grlGd1-l4cQVH2auqi=w1600-h1000-k-no,,"{""Sunday"": ""Closed"", ""Monday"": ""9AM-5PM"", ""Tuesday"": ""9AM-5PM"", ""Wednesday"": ""9AM-5PM"", ""Thursday"": ""9AM-5PM"", ""Friday"": ""9AM-5PM"", ""Saturday"": ""Closed""}","Sunday,|Monday,9AM,5PM|Tuesday,9AM,5PM|Wednesday,9AM,5PM|Thursday,9AM,5PM|Friday,9AM,5PM|Saturday,",Sunday:Closed|Monday:9AM-5PM|Tuesday:9AM-5PM|Wednesday:9AM-5PM|Thursday:9AM-5PM|Friday:9AM-5PM|Saturday:Closed,,,OPERATIONAL,"{""Service options"": {""Onsite services"": true}, ""Accessibility"": {""Wheelchair accessible parking lot"": true}}",,,,https://lh5.googleusercontent.com/-Xe_ZKzzBacU/AAAAAAAAAAI/AAAAAAAAAAA/p9okTLjc2pw/s44-p-k-no-ns-nd/photo.jpg,,,True,105476937133558180753,Fresh Cut Landscaping,https://www.google.com/maps/contrib/105476937133558180753,,,,,"https://www.google.com/maps/place/Fresh+Cut+Landscaping/@30.0084798,-90.2492614,14z/data=!4m8!1m2!2m1!1sFresh+Cut+Landscaping!3m4!1s0x497152166e205461:0xfda0c983289ecf42!8m2!3d30.0084798!4d-90.2492614","https://www.google.com/maps/place/Fresh+Cut+Landscaping/@30.0084798,-90.2492614,13.99z/data=!4m16!1m7!3m6!1s0x497152166e205461:0xfda0c983289ecf42!2sFresh+Cut+Landscaping!8m2!3d30.0084798!4d-90.2492614!16s%2Fg%2F11ckvg1dmb!3m7!1s0x497152166e205461:0xfda0c983289ecf42!8m2!3d30.0084798!4d-90.2492614!9m1!1b1!16s%2Fg%2F11ckvg1dmb?entry=ttu",ChIJYVQgbhZScUkRQs-eKIPJoP0,0x497152166e205461:0xfda0c983289ecf42,18275828853028867906,/g/11tnj9zrfb,-170915220680683710,,newfield@charter.net,INVALID,Cannot validate,Randy Newfield,Randy,Newfield,Owner,15042284445,jonathan@freshcutlandscaping.com,RECEIVING,Verified,Jonathan Meadows,Jonathan,Meadows,Landscape Architect/Estimator,,,,,,,,,,15042284445,mobile,CELLCO PARTNERSHIP DBA VERIZON WIRELESS - LA,,5042284445,mobile,CELLCO PARTNERSHIP DBA VERIZON WIRELESS - LA,,5042286500,CELLCO PARTNERSHIP DBA VERIZON WIRELESS - LA,mobile,,https://www.facebook.com/freshcutlandscapingkenner,https://www.instagram.com/freshcutlandscapingneworleans,https://www.linkedin.com/company/freshcutlandscaping,,,,,,,,https://twitter.com/FCLandscaping,,https://www.youtube.com/channel/UC7T8rpP9VP2gB7rSL2Y3YUg,,,Contact — Fresh Cut Landscaping,,"Give us a call at 504-228-4445 or fill out the contact form to request 
additional information about our landscaping services.",,False,False
"swimming pool contractor, 70141, New Orleans, LA, US",Winn's Maintenance LLC,Winns Maintenance,https://handymankennerla.com/,"Handyman/Handywoman/Handyperson, Service establishment",Handyman/Handywoman/Handyperson,Handyman/Handywoman/Handyperson,,,,,,,,,,,,,,29.96063,-90.26197499999999,8944465680fffff,America/Chicago,,True,5.0,4.0,https://search.google.com/local/reviews?placeid=ChIJXyK63YikhksR6U0xQlOTmIQ&q=*&authuser=0&hl=en&gl=US,,,0.0,0.0,0.0,0.0,4.0,6.0,https://lh3.googleusercontent.com/p/AF1QipOwSsEy9mBbMmqfmrWelNB0cMlE5kIPQ4-5c4e4=w800-h500-k-no,https://lh3.googleusercontent.com/p/AF1QipOwSsEy9mBbMmqfmrWelNB0cMlE5kIPQ4-5c4e4=w1600-h1000-k-no,,"{""Sunday"": ""Closed"", ""Monday"": ""8AM-5PM"", ""Tuesday"": ""8AM-5PM"", ""Wednesday"": ""8AM-5PM"", ""Thursday"": ""8AM-5PM"", ""Friday"": ""8AM-5PM"", ""Saturday"": ""Closed""}","Sunday,|Monday,8AM,5PM|Tuesday,8AM,5PM|Wednesday,8AM,5PM|Thursday,8AM,5PM|Friday,8AM,5PM|Saturday,",Sunday:Closed|Monday:8AM-5PM|Tuesday:8AM-5PM|Wednesday:8AM-5PM|Thursday:8AM-5PM|Friday:8AM-5PM|Saturday:Closed,,,OPERATIONAL,{},,,,https://lh5.googleusercontent.com/-VNChiTZWbMg/AAAAAAAAAAI/AAAAAAAAAAA/CXF20qN0N1E/s44-p-k-no-ns-nd/photo.jpg,,,True,110300635564427840075,Winn's Maintenance LLC,https://www.google.com/maps/contrib/110300635564427840075,,,,,"https://www.google.com/maps/place/Winn%27s+Maintenance+LLC/@29.96063,-90.26197499999999,14z/data=!4m8!1m2!2m1!1sWinn%27s+Maintenance+LLC!3m4!1s0x4b86a488ddba225f:0x8498935342314de9!8m2!3d29.96063!4d-90.26197499999999","https://www.google.com/maps/place/Winn%27s+Maintenance+LLC/@29.96063,-90.26197499999999,13.99z/data=!4m16!1m7!3m6!1s0x4b86a488ddba225f:0x8498935342314de9!2sWinn%27s+Maintenance+LLC!8m2!3d29.96063!4d-90.26197499999999!16s%2Fg%2F11ckvg1dmb!3m7!1s0x4b86a488ddba225f:0x8498935342314de9!8m2!3d29.96063!4d-90.26197499999999!9m1!1b1!16s%2Fg%2F11ckvg1dmb?entry=ttu",ChIJXyK63YikhksR6U0xQlOTmIQ,0x4b86a488ddba225f:0x8498935342314de9,9554548595268603369,/g/11ks6qjx42,-8892195478440948247,,,,,,,,,,,,,,,,,,,,,,,,,,5046443097,mobile,"NEW CINGULAR WIRELESS PCS, LLC - GA",,,,,,,,,,,,,,,,,,,,,,,,,"A reputable and trusted handyman in Kenner, LA, 70065",wordpress,"Winn's Maintenance LLC is professional handyman in Kenner, LA, 70065. Do not hesitate to contact me today, and let me handle the service for you!",,False,False
"swimming pool contractor, 70142, New Orleans, LA, US",Salazar’s Pool Plastering,Salazar’S Pool Plastering,,"Pool cleaning service, Service establishment",Pool cleaning service,Pool cleaning service,+1 504-915-9514,mobile,T-Mobile USA Inc.,,,,,,,,,,,30.0326605,-89.9526745,8944464132bffff,America/Chicago,,True,,,,,,,,,,,,,,,"{""Sunday"": ""6AM-8PM"", ""Monday"": ""6AM-8PM"", ""Tuesday"": ""6AM-8PM"", ""Wednesday"": ""6AM-8PM"", ""Thursday"": ""6AM-8PM"", ""Friday"": ""6AM-8PM"", ""Saturday"": ""6AM-8PM""}","Sunday,6AM,8PM|Monday,6AM,8PM|Tuesday,6AM,8PM|Wednesday,6AM,8PM|Thursday,6AM,8PM|Friday,6AM,8PM|Saturday,6AM,8PM",Sunday:6AM-8PM|Monday:6AM-8PM|Tuesday:6AM-8PM|Wednesday:6AM-8PM|Thursday:6AM-8PM|Friday:6AM-8PM|Saturday:6AM-8PM,,,OPERATIONAL,{},,,,https://lh5.googleusercontent.com/-e_3ySfDcpgQ/AAAAAAAAAAI/AAAAAAAAAAA/r_8FDH92NQ0/s44-p-k-no-ns-nd/photo.jpg,,,True,101087687345350407265,Salazar’s Pool Plastering,https://www.google.com/maps/contrib/101087687345350407265,,,,,"https://www.google.com/maps/place/Salazar%E2%80%99s+Pool+Plastering/@30.0326605,-89.9526745,14z/data=!4m8!1m2!2m1!1sSalazar%E2%80%99s+Pool+Plastering!3m4!1s0x889e1b64af8b9c8f:0xa84024ff8e764062!8m2!3d30.0326605!4d-89.9526745","https://www.google.com/maps/place/Salazar%E2%80%99s+Pool+Plastering/@30.0326605,-89.9526745,13.99z/data=!4m16!1m7!3m6!1s0x889e1b64af8b9c8f:0xa84024ff8e764062!2sSalazar%E2%80%99s+Pool+Plastering!8m2!3d30.0326605!4d-89.9526745!16s%2Fg%2F11ckvg1dmb!3m7!1s0x889e1b64af8b9c8f:0xa84024ff8e764062!8m2!3d30.0326605!4d-89.9526745!9m1!1b1!16s%2Fg%2F11ckvg1dmb?entry=ttu",ChIJj5yLr2QbnogRYkB2jv8kQKg,0x889e1b64af8b9c8f:0xa84024ff8e764062,12123730876906750050,/g/11h1ky09k4,None,,,,,,,,,,,,,,,,,,,,,,,,,,,,,,,,,,,,,,,,,,,,,,,,,,,,,,,,,,
"swimming pool contractor, 70143, New Orleans, LA, US",Poolsure,Poolsure,,"Swimming pool contractor, Service establishment, Professional services",Swimming pool contractor,Swimming pool contractor,+1 800-858-7665,other,,,,,,,,,,,,30.0519331,-90.55427949999999,89444600dd7ffff,America/Chicago,,True,3.0,2.0,,,,0.0,0.0,2.0,0.0,0.0,,,,,"{""Sunday"": ""Closed"", ""Monday"": ""8AM-5PM"", ""Tuesday"": ""8AM-5PM"", ""Wednesday"": ""8AM-5PM"", ""Thursday"": ""8AM-5PM"", ""Friday"": ""8AM-5PM"", ""Saturday"": ""Closed""}","Sunday,|Monday,8AM,5PM|Tuesday,8AM,5PM|Wednesday,8AM,5PM|Thursday,8AM,5PM|Friday,8AM,5PM|Saturday,",Sunday:Closed|Monday:8AM-5PM|Tuesday:8AM-5PM|Wednesday:8AM-5PM|Thursday:8AM-5PM|Friday:8AM-5PM|Saturday:Closed,,,OPERATIONAL,{},,,,https://lh6.googleusercontent.com/-E4XZjTQOcDU/AAAAAAAAAAI/AAAAAAAAAAA/4lbLVMjVcuE/s44-p-k-no-ns-nd/photo.jpg,,,True,114533832992650686721,Poolsure,https://www.google.com/maps/contrib/114533832992650686721,,,,,"https://www.google.com/maps/place/Poolsure/@30.0519331,-90.55427949999999,14z/data=!4m8!1m2!2m1!1sPoolsure!3m4!1s0x8620c6810874ae3d:0xe124c403a148e45b!8m2!3d30.0519331!4d-90.55427949999999","https://www.google.com/maps/place/Poolsure/@30.0519331,-90.55427949999999,13.99z/data=!4m16!1m7!3m6!1s0x8620c6810874ae3d:0xe124c403a148e45b!2sPoolsure!8m2!3d30.0519331!4d-90.55427949999999!16s%2Fg%2F11ckvg1dmb!3m7!1s0x8620c6810874ae3d:0xe124c403a148e45b!8m2!3d30.0519331!4d-90.55427949999999!9m1!1b1!16s%2Fg%2F11ckvg1dmb?entry=ttu",ChIJPa50CIHGIIYRW-RIoQPEJOE,0x8620c6810874ae3d:0xe124c403a148e45b,16223307277565224027,/g/1tzgj_dc,None,,,,,,,,,,,,,,,,,,,,,,,,,,,,,,,,,,,,,,,,,,,,,,,,,,,,,,,,,,
"swimming pool contractor, 70143, New Orleans, LA, US",Coastal Pool Company,Coastal Pool Company,https://coastalpoolcompany.com/,"Swimming pool contractor, Swimming pool, Swimming pool repair service",Swimming pool contractor,Swimming pool contractor,+1 985-228-1276,mobile,CELLCO PARTNERSHIP DBA VERIZON WIRELESS - LA,,"125 Horseshoe Rd, Schriever, LA 70395",None,125 Horseshoe Rd,Schriever,70395,Louisiana,Louisiana,United States of America,US,29.744421,-90.8309043,8944468558fffff,America/Chicago,,False,4.9,125.0,https://search.google.com/local/reviews?placeid=ChIJoy7MSCkVIYYRIhoDkCpwQ-M&q=*&authuser=0&hl=en&gl=US,,,2.0,0.0,1.0,2.0,120.0,187.0,https://lh3.googleusercontent.com/p/AF1QipNCRBlGbOVu7t4gVtE4vTvnuj4_jO4T0yHCwfOd=w800-h500-k-no,https://lh3.googleusercontent.com/p/AF1QipNCRBlGbOVu7t4gVtE4vTvnuj4_jO4T0yHCwfOd=w1600-h1000-k-no,,"{""Sunday"": ""Closed"", ""Monday"": ""9AM-5PM"", ""Tuesday"": ""9AM-5PM"", ""Wednesday"": ""9AM-5PM"", ""Thursday"": ""9AM-5PM"", ""Friday"": ""9AM-5PM"", ""Saturday"": ""Closed""}","Sunday,|Monday,9AM,5PM|Tuesday,9AM,5PM|Wednesday,9AM,5PM|Thursday,9AM,5PM|Friday,9AM,5PM|Saturday,",Sunday:Closed|Monday:9AM-5PM|Tuesday:9AM-5PM|Wednesday:9AM-5PM|Thursday:9AM-5PM|Friday:9AM-5PM|Saturday:Closed,,,OPERATIONAL,{},,,,https://lh3.googleusercontent.com/-RvcrKf3fKNA/AAAAAAAAAAI/AAAAAAAAAAA/kDIiQtKYwmM/s44-p-k-no-ns-nd/photo.jpg,,,True,101919382784894349087,Coastal Pool Company,https://www.google.com/maps/contrib/101919382784894349087,,,,,"https://www.google.com/maps/place/Coastal+Pool+Company/@29.744421,-90.8309043,14z/data=!4m8!1m2!2m1!1sCoastal+Pool+Company!3m4!1s0x8621152948cc2ea3:0xe343702a90031a22!8m2!3d29.744421!4d-90.8309043","https://www.google.com/maps/place/Coastal+Pool+Company/@29.744421,-90.8309043,13.99z/data=!4m16!1m7!3m6!1s0x8621152948cc2ea3:0xe343702a90031a22!2sCoastal+Pool+Company!8m2!3d29.744421!4d-90.8309043!16s%2Fg%2F11ckvg1dmb!3m7!1s0x8621152948cc2ea3:0xe343702a90031a22!8m2!3d29.744421!4d-90.8309043!9m1!1b1!16s%2Fg%2F11ckvg1dmb?entry=ttu",ChIJoy7MSCkVIYYRIhoDkCpwQ-M,0x8621152948cc2ea3:0xe343702a90031a22,16376055998156315170,/g/11hmc6b0dx,-2070688075553236446,,pools@coastalpoolcompany.com,RECEIVING,SMTP validated,,,,,,,,,,,,,,,,,,,,,,9852281276,mobile,CELLCO PARTNERSHIP DBA VERIZON WIRELESS - LA,,,,,,,,,,,,,,,,,,,,,,,,,Client Challenge,WordPress 6.0.2,,,False,False
"swimming pool contractor, 70143, New Orleans, LA, US",SolTerra Pools,Solterra Pools,https://www.solterrapools.com/,"Swimming pool contractor, Outdoor swimming pool, Swimming pool, Swimming pool repair service",Swimming pool contractor,Swimming pool contractor,+1 985-778-7771,mobile,,,"22500 Longleaf Dr, Covington, LA 70435",None,22500 Longleaf Dr,Covington,70435,Louisiana,Louisiana,United States of America,US,30.5163701,-90.0246877,894442d3467ffff,America/Chicago,,False,5.0,10.0,https://search.google.com/local/reviews?placeid=ChIJzxgzzUiQdiARSLYumr3KaCk&q=*&authuser=0&hl=en&gl=US,,,0.0,0.0,0.0,0.0,10.0,49.0,https://lh3.googleusercontent.com/p/AF1QipP-DY_KwjXC_6zI7zMJHBe_Jq2CMnZ91DVxISTX=w800-h500-k-no,https://lh3.googleusercontent.com/p/AF1QipP-DY_KwjXC_6zI7zMJHBe_Jq2CMnZ91DVxISTX=w1600-h1000-k-no,,"{""Sunday"": ""Closed"", ""Monday"": ""7AM-5PM"", ""Tuesday"": ""7AM-5PM"", ""Wednesday"": ""7AM-5PM"", ""Thursday"": ""7AM-5PM"", ""Friday"": ""7AM-5PM"", ""Saturday"": ""Closed""}","Sunday,|Monday,7AM,5PM|Tuesday,7AM,5PM|Wednesday,7AM,5PM|Thursday,7AM,5PM|Friday,7AM,5PM|Saturday,",Sunday:Closed|Monday:7AM-5PM|Tuesday:7AM-5PM|Wednesday:7AM-5PM|Thursday:7AM-5PM|Friday:7AM-5PM|Saturday:Closed,,,OPERATIONAL,"{""From the business"": {""Identifies as veteran-owned"": true}, ""Service options"": {""Onsite services"": true, ""Language assistance"": ""English""}, ""Other"": {""Identifies as veteran-owned"": true}}",,,,https://lh5.googleusercontent.com/-Rl6OcHdfd8Q/AAAAAAAAAAI/AAAAAAAAAAA/6hI__nn5UCs/s44-p-k-no-ns-nd/photo.jpg,,,True,110237314818539967628,SolTerra Pools,https://www.google.com/maps/contrib/110237314818539967628,,,,,"https://www.google.com/maps/place/SolTerra+Pools/@30.5163701,-90.0246877,14z/data=!4m8!1m2!2m1!1sSolTerra+Pools!3m4!1s0x20769048cd3318cf:0x2968cabd9a2eb648!8m2!3d30.5163701!4d-90.0246877","https://www.google.com/maps/place/SolTerra+Pools/@30.5163701,-90.0246877,13.99z/data=!4m16!1m7!3m6!1s0x20769048cd3318cf:0x2968cabd9a2eb648!2sSolTerra+Pools!8m2!3d30.5163701!4d-90.0246877!16s%2Fg%2F11ckvg1dmb!3m7!1s0x20769048cd3318cf:0x2968cabd9a2eb648!8m2!3d30.5163701!4d-90.0246877!9m1!1b1!16s%2Fg%2F11ckvg1dmb?entry=ttu",ChIJzxgzzUiQdiARSLYumr3KaCk,0x20769048cd3318cf:0x2968cabd9a2eb648,2983857668817335880,/g/11v6fg7s22,2983857668817335880,,info@solterrapools.com,RECEIVING,Role,,,,,,,,,,,,,,,,,,,,,,,,,,,,,,,,,,,,,,,,,,,,,,,,,The Benefits of Adding a Pool to Your Home: Beyond Just Cooling Off | SolTerra Pools | Brittany Tanner,Wix.com Website Builder,"When you think of a swimming pool, the immediate image that comes to mind might be one of cool, refreshing water on a hot summer day. While the refreshing dip is certainly a major perk, the benefits of adding a pool to your home go far beyond just providing a place to cool off. In this article, we'll explore the multifaceted advantages of having a pool in your backyard, turning it into a haven for relaxation, fitness, entertainment, and even increasing your property's value.A Relaxing Retreat: S","pool renovation Louisiana, pool resurfacing Louisiana, pool resurfacing Louisiana, spa construction Mississippi, outdoor kitchens Louisiana, hardscape contractors Louisiana, backyard pool resurfacing Louisiana, pool remodeling Louisiana, pool restoration Louisiana",False,False
"swimming pool contractor, 70148, New Orleans, LA, US","Coastal Gunite, Inc.",Coastal Gunite,,"Swimming pool contractor, Concrete contractor",Swimming pool contractor,Swimming pool contractor,+1 504-467-2434,landline,,,"2716 Crestview, Kenner, LA 70062",None,2716 Crestview,Kenner,70062,Louisiana,Louisiana,United States of America,US,30.0032793,-90.27524969999999,8944460b62bffff,America/Chicago,,False,1.0,1.0,https://search.google.com/local/reviews?placeid=ChIJnQIZdLy3IIYRkWjoF3gsQww&q=*&authuser=0&hl=en&gl=US,,,1.0,0.0,0.0,0.0,0.0,17.0,https://lh3.googleusercontent.com/p/AF1QipPsxxTC81HKT-RBK9Fsf8LDgabjvWncR2J3q461=w800-h500-k-no,https://lh3.googleusercontent.com/p/AF1QipPsxxTC81HKT-RBK9Fsf8LDgabjvWncR2J3q461=w1600-h1000-k-no,,,,,,,OPERATIONAL,{},,,,https://lh4.googleusercontent.com/-pVSG7X5zXiw/AAAAAAAAAAI/AAAAAAAAAAA/KsW5w89dYXI/s44-p-k-no-ns-nd/photo.jpg,,,True,112467900130502749047,"Coastal Gunite, Inc.",https://www.google.com/maps/contrib/112467900130502749047,,,,,"https://www.google.com/maps/place/Coastal+Gunite%2C+Inc./@30.0032793,-90.27524969999999,14z/data=!4m8!1m2!2m1!1sCoastal+Gunite%2C+Inc.!3m4!1s0x8620b7bc7419029d:0xc432c7817e86891!8m2!3d30.0032793!4d-90.27524969999999","https://www.google.com/maps/place/Coastal+Gunite%2C+Inc./@30.0032793,-90.27524969999999,13.99z/data=!4m16!1m7!3m6!1s0x8620b7bc7419029d:0xc432c7817e86891!2sCoastal+Gunite%2C+Inc.!8m2!3d30.0032793!4d-90.27524969999999!16s%2Fg%2F11ckvg1dmb!3m7!1s0x8620b7bc7419029d:0xc432c7817e86891!8m2!3d30.0032793!4d-90.27524969999999!9m1!1b1!16s%2Fg%2F11ckvg1dmb?entry=ttu",ChIJnQIZdLy3IIYRkWjoF3gsQww,0x8620b7bc7419029d:0xc432c7817e86891,883598846203553937,/g/1tg9hxxh,883598846203553937,,,,,,,,,,,,,,,,,,,,,,,,,,,,,,,,,,,,,,,,,,,,,,,,,,,,,,,,,,
"swimming pool contractor, 70154, New Orleans, LA, US",LGD Lawn and Landscape,Lgd Lawn And Landscape,http://www.nolalgd.com/,"Landscaper, Lawn care service",Landscaper,Landscaper,+1 504-251-6214,mobile,,,"5534 Canal Blvd Suite 4, New Orleans, LA 70124",Navarre,5534 Canal Blvd Suite 4,New Orleans,70124,Louisiana,Louisiana,United States of America,US,29.990691599999998,-90.1101206,89444642dc3ffff,America/Chicago,,False,4.9,156.0,https://search.google.com/local/reviews?placeid=ChIJn-nqWBKvIIYRwoVsO2Ndjek&q=*&authuser=0&hl=en&gl=US,,,3.0,0.0,0.0,0.0,153.0,5082.0,https://lh3.googleusercontent.com/p/AF1QipP5zN6ODN631fd24ZPjOcfhNnwHSNVP_1bpJu_Y=w800-h500-k-no,https://lh3.googleusercontent.com/p/AF1QipP5zN6ODN631fd24ZPjOcfhNnwHSNVP_1bpJu_Y=w1600-h1000-k-no,,"{""Sunday"": ""Closed"", ""Monday"": ""9AM-5PM"", ""Tuesday"": ""9AM-5PM"", ""Wednesday"": ""9AM-5PM"", ""Thursday"": ""9AM-5PM"", ""Friday"": ""9AM-5PM"", ""Saturday"": ""Closed""}","Sunday,|Monday,9AM,5PM|Tuesday,9AM,5PM|Wednesday,9AM,5PM|Thursday,9AM,5PM|Friday,9AM,5PM|Saturday,",Sunday:Closed|Monday:9AM-5PM|Tuesday:9AM-5PM|Wednesday:9AM-5PM|Thursday:9AM-5PM|Friday:9AM-5PM|Saturday:Closed,,,OPERATIONAL,"{""Service options"": {""Onsite services"": true, ""Online estimates"": false}}",,,,https://lh3.googleusercontent.com/-qgx3OJQhhcc/AAAAAAAAAAI/AAAAAAAAAAA/aHV-G7raqE8/s44-p-k-no-ns-nd/photo.jpg,,,True,104457911049607604367,LGD Lawn and Landscape,https://www.google.com/maps/contrib/104457911049607604367,,,,,"https://www.google.com/maps/place/LGD+Lawn+and+Landscape/@29.990691599999998,-90.1101206,14z/data=!4m8!1m2!2m1!1sLGD+Lawn+and+Landscape!3m4!1s0x8620af1258eae99f:0xe98d5d633b6c85c2!8m2!3d29.990691599999998!4d-90.1101206","https://www.google.com/maps/place/LGD+Lawn+and+Landscape/@29.990691599999998,-90.1101206,13.99z/data=!4m16!1m7!3m6!1s0x8620af1258eae99f:0xe98d5d633b6c85c2!2sLGD+Lawn+and+Landscape!8m2!3d29.990691599999998!4d-90.1101206!16s%2Fg%2F11ckvg1dmb!3m7!1s0x8620af1258eae99f:0xe98d5d633b6c85c2!8m2!3d29.990691599999998!4d-90.1101206!9m1!1b1!16s%2Fg%2F11ckvg1dmb?entry=ttu",ChIJn-nqWBKvIIYRwoVsO2Ndjek,0x8620af1258eae99f:0xe98d5d633b6c85c2,16829210063333524930,/g/11c2k_jrch,-1617534010376026686,,info@nolalgd.com,RECEIVING,SMTP validated,,,,,,,,,,,,,,,,,,,,,,5042516214,mobile,,,15042516214,mobile,,,,,,,https://www.facebook.com/lgd70124,http://instagram.com/lgd70124,http://www.linkedin.com/company/nolalgd,,,,,,,,https://twitter.com/intent/,,https://www.youtube.com/channel/UC6H6djS65tuU5gAJ5fFtVQw,,,Contact Us — LGD Lawn & Landscape,,landscape and maintenance throughout New Orleans and its surrounding areas.,,True,True
"swimming pool contractor, 70154, New Orleans, LA, US",Big Easy Renovations,Big Easy Renovations,https://www.bigeasyrenovations.com/%3Futm_source%3DGBP%26utm_medium%3DGBPh%26utm_campaign%3DNOLA,Home builder,Home builder,Home builder,+1 504-470-0455,mobile,CELLCO PARTNERSHIP DBA VERIZON WIRELESS - LA,,"3436 Magazine St #120-D, New Orleans, LA 70115",Faubourg Delachaise,3436 Magazine St #120-D,New Orleans,70115,Louisiana,Louisiana,United States of America,US,29.922500399999997,-90.0898084,89444650b17ffff,America/Chicago,,False,4.8,24.0,https://search.google.com/local/reviews?placeid=ChIJgXxx9JylIIYRtHkyjc9MyfE&q=*&authuser=0&hl=en&gl=US,,,1.0,0.0,0.0,0.0,23.0,2.0,https://streetviewpixels-pa.googleapis.com/v1/thumbnail?panoid=8OKayCrAwXwqwEuUN5LO-g&cb_client=search.gws-prod.gps&w=800&h=500&yaw=160.13536&pitch=0&thumbfov=100,https://lh3.googleusercontent.com/p/AF1QipMNduMpPsqrfuafV20cEHI7HDytX6T2YzGGMGNe=w1600-h1000-k-no,,"{""Sunday"": ""Closed"", ""Monday"": ""8AM-5PM"", ""Tuesday"": ""8AM-5PM"", ""Wednesday"": ""8AM-5PM"", ""Thursday"": ""8AM-5PM"", ""Friday"": ""8AM-5PM"", ""Saturday"": ""Closed""}","Sunday,|Monday,8AM,5PM|Tuesday,8AM,5PM|Wednesday,8AM,5PM|Thursday,8AM,5PM|Friday,8AM,5PM|Saturday,",Sunday:Closed|Monday:8AM-5PM|Tuesday:8AM-5PM|Wednesday:8AM-5PM|Thursday:8AM-5PM|Friday:8AM-5PM|Saturday:Closed,,,OPERATIONAL,{},,,,https://lh6.googleusercontent.com/-q_JUX1yB2HE/AAAAAAAAAAI/AAAAAAAAAAA/sP8cyJmRsAs/s44-p-k-no-ns-nd/photo.jpg,,,True,114267298733904852718,Big Easy Renovations,https://www.google.com/maps/contrib/114267298733904852718,,,,,"https://www.google.com/maps/place/Big+Easy+Renovations/@29.922500399999997,-90.0898084,14z/data=!4m8!1m2!2m1!1sBig+Easy+Renovations!3m4!1s0x8620a59cf4717c81:0xf1c94ccf8d3279b4!8m2!3d29.922500399999997!4d-90.0898084","https://www.google.com/maps/place/Big+Easy+Renovations/@29.922500399999997,-90.0898084,13.99z/data=!4m16!1m7!3m6!1s0x8620a59cf4717c81:0xf1c94ccf8d3279b4!2sBig+Easy+Renovations!8m2!3d29.922500399999997!4d-90.0898084!16s%2Fg%2F11ckvg1dmb!3m7!1s0x8620a59cf4717c81:0xf1c94ccf8d3279b4!8m2!3d29.922500399999997!4d-90.0898084!9m1!1b1!16s%2Fg%2F11ckvg1dmb?entry=ttu",ChIJgXxx9JylIIYRtHkyjc9MyfE,0x8620a59cf4717c81:0xf1c94ccf8d3279b4,17422541087770311092,/g/11h91ksm0n,-1024202985939240524,,,,,,,,,,,,,,,,,,,,,,,,,,5044700455,mobile,CELLCO PARTNERSHIP DBA VERIZON WIRELESS - LA,,,,,,,,,,https://www.facebook.com/people/,https://www.instagram.com/renovationsbigeasy,https://www.linkedin.com/company/big-easy-renovations/,,,,,,,,https://twitter.com/BErenovations,,https://www.youtube.com/channel/UCf6tU0VdFw8SD6h6XFY86Og,,,Home Remodeling Services in New Orleans | Big Easy Renovations,WordPress 6.8.3,Are you considering remodeling your home in the New Orleans area? Big Easy Renovations offers professional home remodeling services that will exceed your expectations. Call us today for more information about our services!,,False,False
"swimming pool contractor, 70154, New Orleans, LA, US",Pokorn Construction,Pokorn Construction,http://www.pokornconstruction.com/,Construction company,Construction company,Construction company,+1 504-377-9033,mobile,"VOICESTREAM GSM I, LLC",,"2305 General Pershing St, New Orleans, LA 70115",Milan,2305 General Pershing St,New Orleans,70115,Louisiana,Louisiana,United States of America,US,29.933658899999998,-90.1013255,894446556cfffff,America/Chicago,,False,4.5,54.0,https://search.google.com/local/reviews?placeid=ChIJW653i7GlIIYRMi9MLlFdTvk&q=*&authuser=0&hl=en&gl=US,,,4.0,2.0,2.0,1.0,45.0,64.0,https://lh3.googleusercontent.com/p/AF1QipPCXdHvJ2Xl4TlhY1HfpE4lbL3E5uWNjfchxWwo=w800-h500-k-no,https://lh3.googleusercontent.com/p/AF1QipPCXdHvJ2Xl4TlhY1HfpE4lbL3E5uWNjfchxWwo=w1600-h1000-k-no,,"{""Sunday"": ""Closed"", ""Monday"": ""8AM-6PM"", ""Tuesday"": ""8AM-6PM"", ""Wednesday"": ""8AM-6PM"", ""Thursday"": ""8AM-6PM"", ""Friday"": ""8AM-6PM"", ""Saturday"": ""Closed""}","Sunday,|Monday,8AM,6PM|Tuesday,8AM,6PM|Wednesday,8AM,6PM|Thursday,8AM,6PM|Friday,8AM,6PM|Saturday,",Sunday:Closed|Monday:8AM-6PM|Tuesday:8AM-6PM|Wednesday:8AM-6PM|Thursday:8AM-6PM|Friday:8AM-6PM|Saturday:Closed,,,OPERATIONAL,"{""Service options"": {""Online estimates"": true, ""Onsite services"": false, ""Language assistance"": ""American Sign Language, English, French, German""}, ""Accessibility"": {""Wheelchair accessible restroom"": false, ""Wheelchair accessible seating"": false}, ""Crowd"": {""LGBTQ+ friendly"": true}, ""Other"": {""LGBTQ+ friendly"": true}}",,,,https://lh6.googleusercontent.com/-9jLWnnfmBvk/AAAAAAAAAAI/AAAAAAAAAAA/yr1ir8uz0Qo/s44-p-k-no-ns-nd/photo.jpg,,,True,116073739489153021853,Pokorn Construction,https://www.google.com/maps/contrib/116073739489153021853,,,,,"https://www.google.com/maps/place/Pokorn+Construction/@29.933658899999998,-90.1013255,14z/data=!4m8!1m2!2m1!1sPokorn+Construction!3m4!1s0x8620a5b18b77ae5b:0xf94e5d512e4c2f32!8m2!3d29.933658899999998!4d-90.1013255","https://www.google.com/maps/place/Pokorn+Construction/@29.933658899999998,-90.1013255,13.99z/data=!4m16!1m7!3m6!1s0x8620a5b18b77ae5b:0xf94e5d512e4c2f32!2sPokorn+Construction!8m2!3d29.933658899999998!4d-90.1013255!16s%2Fg%2F11ckvg1dmb!3m7!1s0x8620a5b18b77ae5b:0xf94e5d512e4c2f32!8m2!3d29.933658899999998!4d-90.1013255!9m1!1b1!16s%2Fg%2F11ckvg1dmb?entry=ttu",ChIJW653i7GlIIYRMi9MLlFdTvk,0x8620a5b18b77ae5b:0xf94e5d512e4c2f32,17964398566877966130,/g/1hc0x3s6s,-482345506831585486,,cbpokorn@gmail.com,RECEIVING,SMTP validated,,,,,,clarkblake206@gmail.com,INVALID,Invalid SMTP,,,,,,christian@pokornconstruction.com,RECEIVING,SMTP validated,,,,,,,,,,,,,,,,,,https://www.facebook.com/pokornconstruction,,https://www.linkedin.com/company/pokorn-construction,,,,,,,,,,,,,"Pokorn Construction Inc. | Building Better in New Orleans, Baton Rouge and Covington",,"Pokorn Construction Inc. is your expert for residential, commercial and 
hospitality construction in the NOLA area. Less stress, more progress. 
Thorough planning, detail-oriented work, personal service and expertise 
with projects big and small. We offer general contractor services to take 
care of new builds, remodels, renovations & additions, new home 
construction, bars, restaurants, and hotels.",,False,False
"swimming pool contractor, 70156, New Orleans, LA, US",Pro Pools LLC,Pro Pools,http://1finepool.com/,Swimming pool contractor,Swimming pool contractor,Swimming pool contractor,+1 337-477-7626,fixed line,"CEBRIDGE TELECOM LA, LLC D/B/A",,"623 Romero St, Lake Charles, LA 70607",None,623 Romero St,Lake Charles,70607,Louisiana,Louisiana,United States of America,US,30.1929706,-93.21308189999999,894445b2013ffff,America/Chicago,,False,4.7,57.0,https://search.google.com/local/reviews?placeid=ChIJvV00jouGO4YR847NQEp7Ls0&q=*&authuser=0&hl=en&gl=US,,,1.0,0.0,3.0,7.0,46.0,2.0,https://streetviewpixels-pa.googleapis.com/v1/thumbnail?panoid=Kxx5S1-yDvY5DF8w2gHbBw&cb_client=search.gws-prod.gps&w=800&h=500&yaw=354.9688&pitch=0&thumbfov=100,https://streetviewpixels-pa.googleapis.com/v1/thumbnail?panoid=Kxx5S1-yDvY5DF8w2gHbBw&cb_client=search.gws-prod.gps&w=1600&h=1000&yaw=354.9688&pitch=0&thumbfov=100,,"{""Sunday"": ""Closed"", ""Monday"": ""8:30AM-5PM"", ""Tuesday"": ""8:30AM-5PM"", ""Wednesday"": ""8:30AM-5PM"", ""Thursday"": ""8:30AM-5PM"", ""Friday"": ""8:30AM-5PM"", ""Saturday"": ""9AM-12PM""}","Sunday,|Monday,8:30AM,5PM|Tuesday,8:30AM,5PM|Wednesday,8:30AM,5PM|Thursday,8:30AM,5PM|Friday,8:30AM,5PM|Saturday,9AM,12PM",Sunday:Closed|Monday:8:30AM-5PM|Tuesday:8:30AM-5PM|Wednesday:8:30AM-5PM|Thursday:8:30AM-5PM|Friday:8:30AM-5PM|Saturday:9AM-12PM,,,OPERATIONAL,"{""Service options"": {""Onsite services"": true}}",,,,https://lh5.googleusercontent.com/-UhqTnbQS4tE/AAAAAAAAAAI/AAAAAAAAAAA/9QJZzApFIPQ/s44-p-k-no-ns-nd/photo.jpg,,,True,115080421585880848389,Pro Pools LLC,https://www.google.com/maps/contrib/115080421585880848389,,,,,"https://www.google.com/maps/place/Pro+Pools+LLC/@30.1929706,-93.21308189999999,14z/data=!4m8!1m2!2m1!1sPro+Pools+LLC!3m4!1s0x863b868b8e345dbd:0xcd2e7b4a40cd8ef3!8m2!3d30.1929706!4d-93.21308189999999","https://www.google.com/maps/place/Pro+Pools+LLC/@30.1929706,-93.21308189999999,13.99z/data=!4m16!1m7!3m6!1s0x863b868b8e345dbd:0xcd2e7b4a40cd8ef3!2sPro+Pools+LLC!8m2!3d30.1929706!4d-93.21308189999999!16s%2Fg%2F11ckvg1dmb!3m7!1s0x863b868b8e345dbd:0xcd2e7b4a40cd8ef3!8m2!3d30.1929706!4d-93.21308189999999!9m1!1b1!16s%2Fg%2F11ckvg1dmb?entry=ttu",ChIJvV00jouGO4YR847NQEp7Ls0,0x863b868b8e345dbd:0xcd2e7b4a40cd8ef3,14784890185548926707,/g/1tmg6yb2,-3661853888160624909,,,,,,,,,,,,,,,,,,,,,,,,,,13374777626,fixed line,"CEBRIDGE TELECOM LA, LLC D/B/A",,,,,,,,,,https://www.facebook.com/120380888139768,,,,,,,,,,,,,,,Lake Charles Customer Reviews | Moss Bluff Pool Builder,WordPress 6.8.3,Please take a few minutes to read through our customer reviews to see what some of our clients have had to say about their experience with Pro Pools,,False,False
"swimming pool contractor, 70156, New Orleans, LA, US",New Orleans Fence & Deck,New Orleans Fence And Deck,http://neworleansdeckbuilders.com/,"Fence contractor, Deck builder, Service establishment",Fence contractor,Fence contractor,+1 504-356-1623,landline,,,,,,,,,,,,30.0326605,-89.931339,8944464ac17ffff,America/Chicago,,True,,,,,,,,,,,27.0,https://lh3.googleusercontent.com/p/AF1QipNbDV4n8Ja4jQ2cgcqtUeCtKyv0EeOsaP2OT3MT=w800-h500-k-no,https://lh3.googleusercontent.com/p/AF1QipNbDV4n8Ja4jQ2cgcqtUeCtKyv0EeOsaP2OT3MT=w1600-h1000-k-no,,,,,,,OPERATIONAL,{},,,,https://lh4.googleusercontent.com/-jvUr415zohM/AAAAAAAAAAI/AAAAAAAAAAA/F8xtjI1b7Nw/s44-p-k-no-ns-nd/photo.jpg,,,True,117866477101706562151,New Orleans Fence & Deck,https://www.google.com/maps/contrib/117866477101706562151,,,,,"https://www.google.com/maps/place/New+Orleans+Fence+%26+Deck/@30.0326605,-89.931339,14z/data=!4m8!1m2!2m1!1sNew+Orleans+Fence+%26+Deck!3m4!1s0x8620a9b5acba2281:0xdf606c4865f798ad!8m2!3d30.0326605!4d-89.931339","https://www.google.com/maps/place/New+Orleans+Fence+%26+Deck/@30.0326605,-89.931339,13.99z/data=!4m16!1m7!3m6!1s0x8620a9b5acba2281:0xdf606c4865f798ad!2sNew+Orleans+Fence+%26+Deck!8m2!3d30.0326605!4d-89.931339!16s%2Fg%2F11ckvg1dmb!3m7!1s0x8620a9b5acba2281:0xdf606c4865f798ad!8m2!3d30.0326605!4d-89.931339!9m1!1b1!16s%2Fg%2F11ckvg1dmb?entry=ttu",ChIJgSK6rLWpIIYRrZj3ZUhsYN8,0x8620a9b5acba2281:0xdf606c4865f798ad,16095984126426323117,/g/11n38ccjs1,None,,info@neworleansdeckbuilders.com,BLACKLISTED,Cannot validate,,,,,,,,,,,,,,,,,,,,,,5043561623,landline,,,5046084604,landline,,,15043561623,,landline,,https://www.facebook.com/NewOrleansFenceDeck/,https://www.instagram.com/neworleansfencedeck,,,,,,,,,,,,,,New Orleans Deck Company | The #1 Deck Builders in New Orleans,Divi v.4.9.7,"Call today for a FREE quote on your new Deck, Pergola, Arbor or Fence. You're source for exceptional service and fair prices. We're here to serve you!",,False,False
"swimming pool contractor, 70156, New Orleans, LA, US",Premier Pools & Spas,Premier Pools And Spas,https://premierpoolsandspas.com/locations/lake-charles/,Swimming pool contractor,Swimming pool contractor,Swimming pool contractor,+1 337-317-5787,mobile,"NEW CINGULAR WIRELESS PCS, LLC - GA",,"511 E Frontage Rd, Iowa, LA 70647",None,511 E Frontage Rd,Iowa,70647,Louisiana,Louisiana,United States of America,US,30.2531389,-93.0050237,894445bb527ffff,America/Chicago,,False,5.0,1.0,,,,0.0,0.0,0.0,0.0,1.0,,,,,"{""Sunday"": ""Closed"", ""Monday"": ""9AM-5PM"", ""Tuesday"": ""9AM-5PM"", ""Wednesday"": ""9AM-5PM"", ""Thursday"": ""9AM-5PM"", ""Friday"": ""9AM-5PM"", ""Saturday"": ""Closed""}","Sunday,|Monday,9AM,5PM|Tuesday,9AM,5PM|Wednesday,9AM,5PM|Thursday,9AM,5PM|Friday,9AM,5PM|Saturday,",Sunday:Closed|Monday:9AM-5PM|Tuesday:9AM-5PM|Wednesday:9AM-5PM|Thursday:9AM-5PM|Friday:9AM-5PM|Saturday:Closed,,,OPERATIONAL,{},,,,,,,False,None,Premier Pools & Spas,,,,,,"https://www.google.com/maps/place/Premier+Pools+%26+Spas/@30.2531389,-93.0050237,14z/data=!4m8!1m2!2m1!1sPremier+Pools+%26+Spas!3m4!1s0x863b7b8408499e89:0x397c23ac77d138a2!8m2!3d30.2531389!4d-93.0050237","https://www.google.com/maps/place/Premier+Pools+%26+Spas/@30.2531389,-93.0050237,13.99z/data=!4m16!1m7!3m6!1s0x863b7b8408499e89:0x397c23ac77d138a2!2sPremier+Pools+%26+Spas!8m2!3d30.2531389!4d-93.0050237!16s%2Fg%2F11ckvg1dmb!3m7!1s0x863b7b8408499e89:0x397c23ac77d138a2!8m2!3d30.2531389!4d-93.0050237!9m1!1b1!16s%2Fg%2F11ckvg1dmb?entry=ttu",ChIJiZ5JCIR7O4YRojjRd6wjfDk,0x863b7b8408499e89:0x397c23ac77d138a2,4142224980925560994,/g/11s98l1lw6,None,,msoto@ppas.com,RECEIVING,Catch All,Marcus Soto,Marcus,Soto,Director Information Technology,19168520223,aboglino@ppas.com,INVALID,Cannot validate,Anthony Boglino,Anthony,Boglino,Owner,16314787621,mribnikar@ppas.com,INVALID,Undeliverable,Michael Ribnikar,Michael,Ribnikar,Vp Of Operations,18552122210,15053765626,landline,"ONVOY, LLC  NM",,15044750754,landline,"BANDWIDTH.COM CLEC, LLC - LA",,16314605792,"BANDWIDTH.COM CLEC, LLC - NY",fixed line,,https://www.facebook.com/premierpoolservicecentralvalley/,https://www.instagram.com/premierpoolsandspas,https://www.linkedin.com/company/premier-pools-and-spa,,,,,,,,http://twitter.com/PremierPoolsUS,,,,,"Houston, TX Inground Pool Builders - Premier Pools & Spas",WP Rocket 3.18.2,"We are the top inground pool builder in Houston, TX. Request a free quote on an inground gunite or fiberglass pool & pool remodeling in Houston.",,False,False
"swimming pool contractor, 70156, New Orleans, LA, US",The Garden District Hotel,The Garden District Hotel,https://www.gdhnola.com/,"Swimming pool, Bar, Event venue, Resort hotel",hotels,Swimming pool,+1 504-383-9500,landline,,,"1525 Prytania St, New Orleans, LA 70130",Lower Garden District,1525 Prytania St,New Orleans,70130,Louisiana,Louisiana,United States of America,US,29.938007,-90.07473139999999,894446425cbffff,America/Chicago,,False,4.6,101.0,https://search.google.com/local/reviews?placeid=ChIJM1HdfDalIIYRC4VLfUq9n7I&q=*&authuser=0&hl=en&gl=US,,,4.0,5.0,5.0,4.0,83.0,141.0,https://lh3.googleusercontent.com/p/AF1QipPu34kndFzdW2OYDKdg40fp5bwUWRjcnKdHZmb0=w800-h500-k-no,https://lh3.googleusercontent.com/p/AF1QipPu34kndFzdW2OYDKdg40fp5bwUWRjcnKdHZmb0=w1600-h1000-k-no,,,,,,,OPERATIONAL,"{""Crowd"": {""LGBTQ+ friendly"": true}, ""Other"": {""Pool"": true, ""Spa"": true, ""Free Wi-Fi"": true, ""Air-conditioned"": true, ""Star rating"": null, ""Check-out time"": ""11:00 AM"", ""Check-in time"": ""3:00 PM"", ""LGBTQ+ friendly"": true}, ""Amenities"": {""Free Wi-Fi"": true}}",,,,https://lh3.googleusercontent.com/-VXI9_zqib_U/AAAAAAAAAAI/AAAAAAAAAAA/AfQoyk6UWMo/s44-p-k-no-ns-nd/photo.jpg,,,True,116556690161634560639,The Garden District Hotel,https://www.google.com/maps/contrib/116556690161634560639,,,,,"https://www.google.com/maps/place/The+Garden+District+Hotel/@29.938007,-90.07473139999999,14z/data=!4m8!1m2!2m1!1sThe+Garden+District+Hotel!3m4!1s0x8620a5367cdd5133:0xb29fbd4a7d4b850b!8m2!3d29.938007!4d-90.07473139999999","https://www.google.com/maps/place/The+Garden+District+Hotel/@29.938007,-90.07473139999999,13.99z/data=!4m16!1m7!3m6!1s0x8620a5367cdd5133:0xb29fbd4a7d4b850b!2sThe+Garden+District+Hotel!8m2!3d29.938007!4d-90.07473139999999!16s%2Fg%2F11ckvg1dmb!3m7!1s0x8620a5367cdd5133:0xb29fbd4a7d4b850b!8m2!3d29.938007!4d-90.07473139999999!9m1!1b1!16s%2Fg%2F11ckvg1dmb?entry=ttu",ChIJM1HdfDalIIYRC4VLfUq9n7I,0x8620a5367cdd5133:0xb29fbd4a7d4b850b,12871214387675497739,/g/11lzsld556,-5575529686034053877,,hello@gdhnola.com,RECEIVING,Verified,,,,,,,,,,,,,,,,,,,,,,5043839500,landline,,,,,,,,,,,,https://www.instagram.com/GDHNOLA,,,,,,,,,,,,,,District Suite,,"Get in touch with the Garden District Hotel in New Orleans for reservations, inquiries, and personalized assistance. Located in the heart of the Garden District, our team is ready to help you plan your perfect stay. Reach out today for boutique accommodations near top New Orleans attractions.",,False,False
"swimming pool contractor, 70156, New Orleans, LA, US",Metairie Deck and Outdoor,Metairie Deck And Outdoor,http://patiometairie.com/,"Deck builder, Carport and pergola builder, Contractor, Service establishment, Kitchen remodeler, Paving contractor, Sunroom contractor",Deck builder,Deck builder,+1 504-294-8702,mobile,T-Mobile USA Inc.,,,,,,,,,,,30.0002554,-90.085819,894446428cfffff,America/Chicago,,True,4.8,18.0,https://search.google.com/local/reviews?placeid=ChIJ8cODTw6xIIYRf8JHoz8hrXU&q=*&authuser=0&hl=en&gl=US,,,1.0,0.0,0.0,0.0,17.0,275.0,https://lh3.googleusercontent.com/p/AF1QipPoPeU1a_gEjVD6wNqC-Thgc0pvnb0XqxeC5QlU=w800-h500-k-no,https://lh3.googleusercontent.com/p/AF1QipPoPeU1a_gEjVD6wNqC-Thgc0pvnb0XqxeC5QlU=w1600-h1000-k-no,,"{""Sunday"": ""Closed"", ""Monday"": ""7AM-6PM"", ""Tuesday"": ""7AM-6PM"", ""Wednesday"": ""7AM-6PM"", ""Thursday"": ""7AM-6PM"", ""Friday"": ""7AM-6PM"", ""Saturday"": ""7AM-6PM""}","Sunday,|Monday,7AM,6PM|Tuesday,7AM,6PM|Wednesday,7AM,6PM|Thursday,7AM,6PM|Friday,7AM,6PM|Saturday,7AM,6PM",Sunday:Closed|Monday:7AM-6PM|Tuesday:7AM-6PM|Wednesday:7AM-6PM|Thursday:7AM-6PM|Friday:7AM-6PM|Saturday:7AM-6PM,,,OPERATIONAL,"{""Service options"": {""Online estimates"": false}, ""Crowd"": {""LGBTQ+ friendly"": true}, ""Other"": {""LGBTQ+ friendly"": true}}",,,,https://lh3.googleusercontent.com/-pCLzl_IQLHU/AAAAAAAAAAI/AAAAAAAAAAA/fVSfyjVZ9ds/s44-p-k-no-ns-nd/photo.jpg,,,True,117205341266408150365,Metairie Deck and Outdoor,https://www.google.com/maps/contrib/117205341266408150365,,,,,"https://www.google.com/maps/place/Metairie+Deck+and+Outdoor/@30.0002554,-90.085819,14z/data=!4m8!1m2!2m1!1sMetairie+Deck+and+Outdoor!3m4!1s0x8620b10e4f83c3f1:0x75ad213fa347c27f!8m2!3d30.0002554!4d-90.085819","https://www.google.com/maps/place/Metairie+Deck+and+Outdoor/@30.0002554,-90.085819,13.99z/data=!4m16!1m7!3m6!1s0x8620b10e4f83c3f1:0x75ad213fa347c27f!2sMetairie+Deck+and+Outdoor!8m2!3d30.0002554!4d-90.085819!16s%2Fg%2F11ckvg1dmb!3m7!1s0x8620b10e4f83c3f1:0x75ad213fa347c27f!8m2!3d30.0002554!4d-90.085819!9m1!1b1!16s%2Fg%2F11ckvg1dmb?entry=ttu",ChIJ8cODTw6xIIYRf8JHoz8hrXU,0x8620b10e4f83c3f1:0x75ad213fa347c27f,8479470230614557311,/g/11ppt12rww,8479470230614557311,,deckandoutdoormetairie@gmail.com,RECEIVING,SMTP validated,,,,,,stbpope@yahoo.com,RECEIVING,SMTP validated,,,,,,,,,,,,,,2252694795,landline,,,5042948702,mobile,T-Mobile USA Inc.,,,,,,,https://www.instagram.com/metairiedeckandoutdoor,,,,,,,,,https://twitter.com/MetairieDeck,,https://www.youtube.com/channel/UCgeW9kJmv9LeKJkJAPyqSZg,,,Metairie Deck Builder-Outdoor Kitchens- 25% Discounts!,Divi child theme v.1.0,Metairie Deck Builder. We look forward to serving all your needs. Call now for fast service. Professional Services & FREE DESIGNS!,,False,False
"swimming pool contractor, 70156, New Orleans, LA, US",Clearwater Pools & Spas,Clearwater Pools And Spas,http://clearwaterpoolsla.com/contact-2/,Swimming pool contractor,Swimming pool contractor,Swimming pool contractor,+1 318-471-8826,mobile,CELLCO PARTNERSHIP DBA VERIZON WIRELESS - LA,,"2400 Johnson Chute Rd, Natchitoches, LA 71457",None,2400 Johnson Chute Rd,Natchitoches,71457,Louisiana,Louisiana,United States of America,US,31.7890871,-93.167513,89444cd185bffff,America/Chicago,,False,5.0,1.0,https://search.google.com/local/reviews?placeid=ChIJ22CR-7mIMIYR4knmkKPSO1g&q=*&authuser=0&hl=en&gl=US,,,0.0,0.0,0.0,0.0,1.0,22.0,https://lh3.googleusercontent.com/p/AF1QipPJvbxLtwXm4Sc5NUxFAdKX2hmd269k0RUOLHIy=w800-h500-k-no,https://lh3.googleusercontent.com/p/AF1QipPJvbxLtwXm4Sc5NUxFAdKX2hmd269k0RUOLHIy=w1600-h1000-k-no,,,,,,,OPERATIONAL,{},,,,https://lh5.googleusercontent.com/-I61vRvI1uC8/AAAAAAAAAAI/AAAAAAAAAAA/Jv3jj_esykQ/s44-p-k-no-ns-nd/photo.jpg,,,True,112295862159645175494,Clearwater Pools & Spas,https://www.google.com/maps/contrib/112295862159645175494,,,,,"https://www.google.com/maps/place/Clearwater+Pools+%26+Spas/@31.7890871,-93.167513,14z/data=!4m8!1m2!2m1!1sClearwater+Pools+%26+Spas!3m4!1s0x863088b9fb9160db:0x583bd2a390e649e2!8m2!3d31.7890871!4d-93.167513","https://www.google.com/maps/place/Clearwater+Pools+%26+Spas/@31.7890871,-93.167513,13.99z/data=!4m16!1m7!3m6!1s0x863088b9fb9160db:0x583bd2a390e649e2!2sClearwater+Pools+%26+Spas!8m2!3d31.7890871!4d-93.167513!16s%2Fg%2F11ckvg1dmb!3m7!1s0x863088b9fb9160db:0x583bd2a390e649e2!8m2!3d31.7890871!4d-93.167513!9m1!1b1!16s%2Fg%2F11ckvg1dmb?entry=ttu",ChIJ22CR-7mIMIYR4knmkKPSO1g,0x863088b9fb9160db:0x583bd2a390e649e2,6357906898916100578,/g/1td7zg31,6357906898916100578,,mike@clearwaterpoolsla.com,RECEIVING,SMTP validated,,,,,,,,,,,,,,,,,,,,,,3184718826,mobile,CELLCO PARTNERSHIP DBA VERIZON WIRELESS - LA,,13184718825,mobile,CELLCO PARTNERSHIP DBA VERIZON WIRELESS - LA,,,,,,https://www.facebook.com/clearwaterpoolsandspasla,,,,,,,,,,,,,,,Contact | Get in Touch Today — Clearwater Pools and Spas,McMinnville v.2.5.9,"Contact Clearwater Pools and Spas in Natchitoches, LA for expert pool and 
spa services. Reach out today to start your project or ask questions.",,False,False
"swimming pool contractor, 70156, New Orleans, LA, US",New Orleans Concrete Solutions,New Orleans Concrete Solutions,http://concretecompanyneworleans.com/,"Concrete contractor, Construction company, Service establishment, Masonry contractor",Concrete contractor,Concrete contractor,+1 504-732-1542,landline,,,,,,,,,,,,29.835496,-90.2901699,894446ccd83ffff,America/Chicago,,True,4.9,15.0,https://search.google.com/local/reviews?placeid=ChIJMX6KT0mvIIYRAHgARGoerck&q=*&authuser=0&hl=en&gl=US,,,0.0,0.0,1.0,0.0,14.0,151.0,https://lh3.googleusercontent.com/p/AF1QipOhJA6IK98-LAuFfjmnGViDuFiixCnHRJ0AAV3m=w800-h500-k-no,https://lh3.googleusercontent.com/p/AF1QipOhJA6IK98-LAuFfjmnGViDuFiixCnHRJ0AAV3m=w1600-h1000-k-no,,"{""Sunday"": ""7AM-10PM"", ""Monday"": ""7AM-10PM"", ""Tuesday"": ""7AM-10PM"", ""Wednesday"": ""7AM-10PM"", ""Thursday"": ""7AM-10PM"", ""Friday"": ""7AM-10PM"", ""Saturday"": ""7AM-10PM""}","Sunday,7AM,10PM|Monday,7AM,10PM|Tuesday,7AM,10PM|Wednesday,7AM,10PM|Thursday,7AM,10PM|Friday,7AM,10PM|Saturday,7AM,10PM",Sunday:7AM-10PM|Monday:7AM-10PM|Tuesday:7AM-10PM|Wednesday:7AM-10PM|Thursday:7AM-10PM|Friday:7AM-10PM|Saturday:7AM-10PM,,,OPERATIONAL,"{""Service options"": {""Online estimates"": false, ""Language assistance"": ""English""}, ""Crowd"": {""LGBTQ+ friendly"": true}, ""Other"": {""LGBTQ+ friendly"": true}}",,,,https://lh6.googleusercontent.com/-caQcVxK1BO8/AAAAAAAAAAI/AAAAAAAAAAA/A7H97FxlJiE/s44-p-k-no-ns-nd/photo.jpg,,,True,112319713962202198558,New Orleans Concrete Solutions,https://www.google.com/maps/contrib/112319713962202198558,,,,,"https://www.google.com/maps/place/New+Orleans+Concrete+Solutions/@29.835496,-90.2901699,14z/data=!4m8!1m2!2m1!1sNew+Orleans+Concrete+Solutions!3m4!1s0x8620af494f8a7e31:0xc9ad1e6a44007800!8m2!3d29.835496!4d-90.2901699","https://www.google.com/maps/place/New+Orleans+Concrete+Solutions/@29.835496,-90.2901699,13.99z/data=!4m16!1m7!3m6!1s0x8620af494f8a7e31:0xc9ad1e6a44007800!2sNew+Orleans+Concrete+Solutions!8m2!3d29.835496!4d-90.2901699!16s%2Fg%2F11ckvg1dmb!3m7!1s0x8620af494f8a7e31:0xc9ad1e6a44007800!8m2!3d29.835496!4d-90.2901699!9m1!1b1!16s%2Fg%2F11ckvg1dmb?entry=ttu",ChIJMX6KT0mvIIYRAHgARGoerck,0x8620af494f8a7e31:0xc9ad1e6a44007800,14532305014350706688,/g/11m48shgdl,-3914439059358844928,,marystevens1933@gmail.com,INVALID,Undeliverable,,,,,,theneworleansconcretecompany@gmail.com,RECEIVING,Verified,,,,,,,,,,,,,,5047321542,landline,,,,,,,,,,,https://www.facebook.com/The-New-Orleans-Concrete-Company-106915998233060,https://www.instagram.com/theneworleansconcretecompany_,,,,,,,,,https://twitter.com/TheNewOrleansC1,,,,,New Orleans Concrete Solutions ( FREE ESTIMATES ) Call Us 504-732-1542,WordPress 6.3.7,Are you looking for a Concrete Solutions in New Orleans? Don't look any further and call us today for your free estimate..Call Us 504-732-1542!,,False,False
"swimming pool contractor, 70156, New Orleans, LA, US",Ninja Coatings,Ninja Coatings,https://www.ninjacoatings.com/locations-louisiana/%3Futm_source%3Dgoogle%26utm_medium%3Dorganic%26utm_campaign%3Dlocal,"Painter, Concrete product supplier, Service establishment, Floor refinishing service, Flooring contractor, Painting",Painter,Painter,+1 504-224-6988,fixed line,"BANDWIDTH.COM CLEC, LLC - LA",,,,,,,,,,,29.9978895,-89.882639,8944464a0cfffff,America/Chicago,,True,4.7,170.0,https://search.google.com/local/reviews?placeid=ChIJxU6v7nimIIYRr0B5aal7BpE&q=*&authuser=0&hl=en&gl=US,,,8.0,0.0,3.0,10.0,149.0,18.0,https://lh3.googleusercontent.com/p/AF1QipMt6c4dAM9DZOHnn8Gc2IXY_WePw7RAf8Q8NH13=w800-h500-k-no,https://lh3.googleusercontent.com/p/AF1QipMt6c4dAM9DZOHnn8Gc2IXY_WePw7RAf8Q8NH13=w1600-h1000-k-no,,"{""Sunday"": ""Closed"", ""Monday"": ""8AM-5PM"", ""Tuesday"": ""8AM-5PM"", ""Wednesday"": ""8AM-5PM"", ""Thursday"": ""8AM-5PM"", ""Friday"": ""8AM-5PM"", ""Saturday"": ""8AM-5PM""}","Sunday,|Monday,8AM,5PM|Tuesday,8AM,5PM|Wednesday,8AM,5PM|Thursday,8AM,5PM|Friday,8AM,5PM|Saturday,8AM,5PM",Sunday:Closed|Monday:8AM-5PM|Tuesday:8AM-5PM|Wednesday:8AM-5PM|Thursday:8AM-5PM|Friday:8AM-5PM|Saturday:8AM-5PM,,,OPERATIONAL,{},,,,https://lh5.googleusercontent.com/-TmA-P_lLBFg/AAAAAAAAAAI/AAAAAAAAAAA/Aaotcw5_jH0/s44-p-k-no-ns-nd/photo.jpg,,,True,112692260536659362309,Ninja Coatings,https://www.google.com/maps/contrib/112692260536659362309,,,,,"https://www.google.com/maps/place/Ninja+Coatings/@29.9978895,-89.882639,14z/data=!4m8!1m2!2m1!1sNinja+Coatings!3m4!1s0x8620a678eeaf4ec5:0x91067ba9697940af!8m2!3d29.9978895!4d-89.882639","https://www.google.com/maps/place/Ninja+Coatings/@29.9978895,-89.882639,13.99z/data=!4m16!1m7!3m6!1s0x8620a678eeaf4ec5:0x91067ba9697940af!2sNinja+Coatings!8m2!3d29.9978895!4d-89.882639!16s%2Fg%2F11ckvg1dmb!3m7!1s0x8620a678eeaf4ec5:0x91067ba9697940af!8m2!3d29.9978895!4d-89.882639!9m1!1b1!16s%2Fg%2F11ckvg1dmb?entry=ttu",ChIJxU6v7nimIIYRr0B5aal7BpE,0x8620a678eeaf4ec5:0x91067ba9697940af,10450175952909058223,/g/11f5by4nwp,-7996568120800493393,,paintninjausa@gmail.com,RECEIVING,SMTP validated,,,,,,klau.bertram@gmail.com,RECEIVING,Verified,,,,,,office@ninjacoatings.com,INVALID,Undeliverable,,,,,,8334664652,toll_free,,,5042246988,fixed line,"BANDWIDTH.COM CLEC, LLC - LA",,5046086551,,landline,,https://www.facebook.com/NinjaCoatings/,,https://www.linkedin.com/company/ninja-coatings,,,,,,,,https://twitter.com/NinjaCoatings,,,,,Blog 2 — Ninja Concrete Coatings,,"Work with the best concrete coating company in Mississippi for your garage, 
pool and outdor coating needs. We have locations in Jackson, Gulf Coast, 
Hattiesburg!",,False,True
"swimming pool contractor, 70157, New Orleans, LA, US","Audubon Pools, LLC",Audubon Pools,https://www.audubonpools.com/,Swimming pool contractor,Swimming pool contractor,Swimming pool contractor,+1 504-458-4369,mobile,"NEW CINGULAR WIRELESS PCS, LLC - GA",,"23035 Audubon Lakes Blvd, Robert, LA 70455",None,23035 Audubon Lakes Blvd,Robert,70455,Louisiana,Louisiana,United States of America,US,30.534150999999998,-90.3434699,89444665a93ffff,America/Chicago,,False,5.0,2.0,https://search.google.com/local/reviews?placeid=ChIJ0afigdoVJ4YRC1_luWyVUdo&q=*&authuser=0&hl=en&gl=US,,,0.0,0.0,0.0,0.0,2.0,5.0,https://lh3.googleusercontent.com/gps-cs-s/AG0ilSzyebQBB6gVybk-Zo1ulSWQGNY1_6zNnlW4ugzS6jBW7jxlEX9WGgsjwnr_z6FQF-lSst9ou8ozHp9otLjvcMxXY64TQaVMvTXhUWEPEP4u8QHlkREt3mimDHpqMzBVo_FRkv7oITnfx5E=w800-h500-k-no,https://lh3.googleusercontent.com/gps-cs-s/AG0ilSzyebQBB6gVybk-Zo1ulSWQGNY1_6zNnlW4ugzS6jBW7jxlEX9WGgsjwnr_z6FQF-lSst9ou8ozHp9otLjvcMxXY64TQaVMvTXhUWEPEP4u8QHlkREt3mimDHpqMzBVo_FRkv7oITnfx5E=w1600-h1000-k-no,,,,,,,OPERATIONAL,{},,,,https://lh3.googleusercontent.com/-kvxSkWwDl6A/AAAAAAAAAAI/AAAAAAAAAAA/KgsxL8vh0a0/s44-p-k-no-ns-nd/photo.jpg,,,True,112225711206361308993,"Audubon Pools, LLC",https://www.google.com/maps/contrib/112225711206361308993,,,,,"https://www.google.com/maps/place/Audubon+Pools%2C+LLC/@30.534150999999998,-90.3434699,14z/data=!4m8!1m2!2m1!1sAudubon+Pools%2C+LLC!3m4!1s0x862715da81e2a7d1:0xda51956cb9e55f0b!8m2!3d30.534150999999998!4d-90.3434699","https://www.google.com/maps/place/Audubon+Pools%2C+LLC/@30.534150999999998,-90.3434699,13.99z/data=!4m16!1m7!3m6!1s0x862715da81e2a7d1:0xda51956cb9e55f0b!2sAudubon+Pools%2C+LLC!8m2!3d30.534150999999998!4d-90.3434699!16s%2Fg%2F11ckvg1dmb!3m7!1s0x862715da81e2a7d1:0xda51956cb9e55f0b!8m2!3d30.534150999999998!4d-90.3434699!9m1!1b1!16s%2Fg%2F11ckvg1dmb?entry=ttu",ChIJ0afigdoVJ4YRC1_luWyVUdo,0x862715da81e2a7d1:0xda51956cb9e55f0b,15731519267589676811,/g/11x7g15ck_,-2715224806119874805,,info@flowingwells.com,INVALID,Cannot validate,,,,,,info@audubonpools.com,INVALID,Invalid DNS,,,,,,,,,,,,,,9855205125,landline,,,,,,,,,,,,,,,,,,,,,,,,,,"Custom Pool Quote | Audubon Pools | North Shore, LA",,Request a free consultation for custom pool construction & landscaping. Let Audubon Pools help you create your dream backyard oasis!,,False,True
"swimming pool contractor, 70159, New Orleans, LA, US",Swimming Pool Repair In ground above ground,Swimming Pool Repair In Ground Above Ground,,Swimming pool contractor,Swimming pool contractor,Swimming pool contractor,+1 845-472-3392,fixed line,"BANDWIDTH.COM CLEC, LLC - NY",,"256 Cedar Ave, Hackensack, NJ 07601",None,256 Cedar Ave,Hackensack,07601,New Jersey,New Jersey,United States of America,US,40.9099159,-74.0510367,892a100b243ffff,America/New_York,87G7WW5X+XH,False,4.8,47.0,https://search.google.com/local/reviews?placeid=ChIJ_SuFIa6pw4kR05gbdNTMIyg&q=*&authuser=0&hl=en&gl=US,"company, price",,2.0,0.0,0.0,0.0,45.0,35.0,https://lh3.googleusercontent.com/gps-cs-s/AG0ilSx3OdDsj2ygCfZwxQbjdRt78wunB8le3yosfX3VJxlTTMGCZmYlUNK5qL3X0q37MKtAGWSqrhb1SFe0gI__WMuXG2grFR3Nf4ov0JcBkdgJUdbPUfpNtz8q89pvKNdvpEKBEv2edAzxlTwN=w800-h500-k-no,https://streetviewpixels-pa.googleapis.com/v1/thumbnail?panoid=kzq19eAIYgcVqE48zZu6pQ&cb_client=search.gws-prod.gps&w=1600&h=1000&yaw=33.900223&pitch=0&thumbfov=100,,"{""Monday"": ""Open 24 hours"", ""Tuesday"": ""Open 24 hours"", ""Wednesday"": ""Open 24 hours"", ""Thursday"": ""Open 24 hours"", ""Friday"": ""Open 24 hours"", ""Saturday"": ""Open 24 hours"", ""Sunday"": ""Open 24 hours""}","Sunday,Open 24 hours|Monday,Open 24 hours|Tuesday,Open 24 hours|Wednesday,Open 24 hours|Thursday,Open 24 hours|Friday,Open 24 hours|Saturday,Open 24 hours",Monday:Open 24 hours|Tuesday:Open 24 hours|Wednesday:Open 24 hours|Thursday:Open 24 hours|Friday:Open 24 hours|Saturday:Open 24 hours|Sunday:Open 24 hours,,,OPERATIONAL,{},,,,https://lh5.googleusercontent.com/-nT-A4gzrCNA/AAAAAAAAAAI/AAAAAAAAAAA/WumeD9dtuVQ/s44-p-k-no-ns-nd/photo.jpg,,,True,106311088347911215676,Swimming Pool Repair In ground above ground,https://www.google.com/maps/contrib/106311088347911215676,,,,,"https://www.google.com/maps/place/Swimming+Pool+Repair+In+ground+above+ground/@40.9099159,-74.0510367,14z/data=!4m8!1m2!2m1!1sSwimming+Pool+Repair+In+ground+above+ground!3m4!1s0x89c3a9ae21852bfd:0x2823ccd4741b98d3!8m2!3d40.9099159!4d-74.0510367","https://www.google.com/maps/place/Swimming+Pool+Repair+In+ground+above+ground/@40.9099159,-74.0510367,13.99z/data=!4m16!1m7!3m6!1s0x89c3a9ae21852bfd:0x2823ccd4741b98d3!2sSwimming+Pool+Repair+In+ground+above+ground!8m2!3d40.9099159!4d-74.0510367!16s%2Fg%2F11ckvg1dmb!3m7!1s0x89c3a9ae21852bfd:0x2823ccd4741b98d3!8m2!3d40.9099159!4d-74.0510367!9m1!1b1!16s%2Fg%2F11ckvg1dmb?entry=ttu",ChIJ_SuFIa6pw4kR05gbdNTMIyg,0x89c3a9ae21852bfd:0x2823ccd4741b98d3,2892380598555089107,/g/1vlk2hjx,2892380598555089107,,,,,,,,,,,,,,,,,,,,,,,,,,,,,,,,,,,,,,,,,,,,,,,,,,,,,,,,,,
"swimming pool contractor, 70161, New Orleans, LA, US",The Pool Guy of Louisiana,The Pool Guy Of Louisiana,https://thepoolguyla.com/,"Swimming pool contractor, Pool cleaning service",Swimming pool contractor,Swimming pool contractor,+1 337-298-4746,mobile,"NEW CINGULAR WIRELESS PCS, LLC",,"120 Curran Ln Suite H, Lafayette, LA 70506",None,120 Curran Ln Suite H,Lafayette,70506,Louisiana,Louisiana,United States of America,US,30.189361599999998,-92.0776278,89444424ad3ffff,America/Chicago,,False,4.7,53.0,https://search.google.com/local/reviews?placeid=ChIJY4soGYeQJIYR_yErzX_Fx-Q&q=*&authuser=0&hl=en&gl=US,,,4.0,0.0,0.0,2.0,47.0,106.0,https://lh3.googleusercontent.com/p/AF1QipP3OngkwRMO9RXV96G4D-X-JyDX9ILPNjNDWUSO=w800-h500-k-no,https://lh3.googleusercontent.com/p/AF1QipP3OngkwRMO9RXV96G4D-X-JyDX9ILPNjNDWUSO=w1600-h1000-k-no,,"{""Sunday"": ""Closed"", ""Monday"": ""8AM-5PM"", ""Tuesday"": ""8AM-5PM"", ""Wednesday"": ""8AM-5PM"", ""Thursday"": ""8AM-5PM"", ""Friday"": ""8AM-5PM"", ""Saturday"": ""Closed""}","Sunday,|Monday,8AM,5PM|Tuesday,8AM,5PM|Wednesday,8AM,5PM|Thursday,8AM,5PM|Friday,8AM,5PM|Saturday,",Sunday:Closed|Monday:8AM-5PM|Tuesday:8AM-5PM|Wednesday:8AM-5PM|Thursday:8AM-5PM|Friday:8AM-5PM|Saturday:Closed,,,OPERATIONAL,{},,,,https://lh6.googleusercontent.com/-LSE_TQtQd-M/AAAAAAAAAAI/AAAAAAAAAAA/2BHmMhGY1I4/s44-p-k-no-ns-nd/photo.jpg,,,True,109599265591628078397,The Pool Guy of Louisiana,https://www.google.com/maps/contrib/109599265591628078397,,http://thepoolguyla.com/site/lafayette-pool-builder-youngsville/contact/,,http://thepoolguyla.com/site/lafayette-pool-builder-youngsville/contact/,"https://www.google.com/maps/place/The+Pool+Guy+of+Louisiana/@30.189361599999998,-92.0776278,14z/data=!4m8!1m2!2m1!1sThe+Pool+Guy+of+Louisiana!3m4!1s0x8624908719288b63:0xe4c7c57fcd2b21ff!8m2!3d30.189361599999998!4d-92.0776278","https://www.google.com/maps/place/The+Pool+Guy+of+Louisiana/@30.189361599999998,-92.0776278,13.99z/data=!4m16!1m7!3m6!1s0x8624908719288b63:0xe4c7c57fcd2b21ff!2sThe+Pool+Guy+of+Louisiana!8m2!3d30.189361599999998!4d-92.0776278!16s%2Fg%2F11ckvg1dmb!3m7!1s0x8624908719288b63:0xe4c7c57fcd2b21ff!8m2!3d30.189361599999998!4d-92.0776278!9m1!1b1!16s%2Fg%2F11ckvg1dmb?entry=ttu",ChIJY4soGYeQJIYR_yErzX_Fx-Q,0x8624908719288b63:0xe4c7c57fcd2b21ff,16485362113706664447,/g/12ml2mwtc,-1961381960002887169,,info@thepoolguyla.com,RECEIVING,SMTP validated,,,,,,,,,,,,,,,,,,,,,,3372984746,mobile,"NEW CINGULAR WIRELESS PCS, LLC",,,,,,,,,,https://www.facebook.com/pages/,,,,,,,,,,https://twitter.com/ThePoolGuyLA,,https://www.youtube.com/channel/UC39tNTk-sH-CqxNEtgRQk3A,,,Swimming Pool Builder Lafayette | Broussard Swimming Pool Service,WordPress 6.7.1,"The Pool Guy LA is a custom swimming pool designer and builder, we also specialize in swimming pool service and outdoor living serving Lafayette, Broussard, Youngsville & surrounding areas. Contact us and get a free custom quote today!",,True,True
"swimming pool contractor, 70161, New Orleans, LA, US",CMC's Services,Cmcs Services,https://www.cmcsservices.com/,"Landscaper, Service establishment",Landscaper,Landscaper,+1 504-329-0791,mobile,CELLCO PARTNERSHIP DBA VERIZON,,,,,,,,,,,30.0326605,-89.9526745,8944464132bffff,America/Chicago,,True,5.0,45.0,https://search.google.com/local/reviews?placeid=ChIJ4_dryIGLi4wRjKtizRnabPc&q=*&authuser=0&hl=en&gl=US,,,0.0,0.0,0.0,0.0,45.0,5.0,https://lh3.googleusercontent.com/gps-cs-s/AG0ilSwj8ACTF8EY3jSEj7YFZoydrtvtYryZYui9Ci_5_CTFUwVVeLms0BXZ5Sx-q6KVe-p0nFYEO8xL03XHcG99pVB2JfxH5cmYAfDv6qjkPW4k1U6dvM_EEkO7hZd6z__GH0nZpfCV=w800-h500-k-no,https://lh3.googleusercontent.com/gps-cs-s/AG0ilSwj8ACTF8EY3jSEj7YFZoydrtvtYryZYui9Ci_5_CTFUwVVeLms0BXZ5Sx-q6KVe-p0nFYEO8xL03XHcG99pVB2JfxH5cmYAfDv6qjkPW4k1U6dvM_EEkO7hZd6z__GH0nZpfCV=w1600-h1000-k-no,,"{""Sunday"": ""Open 24 hours"", ""Monday"": ""Open 24 hours"", ""Tuesday"": ""Open 24 hours"", ""Wednesday"": ""Open 24 hours"", ""Thursday"": ""Open 24 hours"", ""Friday"": ""Open 24 hours"", ""Saturday"": ""Open 24 hours""}","Sunday,Open 24 hours|Monday,Open 24 hours|Tuesday,Open 24 hours|Wednesday,Open 24 hours|Thursday,Open 24 hours|Friday,Open 24 hours|Saturday,Open 24 hours",Sunday:Open 24 hours|Monday:Open 24 hours|Tuesday:Open 24 hours|Wednesday:Open 24 hours|Thursday:Open 24 hours|Friday:Open 24 hours|Saturday:Open 24 hours,,,OPERATIONAL,"{""Crowd"": {""LGBTQ+ friendly"": true}, ""Other"": {""LGBTQ+ friendly"": true}}",,,,https://lh6.googleusercontent.com/-CCBetTlqZL0/AAAAAAAAAAI/AAAAAAAAAAA/xGJl60lXShU/s44-p-k-no-ns-nd/photo.jpg,,,True,108500974828197685716,CMC's Services,https://www.google.com/maps/contrib/108500974828197685716,,,,,"https://www.google.com/maps/place/CMC%27s+Services/@30.0326605,-89.9526745,14z/data=!4m8!1m2!2m1!1sCMC%27s+Services!3m4!1s0x8c8b8b81c86bf7e3:0xf76cda19cd62ab8c!8m2!3d30.0326605!4d-89.9526745","https://www.google.com/maps/place/CMC%27s+Services/@30.0326605,-89.9526745,13.99z/data=!4m16!1m7!3m6!1s0x8c8b8b81c86bf7e3:0xf76cda19cd62ab8c!2sCMC%27s+Services!8m2!3d30.0326605!4d-89.9526745!16s%2Fg%2F11ckvg1dmb!3m7!1s0x8c8b8b81c86bf7e3:0xf76cda19cd62ab8c!8m2!3d30.0326605!4d-89.9526745!9m1!1b1!16s%2Fg%2F11ckvg1dmb?entry=ttu",ChIJ4_dryIGLi4wRjKtizRnabPc,0x8c8b8b81c86bf7e3:0xf76cda19cd62ab8c,17828864829207784332,/g/11q7gk8mhr,-617879244501767284,,cmcservices.nola@gmail.com,RECEIVING,SMTP validated,,,,,,deckoroutdoorliving@gmail.com,RECEIVING,Verified,,,,,,,,,,,,,,5043290791,mobile,CELLCO PARTNERSHIP DBA VERIZON,,17194259323,mobile,"NEW CINGULAR WIRELESS PCS, LLC",,15043290791,CELLCO PARTNERSHIP DBA VERIZON,mobile,,https://www.facebook.com/CMCservicesLLC,https://www.instagram.com/cmcs_services,,,,,,,,,,,,,,"About Us | Trusted Landscaping Experts in Metairie, LA",WordPress 6.8.3,"About Us | CMC's Services Metairie's trusted landscaping experts. With over 10 years of experience, we transform outdoor spaces into beautiful, functional retreats.",,True,True
"swimming pool contractor, 70161, New Orleans, LA, US",Hello Gravel,Hello Gravel,https://hellogravel.com/,"Sand & gravel supplier, Dirt supplier, Landscaping supply store, Mulch supplier, Topsoil supplier",Sand & gravel supplier,Sand & gravel supplier,+1 504-323-7668,landline,,,"1033 Jackson Ave Ste 202, New Orleans, LA 70130",11th Ward,1033 Jackson Ave Ste 202,New Orleans,70130,Louisiana,Louisiana,United States of America,US,29.929610699999998,-90.0764583,894446424b7ffff,America/Chicago,,False,5.0,28.0,https://search.google.com/local/reviews?placeid=ChIJydZ2FyLHqIoRhMDE6kOTK6U&q=*&authuser=0&hl=en&gl=US,,,0.0,0.0,0.0,0.0,28.0,19.0,https://lh3.googleusercontent.com/p/AF1QipPA0LWRvD_MnmthAYPyNQf85Rb8xudwFvogyaUn=w800-h500-k-no,https://lh3.googleusercontent.com/p/AF1QipPA0LWRvD_MnmthAYPyNQf85Rb8xudwFvogyaUn=w1600-h1000-k-no,,"{""Sunday"": ""Open 24 hours"", ""Monday"": ""Open 24 hours"", ""Tuesday"": ""Open 24 hours"", ""Wednesday"": ""Open 24 hours"", ""Thursday"": ""Open 24 hours"", ""Friday"": ""Open 24 hours"", ""Saturday"": ""Open 24 hours""}","Sunday,Open 24 hours|Monday,Open 24 hours|Tuesday,Open 24 hours|Wednesday,Open 24 hours|Thursday,Open 24 hours|Friday,Open 24 hours|Saturday,Open 24 hours",Sunday:Open 24 hours|Monday:Open 24 hours|Tuesday:Open 24 hours|Wednesday:Open 24 hours|Thursday:Open 24 hours|Friday:Open 24 hours|Saturday:Open 24 hours,,,OPERATIONAL,{},,,,https://lh6.googleusercontent.com/-eMJQ6OBTaQE/AAAAAAAAAAI/AAAAAAAAAAA/ARMU0IDMcGs/s44-p-k-no-ns-nd/photo.jpg,,,True,103269282479628168915,Hello Gravel,https://www.google.com/maps/contrib/103269282479628168915,,,,,"https://www.google.com/maps/place/Hello+Gravel/@29.929610699999998,-90.0764583,14z/data=!4m8!1m2!2m1!1sHello+Gravel!3m4!1s0x8aa8c7221776d6c9:0xa52b9343eac4c084!8m2!3d29.929610699999998!4d-90.0764583","https://www.google.com/maps/place/Hello+Gravel/@29.929610699999998,-90.0764583,13.99z/data=!4m16!1m7!3m6!1s0x8aa8c7221776d6c9:0xa52b9343eac4c084!2sHello+Gravel!8m2!3d29.929610699999998!4d-90.0764583!16s%2Fg%2F11ckvg1dmb!3m7!1s0x8aa8c7221776d6c9:0xa52b9343eac4c084!8m2!3d29.929610699999998!4d-90.0764583!9m1!1b1!16s%2Fg%2F11ckvg1dmb?entry=ttu",ChIJydZ2FyLHqIoRhMDE6kOTK6U,0x8aa8c7221776d6c9:0xa52b9343eac4c084,11901768360167522436,/g/11w3t_zz8m,-6544975713542029180,,hello@hellogravel.com,RECEIVING,Verified,,,,,,,,,,,,,,,,,,,,,,18552418884,toll_free,,,8552418884,toll_free,,,8552418884,,toll_free,,,,,,,,,,,,,,,,,Bulk Driveway Gravel | Buy Bulk Mulch Online | Hello Gravel,"Elementor 3.27.0; features: e_font_icon_svg, additional_custom_breakpoints; settings: css_print_method-external, google_font-enabled, font_display-swap",Shop Bulk Gravel and Driveway Gravel for All Your Landscaping Needs. Buy Bulk Mulch Online for a Seamless Outdoor Transformation. High-Quality Bulk Landscaping Materials.,,False,False
"swimming pool contractor, 70163, New Orleans, LA, US",Custom Inground Pools LLC,Custom Inground Pools,http://customingroundpools.com/,"Swimming pool contractor, Service establishment",Swimming pool contractor,Swimming pool contractor,+1 586-749-6234,landline,,,,,,,,,,,,42.6774895,-83.0116894,892ab2d20cbffff,America/Detroit,,True,4.9,42.0,https://search.google.com/local/reviews?placeid=ChIJqb5E0IceJYgRcUfh_HIbqjU&q=*&authuser=0&hl=en&gl=US,,,1.0,0.0,0.0,0.0,41.0,92.0,https://lh3.googleusercontent.com/p/AF1QipNnppDLn1V6iI5sxO1PEtSJRql4nm7IC0ug8wpI=w800-h500-k-no,https://lh3.googleusercontent.com/p/AF1QipNnppDLn1V6iI5sxO1PEtSJRql4nm7IC0ug8wpI=w1600-h1000-k-no,,"{""Monday"": ""8AM-7PM"", ""Tuesday"": ""8AM-7PM"", ""Wednesday"": ""8AM-7PM"", ""Thursday"": ""8AM-7PM"", ""Friday"": ""8AM-7PM"", ""Saturday"": ""8AM-7PM"", ""Sunday"": ""Closed""}","Sunday,|Monday,8AM,7PM|Tuesday,8AM,7PM|Wednesday,8AM,7PM|Thursday,8AM,7PM|Friday,8AM,7PM|Saturday,8AM,7PM",Monday:8AM-7PM|Tuesday:8AM-7PM|Wednesday:8AM-7PM|Thursday:8AM-7PM|Friday:8AM-7PM|Saturday:8AM-7PM|Sunday:Closed,,,OPERATIONAL,{},,,,https://lh5.googleusercontent.com/-9SrErCBGAJ8/AAAAAAAAAAI/AAAAAAAAAAA/uTXdqVFEmUo/s44-p-k-no-ns-nd/photo.jpg,,,True,116601367778265687983,Custom Inground Pools LLC,https://www.google.com/maps/contrib/116601367778265687983,,,,,"https://www.google.com/maps/place/Custom+Inground+Pools+LLC/@42.6774895,-83.0116894,14z/data=!4m8!1m2!2m1!1sCustom+Inground+Pools+LLC!3m4!1s0x88251e87d044bea9:0x35aa1b72fce14771!8m2!3d42.6774895!4d-83.0116894","https://www.google.com/maps/place/Custom+Inground+Pools+LLC/@42.6774895,-83.0116894,13.99z/data=!4m16!1m7!3m6!1s0x88251e87d044bea9:0x35aa1b72fce14771!2sCustom+Inground+Pools+LLC!8m2!3d42.6774895!4d-83.0116894!16s%2Fg%2F11ckvg1dmb!3m7!1s0x88251e87d044bea9:0x35aa1b72fce14771!8m2!3d42.6774895!4d-83.0116894!9m1!1b1!16s%2Fg%2F11ckvg1dmb?entry=ttu",ChIJqb5E0IceJYgRcUfh_HIbqjU,0x88251e87d044bea9:0x35aa1b72fce14771,3866933410733836145,/g/11b7qvks9r,3866933410733836145,,,,,,,,,,,,,,,,,,,,,,,,,,5867496234,landline,,,,,,,,,,,https://www.facebook.com/p/,https://www.instagram.com/custom_inground_pool_landscape,,,,,,,,,,,https://www.youtube.com/channel/UCX34NvmrSLSkS94AHT2uGCQ,,,Sitemap – Custom Inground Pools,WordPress 6.7.4,,,False,True
"swimming pool contractor, 70165, New Orleans, LA, US",Anthem Pools,Anthem Pools,https://anthempools.net/pool-builders-edmond/,Swimming pool contractor,Swimming pool contractor,Swimming pool contractor,+1 405-925-1883,landline,,,"2256 NW 164th St Floor 1, Edmond, OK 73013",Northwest Oklahoma City,2256 NW 164th St Floor 1,Edmond,73013,Oklahoma,Oklahoma,United States of America,US,35.6368523,-97.5531176,8926c198e0fffff,America/Chicago,,False,,,,,,,,,,,6.0,https://lh3.googleusercontent.com/p/AF1QipNr3doqmupW6fZjqg2NlRVt0DHcddZ_eipVd-kB=w800-h500-k-no,https://lh3.googleusercontent.com/p/AF1QipNr3doqmupW6fZjqg2NlRVt0DHcddZ_eipVd-kB=w1600-h1000-k-no,,"{""Sunday"": ""Closed"", ""Monday"": ""8AM-8PM"", ""Tuesday"": ""8AM-8PM"", ""Wednesday"": ""8AM-8PM"", ""Thursday"": ""8AM-8PM"", ""Friday"": ""8AM-8PM"", ""Saturday"": ""8AM-8PM""}","Sunday,|Monday,8AM,8PM|Tuesday,8AM,8PM|Wednesday,8AM,8PM|Thursday,8AM,8PM|Friday,8AM,8PM|Saturday,8AM,8PM",Sunday:Closed|Monday:8AM-8PM|Tuesday:8AM-8PM|Wednesday:8AM-8PM|Thursday:8AM-8PM|Friday:8AM-8PM|Saturday:8AM-8PM,,,OPERATIONAL,{},,,,https://lh5.googleusercontent.com/-bTvS-ueyq3w/AAAAAAAAAAI/AAAAAAAAAAA/XpVthR37WrY/s44-p-k-no-ns-nd/photo.jpg,,,True,107308244753995574853,Anthem Pools,https://www.google.com/maps/contrib/107308244753995574853,,,,,"https://www.google.com/maps/place/Anthem+Pools/@35.6368523,-97.5531176,14z/data=!4m8!1m2!2m1!1sAnthem+Pools!3m4!1s0x87b21dae33681307:0x1fbcb6c56e9c7816!8m2!3d35.6368523!4d-97.5531176","https://www.google.com/maps/place/Anthem+Pools/@35.6368523,-97.5531176,13.99z/data=!4m16!1m7!3m6!1s0x87b21dae33681307:0x1fbcb6c56e9c7816!2sAnthem+Pools!8m2!3d35.6368523!4d-97.5531176!16s%2Fg%2F11ckvg1dmb!3m7!1s0x87b21dae33681307:0x1fbcb6c56e9c7816!8m2!3d35.6368523!4d-97.5531176!9m1!1b1!16s%2Fg%2F11ckvg1dmb?entry=ttu",ChIJBxNoM64dsocRFnicbsW2vB8,0x87b21dae33681307:0x1fbcb6c56e9c7816,2286903669877930006,/g/11ygf4gfcx,None,,info@indiantypefoundry.com,RECEIVING,Role,,,,,,anthempools@gmail.com,RECEIVING,Verified,,,,,,sales@anthempools.net,UNKNOWN,Cannot validate,,,,,,9188929549,mobile,T-Mobile USA Inc.,,18448857665,toll_free,,,8448857665,,toll_free,,https://www.facebook.com/anthempools,https://www.instagram.com/anthempools,,,,,,,,,,,,,,"Anthem Pools: Swimming Pool Builders - Locations Served Near Tulsa, Oklahoma in Oklahoma",WordPress 6.8.3,"Anthem Pools - Swimming pool builder in Oklahoma - Serving Tulsa, Owasso, Jenks, Broken Arrow, Bixby, Bixby, Coweta, Claremore.",,False,False
"swimming pool contractor, 70174, New Orleans, LA, US","Sunrise Contracting, LLC",Sunrise Contracting,https://www.louisianafortifiedroof.com/,"Roofing contractor, Service establishment",Roofing contractor,Roofing contractor,+1 504-228-6666,mobile,CELLCO PARTNERSHIP DBA VERIZON WIRELESS - LA,,,,,,,,,,,29.903546,-89.577455,89445591917ffff,America/Chicago,,True,5.0,14.0,https://search.google.com/local/reviews?placeid=ChIJl2bm1LwGiygR_ztUorEIzAA&q=*&authuser=0&hl=en&gl=US,,,0.0,0.0,0.0,0.0,14.0,2.0,https://lh3.googleusercontent.com/gps-cs-s/AG0ilSxKrmJc2a2LIEqfC_hTo97txtI1_dDqfpF0GHVtocehcRdn0-Iyjfwp68Q3mwqH6nabJE7BL4qVUd3HfNC4hbX8g2WOH37M8Er9Crrzuc2SC5_raq7QXmcAdI0WpHPQoo3XIeccbA5RPvOE=w800-h500-k-no,https://lh3.googleusercontent.com/gps-cs-s/AG0ilSxKrmJc2a2LIEqfC_hTo97txtI1_dDqfpF0GHVtocehcRdn0-Iyjfwp68Q3mwqH6nabJE7BL4qVUd3HfNC4hbX8g2WOH37M8Er9Crrzuc2SC5_raq7QXmcAdI0WpHPQoo3XIeccbA5RPvOE=w1600-h1000-k-no,,"{""Sunday"": ""Closed"", ""Monday"": ""8AM-5PM"", ""Tuesday"": ""8AM-5PM"", ""Wednesday"": ""8AM-5PM"", ""Thursday"": ""8AM-5PM"", ""Friday"": ""8AM-5PM"", ""Saturday"": ""Closed""}","Sunday,|Monday,8AM,5PM|Tuesday,8AM,5PM|Wednesday,8AM,5PM|Thursday,8AM,5PM|Friday,8AM,5PM|Saturday,",Sunday:Closed|Monday:8AM-5PM|Tuesday:8AM-5PM|Wednesday:8AM-5PM|Thursday:8AM-5PM|Friday:8AM-5PM|Saturday:Closed,,,OPERATIONAL,{},,,,https://lh5.googleusercontent.com/-786any9VmtY/AAAAAAAAAAI/AAAAAAAAAAA/eRntTxvEgRQ/s44-p-k-no-ns-nd/photo.jpg,,,True,107756528993411503696,"Sunrise Contracting, LLC",https://www.google.com/maps/contrib/107756528993411503696,,,,,"https://www.google.com/maps/place/Sunrise+Contracting%2C+LLC/@29.903546,-89.577455,14z/data=!4m8!1m2!2m1!1sSunrise+Contracting%2C+LLC!3m4!1s0x288b06bcd4e66697:0xcc08b1a2543bff!8m2!3d29.903546!4d-89.577455","https://www.google.com/maps/place/Sunrise+Contracting%2C+LLC/@29.903546,-89.577455,13.99z/data=!4m16!1m7!3m6!1s0x288b06bcd4e66697:0xcc08b1a2543bff!2sSunrise+Contracting%2C+LLC!8m2!3d29.903546!4d-89.577455!16s%2Fg%2F11ckvg1dmb!3m7!1s0x288b06bcd4e66697:0xcc08b1a2543bff!8m2!3d29.903546!4d-89.577455!9m1!1b1!16s%2Fg%2F11ckvg1dmb?entry=ttu",ChIJl2bm1LwGiygR_ztUorEIzAA,0x288b06bcd4e66697:0xcc08b1a2543bff,57430454274636799,/g/11mcm5xtpm,57430454274636799,,joe@joehermo.com,UNKNOWN,Cannot validate,,,,,,,,,,,,,,,,,,,,,,,,,,,,,,,,,,,,,,,,,,,,,,,,,Project Title | Sunrise Contracting,Wix.com Website Builder,"This is where the project description goes. Give an overview or go in depth - what it's all about, what inspired you, how you created it, or anything else you'd like visitors to know. To add Project descriptions, go to Manage Projects.",,False,False
"swimming pool contractor, 70174, New Orleans, LA, US",Reliable Foundations,Reliable Foundations,https://www.reliablefoundations.com/,Concrete contractor,Concrete contractor,Concrete contractor,+1 504-217-5933,landline,Bandwidth.com,True,"4435 St Louis St, New Orleans, LA 70119",City Park,4435 St Louis St,New Orleans,70119,Louisiana,Louisiana,United States of America,US,29.9805936,-90.1017124,89444642c8fffff,America/Chicago,,False,4.9,36.0,https://search.google.com/local/reviews?placeid=ChIJcUHfvGSvIIYRHOGdz5HMnSk&q=*&authuser=0&hl=en&gl=US,,,0.0,1.0,0.0,2.0,33.0,19.0,https://lh3.googleusercontent.com/gps-cs-s/AG0ilSxD1v8kZG179pfQ7Kyf8wyJLuxbRBqaLulzTym2PX7ymu6CHiAnYmwRWiFNoznNisf_IfsxYktuESnsJ4cyT0kT-lsvyvhXPZG4sJUUeEzPUHf0dFBIjPwFekP6Ekmz76AJgJb7=w800-h500-k-no,https://lh3.googleusercontent.com/gps-cs-s/AG0ilSxD1v8kZG179pfQ7Kyf8wyJLuxbRBqaLulzTym2PX7ymu6CHiAnYmwRWiFNoznNisf_IfsxYktuESnsJ4cyT0kT-lsvyvhXPZG4sJUUeEzPUHf0dFBIjPwFekP6Ekmz76AJgJb7=w1600-h1000-k-no,,"{""Sunday"": ""Closed"", ""Monday"": ""8AM-5PM"", ""Tuesday"": ""8AM-5PM"", ""Wednesday"": ""8AM-5PM"", ""Thursday"": ""8AM-5PM"", ""Friday"": ""8AM-5PM"", ""Saturday"": ""Closed""}","Sunday,|Monday,8AM,5PM|Tuesday,8AM,5PM|Wednesday,8AM,5PM|Thursday,8AM,5PM|Friday,8AM,5PM|Saturday,",Sunday:Closed|Monday:8AM-5PM|Tuesday:8AM-5PM|Wednesday:8AM-5PM|Thursday:8AM-5PM|Friday:8AM-5PM|Saturday:Closed,,,OPERATIONAL,"{""Service options"": {""Online estimates"": true}}",,,,https://lh3.googleusercontent.com/-Kj0WkA8iVkE/AAAAAAAAAAI/AAAAAAAAAAA/6f4siNXT5q4/s44-p-k-no-ns-nd/photo.jpg,,,True,105321242877502439914,Reliable Foundations,https://www.google.com/maps/contrib/105321242877502439914,,https://www.reliablefoundations.com/free-estimate.html?utm_source=google&utm_medium=organic&utm_campaign=gmb-new-orleans&utm_content=appointment,,https://www.reliablefoundations.com/free-estimate.html?utm_source=google&utm_medium=organic&utm_campaign=gmb-new-orleans&utm_content=appointment,"https://www.google.com/maps/place/Reliable+Foundations/@29.9805936,-90.1017124,14z/data=!4m8!1m2!2m1!1sReliable+Foundations!3m4!1s0x8620af64bcdf4171:0x299dcc91cf9de11c!8m2!3d29.9805936!4d-90.1017124","https://www.google.com/maps/place/Reliable+Foundations/@29.9805936,-90.1017124,13.99z/data=!4m16!1m7!3m6!1s0x8620af64bcdf4171:0x299dcc91cf9de11c!2sReliable+Foundations!8m2!3d29.9805936!4d-90.1017124!16s%2Fg%2F11ckvg1dmb!3m7!1s0x8620af64bcdf4171:0x299dcc91cf9de11c!8m2!3d29.9805936!4d-90.1017124!9m1!1b1!16s%2Fg%2F11ckvg1dmb?entry=ttu",ChIJcUHfvGSvIIYRHOGdz5HMnSk,0x8620af64bcdf4171:0x299dcc91cf9de11c,2998777853524173084,/g/11p0vxrn5b,2998777853524173084,,info@reliablefoundations.com,RECEIVING,SMTP validated,,,,,,intel@reliablefoundations.com,RECEIVING,Catch All,,,,,,,,,,,,,,15044014500,mobile,CELLCO PARTNERSHIP DBA VERIZON WIRELESS - LA,,5044014500,mobile,CELLCO PARTNERSHIP DBA VERIZON WIRELESS - LA,,5044014500,CELLCO PARTNERSHIP DBA VERIZON WIRELESS - LA,mobile,,https://www.facebook.com/ReliableFoundations,,https://www.linkedin.com/company/reliable-foundations,,,,,,,,,,,,,Pool Deck Repair | Greater New Orleans,Wix.com Website Builder,Expert pool deck repair for safety & aesthetics. Learn more! Greater New Orleans.,,False,False
"swimming pool contractor, 70174, New Orleans, LA, US",Houston Pools & Spas,Houston Pools And Spas,http://www.houstonpools.com/,Swimming pool contractor,Swimming pool contractor,Swimming pool contractor,+1 832-554-7665,fixed line,"BANDWIDTH.COM CLEC, LLC - TX",,"17220 Houston Dr Suite 203, Cypress, TX 77433",Cypress,17220 Houston Dr Suite 203,Cypress,77433,Texas,Texas,United States of America,US,29.951611,-95.6791236,89446dd9d07ffff,America/Chicago,,False,4.6,28.0,https://search.google.com/local/reviews?placeid=ChIJcyFtcnPbQIYR1HeGeEjrP1U&q=*&authuser=0&hl=en&gl=US,,,0.0,3.0,0.0,1.0,24.0,39.0,https://lh3.googleusercontent.com/p/AF1QipMcy2EY0dyiXZi_xxjX-qayaq7gvC1gDkpwatdu=w800-h500-k-no,https://lh3.googleusercontent.com/p/AF1QipMcy2EY0dyiXZi_xxjX-qayaq7gvC1gDkpwatdu=w1600-h1000-k-no,,"{""Sunday"": ""Closed"", ""Monday"": ""10AM-4PM"", ""Tuesday"": ""10AM-4PM"", ""Wednesday"": ""10AM-4PM"", ""Thursday"": ""10AM-4PM"", ""Friday"": ""10AM-4PM"", ""Saturday"": ""Closed""}","Sunday,|Monday,10AM,4PM|Tuesday,10AM,4PM|Wednesday,10AM,4PM|Thursday,10AM,4PM|Friday,10AM,4PM|Saturday,",Sunday:Closed|Monday:10AM-4PM|Tuesday:10AM-4PM|Wednesday:10AM-4PM|Thursday:10AM-4PM|Friday:10AM-4PM|Saturday:Closed,,,OPERATIONAL,"{""Service options"": {""Online estimates"": true, ""Onsite services"": true}}",,,,https://lh6.googleusercontent.com/-hyUtzYjA9Nw/AAAAAAAAAAI/AAAAAAAAAAA/mwmtz89xLyg/s44-p-k-no-ns-nd/photo.jpg,,,True,107861043609013581256,Houston Pools & Spas,https://www.google.com/maps/contrib/107861043609013581256,,,,,"https://www.google.com/maps/place/Houston+Pools+%26+Spas/@29.951611,-95.6791236,14z/data=!4m8!1m2!2m1!1sHouston+Pools+%26+Spas!3m4!1s0x8640db73726d2173:0x553feb48788677d4!8m2!3d29.951611!4d-95.6791236","https://www.google.com/maps/place/Houston+Pools+%26+Spas/@29.951611,-95.6791236,13.99z/data=!4m16!1m7!3m6!1s0x8640db73726d2173:0x553feb48788677d4!2sHouston+Pools+%26+Spas!8m2!3d29.951611!4d-95.6791236!16s%2Fg%2F11ckvg1dmb!3m7!1s0x8640db73726d2173:0x553feb48788677d4!8m2!3d29.951611!4d-95.6791236!9m1!1b1!16s%2Fg%2F11ckvg1dmb?entry=ttu",ChIJcyFtcnPbQIYR1HeGeEjrP1U,0x8640db73726d2173:0x553feb48788677d4,6142887113248896980,/g/1tk681wv,6142887113248896980,,langeberg@houstonpools.com,INVALID,Invalid SMTP,John Langeberg,John,Langeberg,,,d.aivazian@houstonpools.com,INVALID,Undeliverable,Donna Aivazian,Donna,Aivazian,,,klanni@houstonpools.com,INVALID,Invalid SMTP,,,,,,8325547665,fixed line,"BANDWIDTH.COM CLEC, LLC - TX",,,,,,,,,,http://www.facebook.com/houstonpoolsandspas,https://www.instagram.com/houston_pools,,,,,,,,,http://www.twitter.com/houstonspas,,,,,"Pool Builder, Houston Pools & Spas, Houston, Spring, TX",,"Houston Pools & Spas provides design, installation and maintenance of swimming pools and spas throughout greater Houston, Cypress, Spring, The Woodlands, Conroe, Tomball, Sugar Land, Pearland, Pasadena, and Katy, TX.","Houston Pools, Houston Pool Contractor, Pool Builder Houston, Pool Company Houston, Pool Builder, Pool Company, Pool Contractor, Pool Installer, Pool Designer, Pool Remodel, Pool Renovation, Hot Tubs, Hot Tubs Houston, Pool Construction, Pool Cleaning, Pool Service, Pool Maintenance, Pool Repair, Pool Remodeling, Pool Renovations, Spa Houston",,
"swimming pool contractor, 70174, New Orleans, LA, US",Premier Pools and Spas - Houston NW,Premier Pools And Spas Houston Nw,https://premierpoolsandspas.com/pool-builders/texas/cypress/,Swimming pool contractor,Swimming pool contractor,Swimming pool contractor,+1 281-845-3312,landline,,,"17950 Cypress Rose Hill Rd Unit 1-2, Cypress, TX 77429",Cypress,17950 Cypress Rose Hill Rd Unit 1-2,Cypress,77429,Texas,Texas,United States of America,US,30.028419799999998,-95.69632279999999,89446dca387ffff,America/Chicago,,False,4.9,52.0,https://search.google.com/local/reviews?placeid=ChIJ9S3xtNvVQIYRwZZgVWQBZPE&q=*&authuser=0&hl=en&gl=US,,,1.0,0.0,0.0,1.0,50.0,42.0,https://lh3.googleusercontent.com/p/AF1QipNNcAhhThfNQ850msDUb_j8XT9fBcMykpZ1WPGv=w800-h500-k-no,https://lh3.googleusercontent.com/p/AF1QipNNcAhhThfNQ850msDUb_j8XT9fBcMykpZ1WPGv=w1600-h1000-k-no,,"{""Sunday"": ""Closed"", ""Monday"": ""8:30AM-4PM"", ""Tuesday"": ""8:30AM-4PM"", ""Wednesday"": ""8:30AM-4PM"", ""Thursday"": ""8:30AM-4PM"", ""Friday"": ""8:30AM-4PM"", ""Saturday"": ""Closed""}","Sunday,|Monday,8:30AM,4PM|Tuesday,8:30AM,4PM|Wednesday,8:30AM,4PM|Thursday,8:30AM,4PM|Friday,8:30AM,4PM|Saturday,",Sunday:Closed|Monday:8:30AM-4PM|Tuesday:8:30AM-4PM|Wednesday:8:30AM-4PM|Thursday:8:30AM-4PM|Friday:8:30AM-4PM|Saturday:Closed,,,OPERATIONAL,{},,,,https://lh4.googleusercontent.com/-Up4H0TuOk7U/AAAAAAAAAAI/AAAAAAAAAAA/ILTYN7ymlcg/s44-p-k-no-ns-nd/photo.jpg,,,True,117026946383073154250,Premier Pools and Spas - Houston NW,https://www.google.com/maps/contrib/117026946383073154250,,,,,"https://www.google.com/maps/place/Premier+Pools+and+Spas+-+Houston+NW/@30.028419799999998,-95.69632279999999,14z/data=!4m8!1m2!2m1!1sPremier+Pools+and+Spas+-+Houston+NW!3m4!1s0x8640d5dbb4f12df5:0xf1640164556096c1!8m2!3d30.028419799999998!4d-95.69632279999999","https://www.google.com/maps/place/Premier+Pools+and+Spas+-+Houston+NW/@30.028419799999998,-95.69632279999999,13.99z/data=!4m16!1m7!3m6!1s0x8640d5dbb4f12df5:0xf1640164556096c1!2sPremier+Pools+and+Spas+-+Houston+NW!8m2!3d30.028419799999998!4d-95.69632279999999!16s%2Fg%2F11ckvg1dmb!3m7!1s0x8640d5dbb4f12df5:0xf1640164556096c1!8m2!3d30.028419799999998!4d-95.69632279999999!9m1!1b1!16s%2Fg%2F11ckvg1dmb?entry=ttu",ChIJ9S3xtNvVQIYRwZZgVWQBZPE,0x8640d5dbb4f12df5:0xf1640164556096c1,17394029191252448961,/g/11y27cd27_,-1052714882457102655,,rsteinbach@ppas.com,RECEIVING,SMTP validated,,,,,,jkieffer@ppas.com,RECEIVING,Catch All,,,,,,slaing@ppas.com,INVALID,Undeliverable,,,,,,15053765626,landline,"ONVOY, LLC  NM",,15044750754,landline,"BANDWIDTH.COM CLEC, LLC - LA",,16314605792,"BANDWIDTH.COM CLEC, LLC - NY",fixed line,,https://www.facebook.com/premierpoolservicecentralvalley/,https://www.instagram.com/premierpoolsandspas,https://www.linkedin.com/company/premier-pools-and-spa,,,,,,,,http://twitter.com/PremierPoolsUS,,,,,"Houston, TX Inground Pool Builders - Premier Pools & Spas",WP Rocket 3.18.2,"We are the top inground pool builder in Houston, TX. Request a free quote on an inground gunite or fiberglass pool & pool remodeling in Houston.",,False,False
"swimming pool contractor, 70174, New Orleans, LA, US",New Orleans Concreters,New Orleans Concreters,https://www.neworleansconcreters.com/,Concrete contractor,Concrete contractor,Concrete contractor,+1 985-296-6206,landline,,,"122 Carondelet St, New Orleans, LA 70130",Central Business District,122 Carondelet St,New Orleans,70130,Louisiana,Louisiana,United States of America,US,29.953059999999997,-90.0703669,894446420b7ffff,America/Chicago,,False,4.9,25.0,https://search.google.com/local/reviews?placeid=ChIJeyFHmdmnIIYRi6vC6LZBq-s&q=*&authuser=0&hl=en&gl=US,,,0.0,0.0,1.0,1.0,23.0,27.0,https://lh3.googleusercontent.com/p/AF1QipNT3di8Gog-FZtu2YCqX59qgl6YMCu9zkasyGJb=w800-h500-k-no,https://lh3.googleusercontent.com/p/AF1QipNT3di8Gog-FZtu2YCqX59qgl6YMCu9zkasyGJb=w1600-h1000-k-no,,"{""Sunday"": ""8AM-5PM"", ""Monday"": ""8AM-5PM"", ""Tuesday"": ""8AM-5PM"", ""Wednesday"": ""8AM-5PM"", ""Thursday"": ""8AM-5PM"", ""Friday"": ""8AM-5PM"", ""Saturday"": ""8AM-5PM""}","Sunday,8AM,5PM|Monday,8AM,5PM|Tuesday,8AM,5PM|Wednesday,8AM,5PM|Thursday,8AM,5PM|Friday,8AM,5PM|Saturday,8AM,5PM",Sunday:8AM-5PM|Monday:8AM-5PM|Tuesday:8AM-5PM|Wednesday:8AM-5PM|Thursday:8AM-5PM|Friday:8AM-5PM|Saturday:8AM-5PM,,,OPERATIONAL,{},,,,https://lh5.googleusercontent.com/-llkd6fBVbZE/AAAAAAAAAAI/AAAAAAAAAAA/Npo1eORvPNs/s44-p-k-no-ns-nd/photo.jpg,,,True,104876323966801897623,New Orleans Concreters,https://www.google.com/maps/contrib/104876323966801897623,,,,,"https://www.google.com/maps/place/New+Orleans+Concreters/@29.953059999999997,-90.0703669,14z/data=!4m8!1m2!2m1!1sNew+Orleans+Concreters!3m4!1s0x8620a7d99947217b:0xebab41b6e8c2ab8b!8m2!3d29.953059999999997!4d-90.0703669","https://www.google.com/maps/place/New+Orleans+Concreters/@29.953059999999997,-90.0703669,13.99z/data=!4m16!1m7!3m6!1s0x8620a7d99947217b:0xebab41b6e8c2ab8b!2sNew+Orleans+Concreters!8m2!3d29.953059999999997!4d-90.0703669!16s%2Fg%2F11ckvg1dmb!3m7!1s0x8620a7d99947217b:0xebab41b6e8c2ab8b!8m2!3d29.953059999999997!4d-90.0703669!9m1!1b1!16s%2Fg%2F11ckvg1dmb?entry=ttu",ChIJeyFHmdmnIIYRi6vC6LZBq-s,0x8620a7d99947217b:0xebab41b6e8c2ab8b,16981739073775512459,/g/11v9fph879,-1465004999934039157,,j.giannattasio10@gmail.com,RECEIVING,Verified,,,,,,,,,,,,,,,,,,,,,,9852966206,landline,,,5864600544,landline,,,,,,,,,,,,,,,,,,,,,,New Orleans Concreters | Concrete New Orleans | About Us,,Looking for the best concrete New Orleans contractor for your projects? We are the one for you. Just contact our team now to learn more.,"concrete contractors new orleans,concrete new orleans,concrete contractor new orleans,concrete companies new orleans,concrete company new orleans,concrete repair new orleans,new orleans concrete company,concrete contractors new orleans la,concrete installation new orleans,concrete service new orleans",False,False
"swimming pool contractor, 70174, New Orleans, LA, US",AE Pool Builders,Ae Pool Builders,https://www.aehomerenovations.com/pool-services-in-crosby-tx/,Swimming pool contractor,Swimming pool contractor,Swimming pool contractor,+1 281-699-9570,landline,,,"6616 FM 2100 #48, Crosby, TX 77532",None,6616 FM 2100 #48,Crosby,77532,Texas,Texas,United States of America,US,29.9221005,-95.0703571,89446c761c3ffff,America/Chicago,,False,5.0,5.0,https://search.google.com/local/reviews?placeid=ChIJxwzYdOmpQIYR2n2yj8L4KGw&q=*&authuser=0&hl=en&gl=US,,,0.0,0.0,0.0,0.0,5.0,21.0,https://lh3.googleusercontent.com/p/AF1QipN0EswNXVnoCpI9lWXO-c8pjT2-aORv70UsfD4t=w800-h500-k-no,https://lh3.googleusercontent.com/p/AF1QipN0EswNXVnoCpI9lWXO-c8pjT2-aORv70UsfD4t=w1600-h1000-k-no,,"{""Sunday"": ""7AM-7PM"", ""Monday"": ""7AM-7PM"", ""Tuesday"": ""7AM-7PM"", ""Wednesday"": ""7AM-7PM"", ""Thursday"": ""7AM-7PM"", ""Friday"": ""7AM-7PM"", ""Saturday"": ""7AM-7PM""}","Sunday,7AM,7PM|Monday,7AM,7PM|Tuesday,7AM,7PM|Wednesday,7AM,7PM|Thursday,7AM,7PM|Friday,7AM,7PM|Saturday,7AM,7PM",Sunday:7AM-7PM|Monday:7AM-7PM|Tuesday:7AM-7PM|Wednesday:7AM-7PM|Thursday:7AM-7PM|Friday:7AM-7PM|Saturday:7AM-7PM,,,OPERATIONAL,"{""From the business"": {""Identifies as veteran-owned"": true}, ""Other"": {""Identifies as veteran-owned"": true}}",,,,https://lh4.googleusercontent.com/-qmBERrsXHCw/AAAAAAAAAAI/AAAAAAAAAAA/SmEYLhcAP04/s44-p-k-no-ns-nd/photo.jpg,,,True,103274974609605207152,AE Pool Builders,https://www.google.com/maps/contrib/103274974609605207152,,,,,"https://www.google.com/maps/place/AE+Pool+Builders/@29.9221005,-95.0703571,14z/data=!4m8!1m2!2m1!1sAE+Pool+Builders!3m4!1s0x8640a9e974d80cc7:0x6c28f8c28fb27dda!8m2!3d29.9221005!4d-95.0703571","https://www.google.com/maps/place/AE+Pool+Builders/@29.9221005,-95.0703571,13.99z/data=!4m16!1m7!3m6!1s0x8640a9e974d80cc7:0x6c28f8c28fb27dda!2sAE+Pool+Builders!8m2!3d29.9221005!4d-95.0703571!16s%2Fg%2F11ckvg1dmb!3m7!1s0x8640a9e974d80cc7:0x6c28f8c28fb27dda!8m2!3d29.9221005!4d-95.0703571!9m1!1b1!16s%2Fg%2F11ckvg1dmb?entry=ttu",ChIJxwzYdOmpQIYR2n2yj8L4KGw,0x8640a9e974d80cc7:0x6c28f8c28fb27dda,7793752669682826714,/g/11sv00y7qw,7793752669682826714,,info@aehomerenovations.com,BLACKLISTED,SMTP validated,,,,,,info@mysite.com,RECEIVING,Confirmed,,,,,,,,,,,,,,7137151697,voip,"TWILIO INTERNATIONAL, INC.",,441903947077,fixed line,Gamma Telecom Holdings Ltd,,12816889716,,landline,,https://www.facebook.com/p/AE-Home-Renovations-100069705703355/,,,,,,,,,,,,,,,About Us - AE Home Renovations,All in One SEO Pro (AIOSEO) 4.5.5,"Trust AE Home Services for all your home maintenance needs. Offering comprehensive solutions from fencing, roofing, gutters, concrete and more. We ensure quality service that keeps your home running smoothly. Call us today and experience reliable home care like never before!","home renovation, kitchen renovation, bathroom renovation, roofing, pool installation, fencing",False,False
"swimming pool contractor, 70174, New Orleans, LA, US","A-1 Pools, LLC",A 1 Pools,http://a1poolcompany.com/,Swimming pool contractor,Swimming pool contractor,Swimming pool contractor,+1 318-449-2093,landline,"BANDWIDTH.COM CLEC, LLC - LA",,"234 Airbase Rd, Pollock, LA 71467",None,234 Airbase Rd,Pollock,71467,Louisiana,Louisiana,United States of America,US,31.4609743,-92.4145533,8944410354bffff,America/Chicago,,False,4.5,10.0,https://search.google.com/local/reviews?placeid=ChIJ--W5OSS1OoYRqKVYg47KIGE&q=*&authuser=0&hl=en&gl=US,,,0.0,1.0,1.0,0.0,8.0,2.0,https://streetviewpixels-pa.googleapis.com/v1/thumbnail?panoid=TgQT0Tn8CcmPqXtr8-ILCg&cb_client=search.gws-prod.gps&w=800&h=500&yaw=2.271559&pitch=0&thumbfov=100,https://lh3.googleusercontent.com/p/AF1QipOv1uRkaZpwAYZV3zqBwwA6kY6dp_l0rMv-q0BR=w1600-h1000-k-no,,"{""Sunday"": ""Closed"", ""Monday"": ""8AM-5PM"", ""Tuesday"": ""8AM-5PM"", ""Wednesday"": ""8AM-5PM"", ""Thursday"": ""8AM-5PM"", ""Friday"": ""8AM-5PM"", ""Saturday"": ""9AM-6PM""}","Sunday,|Monday,8AM,5PM|Tuesday,8AM,5PM|Wednesday,8AM,5PM|Thursday,8AM,5PM|Friday,8AM,5PM|Saturday,9AM,6PM",Sunday:Closed|Monday:8AM-5PM|Tuesday:8AM-5PM|Wednesday:8AM-5PM|Thursday:8AM-5PM|Friday:8AM-5PM|Saturday:9AM-6PM,,,OPERATIONAL,{},,,,,,,False,None,"A-1 Pools, LLC",,,,,,"https://www.google.com/maps/place/A-1+Pools%2C+LLC/@31.4609743,-92.4145533,14z/data=!4m8!1m2!2m1!1sA-1+Pools%2C+LLC!3m4!1s0x863ab52439b9e5fb:0x6120ca8e8358a5a8!8m2!3d31.4609743!4d-92.4145533","https://www.google.com/maps/place/A-1+Pools%2C+LLC/@31.4609743,-92.4145533,13.99z/data=!4m16!1m7!3m6!1s0x863ab52439b9e5fb:0x6120ca8e8358a5a8!2sA-1+Pools%2C+LLC!8m2!3d31.4609743!4d-92.4145533!16s%2Fg%2F11ckvg1dmb!3m7!1s0x863ab52439b9e5fb:0x6120ca8e8358a5a8!8m2!3d31.4609743!4d-92.4145533!9m1!1b1!16s%2Fg%2F11ckvg1dmb?entry=ttu",ChIJ--W5OSS1OoYRqKVYg47KIGE,0x863ab52439b9e5fb:0x6120ca8e8358a5a8,6998816534371542440,/g/1tfn3391,6998816534371542440,,nbbond@bellsouth.net,RECEIVING,SMTP validated,,,,,,,,,,,,,,,,,,,,,,3184492093,landline,"BANDWIDTH.COM CLEC, LLC - LA",,,,,,,,,,https://www.facebook.com/A1PoolCompany,,,,,,,,,,,,,,,Pool | Swimming Pool Builder and Installer - Louisiana Licensed & Insured | A 1 Pools,Divi v.4.14.7,"Building Pools in Louisiana for Over 25 Yeas! Service Areas We can build and install inground and above ground pools within 120 miles of Alexandria, La.",,True,False
"swimming pool contractor, 70175, New Orleans, LA, US",Multi Craft Pools llc,Multi Craft Pools,,Swimming pool repair service,Swimming pool repair service,Swimming pool repair service,+1 504-710-9200,mobile,T-Mobile USA Inc.,,"3924 Hillcrest Dr, Marrero, LA 70072",None,3924 Hillcrest Dr,Marrero,70072,Louisiana,Louisiana,United States of America,US,29.8444911,-90.11521599999999,89444652e27ffff,America/Chicago,,False,5.0,4.0,https://search.google.com/local/reviews?placeid=ChIJf-xfmqkMeWER0aBvi-CT32w&q=*&authuser=0&hl=en&gl=US,,,0.0,0.0,0.0,0.0,4.0,2.0,https://streetviewpixels-pa.googleapis.com/v1/thumbnail?panoid=eHE1AIgKO0en8oMzS54ftg&cb_client=search.gws-prod.gps&w=800&h=500&yaw=258.12433&pitch=0&thumbfov=100,https://streetviewpixels-pa.googleapis.com/v1/thumbnail?panoid=eHE1AIgKO0en8oMzS54ftg&cb_client=search.gws-prod.gps&w=1600&h=1000&yaw=258.12433&pitch=0&thumbfov=100,,"{""Sunday"": ""Closed"", ""Monday"": ""7AM-3PM"", ""Tuesday"": ""7AM-3PM"", ""Wednesday"": ""7AM-3PM"", ""Thursday"": ""7AM-3PM"", ""Friday"": ""7AM-3PM"", ""Saturday"": ""Closed""}","Sunday,|Monday,7AM,3PM|Tuesday,7AM,3PM|Wednesday,7AM,3PM|Thursday,7AM,3PM|Friday,7AM,3PM|Saturday,",Sunday:Closed|Monday:7AM-3PM|Tuesday:7AM-3PM|Wednesday:7AM-3PM|Thursday:7AM-3PM|Friday:7AM-3PM|Saturday:Closed,,,OPERATIONAL,{},,,,https://lh5.googleusercontent.com/-aR6T0uTN4hg/AAAAAAAAAAI/AAAAAAAAAAA/rC67KI48PKA/s44-p-k-no-ns-nd/photo.jpg,,,True,104402180355928745593,Multi Craft Pools llc,https://www.google.com/maps/contrib/104402180355928745593,,,,,"https://www.google.com/maps/place/Multi+Craft+Pools+llc/@29.8444911,-90.11521599999999,14z/data=!4m8!1m2!2m1!1sMulti+Craft+Pools+llc!3m4!1s0x61790ca99a5fec7f:0x6cdf93e08b6fa0d1!8m2!3d29.8444911!4d-90.11521599999999","https://www.google.com/maps/place/Multi+Craft+Pools+llc/@29.8444911,-90.11521599999999,13.99z/data=!4m16!1m7!3m6!1s0x61790ca99a5fec7f:0x6cdf93e08b6fa0d1!2sMulti+Craft+Pools+llc!8m2!3d29.8444911!4d-90.11521599999999!16s%2Fg%2F11ckvg1dmb!3m7!1s0x61790ca99a5fec7f:0x6cdf93e08b6fa0d1!8m2!3d29.8444911!4d-90.11521599999999!9m1!1b1!16s%2Fg%2F11ckvg1dmb?entry=ttu",ChIJf-xfmqkMeWER0aBvi-CT32w,0x61790ca99a5fec7f:0x6cdf93e08b6fa0d1,7845151668523999441,/g/11xtrkdlj_,7845151668523999441,,,,,,,,,,,,,,,,,,,,,,,,,,,,,,,,,,,,,,,,,,,,,,,,,,,,,,,,,,
"swimming pool contractor, 70175, New Orleans, LA, US",Pool cleaning after hurricane,Pool Cleaning After Hurricane,https://sites.google.com/view/leaking-detection/home,"Swimming pool repair service, Service establishment",Swimming pool repair service,Swimming pool repair service,+1 504-446-4235,mobile,T-Mobile USA Inc.,,,,,,,,,,,30.937373599999997,-91.40087,8944400c20fffff,America/Chicago,,True,3.0,2.0,https://search.google.com/local/reviews?placeid=ChIJYT14UIxYDwURdiPh51uU_u8&q=*&authuser=0&hl=en&gl=US,,,1.0,0.0,0.0,0.0,1.0,42.0,https://lh3.googleusercontent.com/p/AF1QipPta4iwYgRC-CCRod6eRASEgKylVUewFLxz0ITV=w800-h500-k-no,https://lh3.googleusercontent.com/p/AF1QipPta4iwYgRC-CCRod6eRASEgKylVUewFLxz0ITV=w1600-h1000-k-no,,"{""Sunday"": ""12AM-10PM"", ""Monday"": ""6AM-12AM"", ""Tuesday"": ""Open 24 hours"", ""Wednesday"": ""Open 24 hours"", ""Thursday"": ""Open 24 hours"", ""Friday"": ""Open 24 hours"", ""Saturday"": ""Open 24 hours""}","Sunday,12AM,10PM|Monday,6AM,12AM|Tuesday,Open 24 hours|Wednesday,Open 24 hours|Thursday,Open 24 hours|Friday,Open 24 hours|Saturday,Open 24 hours",Sunday:12AM-10PM|Monday:6AM-12AM|Tuesday:Open 24 hours|Wednesday:Open 24 hours|Thursday:Open 24 hours|Friday:Open 24 hours|Saturday:Open 24 hours,,,OPERATIONAL,{},,,,https://lh4.googleusercontent.com/-uJUUoT18mhE/AAAAAAAAAAI/AAAAAAAAAAA/5ITS5Q_69lI/s44-p-k-no-ns-nd/photo.jpg,,,True,111966489663722981499,Pool cleaning after hurricane,https://www.google.com/maps/contrib/111966489663722981499,,,,,"https://www.google.com/maps/place/Pool+cleaning+after+hurricane/@30.937373599999997,-91.40087,14z/data=!4m8!1m2!2m1!1sPool+cleaning+after+hurricane!3m4!1s0x50f588c50783d61:0xeffe945be7e12376!8m2!3d30.937373599999997!4d-91.40087","https://www.google.com/maps/place/Pool+cleaning+after+hurricane/@30.937373599999997,-91.40087,13.99z/data=!4m16!1m7!3m6!1s0x50f588c50783d61:0xeffe945be7e12376!2sPool+cleaning+after+hurricane!8m2!3d30.937373599999997!4d-91.40087!16s%2Fg%2F11ckvg1dmb!3m7!1s0x50f588c50783d61:0xeffe945be7e12376!8m2!3d30.937373599999997!4d-91.40087!9m1!1b1!16s%2Fg%2F11ckvg1dmb?entry=ttu",ChIJYT14UIxYDwURdiPh51uU_u8,0x50f588c50783d61:0xeffe945be7e12376,17293422741602509686,/g/11vysrjsgy,-1153321332107041930,,h.weiner@4gig.com,INVALID,Invalid SMTP,Howard Weiner,Howard,Weiner,Chief Operating Offr,13127872345,stryba@4gig.com,INVALID,Cannot validate,Steve Tryba,Steve,Tryba,Owner,,tryba@4gig.com,INVALID,Cannot validate,,,,Owner,,19105815540,mobile,CELLCO PARTNERSHIP DBA VERIZON WIRELESS - NC,,9197579321,landline,,,9197634402,,landline,,,,,,,,,,,,,,,,https://www.crunchbase.com/organization/delta-landscapes,Delta landscapes,WordPress 6.0.3,"Premier landscaping services in Nashville, Tennessee. We specialize in creating beautiful and sustainable landscapes for residential and commercial properties.","landscaping, nashville, tennessee",False,False
"swimming pool contractor, 70175, New Orleans, LA, US",Cue and Cushion Billiards,Cue And Cushion Billiards,,Pool hall,Pool hall,Pool hall,+1 504-733-7353,landline,,,"417 Commerce Point, New Orleans, LA 70123",None,417 Commerce Point,New Orleans,70123,Louisiana,Louisiana,United States of America,US,29.9497741,-90.18632769999999,894446540cbffff,America/Chicago,,False,4.5,54.0,https://search.google.com/local/reviews?placeid=ChIJy6JN9V-6IIYRl4Ud14SJc4Y&q=*&authuser=0&hl=en&gl=US,,,2.0,1.0,4.0,8.0,39.0,9.0,https://lh3.googleusercontent.com/p/AF1QipOFLnmI8zH3SLcLdjZW13PwnM1_T0P_AZDzIHal=w800-h500-k-no,https://lh3.googleusercontent.com/p/AF1QipOFLnmI8zH3SLcLdjZW13PwnM1_T0P_AZDzIHal=w1600-h1000-k-no,,"{""Sunday"": ""Closed"", ""Monday"": ""Closed"", ""Tuesday"": ""5PM-12AM"", ""Wednesday"": ""5PM-12AM"", ""Thursday"": ""5PM-12AM"", ""Friday"": ""5PM-12AM"", ""Saturday"": ""5PM-12AM""}","Sunday,|Monday,|Tuesday,5PM,12AM|Wednesday,5PM,12AM|Thursday,5PM,12AM|Friday,5PM,12AM|Saturday,5PM,12AM",Sunday:Closed|Monday:Closed|Tuesday:5PM-12AM|Wednesday:5PM-12AM|Thursday:5PM-12AM|Friday:5PM-12AM|Saturday:5PM-12AM,,,OPERATIONAL,"{""Highlights"": {""Fast service"": true, ""Great beer selection"": true, ""Great cocktails"": true, ""Sports"": true}, ""Accessibility"": {""Wheelchair accessible entrance"": true, ""Wheelchair accessible parking lot"": true, ""Wheelchair accessible restroom"": false}, ""Offerings"": {""Alcohol"": true, ""Beer"": true, ""Cocktails"": true, ""Hard liquor"": true, ""Wine"": true}, ""Dining options"": {""Outside food allowed"": true, ""Table service"": false}, ""Amenities"": {""Bar onsite"": true, ""Restroom"": true}, ""Atmosphere"": {""Casual"": true}, ""Crowd"": {""Groups"": true}, ""Planning"": {""Accepts reservations"": false}, ""Payments"": {""Credit cards"": true, ""Debit cards"": true, ""NFC mobile payments"": true}}",$,,,https://lh4.googleusercontent.com/-vKsHS9nZebk/AAAAAAAAAAI/AAAAAAAAAAA/FQl_MBphA40/s44-p-k-no-ns-nd/photo.jpg,,,True,101033605278252850647,Cue and Cushion Billiards,https://www.google.com/maps/contrib/101033605278252850647,,,,,"https://www.google.com/maps/place/Cue+and+Cushion+Billiards/@29.9497741,-90.18632769999999,14z/data=!4m8!1m2!2m1!1sCue+and+Cushion+Billiards!3m4!1s0x8620ba5ff54da2cb:0x86738984d71d8597!8m2!3d29.9497741!4d-90.18632769999999","https://www.google.com/maps/place/Cue+and+Cushion+Billiards/@29.9497741,-90.18632769999999,13.99z/data=!4m16!1m7!3m6!1s0x8620ba5ff54da2cb:0x86738984d71d8597!2sCue+and+Cushion+Billiards!8m2!3d29.9497741!4d-90.18632769999999!16s%2Fg%2F11ckvg1dmb!3m7!1s0x8620ba5ff54da2cb:0x86738984d71d8597!8m2!3d29.9497741!4d-90.18632769999999!9m1!1b1!16s%2Fg%2F11ckvg1dmb?entry=ttu",ChIJy6JN9V-6IIYRl4Ud14SJc4Y,0x8620ba5ff54da2cb:0x86738984d71d8597,9688238427041793431,/g/1tf9nm9t,-8758505646667758185,,,,,,,,,,,,,,,,,,,,,,,,,,,,,,,,,,,,,,,,,,,,,,,,,,,,,,,,,,
"swimming pool contractor, 70175, New Orleans, LA, US",SCP Distributors LLC,Scp Distributors,http://www.scppool.com/,Swimming pool supply store,Swimming pool supply store,Swimming pool supply store,+1 504-736-5112,fixed line,"INTRADO COMMUNICATIONS, LLC",,"5400 Pepsi St Suites M & P, Elmwood, LA 70123",None,5400 Pepsi St Suites M & P,Elmwood,70123,Louisiana,Louisiana,United States of America,US,29.9507053,-90.18586619999999,89444654053ffff,America/Chicago,,False,4.2,48.0,https://search.google.com/local/reviews?placeid=ChIJ1X77z4q6IIYRJrxqWDKp8lw&q=*&authuser=0&hl=en&gl=US,,,3.0,6.0,1.0,7.0,31.0,7.0,https://lh3.googleusercontent.com/gps-cs-s/AG0ilSzqT3_8Xgf71fFnwjpCaGifcktF5oFHFP2w9LF0i-tsE_xy_2gaLRgonuMK2kTvveseAoluBT93DBaLNNA-_Z9YbABIkzGRMTy_3owsrgC0HnKsD0fZDUhxhl-jMS5bsJLog2vK=w800-h500-k-no,https://lh3.googleusercontent.com/gps-cs-s/AG0ilSzqT3_8Xgf71fFnwjpCaGifcktF5oFHFP2w9LF0i-tsE_xy_2gaLRgonuMK2kTvveseAoluBT93DBaLNNA-_Z9YbABIkzGRMTy_3owsrgC0HnKsD0fZDUhxhl-jMS5bsJLog2vK=w1600-h1000-k-no,,"{""Sunday"": ""Closed"", ""Monday"": ""7AM-5PM"", ""Tuesday"": ""7AM-5PM"", ""Wednesday"": ""7AM-5PM"", ""Thursday"": ""7AM-5PM"", ""Friday"": ""7AM-4:30PM"", ""Saturday"": ""Closed""}","Sunday,|Monday,7AM,5PM|Tuesday,7AM,5PM|Wednesday,7AM,5PM|Thursday,7AM,5PM|Friday,7AM,4:30PM|Saturday,",Sunday:Closed|Monday:7AM-5PM|Tuesday:7AM-5PM|Wednesday:7AM-5PM|Thursday:7AM-5PM|Friday:7AM-4:30PM|Saturday:Closed,,,OPERATIONAL,"{""Service options"": {""Delivery"": true, ""In-store pickup"": true, ""Onsite services"": true}, ""Accessibility"": {""Wheelchair accessible entrance"": true, ""Wheelchair accessible parking lot"": true}, ""Payments"": {""Credit cards"": true, ""Debit cards"": true}}",,,,https://lh5.googleusercontent.com/-h4OAOiaqxVc/AAAAAAAAAAI/AAAAAAAAAAA/JSp0SGoeyNg/s44-p-k-no-ns-nd/photo.jpg,,,True,108840827465304715832,SCP Distributors LLC,https://www.google.com/maps/contrib/108840827465304715832,,,,,"https://www.google.com/maps/place/SCP+Distributors+LLC/@29.9507053,-90.18586619999999,14z/data=!4m8!1m2!2m1!1sSCP+Distributors+LLC!3m4!1s0x8620ba8acffb7ed5:0x5cf2a932586abc26!8m2!3d29.9507053!4d-90.18586619999999","https://www.google.com/maps/place/SCP+Distributors+LLC/@29.9507053,-90.18586619999999,13.99z/data=!4m16!1m7!3m6!1s0x8620ba8acffb7ed5:0x5cf2a932586abc26!2sSCP+Distributors+LLC!8m2!3d29.9507053!4d-90.18586619999999!16s%2Fg%2F11ckvg1dmb!3m7!1s0x8620ba8acffb7ed5:0x5cf2a932586abc26!8m2!3d29.9507053!4d-90.18586619999999!9m1!1b1!16s%2Fg%2F11ckvg1dmb?entry=ttu",ChIJ1X77z4q6IIYRJrxqWDKp8lw,0x8620ba8acffb7ed5:0x5cf2a932586abc26,6697601629550197798,/g/1v2pqktj,6697601629550197798,,6970@SCPPOOL.COM,UNKNOWN,Cannot validate,Diane Chernoske,Diane,Chernoske,,,DIANE.CHERNOSKE@SCPPOOL.COM,RECEIVING,Verified,Diane Chernoske,Diane,Chernoske,,,jayne@pool-nyc.com,INVALID,Undeliverable,Jayne Whitmer,Jayne,Whitmer,Owner,12126271231,18884767665,tollfree,,,15616307737,fixed line,"INTRADO COMMUNICATIONS, LLC",,17036616325,,landline,,https://www.facebook.com/SCPPalmBeachGardensD6/,,https://www.linkedin.com/company/scp-distributors-llc,,,,,,,,,,,,,Home | SCP Distributors,Jekyll v3.9.2,,,False,False
"swimming pool contractor, 70177, New Orleans, LA, US",Andrew P. Sanchez & Copelin-Byrd Multi-Service Center,Andrew P Sanchez And Copelin Byrd Multi Service Center,http://www.nola.gov/nordc/facilities/andrew-p-sanchez/,"Recreation center, Community center",Recreation center,Recreation center,+1 504-658-3059,landline,AT&T Southeast,True,"1616 Fats Domino Ave, New Orleans, LA 70117",Lower Ninth Ward,1616 Fats Domino Ave,New Orleans,70117,Louisiana,Louisiana,United States of America,US,29.967192999999998,-90.0144684,894446431abffff,America/Chicago,,False,4.6,189.0,https://search.google.com/local/reviews?placeid=ChIJZ-1HnOanIIYRH23v3bUssio&q=*&authuser=0&hl=en&gl=US,,,4.0,3.0,7.0,34.0,141.0,109.0,https://lh3.googleusercontent.com/gps-cs-s/AG0ilSzZrWpiU8NzXuZ7Q3tuDg3WI7fD_zRxEcdLTLO-dykTl5H2OD5Z58Op7LqkB_NCBpyLK0WkoDgkBVg1nVgvt8kBa7LQa9yNRhMAC1uZWMreqxOinBqSr6li-t_P3fOhq5IWsMU=w800-h500-k-no,https://lh3.googleusercontent.com/gps-cs-s/AG0ilSzZrWpiU8NzXuZ7Q3tuDg3WI7fD_zRxEcdLTLO-dykTl5H2OD5Z58Op7LqkB_NCBpyLK0WkoDgkBVg1nVgvt8kBa7LQa9yNRhMAC1uZWMreqxOinBqSr6li-t_P3fOhq5IWsMU=w1600-h1000-k-no,,"{""Sunday"": ""Closed"", ""Monday"": ""8AM-8PM"", ""Tuesday"": ""8AM-8PM"", ""Wednesday"": ""8AM-8PM"", ""Thursday"": ""8AM-8PM"", ""Friday"": ""8AM-8PM"", ""Saturday"": ""8AM-2PM""}","Sunday,|Monday,8AM,8PM|Tuesday,8AM,8PM|Wednesday,8AM,8PM|Thursday,8AM,8PM|Friday,8AM,8PM|Saturday,8AM,2PM",Sunday:Closed|Monday:8AM-8PM|Tuesday:8AM-8PM|Wednesday:8AM-8PM|Thursday:8AM-8PM|Friday:8AM-8PM|Saturday:8AM-2PM,,,OPERATIONAL,"{""Accessibility"": {""Wheelchair accessible entrance"": true, ""Wheelchair accessible parking lot"": true}, ""Amenities"": {""Basketball court"": true}}",,,,https://lh3.googleusercontent.com/-7bYWRbwfOtM/AAAAAAAAAAI/AAAAAAAAAAA/oVArWCGfSNc/s44-p-k-no-ns-nd/photo.jpg,,,True,103253938133900735035,Andrew P. Sanchez & Copelin-Byrd Multi-Service Center,https://www.google.com/maps/contrib/103253938133900735035,,,,,"https://www.google.com/maps/place/Andrew+P.+Sanchez+%26+Copelin-Byrd+Multi-Service+Center/@29.967192999999998,-90.0144684,14z/data=!4m8!1m2!2m1!1sAndrew+P.+Sanchez+%26+Copelin-Byrd+Multi-Service+Center!3m4!1s0x8620a7e69c47ed67:0x2ab22cb5ddef6d1f!8m2!3d29.967192999999998!4d-90.0144684","https://www.google.com/maps/place/Andrew+P.+Sanchez+%26+Copelin-Byrd+Multi-Service+Center/@29.967192999999998,-90.0144684,13.99z/data=!4m16!1m7!3m6!1s0x8620a7e69c47ed67:0x2ab22cb5ddef6d1f!2sAndrew+P.+Sanchez+%26+Copelin-Byrd+Multi-Service+Center!8m2!3d29.967192999999998!4d-90.0144684!16s%2Fg%2F11ckvg1dmb!3m7!1s0x8620a7e69c47ed67:0x2ab22cb5ddef6d1f!8m2!3d29.967192999999998!4d-90.0144684!9m1!1b1!16s%2Fg%2F11ckvg1dmb?entry=ttu",ChIJZ-1HnOanIIYRH23v3bUssio,0x8620a7e69c47ed67:0x2ab22cb5ddef6d1f,3076570655071628575,/g/11bccd862y,3076570655071628575,,pjudge@nola.gov,RECEIVING,Confirmed,Patrick Judge,Patrick,Judge,Contract Manager,,rwhisena@norta.com,INVALID,Undeliverable,Rosalie Whisenant,Rosalie,Whisenant,Infection Control Director,,lparker@norta.com,INVALID,Undeliverable,Lou Parker,Lou,Parker,Director Of Clinical Informatics,,5046584000,fixed line,"LEVEL 3 COMMUNICATIONS, LLC - ",,15046586010,landline,,,15046584700,,landline,,https://www.facebook.com/142123175810952,https://www.instagram.com/mayorcantrell,http://www.linkedin.com/company/26650,,,,,,,,https://www.twitter.com/mayorlandrieu,,https://www.youtube.com/channel/UCDRktbuXUhaE6pO-2Hwkvog/,,,Home  - City of New Orleans,,,,False,False
"swimming pool contractor, 70184, New Orleans, LA, US",TY THE POOL GUY,Ty The Pool Guy,https://tythepoolguy.com/,"Pool cleaning service, Service establishment",Pool cleaning service,Pool cleaning service,+1 504-498-5116,mobile,AT&T,True,,,,,,,,,,30.0326605,-89.88256349999999,8944464a367ffff,America/Chicago,,True,,,,,,,,,,,,,,,"{""Sunday"": ""Closed"", ""Monday"": ""7AM-3PM"", ""Tuesday"": ""7AM-3PM"", ""Wednesday"": ""7AM-3PM"", ""Thursday"": ""7AM-2:30PM"", ""Friday"": ""7AM-2:30PM"", ""Saturday"": ""7AM-12PM""}","Sunday,|Monday,7AM,3PM|Tuesday,7AM,3PM|Wednesday,7AM,3PM|Thursday,7AM,2:30PM|Friday,7AM,2:30PM|Saturday,7AM,12PM",Sunday:Closed|Monday:7AM-3PM|Tuesday:7AM-3PM|Wednesday:7AM-3PM|Thursday:7AM-2:30PM|Friday:7AM-2:30PM|Saturday:7AM-12PM,,,OPERATIONAL,{},,,,https://lh4.googleusercontent.com/-EXXgtz2MyVw/AAAAAAAAAAI/AAAAAAAAAAA/-aeT5DYMjmU/s44-p-k-no-ns-nd/photo.jpg,,,True,113510021919698510673,TY THE POOL GUY,https://www.google.com/maps/contrib/113510021919698510673,,,,,"https://www.google.com/maps/place/TY+THE+POOL+GUY/@30.0326605,-89.88256349999999,14z/data=!4m8!1m2!2m1!1sTY+THE+POOL+GUY!3m4!1s0x4961d9fcb5032997:0x558c645e2dec9058!8m2!3d30.0326605!4d-89.88256349999999","https://www.google.com/maps/place/TY+THE+POOL+GUY/@30.0326605,-89.88256349999999,13.99z/data=!4m16!1m7!3m6!1s0x4961d9fcb5032997:0x558c645e2dec9058!2sTY+THE+POOL+GUY!8m2!3d30.0326605!4d-89.88256349999999!16s%2Fg%2F11ckvg1dmb!3m7!1s0x4961d9fcb5032997:0x558c645e2dec9058!8m2!3d30.0326605!4d-89.88256349999999!9m1!1b1!16s%2Fg%2F11ckvg1dmb?entry=ttu",ChIJlykDtfzZYUkRWJDsLV5kjFU,0x4961d9fcb5032997:0x558c645e2dec9058,6164412345623547992,/g/11xfsz615z,None,,,,,,,,,,,,,,,,,,,,,,,,,,,,,,,,,,,,,,,,,,,,,,,,,,,,,,,,,,
"swimming pool contractor, 70186, New Orleans, LA, US",Sparkle Pools,Sparkle Pools,http://www.sparklepoolsnola.com/,Pool cleaning service,Pool cleaning service,Pool cleaning service,+1 504-889-3733,landline,,,"900 Dakin St, New Orleans, LA 70121",None,900 Dakin St,New Orleans,70121,Louisiana,Louisiana,United States of America,US,29.9613032,-90.13452559999999,89444655037ffff,America/Chicago,,False,5.0,2.0,https://search.google.com/local/reviews?placeid=ChIJDctLFkOlIIYRlY2bHbs5Ebk&q=*&authuser=0&hl=en&gl=US,,,0.0,0.0,0.0,0.0,2.0,1.0,https://streetviewpixels-pa.googleapis.com/v1/thumbnail?panoid=l9NAsklbR2dUr2DZErC2MA&cb_client=search.gws-prod.gps&w=800&h=500&yaw=297.3151&pitch=0&thumbfov=100,https://streetviewpixels-pa.googleapis.com/v1/thumbnail?panoid=l9NAsklbR2dUr2DZErC2MA&cb_client=search.gws-prod.gps&w=1600&h=1000&yaw=297.3151&pitch=0&thumbfov=100,,,,,,,OPERATIONAL,{},,,,https://lh3.googleusercontent.com/-U3FpNC_fRbE/AAAAAAAAAAI/AAAAAAAAAAA/JEZyCLyuDsU/s44-p-k-no-ns-nd/photo.jpg,,,True,103832654740588901272,Sparkle Pools,https://www.google.com/maps/contrib/103832654740588901272,,,,,"https://www.google.com/maps/place/Sparkle+Pools/@29.9613032,-90.13452559999999,14z/data=!4m8!1m2!2m1!1sSparkle+Pools!3m4!1s0x8620a543164bcb0d:0xb91139bb1d9b8d95!8m2!3d29.9613032!4d-90.13452559999999","https://www.google.com/maps/place/Sparkle+Pools/@29.9613032,-90.13452559999999,13.99z/data=!4m16!1m7!3m6!1s0x8620a543164bcb0d:0xb91139bb1d9b8d95!2sSparkle+Pools!8m2!3d29.9613032!4d-90.13452559999999!16s%2Fg%2F11ckvg1dmb!3m7!1s0x8620a543164bcb0d:0xb91139bb1d9b8d95!8m2!3d29.9613032!4d-90.13452559999999!9m1!1b1!16s%2Fg%2F11ckvg1dmb?entry=ttu",ChIJDctLFkOlIIYRlY2bHbs5Ebk,0x8620a543164bcb0d:0xb91139bb1d9b8d95,13335503447439150485,/g/1tht1tg1,-5111240626270401131,,,,,,,,,,,,,,,,,,,,,,,,,,,,,,,,,,,,,,,,,,,,,,,,,,,,,"About Us | New Orleans, LA | Sparkle Pools",Wix.com Website Builder,Learn why Sparkle Pools has been the leading Pool Maintenance Service in the New Orleans are for 20+ years.,"pool cleaning, pool maintenance, pool service, swimming pools new orleans, pool service metairie, pool cleaners",False,False
"pool cleaning service, 70112, New Orleans, LA, US",Octopools,Octopools,http://nolaoctopools.com/,Pool cleaning service,Pool cleaning service,Pool cleaning service,+1 504-641-2235,mobile,T-Mobile USA Inc.,,"818 Allo Ave, Marrero, LA 70072",None,818 Allo Ave,Marrero,70072,Louisiana,Louisiana,United States of America,US,29.8967919,-90.0925979,89444650813ffff,America/Chicago,,False,5.0,22.0,https://search.google.com/local/reviews?placeid=ChIJUUWCMLGlIIYRCpaGOn4N7j8&q=*&authuser=0&hl=en&gl=US,,,0.0,0.0,0.0,0.0,22.0,26.0,https://lh3.googleusercontent.com/p/AF1QipN4_a8uptMPgg-IcqaRuCq6fSXL8vV6CLpgAZcv=w800-h500-k-no,https://lh3.googleusercontent.com/p/AF1QipN4_a8uptMPgg-IcqaRuCq6fSXL8vV6CLpgAZcv=w1600-h1000-k-no,,"{""Sunday"": ""Closed"", ""Monday"": ""8AM-7PM"", ""Tuesday"": ""8AM-7PM"", ""Wednesday"": ""8AM-7PM"", ""Thursday"": ""8AM-7PM"", ""Friday"": ""8AM-7PM"", ""Saturday"": ""Closed""}","Sunday,|Monday,8AM,7PM|Tuesday,8AM,7PM|Wednesday,8AM,7PM|Thursday,8AM,7PM|Friday,8AM,7PM|Saturday,",Sunday:Closed|Monday:8AM-7PM|Tuesday:8AM-7PM|Wednesday:8AM-7PM|Thursday:8AM-7PM|Friday:8AM-7PM|Saturday:Closed,,,OPERATIONAL,{},,,,https://lh6.googleusercontent.com/-8uxafgNTEno/AAAAAAAAAAI/AAAAAAAAAAA/4gVv6Obn7a4/s44-p-k-no-ns-nd/photo.jpg,,,True,102018948753998392644,Octopools,https://www.google.com/maps/contrib/102018948753998392644,,,,,"https://www.google.com/maps/place/Octopools/@29.8967919,-90.0925979,14z/data=!4m8!1m2!2m1!1sOctopools!3m4!1s0x8620a5b130824551:0x3fee0d7e3a86960a!8m2!3d29.8967919!4d-90.0925979","https://www.google.com/maps/place/Octopools/@29.8967919,-90.0925979,13.99z/data=!4m16!1m7!3m6!1s0x8620a5b130824551:0x3fee0d7e3a86960a!2sOctopools!8m2!3d29.8967919!4d-90.0925979!16s%2Fg%2F11ckvg1dmb!3m7!1s0x8620a5b130824551:0x3fee0d7e3a86960a!8m2!3d29.8967919!4d-90.0925979!9m1!1b1!16s%2Fg%2F11ckvg1dmb?entry=ttu",ChIJUUWCMLGlIIYRCpaGOn4N7j8,0x8620a5b130824551:0x3fee0d7e3a86960a,4606634304645535242,/g/11sr09w5fs,4606634304645535242,,nolaoctopools@gmail.com,RECEIVING,SMTP validated,,,,,,,,,,,,,,,,,,,,,,15046412235,mobile,T-Mobile USA Inc.,,,,,,,,,,,https://www.instagram.com/squarespace,,,,,,,,,https://twitter.com/squarespace,,,,,OCTOPOOLS,,Use this space to add a brief description of your project.,,False,False
"pool cleaning service, 70112, New Orleans, LA, US",Tortuga Pool Services,Tortuga Pool Services,http://tortuganolapools.com/,"Pool cleaning service, Service establishment",Pool cleaning service,Pool cleaning service,+1 504-473-4384,mobile,,,,,,,,,,,,30.027376999999998,-89.931339,8944464ac8fffff,America/Chicago,,True,4.7,13.0,https://search.google.com/local/reviews?placeid=ChIJcfTlihMK6AoRonduktVHfHw&q=*&authuser=0&hl=en&gl=US,,,1.0,0.0,0.0,0.0,12.0,5.0,https://lh3.googleusercontent.com/p/AF1QipO8Xc_ry0RuXwoVdr1DiEcWwoiiB75V1CTGpg6r=w800-h500-k-no,https://lh3.googleusercontent.com/p/AF1QipO8Xc_ry0RuXwoVdr1DiEcWwoiiB75V1CTGpg6r=w1600-h1000-k-no,,"{""Sunday"": ""Closed"", ""Monday"": ""7AM-5PM"", ""Tuesday"": ""7AM-5PM"", ""Wednesday"": ""7AM-5PM"", ""Thursday"": ""7AM-5PM"", ""Friday"": ""7AM-5PM"", ""Saturday"": ""Closed""}","Sunday,|Monday,7AM,5PM|Tuesday,7AM,5PM|Wednesday,7AM,5PM|Thursday,7AM,5PM|Friday,7AM,5PM|Saturday,",Sunday:Closed|Monday:7AM-5PM|Tuesday:7AM-5PM|Wednesday:7AM-5PM|Thursday:7AM-5PM|Friday:7AM-5PM|Saturday:Closed,,,OPERATIONAL,{},,,,https://lh3.googleusercontent.com/-pJ4hrtSit6E/AAAAAAAAAAI/AAAAAAAAAAA/swIBDJrDnkU/s44-p-k-no-ns-nd/photo.jpg,,,True,100428545111580762916,Tortuga Pool Services,https://www.google.com/maps/contrib/100428545111580762916,,,,,"https://www.google.com/maps/place/Tortuga+Pool+Services/@30.027376999999998,-89.931339,14z/data=!4m8!1m2!2m1!1sTortuga+Pool+Services!3m4!1s0xae80a138ae5f471:0x7c7c47d5926e77a2!8m2!3d30.027376999999998!4d-89.931339","https://www.google.com/maps/place/Tortuga+Pool+Services/@30.027376999999998,-89.931339,13.99z/data=!4m16!1m7!3m6!1s0xae80a138ae5f471:0x7c7c47d5926e77a2!2sTortuga+Pool+Services!8m2!3d30.027376999999998!4d-89.931339!16s%2Fg%2F11ckvg1dmb!3m7!1s0xae80a138ae5f471:0x7c7c47d5926e77a2!8m2!3d30.027376999999998!4d-89.931339!9m1!1b1!16s%2Fg%2F11ckvg1dmb?entry=ttu",ChIJcfTlihMK6AoRonduktVHfHw,0xae80a138ae5f471:0x7c7c47d5926e77a2,8970123540425504674,/g/11lp1yffxh,8970123540425504674,,,,,,,,,,,,,,,,,,,,,,,,,,,,,,,,,,,,,,,,,,,,,,,,,,,,,Tortuga Pool Services | New Orleans Pool Cleaning Services Near You,,"Tortuga Pool Services New Orleans prides themselves on delivering top-notch pool cleaning and maintenance services that exceed industry standards. Their mission is to ensure that your pool is not only clean but also safe and inviting, providing you with a hassle-free and enjoyable swimming experience.",,False,False
"pool cleaning service, 70112, New Orleans, LA, US",JAW'S Pool Services,Jaws Pool Services,https://www.jawspoolservices.com/,"Pool cleaning service, Service establishment",Pool cleaning service,Pool cleaning service,+1 504-756-5753,mobile,"NEW CINGULAR WIRELESS PCS, LLC",,,,,,,,,,,29.8186066,-89.7529388,8944732c32bffff,America/Chicago,,True,4.9,71.0,https://search.google.com/local/reviews?placeid=ChIJ9e-DvLmxIIYR_XU4iUf_5BA&q=*&authuser=0&hl=en&gl=US,,,0.0,1.0,1.0,1.0,68.0,38.0,https://lh3.googleusercontent.com/p/AF1QipM7Ay-y366ovXHmxQUnBV4_NVw6fQmv_sZYP_Q8=w800-h500-k-no,https://lh3.googleusercontent.com/p/AF1QipM7Ay-y366ovXHmxQUnBV4_NVw6fQmv_sZYP_Q8=w1600-h1000-k-no,,"{""Sunday"": ""Closed"", ""Monday"": ""9AM-4PM"", ""Tuesday"": ""9AM-4PM"", ""Wednesday"": ""9AM-4PM"", ""Thursday"": ""9AM-4PM"", ""Friday"": ""9AM-4PM"", ""Saturday"": ""Closed""}","Sunday,|Monday,9AM,4PM|Tuesday,9AM,4PM|Wednesday,9AM,4PM|Thursday,9AM,4PM|Friday,9AM,4PM|Saturday,",Sunday:Closed|Monday:9AM-4PM|Tuesday:9AM-4PM|Wednesday:9AM-4PM|Thursday:9AM-4PM|Friday:9AM-4PM|Saturday:Closed,,,OPERATIONAL,"{""Service options"": {""Online estimates"": false}}",,,,https://lh4.googleusercontent.com/-RuvuyKeEFek/AAAAAAAAAAI/AAAAAAAAAAA/56EoRJibVMg/s44-p-k-no-ns-nd/photo.jpg,,,True,108531774430902773345,JAW'S Pool Services,https://www.google.com/maps/contrib/108531774430902773345,,,,,"https://www.google.com/maps/place/JAW%27S+Pool+Services/@29.8186066,-89.7529388,14z/data=!4m8!1m2!2m1!1sJAW%27S+Pool+Services!3m4!1s0x8620b1b9bc83eff5:0x10e4ff47893875fd!8m2!3d29.8186066!4d-89.7529388","https://www.google.com/maps/place/JAW%27S+Pool+Services/@29.8186066,-89.7529388,13.99z/data=!4m16!1m7!3m6!1s0x8620b1b9bc83eff5:0x10e4ff47893875fd!2sJAW%27S+Pool+Services!8m2!3d29.8186066!4d-89.7529388!16s%2Fg%2F11ckvg1dmb!3m7!1s0x8620b1b9bc83eff5:0x10e4ff47893875fd!8m2!3d29.8186066!4d-89.7529388!9m1!1b1!16s%2Fg%2F11ckvg1dmb?entry=ttu",ChIJ9e-DvLmxIIYR_XU4iUf_5BA,0x8620b1b9bc83eff5:0x10e4ff47893875fd,1217378482006816253,/g/11l_h0r9dr,1217378482006816253,,,,,,,,,,,,,,,,,,,,,,,,,,15047565753,mobile,"NEW CINGULAR WIRELESS PCS, LLC",,,,,,,,,,,,,,,,,,,,,,,,,Jaw's Pool Service | Complete Pool & Spa Care!,Divi v.4.27.4,,,False,False
"pool cleaning service, 70112, New Orleans, LA, US",Who Dat Pool Service LLC,Who Dat Pool Service,http://whodatpoolservice.com/,"Pool cleaning service, Service establishment",Pool cleaning service,Pool cleaning service,+1 504-408-9231,mobile,"VOICESTREAM GSM I, LLC",,,,,,,,,,,30.13536,-89.9526745,8944464f33bffff,America/Chicago,,True,5.0,26.0,https://search.google.com/local/reviews?placeid=ChIJta1DB8H5nYgRwfJwbYpzev0&q=*&authuser=0&hl=en&gl=US,,,0.0,0.0,0.0,0.0,26.0,3.0,https://lh3.googleusercontent.com/gps-cs-s/AG0ilSyZ2o0FH7mDb76CF_wQKfGM4NCRX8dZFJD59Vyg2-ymVrRC-YSGawhievj2aHLjmJp0fN3DNfC5ZK4TyWVHIa2hZ18Rn1mjTx9gEkf8Z04LZpNrKgyVm5u-sEfhEhpQYaVo1xceRw=w800-h500-k-no,https://lh3.googleusercontent.com/gps-cs-s/AG0ilSyZ2o0FH7mDb76CF_wQKfGM4NCRX8dZFJD59Vyg2-ymVrRC-YSGawhievj2aHLjmJp0fN3DNfC5ZK4TyWVHIa2hZ18Rn1mjTx9gEkf8Z04LZpNrKgyVm5u-sEfhEhpQYaVo1xceRw=w1600-h1000-k-no,,"{""Sunday"": ""Closed"", ""Monday"": ""8AM-5PM"", ""Tuesday"": ""8AM-5PM"", ""Wednesday"": ""8AM-5PM"", ""Thursday"": ""8AM-5PM"", ""Friday"": ""8AM-5PM"", ""Saturday"": ""Closed""}","Sunday,|Monday,8AM,5PM|Tuesday,8AM,5PM|Wednesday,8AM,5PM|Thursday,8AM,5PM|Friday,8AM,5PM|Saturday,",Sunday:Closed|Monday:8AM-5PM|Tuesday:8AM-5PM|Wednesday:8AM-5PM|Thursday:8AM-5PM|Friday:8AM-5PM|Saturday:Closed,,,OPERATIONAL,{},,,,https://lh6.googleusercontent.com/-tHdfYShBtRI/AAAAAAAAAAI/AAAAAAAAAAA/ceibpsFexi8/s44-p-k-no-ns-nd/photo.jpg,,,True,107879569242221584924,Who Dat Pool Service LLC,https://www.google.com/maps/contrib/107879569242221584924,,,,,"https://www.google.com/maps/place/Who+Dat+Pool+Service+LLC/@30.13536,-89.9526745,14z/data=!4m8!1m2!2m1!1sWho+Dat+Pool+Service+LLC!3m4!1s0x889df9c10743adb5:0xfd7a738a6d70f2c1!8m2!3d30.13536!4d-89.9526745","https://www.google.com/maps/place/Who+Dat+Pool+Service+LLC/@30.13536,-89.9526745,13.99z/data=!4m16!1m7!3m6!1s0x889df9c10743adb5:0xfd7a738a6d70f2c1!2sWho+Dat+Pool+Service+LLC!8m2!3d30.13536!4d-89.9526745!16s%2Fg%2F11ckvg1dmb!3m7!1s0x889df9c10743adb5:0xfd7a738a6d70f2c1!8m2!3d30.13536!4d-89.9526745!9m1!1b1!16s%2Fg%2F11ckvg1dmb?entry=ttu",ChIJta1DB8H5nYgRwfJwbYpzev0,0x889df9c10743adb5:0xfd7a738a6d70f2c1,18265038277133267649,/g/11fkf82zqs,-181705796576283967,,whodatpoolservice@gmail.com,RECEIVING,SMTP validated,,,,,,,,,,,,,,,,,,,,,,,,,,,,,,,,,,,,,,,,,,,,,,,,,"Home | Who Dat Pool Service, LLC | pool cleaning | New Orleans | pools",Wix.com Website Builder,"Who Dat Pool Service is locally owned and operated.  We specalize in weekly pool maintenance and repairs.  One time cleans,  initial cleanup of green pools, weekly service, and repairs.","LLC. Where we strive to make your experience more personalized and as seamless as possible. We specializenbspin cleaning, and repairs to your backyard oasis.br br *Servicing, maintaining, ￿￾pspan stylefont-weightboldWelcome to Who Dat Pool Service",False,False
"pool cleaning service, 70113, New Orleans, LA, US",WaterDog Pools & Leak Detection,Waterdog Pools And Leak Detection,http://waterdogpools.com/,Pool cleaning service,Pool cleaning service,Pool cleaning service,+1 504-756-6360,mobile,"NEW CINGULAR WIRELESS PCS, LLC - GA",,"521 Maple Ave, Harvey, LA 70058",None,521 Maple Ave,Harvey,70058,Louisiana,Louisiana,United States of America,US,29.907733699999998,-90.0739772,89444650aabffff,America/Chicago,,False,4.9,80.0,https://search.google.com/local/reviews?placeid=ChIJ061iMp6mIIYRgqlVctz31Ak&q=*&authuser=0&hl=en&gl=US,,,1.0,1.0,0.0,0.0,78.0,103.0,https://lh3.googleusercontent.com/p/AF1QipOjblYf5WDNFLrzJoYZdD0GMx-VxGLwl6cBtehs=w800-h500-k-no,https://lh3.googleusercontent.com/p/AF1QipOjblYf5WDNFLrzJoYZdD0GMx-VxGLwl6cBtehs=w1600-h1000-k-no,,"{""Sunday"": ""8AM-8PM"", ""Monday"": ""8AM-8PM"", ""Tuesday"": ""8AM-8PM"", ""Wednesday"": ""8AM-8PM"", ""Thursday"": ""8AM-8PM"", ""Friday"": ""8AM-8PM"", ""Saturday"": ""8AM-8PM""}","Sunday,8AM,8PM|Monday,8AM,8PM|Tuesday,8AM,8PM|Wednesday,8AM,8PM|Thursday,8AM,8PM|Friday,8AM,8PM|Saturday,8AM,8PM",Sunday:8AM-8PM|Monday:8AM-8PM|Tuesday:8AM-8PM|Wednesday:8AM-8PM|Thursday:8AM-8PM|Friday:8AM-8PM|Saturday:8AM-8PM,,,OPERATIONAL,{},,,,https://lh5.googleusercontent.com/-kn61pLttaHc/AAAAAAAAAAI/AAAAAAAAAAA/-zHvIwhl87g/s44-p-k-no-ns-nd/photo.jpg,,,True,105399530097736025085,WaterDog Pools & Leak Detection,https://www.google.com/maps/contrib/105399530097736025085,,,,,"https://www.google.com/maps/place/WaterDog+Pools+%26+Leak+Detection/@29.907733699999998,-90.0739772,14z/data=!4m8!1m2!2m1!1sWaterDog+Pools+%26+Leak+Detection!3m4!1s0x8620a69e3262add3:0x9d4f7dc7255a982!8m2!3d29.907733699999998!4d-90.0739772","https://www.google.com/maps/place/WaterDog+Pools+%26+Leak+Detection/@29.907733699999998,-90.0739772,13.99z/data=!4m16!1m7!3m6!1s0x8620a69e3262add3:0x9d4f7dc7255a982!2sWaterDog+Pools+%26+Leak+Detection!8m2!3d29.907733699999998!4d-90.0739772!16s%2Fg%2F11ckvg1dmb!3m7!1s0x8620a69e3262add3:0x9d4f7dc7255a982!8m2!3d29.907733699999998!4d-90.0739772!9m1!1b1!16s%2Fg%2F11ckvg1dmb?entry=ttu",ChIJ061iMp6mIIYRgqlVctz31Ak,0x8620a69e3262add3:0x9d4f7dc7255a982,708463567587092866,/g/11c1xfqbn5,708463567587092866,,wdpools@yahoo.com,RECEIVING,SMTP validated,,,,,,,,,,,,,,,,,,,,,,,,,,,,,,,,,,,,,,,,,,,,,,,,,About — Waterdog Pools,,Here’s a gallery of pics of some of the pools we service.,,False,False
"pool cleaning service, 70113, New Orleans, LA, US",Nola Pools of Chalmette,Nola Pools Of Chalmette,https://chalmettepoolcleaner.com/,Pool cleaning service,Pool cleaning service,Pool cleaning service,+1 504-384-7912,landline,,,"8307 Lafitte Ct B, Chalmette, LA 70043",None,8307 Lafitte Ct B,Chalmette,70043,Louisiana,Louisiana,United States of America,US,29.953047599999998,-89.9807246,8944464304fffff,America/Chicago,,False,5.0,7.0,https://search.google.com/local/reviews?placeid=ChIJrbED9PAdnogRIBF1z8krzW8&q=*&authuser=0&hl=en&gl=US,,,0.0,0.0,0.0,0.0,7.0,70.0,https://lh3.googleusercontent.com/p/AF1QipOS1uV04tks1Yc2Ixz-nxVd5rK1qYexO9VQo18=w800-h500-k-no,https://lh3.googleusercontent.com/p/AF1QipOS1uV04tks1Yc2Ixz-nxVd5rK1qYexO9VQo18=w1600-h1000-k-no,,"{""Sunday"": ""Closed"", ""Monday"": ""8AM-5PM"", ""Tuesday"": ""8AM-5PM"", ""Wednesday"": ""8AM-5PM"", ""Thursday"": ""8AM-5PM"", ""Friday"": ""8AM-5PM"", ""Saturday"": ""Closed""}","Sunday,|Monday,8AM,5PM|Tuesday,8AM,5PM|Wednesday,8AM,5PM|Thursday,8AM,5PM|Friday,8AM,5PM|Saturday,",Sunday:Closed|Monday:8AM-5PM|Tuesday:8AM-5PM|Wednesday:8AM-5PM|Thursday:8AM-5PM|Friday:8AM-5PM|Saturday:Closed,,,OPERATIONAL,"{""Service options"": {""Online estimates"": false, ""Onsite services"": false}, ""Accessibility"": {""Wheelchair accessible parking lot"": true, ""Wheelchair accessible restroom"": false, ""Wheelchair accessible seating"": false}, ""Crowd"": {""LGBTQ+ friendly"": true, ""Transgender safespace"": true}, ""Other"": {""LGBTQ+ friendly"": true}}",,,,https://lh6.googleusercontent.com/-9pGAIczQamQ/AAAAAAAAAAI/AAAAAAAAAAA/fhMd5UHx8kc/s44-p-k-no-ns-nd/photo.jpg,,,True,104372344372872246669,Nola Pools of Chalmette,https://www.google.com/maps/contrib/104372344372872246669,,,,,"https://www.google.com/maps/place/Nola+Pools+of+Chalmette/@29.953047599999998,-89.9807246,14z/data=!4m8!1m2!2m1!1sNola+Pools+of+Chalmette!3m4!1s0x889e1df0f403b1ad:0x6fcd2bc9cf751120!8m2!3d29.953047599999998!4d-89.9807246","https://www.google.com/maps/place/Nola+Pools+of+Chalmette/@29.953047599999998,-89.9807246,13.99z/data=!4m16!1m7!3m6!1s0x889e1df0f403b1ad:0x6fcd2bc9cf751120!2sNola+Pools+of+Chalmette!8m2!3d29.953047599999998!4d-89.9807246!16s%2Fg%2F11ckvg1dmb!3m7!1s0x889e1df0f403b1ad:0x6fcd2bc9cf751120!8m2!3d29.953047599999998!4d-89.9807246!9m1!1b1!16s%2Fg%2F11ckvg1dmb?entry=ttu",ChIJrbED9PAdnogRIBF1z8krzW8,0x889e1df0f403b1ad:0x6fcd2bc9cf751120,8056143454204662048,/g/11k3q60ymk,8056143454204662048,,jarrettmiller2422@gmail.com,RECEIVING,SMTP validated,,,,,,,,,,,,,,,,,,,,,,5043847912,landline,,,543847912,mobile,,,,,,,https://www.facebook.com/Chases-Tree-Pros-108075034843653/,,,,,,,,,,,,,,,Chemical Balancing - Chalmette Pool Cleaner,Divi v.4.20.4,Are you looking for a reliable and affordable pool cleaning and chemical balancing service in Chalmette? Look no further than Nola Pool Cleaning! We offer,,False,False
"pool cleaning service, 70113, New Orleans, LA, US",ProClean Services,Proclean Services,https://procleannola.net/,"House cleaning service, Dryer vent cleaning service, Service establishment, Gutter cleaning service, Pressure washing service, Window cleaning service",Pressure washing service,House cleaning service,+1 504-547-6854,landline,,,,,,,,,,,,30.186631,-89.9526745,8944464dc53ffff,America/Chicago,,True,5.0,401.0,https://search.google.com/local/reviews?placeid=ChIJ0fpfVVqmIIYRt23dEoBOCMM&q=*&authuser=0&hl=en&gl=US,,,3.0,0.0,0.0,4.0,394.0,584.0,https://lh3.googleusercontent.com/p/AF1QipN0T1a4zwohoxKMKkd3t0rLJLGjzGE3jTeCywu9=w800-h500-k-no,https://lh3.googleusercontent.com/p/AF1QipN0T1a4zwohoxKMKkd3t0rLJLGjzGE3jTeCywu9=w1600-h1000-k-no,,"{""Sunday"": ""Closed"", ""Monday"": ""8AM-6PM"", ""Tuesday"": ""8AM-6PM"", ""Wednesday"": ""8AM-6PM"", ""Thursday"": ""8AM-6PM"", ""Friday"": ""8AM-6PM"", ""Saturday"": ""Closed""}","Sunday,|Monday,8AM,6PM|Tuesday,8AM,6PM|Wednesday,8AM,6PM|Thursday,8AM,6PM|Friday,8AM,6PM|Saturday,",Sunday:Closed|Monday:8AM-6PM|Tuesday:8AM-6PM|Wednesday:8AM-6PM|Thursday:8AM-6PM|Friday:8AM-6PM|Saturday:Closed,,,OPERATIONAL,"{""Service options"": {""Online estimates"": true}}",,,,https://lh4.googleusercontent.com/-OEXkQbsS33o/AAAAAAAAAAI/AAAAAAAAAAA/NJnTYVnAk10/s44-p-k-no-ns-nd/photo.jpg,,,True,103749048206699388203,ProClean Services,https://www.google.com/maps/contrib/103749048206699388203,,https://procleannola.net/contact-us/,,https://procleannola.net/contact-us/,"https://www.google.com/maps/place/ProClean+Services/@30.186631,-89.9526745,14z/data=!4m8!1m2!2m1!1sProClean+Services!3m4!1s0x8620a65a555ffad1:0xc3084e8012dd6db7!8m2!3d30.186631!4d-89.9526745","https://www.google.com/maps/place/ProClean+Services/@30.186631,-89.9526745,13.99z/data=!4m16!1m7!3m6!1s0x8620a65a555ffad1:0xc3084e8012dd6db7!2sProClean+Services!8m2!3d30.186631!4d-89.9526745!16s%2Fg%2F11ckvg1dmb!3m7!1s0x8620a65a555ffad1:0xc3084e8012dd6db7!8m2!3d30.186631!4d-89.9526745!9m1!1b1!16s%2Fg%2F11ckvg1dmb?entry=ttu",ChIJ0fpfVVqmIIYRt23dEoBOCMM,0x8620a65a555ffad1:0xc3084e8012dd6db7,14053568949188914615,/g/1hhxc5lg7,-4393175124520637001,,proclean4313@yahoo.com,RECEIVING,SMTP validated,,,,,,proclean4313@yahoo.com,RECEIVING,SMTP validated,,,,,,proclean4313@yahoo.com,RECEIVING,SMTP validated,,,,,,5046164313,mobile,"NEW CINGULAR WIRELESS PCS, LLC - GA",,5046164313,mobile,"NEW CINGULAR WIRELESS PCS, LLC - GA",,5046164313,"NEW CINGULAR WIRELESS PCS, LLC - GA",mobile,,https://www.facebook.com/ProCleanServicesLA/,https://www.instagram.com/explore,https://www.linkedin.com/company/proclean-services-louisiana,,,,,,,,https://twitter.com/wordpress,,,,,Pressure Washing Service in New Orleans - ProClean Services,WordPress 6.1.1,ProClean Services is the NOLA's top-choice for Pressure Washing. Residential Cleaning & Commercial Cleaning • Call us today • 504-616-4313,,False,False
"pool cleaning service, 70113, New Orleans, LA, US",PoolReady SE Louisiana,Poolready Se Louisiana,https://www.poolready.com/,"Pool cleaning service, Service establishment",Pool cleaning service,Pool cleaning service,+1 985-205-1513,mobile,CELLCO PARTNERSHIP DBA VERIZON WIRELESS - LA,,,,,,,,,,,30.0326605,-89.88256349999999,8944464a367ffff,America/Chicago,,True,5.0,9.0,https://search.google.com/local/reviews?placeid=ChIJ2_OPeGYVTiYR60hjWSn2omw&q=*&authuser=0&hl=en&gl=US,,,0.0,0.0,0.0,0.0,9.0,11.0,https://lh3.googleusercontent.com/p/AF1QipNSfcAJ_9ICNL8TbqE2zLNjRTo5bWCl4KbckUY=w800-h500-k-no,https://lh3.googleusercontent.com/p/AF1QipNSfcAJ_9ICNL8TbqE2zLNjRTo5bWCl4KbckUY=w1600-h1000-k-no,,"{""Sunday"": ""Closed"", ""Monday"": ""8AM-6PM"", ""Tuesday"": ""8AM-6PM"", ""Wednesday"": ""8AM-6PM"", ""Thursday"": ""8AM-6PM"", ""Friday"": ""8AM-6:30PM"", ""Saturday"": ""Closed""}","Sunday,|Monday,8AM,6PM|Tuesday,8AM,6PM|Wednesday,8AM,6PM|Thursday,8AM,6PM|Friday,8AM,6:30PM|Saturday,",Sunday:Closed|Monday:8AM-6PM|Tuesday:8AM-6PM|Wednesday:8AM-6PM|Thursday:8AM-6PM|Friday:8AM-6:30PM|Saturday:Closed,,,OPERATIONAL,{},,,,https://lh6.googleusercontent.com/-v-KsRi_LoV0/AAAAAAAAAAI/AAAAAAAAAAA/3AZQ1BmODag/s44-p-k-no-ns-nd/photo.jpg,,,True,101567345703628041085,PoolReady SE Louisiana,https://www.google.com/maps/contrib/101567345703628041085,,,,,"https://www.google.com/maps/place/PoolReady+SE+Louisiana/@30.0326605,-89.88256349999999,14z/data=!4m8!1m2!2m1!1sPoolReady+SE+Louisiana!3m4!1s0x264e1566788ff3db:0x6ca2f629596348eb!8m2!3d30.0326605!4d-89.88256349999999","https://www.google.com/maps/place/PoolReady+SE+Louisiana/@30.0326605,-89.88256349999999,13.99z/data=!4m16!1m7!3m6!1s0x264e1566788ff3db:0x6ca2f629596348eb!2sPoolReady+SE+Louisiana!8m2!3d30.0326605!4d-89.88256349999999!16s%2Fg%2F11ckvg1dmb!3m7!1s0x264e1566788ff3db:0x6ca2f629596348eb!8m2!3d30.0326605!4d-89.88256349999999!9m1!1b1!16s%2Fg%2F11ckvg1dmb?entry=ttu",ChIJ2_OPeGYVTiYR60hjWSn2omw,0x264e1566788ff3db:0x6ca2f629596348eb,7828089759777114347,/g/11vf7v_w3p,7828089759777114347,,louisville@poolready.com,RECEIVING,SMTP validated,,,,,,rick@hometownbrands.com,RECEIVING,Verified,,,,,,sanantonionw@poolready.com,RECEIVING,Verified,,,,,,18334766573,toll_free,,,13372053088,landline,,,,,,,,,,,,,,,,,,,,,,"Pool Cleaning & Repair Services in Baldwin County, AL | PoolReady",Wix.com Website Builder,"PoolReady Baldwin County provides expert pool cleaning, equipment repair, and seasonal maintenance to keep your pool crystal clear year-round.",,False,False
"pool cleaning service, 70113, New Orleans, LA, US",Absolute Landscaping,Absolute Landscaping,http://absolutenola.com/,"Landscaper, Drainage service, Fence contractor, Gardener, Gutter cleaning service, Lawn care service, Lawn sprinkler system contractor, Pest control service, Tree service",Landscaper,Landscaper,+1 504-315-5296,landline,,,"239 S Norman C. Francis Pkwy Suite B, New Orleans, LA 70119",Mid-City,239 S Norman C. Francis Pkwy Suite B,New Orleans,70119,Louisiana,Louisiana,United States of America,US,29.968838899999998,-90.0959702,89444655263ffff,America/Chicago,,False,3.9,76.0,https://search.google.com/local/reviews?placeid=ChIJV-OChIulIIYRV_X1ABJzZlQ&q=*&authuser=0&hl=en&gl=US,,,19.0,1.0,1.0,0.0,55.0,23.0,https://lh3.googleusercontent.com/gps-cs-s/AG0ilSw48ANCJEfFCPT5A3i2ILTsCipqn8Ud-Pg3srabz10C6OQGa4kRSICsCx5HSrOk91KCLiOWNSqlvx4QsEF-BJhzsa-94QAqXjIFbgyuljngk1gp3x-DlYEqhY4tiu24L9i97Upcpw=w800-h500-k-no,https://lh3.googleusercontent.com/gps-cs-s/AG0ilSw48ANCJEfFCPT5A3i2ILTsCipqn8Ud-Pg3srabz10C6OQGa4kRSICsCx5HSrOk91KCLiOWNSqlvx4QsEF-BJhzsa-94QAqXjIFbgyuljngk1gp3x-DlYEqhY4tiu24L9i97Upcpw=w1600-h1000-k-no,,"{""Sunday"": ""8AM-8:30PM"", ""Monday"": ""6:30AM-8:30PM"", ""Tuesday"": ""6:30AM-8:30PM"", ""Wednesday"": ""6:30AM-8:30PM"", ""Thursday"": ""6:30AM-8:30PM"", ""Friday"": ""6:30AM-8:30PM"", ""Saturday"": ""8AM-8:30PM""}","Sunday,8AM,8:30PM|Monday,6:30AM,8:30PM|Tuesday,6:30AM,8:30PM|Wednesday,6:30AM,8:30PM|Thursday,6:30AM,8:30PM|Friday,6:30AM,8:30PM|Saturday,8AM,8:30PM",Sunday:8AM-8:30PM|Monday:6:30AM-8:30PM|Tuesday:6:30AM-8:30PM|Wednesday:6:30AM-8:30PM|Thursday:6:30AM-8:30PM|Friday:6:30AM-8:30PM|Saturday:8AM-8:30PM,,,OPERATIONAL,"{""Service options"": {""Online estimates"": true, ""Onsite services"": true}}",,,,https://lh6.googleusercontent.com/-ppsAPptxBzI/AAAAAAAAAAI/AAAAAAAAAAA/a7qsqMGedBk/s44-p-k-no-ns-nd/photo.jpg,,,True,103376549500931624297,Absolute Landscaping,https://www.google.com/maps/contrib/103376549500931624297,,,,,"https://www.google.com/maps/place/Absolute+Landscaping/@29.968838899999998,-90.0959702,14z/data=!4m8!1m2!2m1!1sAbsolute+Landscaping!3m4!1s0x8620a58b8482e357:0x5466731200f5f557!8m2!3d29.968838899999998!4d-90.0959702","https://www.google.com/maps/place/Absolute+Landscaping/@29.968838899999998,-90.0959702,13.99z/data=!4m16!1m7!3m6!1s0x8620a58b8482e357:0x5466731200f5f557!2sAbsolute+Landscaping!8m2!3d29.968838899999998!4d-90.0959702!16s%2Fg%2F11ckvg1dmb!3m7!1s0x8620a58b8482e357:0x5466731200f5f557!8m2!3d29.968838899999998!4d-90.0959702!9m1!1b1!16s%2Fg%2F11ckvg1dmb?entry=ttu",ChIJV-OChIulIIYRV_X1ABJzZlQ,0x8620a58b8482e357:0x5466731200f5f557,6081674867973158231,/g/1hg50rlkc,6081674867973158231,,info@absolutenola.com,RECEIVING,SMTP validated,,,,,,,,,,,,,,,,,,,,,,5043155296,landline,,,15043155296,landline,,,,,,,https://www.facebook.com/absolutelawncarela,https://www.instagram.com/absolutelandscapingnola,https://www.linkedin.com/company/2455328/,,,,,,,,,,,https://github.com/jonsuh/,,Landscaping – Absolute Landscaping,WordPress 6.8.3,,,False,False
"pool cleaning service, 70113, New Orleans, LA, US",Aqua Care Pool Services LLC,Aqua Care Pool Services,,"Swimming pool contractor, Service establishment",Swimming pool contractor,Swimming pool contractor,+1 985-882-5311,fixed line,"BELLSOUTH TELECOMM, INC DBA SO",,,,,,,,,,,30.2895526,-89.7818976,894455b1b77ffff,America/Chicago,,True,1.0,1.0,,,,1.0,0.0,0.0,0.0,0.0,,,,,"{""Sunday"": ""Closed"", ""Monday"": ""8AM-5PM"", ""Tuesday"": ""8AM-5:30PM"", ""Wednesday"": ""8AM-5:30PM"", ""Thursday"": ""8AM-5PM"", ""Friday"": ""8AM-5PM"", ""Saturday"": ""Closed""}","Sunday,|Monday,8AM,5PM|Tuesday,8AM,5:30PM|Wednesday,8AM,5:30PM|Thursday,8AM,5PM|Friday,8AM,5PM|Saturday,",Sunday:Closed|Monday:8AM-5PM|Tuesday:8AM-5:30PM|Wednesday:8AM-5:30PM|Thursday:8AM-5PM|Friday:8AM-5PM|Saturday:Closed,,,OPERATIONAL,{},,,,https://lh6.googleusercontent.com/--KVan3NccO8/AAAAAAAAAAI/AAAAAAAAAAA/MlwrU2RQy8g/s44-p-k-no-ns-nd/photo.jpg,,,True,117909146428728418952,Aqua Care Pool Services LLC,https://www.google.com/maps/contrib/117909146428728418952,,,,,"https://www.google.com/maps/place/Aqua+Care+Pool+Services+LLC/@30.2895526,-89.7818976,14z/data=!4m8!1m2!2m1!1sAqua+Care+Pool+Services+LLC!3m4!1s0x889df732240b72b5:0xa0023515c4c9274f!8m2!3d30.2895526!4d-89.7818976","https://www.google.com/maps/place/Aqua+Care+Pool+Services+LLC/@30.2895526,-89.7818976,13.99z/data=!4m16!1m7!3m6!1s0x889df732240b72b5:0xa0023515c4c9274f!2sAqua+Care+Pool+Services+LLC!8m2!3d30.2895526!4d-89.7818976!16s%2Fg%2F11ckvg1dmb!3m7!1s0x889df732240b72b5:0xa0023515c4c9274f!8m2!3d30.2895526!4d-89.7818976!9m1!1b1!16s%2Fg%2F11ckvg1dmb?entry=ttu",ChIJtXILJDL3nYgRTyfJxBU1AqA,0x889df732240b72b5:0xa0023515c4c9274f,11529836363633993551,/g/1vnrlt5q,None,,,,,,,,,,,,,,,,,,,,,,,,,,,,,,,,,,,,,,,,,,,,,,,,,,,,,,,,,,
"pool cleaning service, 70114, New Orleans, LA, US",Clearly Superior Pool Services,Clearly Superior Pool Services,https://www.clearlysuperiornola.com/,"Pool cleaning service, Service establishment",Pool cleaning service,Pool cleaning service,+1 504-444-6964,mobile,,,,,,,,,,,,30.154225399999998,-90.04517899999999,8944464ee37ffff,America/Chicago,,True,5.0,9.0,https://search.google.com/local/reviews?placeid=ChIJq0u-CHvSzGARO5NLMVqm2_g&q=*&authuser=0&hl=en&gl=US,,,0.0,0.0,0.0,0.0,9.0,4.0,https://lh3.googleusercontent.com/gps-cs-s/AG0ilSzQwVWoqnKQ6wTU-_dSySeqC_Dfhzz8mQ7EsqZy6biGmcsODslCpiAXZ39-aapWcATkQXZaHmPxANi-wfCcE_oNvukGCXy21d5jQ0Bql7rRORcnRKsrCPgV43A4APRRAlHLC7mt=w800-h500-k-no,https://lh3.googleusercontent.com/gps-cs-s/AG0ilSzQwVWoqnKQ6wTU-_dSySeqC_Dfhzz8mQ7EsqZy6biGmcsODslCpiAXZ39-aapWcATkQXZaHmPxANi-wfCcE_oNvukGCXy21d5jQ0Bql7rRORcnRKsrCPgV43A4APRRAlHLC7mt=w1600-h1000-k-no,,"{""Sunday"": ""Closed"", ""Monday"": ""8AM-5PM"", ""Tuesday"": ""8AM-5PM"", ""Wednesday"": ""8AM-5PM"", ""Thursday"": ""8AM-5PM"", ""Friday"": ""8AM-5PM"", ""Saturday"": ""Closed""}","Sunday,|Monday,8AM,5PM|Tuesday,8AM,5PM|Wednesday,8AM,5PM|Thursday,8AM,5PM|Friday,8AM,5PM|Saturday,",Sunday:Closed|Monday:8AM-5PM|Tuesday:8AM-5PM|Wednesday:8AM-5PM|Thursday:8AM-5PM|Friday:8AM-5PM|Saturday:Closed,,,OPERATIONAL,{},,,,https://lh5.googleusercontent.com/-YIljiznEwWM/AAAAAAAAAAI/AAAAAAAAAAA/5gVgL2bAm1E/s44-p-k-no-ns-nd/photo.jpg,,,True,111725774747599114861,Clearly Superior Pool Services,https://www.google.com/maps/contrib/111725774747599114861,,,,,"https://www.google.com/maps/place/Clearly+Superior+Pool+Services/@30.154225399999998,-90.04517899999999,14z/data=!4m8!1m2!2m1!1sClearly+Superior+Pool+Services!3m4!1s0x60ccd27b08be4bab:0xf8dba65a314b933b!8m2!3d30.154225399999998!4d-90.04517899999999","https://www.google.com/maps/place/Clearly+Superior+Pool+Services/@30.154225399999998,-90.04517899999999,13.99z/data=!4m16!1m7!3m6!1s0x60ccd27b08be4bab:0xf8dba65a314b933b!2sClearly+Superior+Pool+Services!8m2!3d30.154225399999998!4d-90.04517899999999!16s%2Fg%2F11ckvg1dmb!3m7!1s0x60ccd27b08be4bab:0xf8dba65a314b933b!8m2!3d30.154225399999998!4d-90.04517899999999!9m1!1b1!16s%2Fg%2F11ckvg1dmb?entry=ttu",ChIJq0u-CHvSzGARO5NLMVqm2_g,0x60ccd27b08be4bab:0xf8dba65a314b933b,17932109247610065723,/g/11l6dx37qw,-514634826099485893,,shawn@clearlysuperiornola.com,RECEIVING,SMTP validated,,,,,,,,,,,,,,,,,,,,,,,,,,,,,,,,,,,https://www.instagram.com/clearlysuperiornola,,,,,,,,,,,,,,About — Clearly Superior Pool Services,,,,False,False
"pool cleaning service, 70114, New Orleans, LA, US",Kitty Pools,Kitty Pools,,Pool cleaning service,Pool cleaning service,Pool cleaning service,+1 504-912-5768,mobile,"NEW CINGULAR WIRELESS PCS, LLC - GA",,"400 Avenue B Apt B, Marrero, LA 70072",None,400 Avenue B Apt B,Marrero,70072,Louisiana,Louisiana,United States of America,US,29.904325999999998,-90.095722,89444650807ffff,America/Chicago,,False,5.0,6.0,https://search.google.com/local/reviews?placeid=ChIJN1tPB_6HGWMRf9N-jqc3QyI&q=*&authuser=0&hl=en&gl=US,,,0.0,0.0,0.0,0.0,6.0,12.0,https://lh3.googleusercontent.com/p/AF1QipMhK5NkfqycrWhALV1NgRctAumxdrfz9e98aYby=w800-h500-k-no,https://lh3.googleusercontent.com/p/AF1QipMhK5NkfqycrWhALV1NgRctAumxdrfz9e98aYby=w1600-h1000-k-no,,"{""Sunday"": ""Closed"", ""Monday"": ""8AM-6PM"", ""Tuesday"": ""8AM-6PM"", ""Wednesday"": ""8AM-6PM"", ""Thursday"": ""8AM-6PM"", ""Friday"": ""8AM-6PM"", ""Saturday"": ""Closed""}","Sunday,|Monday,8AM,6PM|Tuesday,8AM,6PM|Wednesday,8AM,6PM|Thursday,8AM,6PM|Friday,8AM,6PM|Saturday,",Sunday:Closed|Monday:8AM-6PM|Tuesday:8AM-6PM|Wednesday:8AM-6PM|Thursday:8AM-6PM|Friday:8AM-6PM|Saturday:Closed,,,OPERATIONAL,{},,,,https://lh6.googleusercontent.com/-O-bT0NbxD1Y/AAAAAAAAAAI/AAAAAAAAAAA/6cCqcN1uBsI/s44-p-k-no-ns-nd/photo.jpg,,,True,108590395594245920849,Kitty Pools,https://www.google.com/maps/contrib/108590395594245920849,,,,,"https://www.google.com/maps/place/Kitty+Pools/@29.904325999999998,-90.095722,14z/data=!4m8!1m2!2m1!1sKitty+Pools!3m4!1s0x631987fe074f5b37:0x224337a78e7ed37f!8m2!3d29.904325999999998!4d-90.095722","https://www.google.com/maps/place/Kitty+Pools/@29.904325999999998,-90.095722,13.99z/data=!4m16!1m7!3m6!1s0x631987fe074f5b37:0x224337a78e7ed37f!2sKitty+Pools!8m2!3d29.904325999999998!4d-90.095722!16s%2Fg%2F11ckvg1dmb!3m7!1s0x631987fe074f5b37:0x224337a78e7ed37f!8m2!3d29.904325999999998!4d-90.095722!9m1!1b1!16s%2Fg%2F11ckvg1dmb?entry=ttu",ChIJN1tPB_6HGWMRf9N-jqc3QyI,0x631987fe074f5b37:0x224337a78e7ed37f,2468878213518906239,/g/11trj_s25d,2468878213518906239,,,,,,,,,,,,,,,,,,,,,,,,,,,,,,,,,,,,,,,,,,,,,,,,,,,,,,,,,,
"pool cleaning service, 70114, New Orleans, LA, US",NOLA Pool Solutions,Nola Pool Solutions,http://nolapoolsolutions.com/,"Pool cleaning service, Service establishment",Pool cleaning service,Pool cleaning service,+1 504-450-3496,mobile,"NEW CINGULAR WIRELESS PCS, LLC - GA",,,,,,,,,,,30.000254899999998,-89.931339,894446412d7ffff,America/Chicago,,True,5.0,1.0,https://search.google.com/local/reviews?placeid=ChIJ4R-JeVPfDWgR_iLNr7kPvsQ&q=*&authuser=0&hl=en&gl=US,,,0.0,0.0,0.0,0.0,1.0,8.0,https://lh3.googleusercontent.com/p/AF1QipNbS9RPwf1eB9RoJmEjE3oF_YavboLTe4aOT7oz=w800-h500-k-no,https://lh3.googleusercontent.com/p/AF1QipNbS9RPwf1eB9RoJmEjE3oF_YavboLTe4aOT7oz=w1600-h1000-k-no,,"{""Sunday"": ""Closed"", ""Monday"": ""8AM-4PM"", ""Tuesday"": ""8AM-4PM"", ""Wednesday"": ""8AM-4PM"", ""Thursday"": ""8AM-4PM"", ""Friday"": ""8AM-4PM"", ""Saturday"": ""Closed""}","Sunday,|Monday,8AM,4PM|Tuesday,8AM,4PM|Wednesday,8AM,4PM|Thursday,8AM,4PM|Friday,8AM,4PM|Saturday,",Sunday:Closed|Monday:8AM-4PM|Tuesday:8AM-4PM|Wednesday:8AM-4PM|Thursday:8AM-4PM|Friday:8AM-4PM|Saturday:Closed,,,OPERATIONAL,"{""Service options"": {""Online estimates"": true}}",,,,https://lh5.googleusercontent.com/-SjleSwgkmi4/AAAAAAAAAAI/AAAAAAAAAAA/Ggh5sH8xoJA/s44-p-k-no-ns-nd/photo.jpg,,,True,112872987413196499212,NOLA Pool Solutions,https://www.google.com/maps/contrib/112872987413196499212,,,,,"https://www.google.com/maps/place/NOLA+Pool+Solutions/@30.000254899999998,-89.931339,14z/data=!4m8!1m2!2m1!1sNOLA+Pool+Solutions!3m4!1s0x680ddf5379891fe1:0xc4be0fb9afcd22fe!8m2!3d30.000254899999998!4d-89.931339","https://www.google.com/maps/place/NOLA+Pool+Solutions/@30.000254899999998,-89.931339,13.99z/data=!4m16!1m7!3m6!1s0x680ddf5379891fe1:0xc4be0fb9afcd22fe!2sNOLA+Pool+Solutions!8m2!3d30.000254899999998!4d-89.931339!16s%2Fg%2F11ckvg1dmb!3m7!1s0x680ddf5379891fe1:0xc4be0fb9afcd22fe!8m2!3d30.000254899999998!4d-89.931339!9m1!1b1!16s%2Fg%2F11ckvg1dmb?entry=ttu",ChIJ4R-JeVPfDWgR_iLNr7kPvsQ,0x680ddf5379891fe1:0xc4be0fb9afcd22fe,14176785967201723134,/g/11l6mbw1rp,-4269958106507828482,,nolapoolsolutions@gmail.com,RECEIVING,Verified,,,,,,,,,,,,,,,,,,,,,,,,,,,,,,,,,,,,,,,,,,,,,,,,,Nola Pool Solutions,,,,False,False
"pool cleaning service, 70114, New Orleans, LA, US",Cage and Company Cleaning Service LLC,Cage And Company Cleaning Service,,"Pool cleaning service, Carpet cleaning service, Cleaners, Debris removal service, Service establishment, House cleaning service, Pressure washing service, Sanitation service, Water damage restoration service",Pool cleaning service,Pool cleaning service,+1 504-515-4000,landline,,,,,,,,,,,,30.0326605,-89.9849895,89444641c43ffff,America/Chicago,,True,5.0,5.0,https://search.google.com/local/reviews?placeid=ChIJVR_q5Qq3IIYRG1xdBWCN2q4&q=*&authuser=0&hl=en&gl=US,,,0.0,0.0,0.0,0.0,5.0,10.0,https://lh3.googleusercontent.com/p/AF1QipNZD6ykH6aLIYs7lCH_vmfmepxkOf187vfnl0g0=w800-h500-k-no,https://lh3.googleusercontent.com/p/AF1QipNZD6ykH6aLIYs7lCH_vmfmepxkOf187vfnl0g0=w1600-h1000-k-no,,"{""Sunday"": ""Closed"", ""Monday"": ""Closed"", ""Tuesday"": ""9AM-5PM"", ""Wednesday"": ""9AM-5PM"", ""Thursday"": ""9AM-5PM"", ""Friday"": ""9AM-5PM"", ""Saturday"": ""9AM-5PM""}","Sunday,|Monday,|Tuesday,9AM,5PM|Wednesday,9AM,5PM|Thursday,9AM,5PM|Friday,9AM,5PM|Saturday,9AM,5PM",Sunday:Closed|Monday:Closed|Tuesday:9AM-5PM|Wednesday:9AM-5PM|Thursday:9AM-5PM|Friday:9AM-5PM|Saturday:9AM-5PM,,,OPERATIONAL,{},,,,https://lh4.googleusercontent.com/-bJ-awdsLxb8/AAAAAAAAAAI/AAAAAAAAAAA/U1hzx1Vjh_4/s44-p-k-no-ns-nd/photo.jpg,,,True,117413362372649511010,Cage and Company Cleaning Service LLC,https://www.google.com/maps/contrib/117413362372649511010,,,,,"https://www.google.com/maps/place/Cage+and+Company+Cleaning+Service+LLC/@30.0326605,-89.9849895,14z/data=!4m8!1m2!2m1!1sCage+and+Company+Cleaning+Service+LLC!3m4!1s0x8620b70ae5ea1f55:0xaeda8d60055d5c1b!8m2!3d30.0326605!4d-89.9849895","https://www.google.com/maps/place/Cage+and+Company+Cleaning+Service+LLC/@30.0326605,-89.9849895,13.99z/data=!4m16!1m7!3m6!1s0x8620b70ae5ea1f55:0xaeda8d60055d5c1b!2sCage+and+Company+Cleaning+Service+LLC!8m2!3d30.0326605!4d-89.9849895!16s%2Fg%2F11ckvg1dmb!3m7!1s0x8620b70ae5ea1f55:0xaeda8d60055d5c1b!8m2!3d30.0326605!4d-89.9849895!9m1!1b1!16s%2Fg%2F11ckvg1dmb?entry=ttu",ChIJVR_q5Qq3IIYRG1xdBWCN2q4,0x8620b70ae5ea1f55:0xaeda8d60055d5c1b,12599538351068765211,/g/11n033rbkb,-5847205722640786405,,,,,,,,,,,,,,,,,,,,,,,,,,,,,,,,,,,,,,,,,,,,,,,,,,,,,,,,,,
"pool cleaning service, 70114, New Orleans, LA, US",Tru Blu Pool Service LLC,Tru Blu Pool Service,http://trublupoolservice.com/,Pool cleaning service,Pool cleaning service,Pool cleaning service,+1 504-812-6516,mobile,"NEW CINGULAR WIRELESS PCS, LLC - GA",,"109 Calumet St, Thibodaux, LA 70301",None,109 Calumet St,Thibodaux,70301,Louisiana,Louisiana,United States of America,US,29.773282,-90.81765519999999,89444685173ffff,America/Chicago,,False,5.0,20.0,https://search.google.com/local/reviews?placeid=ChIJTZvx3WEXIYYR6E5pbQkdP5E&q=*&authuser=0&hl=en&gl=US,,,0.0,0.0,0.0,0.0,20.0,14.0,https://lh3.googleusercontent.com/gps-cs-s/AG0ilSzZx3XcUgjY_1yIOED5SKP2GmPUL9U3JDr7GIL3UbGFnErYnA2n3nU_CwvV3V4fE-KPV9HO65cy4YTujMG3Irejz2-LSrXy_Tol1dBO4txuV8RyulFvsUgkR0l2TaLCXsxlhw_A=w800-h500-k-no,https://lh3.googleusercontent.com/gps-cs-s/AG0ilSzZx3XcUgjY_1yIOED5SKP2GmPUL9U3JDr7GIL3UbGFnErYnA2n3nU_CwvV3V4fE-KPV9HO65cy4YTujMG3Irejz2-LSrXy_Tol1dBO4txuV8RyulFvsUgkR0l2TaLCXsxlhw_A=w1600-h1000-k-no,,"{""Sunday"": ""Open 24 hours"", ""Monday"": ""Open 24 hours"", ""Tuesday"": ""Open 24 hours"", ""Wednesday"": ""Open 24 hours"", ""Thursday"": ""Open 24 hours"", ""Friday"": ""Open 24 hours"", ""Saturday"": ""Open 24 hours""}","Sunday,Open 24 hours|Monday,Open 24 hours|Tuesday,Open 24 hours|Wednesday,Open 24 hours|Thursday,Open 24 hours|Friday,Open 24 hours|Saturday,Open 24 hours",Sunday:Open 24 hours|Monday:Open 24 hours|Tuesday:Open 24 hours|Wednesday:Open 24 hours|Thursday:Open 24 hours|Friday:Open 24 hours|Saturday:Open 24 hours,,,OPERATIONAL,{},,,,https://lh4.googleusercontent.com/-HhCZn-QeZkU/AAAAAAAAAAI/AAAAAAAAAAA/4YUDPR6JgFg/s44-p-k-no-ns-nd/photo.jpg,,,True,105096300698788760568,Tru Blu Pool Service LLC,https://www.google.com/maps/contrib/105096300698788760568,,,,,"https://www.google.com/maps/place/Tru+Blu+Pool+Service+LLC/@29.773282,-90.81765519999999,14z/data=!4m8!1m2!2m1!1sTru+Blu+Pool+Service+LLC!3m4!1s0x86211761ddf19b4d:0x913f1d096d694ee8!8m2!3d29.773282!4d-90.81765519999999","https://www.google.com/maps/place/Tru+Blu+Pool+Service+LLC/@29.773282,-90.81765519999999,13.99z/data=!4m16!1m7!3m6!1s0x86211761ddf19b4d:0x913f1d096d694ee8!2sTru+Blu+Pool+Service+LLC!8m2!3d29.773282!4d-90.81765519999999!16s%2Fg%2F11ckvg1dmb!3m7!1s0x86211761ddf19b4d:0x913f1d096d694ee8!8m2!3d29.773282!4d-90.81765519999999!9m1!1b1!16s%2Fg%2F11ckvg1dmb?entry=ttu",ChIJTZvx3WEXIYYR6E5pbQkdP5E,0x86211761ddf19b4d:0x913f1d096d694ee8,10466115985359851240,/g/11q9jp03vb,-7980628088349700376,,trublupools@yahoo.com,RECEIVING,SMTP validated,,,,,,,,,,,,,,,,,,,,,,5048126516,mobile,"NEW CINGULAR WIRELESS PCS, LLC - GA",,,,,,,,,,https://www.facebook.com/squarespace,https://www.instagram.com/squarespace,,,,,,,,,,,,,,trublu pool service,,,,False,True
"pool cleaning service, 70114, New Orleans, LA, US",Leslie's Pool Supplies,Leslies Pool Supplies,https://lesliespool.com/location/gretna-louisiana-gretna-101.html%3Futm_source%3Dgmb%26utm_medium%3Dorganic%26utm_campaign%3Dstore_101,"Swimming pool repair service, Swimming pool supply store",Swimming pool supply store,Swimming pool repair service,+1 504-391-3097,landline,,,"320 Lapalco Blvd Ste A, Gretna, LA 70056",None,320 Lapalco Blvd Ste A,Gretna,70056,Louisiana,Louisiana,United States of America,US,29.8815626,-90.0275128,89444651c77ffff,America/Chicago,,False,3.5,67.0,https://search.google.com/local/reviews?placeid=ChIJvf3HUc2gIIYRC4D3f1DsqFw&q=*&authuser=0&hl=en&gl=US,,,16.0,4.0,6.0,10.0,31.0,16.0,https://lh3.googleusercontent.com/gps-cs-s/AG0ilSy0Nb7bCbpRNKwOELdKsLGacspI25FIBZN8uO8ekzjBSdEsGYOUEffnE1Dr4u3JzT83eHvCXjphs9rWi_MyNDu77m8FiNDYYSBfYOhfWqtdMwqT0BhpBK9hGWLsglzD1jlCVfFarQ=w800-h500-k-no,https://lh3.googleusercontent.com/gps-cs-s/AG0ilSy0Nb7bCbpRNKwOELdKsLGacspI25FIBZN8uO8ekzjBSdEsGYOUEffnE1Dr4u3JzT83eHvCXjphs9rWi_MyNDu77m8FiNDYYSBfYOhfWqtdMwqT0BhpBK9hGWLsglzD1jlCVfFarQ=w1600-h1000-k-no,,"{""Sunday"": ""10AM-5PM"", ""Monday"": ""10AM-6PM"", ""Tuesday"": ""10AM-6PM"", ""Wednesday"": ""10AM-6PM"", ""Thursday"": ""10AM-6PM"", ""Friday"": ""10AM-6PM"", ""Saturday"": ""10AM-6PM""}","Sunday,10AM,5PM|Monday,10AM,6PM|Tuesday,10AM,6PM|Wednesday,10AM,6PM|Thursday,10AM,6PM|Friday,10AM,6PM|Saturday,10AM,6PM",Sunday:10AM-5PM|Monday:10AM-6PM|Tuesday:10AM-6PM|Wednesday:10AM-6PM|Thursday:10AM-6PM|Friday:10AM-6PM|Saturday:10AM-6PM,,,OPERATIONAL,"{""Service options"": {""Delivery"": true, ""In-store pickup"": true, ""Onsite services"": true}, ""Accessibility"": {""Wheelchair accessible parking lot"": true, ""Wheelchair accessible entrance"": false}, ""Planning"": {""Quick visit"": true}, ""Payments"": {""Credit cards"": true, ""Debit cards"": true, ""NFC mobile payments"": true}}",$$,,,https://lh3.googleusercontent.com/-BQW57oe-yrQ/AAAAAAAAAAI/AAAAAAAAAAA/y2qeLnqYEsY/s44-p-k-no-ns-nd/photo.jpg,"Chain providing a full range of swimming pool equipment, chemicals & accessories, plus water toys.",,True,114821096005707943890,Leslie's Pool Supplies,https://www.google.com/maps/contrib/114821096005707943890,,,,,"https://www.google.com/maps/place/Leslie%27s+Pool+Supplies/@29.8815626,-90.0275128,14z/data=!4m8!1m2!2m1!1sLeslie%27s+Pool+Supplies!3m4!1s0x8620a0cd51c7fdbd:0x5ca8ec507ff7800b!8m2!3d29.8815626!4d-90.0275128","https://www.google.com/maps/place/Leslie%27s+Pool+Supplies/@29.8815626,-90.0275128,13.99z/data=!4m16!1m7!3m6!1s0x8620a0cd51c7fdbd:0x5ca8ec507ff7800b!2sLeslie%27s+Pool+Supplies!8m2!3d29.8815626!4d-90.0275128!16s%2Fg%2F11ckvg1dmb!3m7!1s0x8620a0cd51c7fdbd:0x5ca8ec507ff7800b!8m2!3d29.8815626!4d-90.0275128!9m1!1b1!16s%2Fg%2F11ckvg1dmb?entry=ttu",ChIJvf3HUc2gIIYRC4D3f1DsqFw,0x8620a0cd51c7fdbd:0x5ca8ec507ff7800b,6676846278065225739,/g/1tcts0hm,6676846278065225739,,ggriffon@lesl.com,RECEIVING,Catch All,Gail Griffon,Gail,Griffon,Marketing Manager,,jmuehlhausen@lesl.com,RECEIVING,Catch All,John Muehlhausen*,John,Muehlhausen*,E-Commerce Marketing Manager,18005375437,brhicks@lesl.com,RECEIVING,Catch All,Brook Hicks,Brook,Hicks,Assistant Controller,,8005375437,toll_free,,,15802242620,landline,,,19566823626,,landline,,https://www.facebook.com/lesliespoolcare/,https://www.instagram.com/lesliespoolcare/,https://www.linkedin.com/company/leslies,,,,,,,,https://twitter.com/lesliespoolcare,,https://www.youtube.com/c/LesliesPoolCare,,,"Pool Supplies, Service & Repair | Leslie's Pool Supplies",,"Leslie's Pool Supplies Service &amp; Repair is the world leader in residential and commercial pool supplies. Find the best selection of pool cleaners, pool chemicals and pool equipment for your above-ground pool, in-ground pool or spa.",,False,False
"pool cleaning service, 70114, New Orleans, LA, US",Pool Saints Leak Detection,Pool Saints Leak Detection,,"Pool cleaning service, Swimming pool repair service",Pool cleaning service,Pool cleaning service,+1 985-710-3341,mobile,CELLCO PARTNERSHIP DBA VERIZON,,"64173 Nelson Rd, Pearl River, LA 70452",None,64173 Nelson Rd,Pearl River,70452,Louisiana,Louisiana,United States of America,US,30.363678999999998,-89.74811199999999,894455a1533ffff,America/Chicago,,False,5.0,8.0,https://search.google.com/local/reviews?placeid=ChIJpR4LwvPpnYgR7vA80A-fzcA&q=*&authuser=0&hl=en&gl=US,,,0.0,0.0,0.0,0.0,8.0,21.0,https://lh3.googleusercontent.com/p/AF1QipOtzFKtzOsEQ-WJ21ffqTnY8x17qt3co3UhsJN0=w800-h500-k-no,https://lh3.googleusercontent.com/p/AF1QipOtzFKtzOsEQ-WJ21ffqTnY8x17qt3co3UhsJN0=w1600-h1000-k-no,,"{""Sunday"": ""8AM-6PM"", ""Monday"": ""8AM-6PM"", ""Tuesday"": ""8AM-6PM"", ""Wednesday"": ""8AM-6PM"", ""Thursday"": ""8AM-6PM"", ""Friday"": ""8AM-6PM"", ""Saturday"": ""8AM-6PM""}","Sunday,8AM,6PM|Monday,8AM,6PM|Tuesday,8AM,6PM|Wednesday,8AM,6PM|Thursday,8AM,6PM|Friday,8AM,6PM|Saturday,8AM,6PM",Sunday:8AM-6PM|Monday:8AM-6PM|Tuesday:8AM-6PM|Wednesday:8AM-6PM|Thursday:8AM-6PM|Friday:8AM-6PM|Saturday:8AM-6PM,,,OPERATIONAL,"{""From the business"": {""Identifies as veteran-owned"": true}, ""Service options"": {""Onsite services"": true}, ""Accessibility"": {""Wheelchair accessible entrance"": true, ""Wheelchair accessible parking lot"": true}, ""Crowd"": {""LGBTQ+ friendly"": true}, ""Other"": {""LGBTQ+ friendly"": true, ""Identifies as veteran-owned"": true}}",,,,https://lh3.googleusercontent.com/-HEOJmyqcwCo/AAAAAAAAAAI/AAAAAAAAAAA/GEwurgg1Z4Y/s44-p-k-no-ns-nd/photo.jpg,,,True,115035611480080164090,Pool Saints Leak Detection,https://www.google.com/maps/contrib/115035611480080164090,,,,,"https://www.google.com/maps/place/Pool+Saints+Leak+Detection/@30.363678999999998,-89.74811199999999,14z/data=!4m8!1m2!2m1!1sPool+Saints+Leak+Detection!3m4!1s0x889de9f3c20b1ea5:0xc0cd9f0fd03cf0ee!8m2!3d30.363678999999998!4d-89.74811199999999","https://www.google.com/maps/place/Pool+Saints+Leak+Detection/@30.363678999999998,-89.74811199999999,13.99z/data=!4m16!1m7!3m6!1s0x889de9f3c20b1ea5:0xc0cd9f0fd03cf0ee!2sPool+Saints+Leak+Detection!8m2!3d30.363678999999998!4d-89.74811199999999!16s%2Fg%2F11ckvg1dmb!3m7!1s0x889de9f3c20b1ea5:0xc0cd9f0fd03cf0ee!8m2!3d30.363678999999998!4d-89.74811199999999!9m1!1b1!16s%2Fg%2F11ckvg1dmb?entry=ttu",ChIJpR4LwvPpnYgR7vA80A-fzcA,0x889de9f3c20b1ea5:0xc0cd9f0fd03cf0ee,13892935315774828782,/g/11mjzvqh58,-4553808757934722834,,,,,,,,,,,,,,,,,,,,,,,,,,,,,,,,,,,,,,,,,,,,,,,,,,,,,,,,,,
"pool cleaning service, 70114, New Orleans, LA, US",All Things Services Exterior Cleaning,All Things Services Exterior Cleaning,https://www.pressurewashneworleans.com/,Pressure washing service,Pressure washing service,Pressure washing service,+1 504-224-9339,mobile,CELLCO PARTNERSHIP DBA VERIZON WIRELESS - LA,,"1800 Huey P Long Ave Unit D, Gretna, LA 70053",None,1800 Huey P Long Ave Unit D,Gretna,70053,Louisiana,Louisiana,United States of America,US,29.9041504,-90.0562492,89444650a5bffff,America/Chicago,,False,5.0,189.0,https://search.google.com/local/reviews?placeid=ChIJvZ1ijtSnIIYRlJxD19gkfdg&q=*&authuser=0&hl=en&gl=US,,,0.0,0.0,0.0,3.0,186.0,205.0,https://lh3.googleusercontent.com/p/AF1QipMOTmdYMVMqmdMFlPReZH_VIxd5O1QZWmnAh1dP=w800-h500-k-no,https://lh3.googleusercontent.com/p/AF1QipMOTmdYMVMqmdMFlPReZH_VIxd5O1QZWmnAh1dP=w1600-h1000-k-no,,"{""Sunday"": ""Closed"", ""Monday"": ""8AM-5PM"", ""Tuesday"": ""8AM-5PM"", ""Wednesday"": ""8AM-5PM"", ""Thursday"": ""8AM-5PM"", ""Friday"": ""8AM-5PM"", ""Saturday"": ""8AM-2PM""}","Sunday,|Monday,8AM,5PM|Tuesday,8AM,5PM|Wednesday,8AM,5PM|Thursday,8AM,5PM|Friday,8AM,5PM|Saturday,8AM,2PM",Sunday:Closed|Monday:8AM-5PM|Tuesday:8AM-5PM|Wednesday:8AM-5PM|Thursday:8AM-5PM|Friday:8AM-5PM|Saturday:8AM-2PM,,,OPERATIONAL,"{""Service options"": {""Online estimates"": true, ""Onsite services"": true}}",,,,https://lh5.googleusercontent.com/-vKKavfeXpkk/AAAAAAAAAAI/AAAAAAAAAAA/4njt1xF_L4g/s44-p-k-no-ns-nd/photo.jpg,,,True,111978440832051419376,All Things Services Exterior Cleaning,https://www.google.com/maps/contrib/111978440832051419376,,,,,"https://www.google.com/maps/place/All+Things+Services+Exterior+Cleaning/@29.9041504,-90.0562492,14z/data=!4m8!1m2!2m1!1sAll+Things+Services+Exterior+Cleaning!3m4!1s0x8620a7d48e629dbd:0xd87d24d8d7439c94!8m2!3d29.9041504!4d-90.0562492","https://www.google.com/maps/place/All+Things+Services+Exterior+Cleaning/@29.9041504,-90.0562492,13.99z/data=!4m16!1m7!3m6!1s0x8620a7d48e629dbd:0xd87d24d8d7439c94!2sAll+Things+Services+Exterior+Cleaning!8m2!3d29.9041504!4d-90.0562492!16s%2Fg%2F11ckvg1dmb!3m7!1s0x8620a7d48e629dbd:0xd87d24d8d7439c94!8m2!3d29.9041504!4d-90.0562492!9m1!1b1!16s%2Fg%2F11ckvg1dmb?entry=ttu",ChIJvZ1ijtSnIIYRlJxD19gkfdg,0x8620a7d48e629dbd:0xd87d24d8d7439c94,15599665198024334484,/g/11g4dnksjc,-2847078875685217132,,,,,,,,,,,,,,,,,,,,,,,,,,5042642005,landline,,,,,,,,,,,https://www.facebook.com/allthingsservicesllc/,,,,,,,,,,,,,,,"Pressure Washing Gretna, LA | Exterior Cleaning | All Things Services",,"At All Things Services, we provide you with top-rated power washing, commercial pressure washing, and exterior cleaning services throughout Gretna, LA, and the surrounding areas!",,,
"pool cleaning service, 70114, New Orleans, LA, US",lou's pressure washing services,Lous Pressure Washing Services,,Pressure washing service,Pressure washing service,Pressure washing service,+1 504-357-4742,mobile,"VOICESTREAM GSM I, LLC",,"3837 Tall Pines Dr, New Orleans, LA 70131",Algiers,3837 Tall Pines Dr,New Orleans,70131,Louisiana,Louisiana,United States of America,US,29.9044088,-89.99647329999999,89444651a1bffff,America/Chicago,,False,5.0,7.0,https://search.google.com/local/reviews?placeid=ChIJdV8zUjAdnogRkYI2US7SSNk&q=*&authuser=0&hl=en&gl=US,,,0.0,0.0,0.0,0.0,7.0,71.0,https://lh3.googleusercontent.com/p/AF1QipPowVzOqXf2LsfE39XdSpYICLRVXDOc5jAABfnR=w800-h500-k-no,https://lh3.googleusercontent.com/p/AF1QipPowVzOqXf2LsfE39XdSpYICLRVXDOc5jAABfnR=w1600-h1000-k-no,,"{""Sunday"": ""9AM-7PM"", ""Monday"": ""9AM-7PM"", ""Tuesday"": ""9AM-7PM"", ""Wednesday"": ""9AM-7PM"", ""Thursday"": ""9AM-7PM"", ""Friday"": ""9AM-7PM"", ""Saturday"": ""9AM-7PM""}","Sunday,9AM,7PM|Monday,9AM,7PM|Tuesday,9AM,7PM|Wednesday,9AM,7PM|Thursday,9AM,7PM|Friday,9AM,7PM|Saturday,9AM,7PM",Sunday:9AM-7PM|Monday:9AM-7PM|Tuesday:9AM-7PM|Wednesday:9AM-7PM|Thursday:9AM-7PM|Friday:9AM-7PM|Saturday:9AM-7PM,,,OPERATIONAL,"{""Service options"": {""Online estimates"": true, ""Onsite services"": false}}",,,,https://lh3.googleusercontent.com/-esh9v68jOS8/AAAAAAAAAAI/AAAAAAAAAAA/9CFdEGtTk0w/s44-p-k-no-ns-nd/photo.jpg,,,True,109715119550487772088,lou's pressure washing services,https://www.google.com/maps/contrib/109715119550487772088,,,,,"https://www.google.com/maps/place/lou%27s+pressure+washing+services/@29.9044088,-89.99647329999999,14z/data=!4m8!1m2!2m1!1slou%27s+pressure+washing+services!3m4!1s0x889e1d3052335f75:0xd948d22e51368291!8m2!3d29.9044088!4d-89.99647329999999","https://www.google.com/maps/place/lou%27s+pressure+washing+services/@29.9044088,-89.99647329999999,13.99z/data=!4m16!1m7!3m6!1s0x889e1d3052335f75:0xd948d22e51368291!2slou%27s+pressure+washing+services!8m2!3d29.9044088!4d-89.99647329999999!16s%2Fg%2F11ckvg1dmb!3m7!1s0x889e1d3052335f75:0xd948d22e51368291!8m2!3d29.9044088!4d-89.99647329999999!9m1!1b1!16s%2Fg%2F11ckvg1dmb?entry=ttu",ChIJdV8zUjAdnogRkYI2US7SSNk,0x889e1d3052335f75:0xd948d22e51368291,15656995200926384785,/g/11r6v210n0,-2789748872783166831,,,,,,,,,,,,,,,,,,,,,,,,,,,,,,,,,,,,,,,,,,,,,,,,,,,,,,,,,,
"pool cleaning service, 70114, New Orleans, LA, US",Green Land Nola LLC,Green Land Nola,http://www.greenlandnola.org/,"Landscaper, Drainage service, Service establishment, Gardener, Landscape architect, Landscape designer, Landscape lighting designer, Lawn care service, Lawn sprinkler system contractor, Property maintenance",Landscaper,Landscaper,+1 504-408-5953,mobile,"NEW CINGULAR WIRELESS PCS, LLC",,,,,,,,,,,30.000254899999998,-89.931339,894446412d7ffff,America/Chicago,,True,4.7,38.0,https://search.google.com/local/reviews?placeid=ChIJYytBe9CmIIYREHo2pU4qy-8&q=*&authuser=0&hl=en&gl=US,,,2.0,0.0,1.0,0.0,35.0,249.0,https://lh3.googleusercontent.com/p/AF1QipNCvqVCv05zIzV4mKQV6f0-QQZtDeUubt2V_NAd=w800-h500-k-no,https://lh3.googleusercontent.com/p/AF1QipNCvqVCv05zIzV4mKQV6f0-QQZtDeUubt2V_NAd=w1600-h1000-k-no,,"{""Sunday"": ""Closed"", ""Monday"": ""8AM-5:30PM"", ""Tuesday"": ""8AM-5:30PM"", ""Wednesday"": ""8AM-5:30PM"", ""Thursday"": ""8AM-5:30PM"", ""Friday"": ""8AM-5:30PM"", ""Saturday"": ""9AM-5PM""}","Sunday,|Monday,8AM,5:30PM|Tuesday,8AM,5:30PM|Wednesday,8AM,5:30PM|Thursday,8AM,5:30PM|Friday,8AM,5:30PM|Saturday,9AM,5PM",Sunday:Closed|Monday:8AM-5:30PM|Tuesday:8AM-5:30PM|Wednesday:8AM-5:30PM|Thursday:8AM-5:30PM|Friday:8AM-5:30PM|Saturday:9AM-5PM,,,OPERATIONAL,"{""Service options"": {""Online estimates"": true}, ""Crowd"": {""LGBTQ+ friendly"": true}, ""Other"": {""LGBTQ+ friendly"": true}}",,,,https://lh4.googleusercontent.com/-CckFGisRzn0/AAAAAAAAAAI/AAAAAAAAAAA/A5Yc_mI4mKw/s44-p-k-no-ns-nd/photo.jpg,,,True,108132257889611298080,Green Land Nola LLC,https://www.google.com/maps/contrib/108132257889611298080,,http://www.greenlandnola.org/request-services,,"http://www.greenlandnola.org/request-services, https://instagram.com/greenlandnola","https://www.google.com/maps/place/Green+Land+Nola+LLC/@30.000254899999998,-89.931339,14z/data=!4m8!1m2!2m1!1sGreen+Land+Nola+LLC!3m4!1s0x8620a6d07b412b63:0xefcb2a4ea5367a10!8m2!3d30.000254899999998!4d-89.931339","https://www.google.com/maps/place/Green+Land+Nola+LLC/@30.000254899999998,-89.931339,13.99z/data=!4m16!1m7!3m6!1s0x8620a6d07b412b63:0xefcb2a4ea5367a10!2sGreen+Land+Nola+LLC!8m2!3d30.000254899999998!4d-89.931339!16s%2Fg%2F11ckvg1dmb!3m7!1s0x8620a6d07b412b63:0xefcb2a4ea5367a10!8m2!3d30.000254899999998!4d-89.931339!9m1!1b1!16s%2Fg%2F11ckvg1dmb?entry=ttu",ChIJYytBe9CmIIYREHo2pU4qy-8,0x8620a6d07b412b63:0xefcb2a4ea5367a10,17278950912604666384,/g/11f4qcc2v5,-1167793161104885232,,greenlandnola@gmail.com,RECEIVING,SMTP validated,,,,,,,,,,,,,,,,,,,,,,5044085953,mobile,"NEW CINGULAR WIRELESS PCS, LLC",,,,,,,,,,//facebook.com/greenland.nola.71,//instagram.com/greenlandnola,,,,,,,,,,,,,,Services,,"Landscaping, Outdoor Design Specialist, Lawn care, Local New Orleans, Locally Owned","Landscaping, Outdoor Design Specialist, Lawn Care Provider, Free Estimates, Lawn Care Services, Professional Lawn Care, Property Clean Up, Debris Removal, Grass Cut, painting, Pressure Washing, Update garden, Handy Man,  Cut Lots, Trash Removal, Leaf Remo",,
"pool cleaning service, 70114, New Orleans, LA, US",Dave's Pool Care,Daves Pool Care,,"Pool cleaning service, Service establishment, Swimming pool repair service",Pool cleaning service,Pool cleaning service,+1 985-640-4399,mobile,"VOICESTREAM GSM I, LLC",,,,,,,,,,,30.2895526,-89.7818976,894455b1b77ffff,America/Chicago,,True,4.0,4.0,,,,1.0,0.0,0.0,0.0,3.0,,,,,,,,,,OPERATIONAL,{},,,,https://lh3.googleusercontent.com/-vE-P7-WjC5M/AAAAAAAAAAI/AAAAAAAAAAA/hoM6MwAE3fM/s44-p-k-no-ns-nd/photo.jpg,,,True,102483110914781588898,Dave's Pool Care,https://www.google.com/maps/contrib/102483110914781588898,,,,,"https://www.google.com/maps/place/Dave%27s+Pool+Care/@30.2895526,-89.7818976,14z/data=!4m8!1m2!2m1!1sDave%27s+Pool+Care!3m4!1s0x889de6f3303e7e3d:0xd4b0e26ce5e3a99a!8m2!3d30.2895526!4d-89.7818976","https://www.google.com/maps/place/Dave%27s+Pool+Care/@30.2895526,-89.7818976,13.99z/data=!4m16!1m7!3m6!1s0x889de6f3303e7e3d:0xd4b0e26ce5e3a99a!2sDave%27s+Pool+Care!8m2!3d30.2895526!4d-89.7818976!16s%2Fg%2F11ckvg1dmb!3m7!1s0x889de6f3303e7e3d:0xd4b0e26ce5e3a99a!8m2!3d30.2895526!4d-89.7818976!9m1!1b1!16s%2Fg%2F11ckvg1dmb?entry=ttu",ChIJPX4-MPPmnYgRmqnj5WzisNQ,0x889de6f3303e7e3d:0xd4b0e26ce5e3a99a,15325998489283045786,/g/119vs81mf,None,,,,,,,,,,,,,,,,,,,,,,,,,,,,,,,,,,,,,,,,,,,,,,,,,,,,,,,,,,
"pool cleaning service, 70114, New Orleans, LA, US",ProClean Services,Proclean Services,https://procleannola.net/contact-us/,Carpet cleaning service,Carpet cleaning service,Carpet cleaning service,+1 504-616-4313,mobile,"NEW CINGULAR WIRELESS PCS, LLC - GA",,"1830 Hermosa St, New Orleans, LA 70114",Algiers,1830 Hermosa St,New Orleans,70114,Louisiana,Louisiana,United States of America,US,29.936436999999998,-90.04873409999999,894446426a3ffff,America/Chicago,,False,,,,,,,,,,,1.0,https://streetviewpixels-pa.googleapis.com/v1/thumbnail?panoid=IUDFxr1JVfi36R36scnwFA&cb_client=search.gws-prod.gps&w=800&h=500&yaw=73.687935&pitch=0&thumbfov=100,https://streetviewpixels-pa.googleapis.com/v1/thumbnail?panoid=IUDFxr1JVfi36R36scnwFA&cb_client=search.gws-prod.gps&w=1600&h=1000&yaw=73.687935&pitch=0&thumbfov=100,,"{""Sunday"": ""Closed"", ""Monday"": ""8AM-6PM"", ""Tuesday"": ""8AM-6PM"", ""Wednesday"": ""8AM-6PM"", ""Thursday"": ""8AM-6PM"", ""Friday"": ""8AM-6PM"", ""Saturday"": ""Closed""}","Sunday,|Monday,8AM,6PM|Tuesday,8AM,6PM|Wednesday,8AM,6PM|Thursday,8AM,6PM|Friday,8AM,6PM|Saturday,",Sunday:Closed|Monday:8AM-6PM|Tuesday:8AM-6PM|Wednesday:8AM-6PM|Thursday:8AM-6PM|Friday:8AM-6PM|Saturday:Closed,,,OPERATIONAL,{},,,,https://lh4.googleusercontent.com/-qoaFCRWij9o/AAAAAAAAAAI/AAAAAAAAAAA/G2ZhfURnH90/s44-p-k-no-ns-nd/photo.jpg,,,True,100023863780821447931,ProClean Services,https://www.google.com/maps/contrib/100023863780821447931,,,,,"https://www.google.com/maps/place/ProClean+Services/@29.936436999999998,-90.04873409999999,14z/data=!4m8!1m2!2m1!1sProClean+Services!3m4!1s0x8620a65a55f9f561:0x82ccf16c5913c5fa!8m2!3d29.936436999999998!4d-90.04873409999999","https://www.google.com/maps/place/ProClean+Services/@29.936436999999998,-90.04873409999999,13.99z/data=!4m16!1m7!3m6!1s0x8620a65a55f9f561:0x82ccf16c5913c5fa!2sProClean+Services!8m2!3d29.936436999999998!4d-90.04873409999999!16s%2Fg%2F11ckvg1dmb!3m7!1s0x8620a65a55f9f561:0x82ccf16c5913c5fa!8m2!3d29.936436999999998!4d-90.04873409999999!9m1!1b1!16s%2Fg%2F11ckvg1dmb?entry=ttu",ChIJYfX5VVqmIIYR-sUTWWzxzII,0x8620a65a55f9f561:0x82ccf16c5913c5fa,9425173567832835578,/g/11q2z00lvb,None,,proclean4313@yahoo.com,RECEIVING,SMTP validated,,,,,,proclean4313@yahoo.com,RECEIVING,SMTP validated,,,,,,proclean4313@yahoo.com,RECEIVING,SMTP validated,,,,,,5046164313,mobile,"NEW CINGULAR WIRELESS PCS, LLC - GA",,5046164313,mobile,"NEW CINGULAR WIRELESS PCS, LLC - GA",,5046164313,"NEW CINGULAR WIRELESS PCS, LLC - GA",mobile,,https://www.facebook.com/ProCleanServicesLA/,https://www.instagram.com/explore,https://www.linkedin.com/company/proclean-services-louisiana,,,,,,,,https://twitter.com/wordpress,,,,,Pressure Washing Service in New Orleans - ProClean Services,WordPress 6.1.1,ProClean Services is the NOLA's top-choice for Pressure Washing. Residential Cleaning & Commercial Cleaning • Call us today • 504-616-4313,,False,False
"pool cleaning service, 70114, New Orleans, LA, US",Big Easy Softwash,Big Easy Softwash,http://bigeasysoftwash.com/,"Pressure washing service, Service establishment",Pressure washing service,Pressure washing service,+1 504-301-7861,mobile,CELLCO PARTNERSHIP DBA VERIZON,,,,,,,,,,,30.0326605,-89.88256349999999,8944464a367ffff,America/Chicago,,True,5.0,237.0,https://search.google.com/local/reviews?placeid=ChIJLz_zQ9mnIIYRpCUglQwHDR8&q=*&authuser=0&hl=en&gl=US,,,2.0,0.0,0.0,2.0,233.0,54.0,https://lh3.googleusercontent.com/p/AF1QipOauH-g9tBbz8JM4JYvvCifACOYxotsDuOw11zK=w800-h500-k-no,https://lh3.googleusercontent.com/p/AF1QipOauH-g9tBbz8JM4JYvvCifACOYxotsDuOw11zK=w1600-h1000-k-no,,"{""Sunday"": ""Closed"", ""Monday"": ""8AM-5PM"", ""Tuesday"": ""8AM-5PM"", ""Wednesday"": ""8AM-5PM"", ""Thursday"": ""8AM-5PM"", ""Friday"": ""8AM-5PM"", ""Saturday"": ""8AM-5PM""}","Sunday,|Monday,8AM,5PM|Tuesday,8AM,5PM|Wednesday,8AM,5PM|Thursday,8AM,5PM|Friday,8AM,5PM|Saturday,8AM,5PM",Sunday:Closed|Monday:8AM-5PM|Tuesday:8AM-5PM|Wednesday:8AM-5PM|Thursday:8AM-5PM|Friday:8AM-5PM|Saturday:8AM-5PM,,,OPERATIONAL,"{""From the business"": {""Identifies as veteran-owned"": true}, ""Other"": {""Identifies as veteran-owned"": true}}",,,,https://lh4.googleusercontent.com/-ningmET3v-8/AAAAAAAAAAI/AAAAAAAAAAA/WZ_VSuKLIiA/s44-p-k-no-ns-nd/photo.jpg,,,True,106397116249866519920,Big Easy Softwash,https://www.google.com/maps/contrib/106397116249866519920,,,,,"https://www.google.com/maps/place/Big+Easy+Softwash/@30.0326605,-89.88256349999999,14z/data=!4m8!1m2!2m1!1sBig+Easy+Softwash!3m4!1s0x8620a7d943f33f2f:0x1f0d070c952025a4!8m2!3d30.0326605!4d-89.88256349999999","https://www.google.com/maps/place/Big+Easy+Softwash/@30.0326605,-89.88256349999999,13.99z/data=!4m16!1m7!3m6!1s0x8620a7d943f33f2f:0x1f0d070c952025a4!2sBig+Easy+Softwash!8m2!3d30.0326605!4d-89.88256349999999!16s%2Fg%2F11ckvg1dmb!3m7!1s0x8620a7d943f33f2f:0x1f0d070c952025a4!8m2!3d30.0326605!4d-89.88256349999999!9m1!1b1!16s%2Fg%2F11ckvg1dmb?entry=ttu",ChIJLz_zQ9mnIIYRpCUglQwHDR8,0x8620a7d943f33f2f:0x1f0d070c952025a4,2237452340495918500,/g/11g_vn_kfp,2237452340495918500,,bigeasysoftwash@gmail.com,RECEIVING,SMTP validated,,,,,,,,,,,,,,,,,,,,,,5043017861,mobile,CELLCO PARTNERSHIP DBA VERIZON,,,,,,,,,,https://www.facebook.com/Big-Easy-SoftWash-423965771412349/,https://www.instagram.com/bigeasysoftwash,,,,,,,,,,,,,,New Orleans Softwash-Big Easy Softwash-House Washing-Roof Cleaning,Big Easy Softwash Child Theme v.3.0.5,"New Orleans Softwash, Big Easy Softwash offers professional pressure washing, house washing, roof cleaning, rust removal, deck and fence cleaning services.",,,
"pool cleaning service, 70114, New Orleans, LA, US",Ph Pools,Ph Pools,https://phpools504.com/,"Pool cleaning service, Service establishment",Pool cleaning service,Pool cleaning service,+1 504-481-5976,mobile,"NEW CINGULAR WIRELESS PCS, LLC - GA",,,,,,,,,,,30.0326605,-89.9526745,8944464132bffff,America/Chicago,,True,,,,,,,,,,,,,,,,,,,,OPERATIONAL,{},,,,https://lh6.googleusercontent.com/-hfWejYEdOQQ/AAAAAAAAAAI/AAAAAAAAAAA/cNPeELepyJA/s44-p-k-no-ns-nd/photo.jpg,,,True,102948458783729540933,Ph Pools,https://www.google.com/maps/contrib/102948458783729540933,,,,,"https://www.google.com/maps/place/Ph+Pools/@30.0326605,-89.9526745,14z/data=!4m8!1m2!2m1!1sPh+Pools!3m4!1s0xe7c6c650470447d:0xe41bb060a5459272!8m2!3d30.0326605!4d-89.9526745","https://www.google.com/maps/place/Ph+Pools/@30.0326605,-89.9526745,13.99z/data=!4m16!1m7!3m6!1s0xe7c6c650470447d:0xe41bb060a5459272!2sPh+Pools!8m2!3d30.0326605!4d-89.9526745!16s%2Fg%2F11ckvg1dmb!3m7!1s0xe7c6c650470447d:0xe41bb060a5459272!8m2!3d30.0326605!4d-89.9526745!9m1!1b1!16s%2Fg%2F11ckvg1dmb?entry=ttu",ChIJfURwBGVsfA4RcpJFpWCwG-Q,0xe7c6c650470447d:0xe41bb060a5459272,16436925194154906226,/g/11ln0m14b9,None,,phpools504@gmail.com,RECEIVING,SMTP validated,,,,,,,,,,,,,,,,,,,,,,5044815976,mobile,"NEW CINGULAR WIRELESS PCS, LLC - GA",,15044815976,mobile,"NEW CINGULAR WIRELESS PCS, LLC - GA",,,,,,https://www.facebook.com/phpools504,,,,,,,,,,,,,,,Log In ‹ pHPools504.com — WordPress,wordpress,We Keep Your Pool Balanced,,False,False
"pool cleaning service, 70114, New Orleans, LA, US",Pocketz Bar,Pocketz Bar,,Pool hall,Pool hall,Pool hall,+1 504-394-0800,fixed line,"COMCAST PHONE OF LOUISIANA, LL",,"1096 Behrman Hwy, Terrytown, LA 70056",None,1096 Behrman Hwy,Terrytown,70056,Louisiana,Louisiana,United States of America,US,29.883882399999997,-90.0202237,89444651c6bffff,America/Chicago,,False,4.0,50.0,https://search.google.com/local/reviews?placeid=ChIJJ4wuX22nIIYRIFVnN3sQTEo&q=*&authuser=0&hl=en&gl=US,,,7.0,0.0,6.0,11.0,26.0,18.0,https://lh3.googleusercontent.com/gps-cs-s/AG0ilSxwHIhIHqrFrOZm92Gw9dPntCYVekvMA9iw_WQHTRrEDLn67IfpalNZ0RktT4ZwXX2Yrceezs0NYWQlmUSC9AwmBBoG-BdT7luUkjf5jJIakqgC-KkIJ7ewB1sTxhXgmdB_gt6T=w800-h500-k-no,https://lh3.googleusercontent.com/gps-cs-s/AG0ilSxwHIhIHqrFrOZm92Gw9dPntCYVekvMA9iw_WQHTRrEDLn67IfpalNZ0RktT4ZwXX2Yrceezs0NYWQlmUSC9AwmBBoG-BdT7luUkjf5jJIakqgC-KkIJ7ewB1sTxhXgmdB_gt6T=w1600-h1000-k-no,,"{""Sunday"": ""3PM-2AM"", ""Monday"": ""4PM-12AM"", ""Tuesday"": ""4PM-2AM"", ""Wednesday"": ""4PM-2AM"", ""Thursday"": ""4PM-2AM"", ""Friday"": ""3PM-2AM"", ""Saturday"": ""3PM-2AM""}","Sunday,3PM,2AM|Monday,4PM,12AM|Tuesday,4PM,2AM|Wednesday,4PM,2AM|Thursday,4PM,2AM|Friday,3PM,2AM|Saturday,3PM,2AM",Sunday:3PM-2AM|Monday:4PM-12AM|Tuesday:4PM-2AM|Wednesday:4PM-2AM|Thursday:4PM-2AM|Friday:3PM-2AM|Saturday:3PM-2AM,,,OPERATIONAL,"{""Highlights"": {""Fast service"": true, ""Great beer selection"": true, ""Sports"": true}, ""Accessibility"": {""Wheelchair accessible entrance"": true, ""Wheelchair accessible parking lot"": true, ""Wheelchair accessible restroom"": true}, ""Offerings"": {""Alcohol"": true, ""Beer"": true, ""Cocktails"": true, ""Food"": true, ""Food at bar"": true, ""Hard liquor"": true, ""Wine"": true}, ""Dining options"": {""Table service"": false}, ""Amenities"": {""Bar onsite"": true, ""Restroom"": true}, ""Atmosphere"": {""Casual"": true, ""Trendy"": true}, ""Crowd"": {""Groups"": true, ""Locals"": true}, ""Planning"": {""Accepts reservations"": false}, ""Payments"": {""Credit cards"": true, ""Debit cards"": true, ""NFC mobile payments"": true}}",,,,https://lh5.googleusercontent.com/-sd6s8CsMD_s/AAAAAAAAAAI/AAAAAAAAAAA/SSlaMlMhfOg/s44-p-k-no-ns-nd/photo.jpg,,,True,103669882180232099531,Pocketz Bar,https://www.google.com/maps/contrib/103669882180232099531,,,,,"https://www.google.com/maps/place/Pocketz+Bar/@29.883882399999997,-90.0202237,14z/data=!4m8!1m2!2m1!1sPocketz+Bar!3m4!1s0x8620a76d5f2e8c27:0x4a4c107b37675520!8m2!3d29.883882399999997!4d-90.0202237","https://www.google.com/maps/place/Pocketz+Bar/@29.883882399999997,-90.0202237,13.99z/data=!4m16!1m7!3m6!1s0x8620a76d5f2e8c27:0x4a4c107b37675520!2sPocketz+Bar!8m2!3d29.883882399999997!4d-90.0202237!16s%2Fg%2F11ckvg1dmb!3m7!1s0x8620a76d5f2e8c27:0x4a4c107b37675520!8m2!3d29.883882399999997!4d-90.0202237!9m1!1b1!16s%2Fg%2F11ckvg1dmb?entry=ttu",ChIJJ4wuX22nIIYRIFVnN3sQTEo,0x8620a76d5f2e8c27:0x4a4c107b37675520,5353672178433217824,/g/11p5tdqdqs,5353672178433217824,,Pocketzbm@gmail.com,RECEIVING,Verified,,,,,,,,,,,,,,,,,,,,,,5043940800,fixed line,"COMCAST PHONE OF LOUISIANA, LL",,,,,,,,,,https://www.facebook.com/PocketzBar,,,,,,,,,,,,,,,,,,,,
"pool cleaning service, 70114, New Orleans, LA, US",Penguin Pool Services & Repair,Penguin Pool Services And Repair,,,,,+1 504-347-2401,,AT&T Southeast,True,"New Orleans, LA 70114",Algiers,,New Orleans,70114,Louisiana,Louisiana,United States of America,US,29.9335739,-90.03265309999999,894446426cfffff,America/Chicago,,False,,,,,,,,,,,1.0,https://streetviewpixels-pa.googleapis.com/v1/thumbnail?panoid=vbKZ8kkn83_iT65UUctY7g&cb_client=search.gws-prod.gps&w=800&h=500&yaw=89.66513&pitch=0&thumbfov=100,https://streetviewpixels-pa.googleapis.com/v1/thumbnail?panoid=vbKZ8kkn83_iT65UUctY7g&cb_client=search.gws-prod.gps&w=1600&h=1000&yaw=89.66513&pitch=0&thumbfov=100,,,,,,,CLOSED_PERMANENTLY,{},,,,,,,False,None,Penguin Pool Services & Repair,,,,,,"https://www.google.com/maps/place/Penguin+Pool+Services+%26+Repair/@29.9335739,-90.03265309999999,14z/data=!4m8!1m2!2m1!1sPenguin+Pool+Services+%26+Repair!3m4!1s0x8620a7aeaaaaaaab:0xac3a8ad39199dd18!8m2!3d29.9335739!4d-90.03265309999999","https://www.google.com/maps/place/Penguin+Pool+Services+%26+Repair/@29.9335739,-90.03265309999999,13.99z/data=!4m16!1m7!3m6!1s0x8620a7aeaaaaaaab:0xac3a8ad39199dd18!2sPenguin+Pool+Services+%26+Repair!8m2!3d29.9335739!4d-90.03265309999999!16s%2Fg%2F11ckvg1dmb!3m7!1s0x8620a7aeaaaaaaab:0xac3a8ad39199dd18!8m2!3d29.9335739!4d-90.03265309999999!9m1!1b1!16s%2Fg%2F11ckvg1dmb?entry=ttu",ChIJq6qqqq6nIIYRGN2ZkdOKOqw,0x8620a7aeaaaaaaab:0xac3a8ad39199dd18,12410384364458335512,/g/1262kpycq,None,,,,,,,,,,,,,,,,,,,,,,,,,,,,,,,,,,,,,,,,,,,,,,,,,,,,,,,,,,
"pool cleaning service, 70118, New Orleans, LA, US",DatPoolBoy LLC,Datpoolboy,,Pool cleaning service,Pool cleaning service,Pool cleaning service,+1 504-274-5432,landline,,,"619 Bonnabel Blvd, Metairie, LA 70005",Bonnabel Place,619 Bonnabel Blvd,Metairie,70005,Louisiana,Louisiana,United States of America,US,29.9980044,-90.142562,89444655e3bffff,America/Chicago,,False,5.0,1.0,https://search.google.com/local/reviews?placeid=ChIJ4w8a-J6vIIYResvwxgGqyRE&q=*&authuser=0&hl=en&gl=US,,,0.0,0.0,0.0,0.0,1.0,3.0,https://lh3.googleusercontent.com/p/AF1QipNPQANaUSbcQXl6qITQWBeQYewVE4n6rVIWmjMQ=w800-h500-k-no,https://lh3.googleusercontent.com/p/AF1QipNPQANaUSbcQXl6qITQWBeQYewVE4n6rVIWmjMQ=w1600-h1000-k-no,,,,,,,OPERATIONAL,{},,,,https://lh4.googleusercontent.com/-EFQ4dL1BGJQ/AAAAAAAAAAI/AAAAAAAAAAA/UxoGusZE0lQ/s44-p-k-no-ns-nd/photo.jpg,,,True,110918626769833301990,DatPoolBoy LLC,https://www.google.com/maps/contrib/110918626769833301990,,,,,"https://www.google.com/maps/place/DatPoolBoy+LLC/@29.9980044,-90.142562,14z/data=!4m8!1m2!2m1!1sDatPoolBoy+LLC!3m4!1s0x8620af9ef81a0fe3:0x11c9aa01c6f0cb7a!8m2!3d29.9980044!4d-90.142562","https://www.google.com/maps/place/DatPoolBoy+LLC/@29.9980044,-90.142562,13.99z/data=!4m16!1m7!3m6!1s0x8620af9ef81a0fe3:0x11c9aa01c6f0cb7a!2sDatPoolBoy+LLC!8m2!3d29.9980044!4d-90.142562!16s%2Fg%2F11ckvg1dmb!3m7!1s0x8620af9ef81a0fe3:0x11c9aa01c6f0cb7a!8m2!3d29.9980044!4d-90.142562!9m1!1b1!16s%2Fg%2F11ckvg1dmb?entry=ttu",ChIJ4w8a-J6vIIYResvwxgGqyRE,0x8620af9ef81a0fe3:0x11c9aa01c6f0cb7a,1281742493572975482,/g/11fy_qb460,1281742493572975482,,,,,,,,,,,,,,,,,,,,,,,,,,,,,,,,,,,,,,,,,,,,,,,,,,,,,,,,,,
"pool cleaning service, 70118, New Orleans, LA, US",Tiger Wash Pressure Washing New Orleans,Tiger Wash Pressure Washing New Orleans,https://tigerwashbr.com/,"Pressure washing service, Service establishment, Graffiti removal service, Gutter cleaning service",Pressure washing service,Pressure washing service,+1 504-270-4925,mobile,"VOICESTREAM GSM I, LLC",,,,,,,,,,,29.8186066,-89.7529388,8944732c32bffff,America/Chicago,,True,4.9,51.0,https://search.google.com/local/reviews?placeid=ChIJVVVVVcGvIIYRtc3EIqkvaU8&q=*&authuser=0&hl=en&gl=US,,,1.0,0.0,0.0,0.0,50.0,90.0,https://lh3.googleusercontent.com/p/AF1QipM24u1Ch8TNIuJDEDslj2EvyF7CHRj8ddik8hC9=w800-h500-k-no,https://lh3.googleusercontent.com/p/AF1QipM24u1Ch8TNIuJDEDslj2EvyF7CHRj8ddik8hC9=w1600-h1000-k-no,,"{""Sunday"": ""Open 24 hours"", ""Monday"": ""Open 24 hours"", ""Tuesday"": ""Open 24 hours"", ""Wednesday"": ""Open 24 hours"", ""Thursday"": ""Open 24 hours"", ""Friday"": ""Open 24 hours"", ""Saturday"": ""Open 24 hours""}","Sunday,Open 24 hours|Monday,Open 24 hours|Tuesday,Open 24 hours|Wednesday,Open 24 hours|Thursday,Open 24 hours|Friday,Open 24 hours|Saturday,Open 24 hours",Sunday:Open 24 hours|Monday:Open 24 hours|Tuesday:Open 24 hours|Wednesday:Open 24 hours|Thursday:Open 24 hours|Friday:Open 24 hours|Saturday:Open 24 hours,,,OPERATIONAL,"{""Service options"": {""Online estimates"": true}}",,,,https://lh4.googleusercontent.com/-VgkWfKcG5NE/AAAAAAAAAAI/AAAAAAAAAAA/O9m60aGwWqY/s44-p-k-no-ns-nd/photo.jpg,,,True,102446459740151679229,Tiger Wash Pressure Washing New Orleans,https://www.google.com/maps/contrib/102446459740151679229,,https://tigerwashbr.com/request-a-quote/,,https://tigerwashbr.com/request-a-quote/,"https://www.google.com/maps/place/Tiger+Wash+Pressure+Washing+New+Orleans/@29.8186066,-89.7529388,14z/data=!4m8!1m2!2m1!1sTiger+Wash+Pressure+Washing+New+Orleans!3m4!1s0x8620afc155555555:0x4f692fa922c4cdb5!8m2!3d29.8186066!4d-89.7529388","https://www.google.com/maps/place/Tiger+Wash+Pressure+Washing+New+Orleans/@29.8186066,-89.7529388,13.99z/data=!4m16!1m7!3m6!1s0x8620afc155555555:0x4f692fa922c4cdb5!2sTiger+Wash+Pressure+Washing+New+Orleans!8m2!3d29.8186066!4d-89.7529388!16s%2Fg%2F11ckvg1dmb!3m7!1s0x8620afc155555555:0x4f692fa922c4cdb5!8m2!3d29.8186066!4d-89.7529388!9m1!1b1!16s%2Fg%2F11ckvg1dmb?entry=ttu",ChIJVVVVVcGvIIYRtc3EIqkvaU8,0x8620afc155555555:0x4f692fa922c4cdb5,5722157205030227381,/g/11b7cpd40m,5722157205030227381,,info@tigerwashbr.com,RECEIVING,SMTP validated,David Ambrogfo,David,Ambrogfo,,15042704925,,,,,,,,,,,,,,,,,15042704925,mobile,"VOICESTREAM GSM I, LLC",,15043773311,landline,,,5042704925,"VOICESTREAM GSM I, LLC",mobile,,http://www.facebook.com/tigerwashbr,,http://www.linkedin.com/company/5962999,,,,,,,,https://www.twitter.com/tigerwashbr,,,,,"About Us | Tiger Wash | Pressure Washing New Orleans & Baton Rouge, LA",WordPress 6.8.3,Tiger Wash - premier auto detailing Baton Rouge.,,False,True
"pool cleaning service, 70118, New Orleans, LA, US",Calypso Exterior Cleaning,Calypso Exterior Cleaning,http://www.calypsoexteriorcleaning.com/,"House cleaning service, Gutter cleaning service, Pressure washing service, Window cleaning service",Pressure washing service,House cleaning service,+1 504-416-2108,mobile,,,"1034 N Carrollton Ave, New Orleans, LA 70119",City Park,1034 N Carrollton Ave,New Orleans,70119,Louisiana,Louisiana,United States of America,US,29.9823547,-90.0917437,89444642c57ffff,America/Chicago,,False,5.0,20.0,https://search.google.com/local/reviews?placeid=ChIJSd0fERGvIIYRU7aROphNJt4&q=*&authuser=0&hl=en&gl=US,,,0.0,0.0,0.0,0.0,20.0,73.0,https://lh3.googleusercontent.com/p/AF1QipPn1avJEH_ulFXmzKWLsk-owX7CQREN0nQWaEc=w800-h500-k-no,https://lh3.googleusercontent.com/p/AF1QipPn1avJEH_ulFXmzKWLsk-owX7CQREN0nQWaEc=w1600-h1000-k-no,,"{""Sunday"": ""Open 24 hours"", ""Monday"": ""Open 24 hours"", ""Tuesday"": ""Open 24 hours"", ""Wednesday"": ""Open 24 hours"", ""Thursday"": ""Open 24 hours"", ""Friday"": ""Open 24 hours"", ""Saturday"": ""Open 24 hours""}","Sunday,Open 24 hours|Monday,Open 24 hours|Tuesday,Open 24 hours|Wednesday,Open 24 hours|Thursday,Open 24 hours|Friday,Open 24 hours|Saturday,Open 24 hours",Sunday:Open 24 hours|Monday:Open 24 hours|Tuesday:Open 24 hours|Wednesday:Open 24 hours|Thursday:Open 24 hours|Friday:Open 24 hours|Saturday:Open 24 hours,,,OPERATIONAL,"{""Service options"": {""Online estimates"": true}}",,,,https://lh4.googleusercontent.com/-YiWkuHlXdr0/AAAAAAAAAAI/AAAAAAAAAAA/UY2QJM1sssw/s44-p-k-no-ns-nd/photo.jpg,,,True,115936574895253196649,Calypso Exterior Cleaning,https://www.google.com/maps/contrib/115936574895253196649,,https://calypsoexteriorcleaning.com/,,https://calypsoexteriorcleaning.com/,"https://www.google.com/maps/place/Calypso+Exterior+Cleaning/@29.9823547,-90.0917437,14z/data=!4m8!1m2!2m1!1sCalypso+Exterior+Cleaning!3m4!1s0x8620af11111fdd49:0xde264d983a91b653!8m2!3d29.9823547!4d-90.0917437","https://www.google.com/maps/place/Calypso+Exterior+Cleaning/@29.9823547,-90.0917437,13.99z/data=!4m16!1m7!3m6!1s0x8620af11111fdd49:0xde264d983a91b653!2sCalypso+Exterior+Cleaning!8m2!3d29.9823547!4d-90.0917437!16s%2Fg%2F11ckvg1dmb!3m7!1s0x8620af11111fdd49:0xde264d983a91b653!8m2!3d29.9823547!4d-90.0917437!9m1!1b1!16s%2Fg%2F11ckvg1dmb?entry=ttu",ChIJSd0fERGvIIYRU7aROphNJt4,0x8620af11111fdd49:0xde264d983a91b653,16007567241748002387,/g/11sq191tnk,-2439176831961549229,,calypsoexteriorcleaning@gmail.com,RECEIVING,SMTP validated,,,,,,,,,,,,,,,,,,,,,,5044162108,mobile,,,5049158234,mobile,T-Mobile USA Inc.,,,,,,https://www.facebook.com/calypsoexteriorcleaning/,https://www.instagram.com/calypsoexteriorcleaning,,,,,,,,,,,,,,"Pressure Washing Belle Chasse, LA Calypso Exterior Cleaning",Divi v.4.27.2,"Pressure Washing in Belle Chasse, LA provided by the experts at Calypso Exterior Cleaning. Call 504-416-2108 today for a free pressure washing quote!",,False,False
"pool cleaning service, 70118, New Orleans, LA, US","Hydro Max, Inc.",Hydro Max,http://www.hydromaxinc.com/,Pressure washing service,Pressure washing service,Pressure washing service,+1 504-463-4185,mobile,,,"628 Jefferson Heights Ave, Jefferson, LA 70121",None,628 Jefferson Heights Ave,Jefferson,70121,Louisiana,Louisiana,United States of America,US,29.959448199999997,-90.1766643,894446542bbffff,America/Chicago,,False,5.0,117.0,https://search.google.com/local/reviews?placeid=ChIJ02IT8_O7IIYRLQkEpMSWhOk&q=*&authuser=0&hl=en&gl=US,,,0.0,0.0,0.0,0.0,117.0,251.0,https://lh3.googleusercontent.com/gps-cs-s/AG0ilSzV10vFEX1N5wmwXcMR_mJuU4bdpNYaSODstoY8dpProoCTB4Fizs8aox3UmPyUEe3CX21rPEURpQf3-49GgxrQh8e6c_jo4G8GfjKfdzSK6mYXVrcEudVAGiZX6Bm3fwUTQsH0NQ=w800-h500-k-no,https://lh3.googleusercontent.com/gps-cs-s/AG0ilSzV10vFEX1N5wmwXcMR_mJuU4bdpNYaSODstoY8dpProoCTB4Fizs8aox3UmPyUEe3CX21rPEURpQf3-49GgxrQh8e6c_jo4G8GfjKfdzSK6mYXVrcEudVAGiZX6Bm3fwUTQsH0NQ=w1600-h1000-k-no,,"{""Sunday"": ""7AM-7PM"", ""Monday"": ""7AM-7PM"", ""Tuesday"": ""7AM-7PM"", ""Wednesday"": ""7AM-7PM"", ""Thursday"": ""7AM-7PM"", ""Friday"": ""7AM-7PM"", ""Saturday"": ""7AM-7PM""}","Sunday,7AM,7PM|Monday,7AM,7PM|Tuesday,7AM,7PM|Wednesday,7AM,7PM|Thursday,7AM,7PM|Friday,7AM,7PM|Saturday,7AM,7PM",Sunday:7AM-7PM|Monday:7AM-7PM|Tuesday:7AM-7PM|Wednesday:7AM-7PM|Thursday:7AM-7PM|Friday:7AM-7PM|Saturday:7AM-7PM,,,OPERATIONAL,{},,,,https://lh4.googleusercontent.com/-wWiHMblPjWc/AAAAAAAAAAI/AAAAAAAAAAA/2WcJ07zIx1g/s44-p-k-no-ns-nd/photo.jpg,,,True,100696877724976674303,"Hydro Max, Inc.",https://www.google.com/maps/contrib/100696877724976674303,,,,,"https://www.google.com/maps/place/Hydro+Max%2C+Inc./@29.959448199999997,-90.1766643,14z/data=!4m8!1m2!2m1!1sHydro+Max%2C+Inc.!3m4!1s0x8620bbf3f31362d3:0xe98496c4a404092d!8m2!3d29.959448199999997!4d-90.1766643","https://www.google.com/maps/place/Hydro+Max%2C+Inc./@29.959448199999997,-90.1766643,13.99z/data=!4m16!1m7!3m6!1s0x8620bbf3f31362d3:0xe98496c4a404092d!2sHydro+Max%2C+Inc.!8m2!3d29.959448199999997!4d-90.1766643!16s%2Fg%2F11ckvg1dmb!3m7!1s0x8620bbf3f31362d3:0xe98496c4a404092d!8m2!3d29.959448199999997!4d-90.1766643!9m1!1b1!16s%2Fg%2F11ckvg1dmb?entry=ttu",ChIJ02IT8_O7IIYRLQkEpMSWhOk,0x8620bbf3f31362d3:0xe98496c4a404092d,16826739879072500013,/g/11hzncsh41,-1620004194637051603,,,,,,,,,,,,,,,,,,,,,,,,,,,,,,,,,,,,,,,,,,,,,,,,,,,,,Before & After - Hydro Max Inc Pressure Washing New Orleans,All in One SEO (AIOSEO) 4.8.9,"Providing professional pressure washing for the Greater New Orleans Area, River Region, and Mandeville.","pressure washing new orleans, pressure washing lakeview, pressure washing jefferson, pressure washing mandeville, pressure washing near me, pressure washing metaire, pressure washing kenner",False,False
"pool cleaning service, 70119, New Orleans, LA, US",Mid City Power Wash,Mid City Power Wash,http://www.midcitypowerwash.com/,Pressure washing service,Pressure washing service,Pressure washing service,+1 504-616-1111,mobile,"NEW CINGULAR WIRELESS PCS, LLC - GA",,"935 Harding Dr, New Orleans, LA 70119",City Park,935 Harding Dr,New Orleans,70119,Louisiana,Louisiana,United States of America,US,29.9789681,-90.09057519999999,89444642ccfffff,America/Chicago,,False,5.0,3.0,https://search.google.com/local/reviews?placeid=ChIJh1G8j16vIIYR4cLLuzXBBWQ&q=*&authuser=0&hl=en&gl=US,,,0.0,0.0,0.0,0.0,3.0,20.0,https://lh3.googleusercontent.com/p/AF1QipN8eIO5iGmlOf3c78EGTQ1M-65dGdbMGpoZVeTY=w800-h500-k-no,https://lh3.googleusercontent.com/p/AF1QipN8eIO5iGmlOf3c78EGTQ1M-65dGdbMGpoZVeTY=w1600-h1000-k-no,,"{""Sunday"": ""9AM-5PM"", ""Monday"": ""9AM-5PM"", ""Tuesday"": ""9AM-5PM"", ""Wednesday"": ""9AM-5PM"", ""Thursday"": ""9AM-5PM"", ""Friday"": ""9AM-5PM"", ""Saturday"": ""9AM-5PM""}","Sunday,9AM,5PM|Monday,9AM,5PM|Tuesday,9AM,5PM|Wednesday,9AM,5PM|Thursday,9AM,5PM|Friday,9AM,5PM|Saturday,9AM,5PM",Sunday:9AM-5PM|Monday:9AM-5PM|Tuesday:9AM-5PM|Wednesday:9AM-5PM|Thursday:9AM-5PM|Friday:9AM-5PM|Saturday:9AM-5PM,,,OPERATIONAL,"{""Service options"": {""Online estimates"": true}, ""Crowd"": {""LGBTQ+ friendly"": true}, ""Other"": {""LGBTQ+ friendly"": true}}",,,,https://lh3.googleusercontent.com/-OWnsveOjrbA/AAAAAAAAAAI/AAAAAAAAAAA/AqEW8iG7CNM/s44-p-k-no-ns-nd/photo.jpg,,,True,109693323260888020062,Mid City Power Wash,https://www.google.com/maps/contrib/109693323260888020062,,https://midcitypowerwash.com/,,https://midcitypowerwash.com/,"https://www.google.com/maps/place/Mid+City+Power+Wash/@29.9789681,-90.09057519999999,14z/data=!4m8!1m2!2m1!1sMid+City+Power+Wash!3m4!1s0x8620af5e8fbc5187:0x6405c135bbcbc2e1!8m2!3d29.9789681!4d-90.09057519999999","https://www.google.com/maps/place/Mid+City+Power+Wash/@29.9789681,-90.09057519999999,13.99z/data=!4m16!1m7!3m6!1s0x8620af5e8fbc5187:0x6405c135bbcbc2e1!2sMid+City+Power+Wash!8m2!3d29.9789681!4d-90.09057519999999!16s%2Fg%2F11ckvg1dmb!3m7!1s0x8620af5e8fbc5187:0x6405c135bbcbc2e1!8m2!3d29.9789681!4d-90.09057519999999!9m1!1b1!16s%2Fg%2F11ckvg1dmb?entry=ttu",ChIJh1G8j16vIIYR4cLLuzXBBWQ,0x8620af5e8fbc5187:0x6405c135bbcbc2e1,7207379215204467425,/g/11cjhcf1rz,7207379215204467425,,midcitypw@gmail.com,RECEIVING,SMTP validated,,,,,,,,,,,,,,,,,,,,,,5046161111,mobile,"NEW CINGULAR WIRELESS PCS, LLC - GA",,15046161111,mobile,"NEW CINGULAR WIRELESS PCS, LLC - GA",,,,,,https://www.facebook.com/MidCityPowerWash/,,,,,,,,,,,,,,,Contact Us - Mid City Power Wash New Orleans 504 616-1111,All in One SEO (AIOSEO) 4.8.7,"Mid City Power Wash 935 Harding Dr. New Orleans, LA 70119. Call 504 616-1111 midcitypw@gmail.com . We server the greater New Orleans area. Need Service?",,False,False
"pool cleaning service, 70121, New Orleans, LA, US",Metairie Pool Cleaning and Service,Metairie Pool Cleaning And Service,https://www.metairiepoolcleaner.com/,"Pool cleaning service, Service establishment",Pool cleaning service,Pool cleaning service,+1 504-565-2962,landline,,,,,,,,,,,,29.646653999999998,-89.9526745,894473359bbffff,America/Chicago,,True,4.1,9.0,https://search.google.com/local/reviews?placeid=ChIJ6eRyOOWxIIYRYfEgL0I_c54&q=*&authuser=0&hl=en&gl=US,,,2.0,0.0,0.0,0.0,7.0,16.0,https://lh3.googleusercontent.com/p/AF1QipMmEvfW9rZtNlzfH3o5RNbdJgOmuHaDP0ycjdYP=w800-h500-k-no,https://lh3.googleusercontent.com/p/AF1QipMmEvfW9rZtNlzfH3o5RNbdJgOmuHaDP0ycjdYP=w1600-h1000-k-no,,"{""Sunday"": ""Closed"", ""Monday"": ""8AM-6PM"", ""Tuesday"": ""8AM-6PM"", ""Wednesday"": ""8AM-6PM"", ""Thursday"": ""8AM-6PM"", ""Friday"": ""8AM-6PM"", ""Saturday"": ""8AM-6PM""}","Sunday,|Monday,8AM,6PM|Tuesday,8AM,6PM|Wednesday,8AM,6PM|Thursday,8AM,6PM|Friday,8AM,6PM|Saturday,8AM,6PM",Sunday:Closed|Monday:8AM-6PM|Tuesday:8AM-6PM|Wednesday:8AM-6PM|Thursday:8AM-6PM|Friday:8AM-6PM|Saturday:8AM-6PM,,,OPERATIONAL,{},,,,https://lh4.googleusercontent.com/-aRsWaDFEQSs/AAAAAAAAAAI/AAAAAAAAAAA/SDuHgSyCbBA/s44-p-k-no-ns-nd/photo.jpg,,,True,108853358195298239480,Metairie Pool Cleaning and Service,https://www.google.com/maps/contrib/108853358195298239480,,,,,"https://www.google.com/maps/place/Metairie+Pool+Cleaning+and+Service/@29.646653999999998,-89.9526745,14z/data=!4m8!1m2!2m1!1sMetairie+Pool+Cleaning+and+Service!3m4!1s0x8620b1e53872e4e9:0x9e733f422f20f161!8m2!3d29.646653999999998!4d-89.9526745","https://www.google.com/maps/place/Metairie+Pool+Cleaning+and+Service/@29.646653999999998,-89.9526745,13.99z/data=!4m16!1m7!3m6!1s0x8620b1e53872e4e9:0x9e733f422f20f161!2sMetairie+Pool+Cleaning+and+Service!8m2!3d29.646653999999998!4d-89.9526745!16s%2Fg%2F11ckvg1dmb!3m7!1s0x8620b1e53872e4e9:0x9e733f422f20f161!8m2!3d29.646653999999998!4d-89.9526745!9m1!1b1!16s%2Fg%2F11ckvg1dmb?entry=ttu",ChIJ6eRyOOWxIIYRYfEgL0I_c54,0x8620b1e53872e4e9:0x9e733f422f20f161,11417539033805418849,/g/11fv66vd6c,-7029205039904132767,,,,,,,,,,,,,,,,,,,,,,,,,,5045652962,landline,,,5045652862,landline,,,5044347589,,landline,,,,,,,,,,,,,,,,,"Pool Cleaning Service and Maintenance in Metairie, La",,Ready to go swimming? Metairie Pool Cleaner and Maintenance is ready to serve Just Call today for a free quote.,"pool service, new orleans pool design, monthly pool maintenance, pool cleaning cost, acid wash, pools for dummies, travertine, inground pool cost, service pool",False,False
"pool cleaning service, 70121, New Orleans, LA, US",Mud Bug Pools Services and repairs,Mud Bug Pools Services And Repairs,,"Pool cleaning service, Service establishment",Pool cleaning service,Pool cleaning service,+1 504-220-5847,mobile,CELLCO PARTNERSHIP DBA VERIZON WIRELESS - LA,,,,,,,,,,,30.0257334,-90.111717,8944464290fffff,America/Chicago,,True,5.0,2.0,https://search.google.com/local/reviews?placeid=ChIJDe8tWlC_uo8RQYn_rHlitTM&q=*&authuser=0&hl=en&gl=US,,,0.0,0.0,0.0,0.0,2.0,22.0,https://lh3.googleusercontent.com/p/AF1QipPX70syiqsvIzgEeKpAmri_NUQ1PuYIk9WpZYge=w800-h500-k-no,https://lh3.googleusercontent.com/p/AF1QipPX70syiqsvIzgEeKpAmri_NUQ1PuYIk9WpZYge=w1600-h1000-k-no,,"{""Sunday"": ""Closed"", ""Monday"": ""7AM-6PM"", ""Tuesday"": ""7AM-6PM"", ""Wednesday"": ""7AM-6PM"", ""Thursday"": ""7AM-6PM"", ""Friday"": ""7AM-6PM"", ""Saturday"": ""Closed""}","Sunday,|Monday,7AM,6PM|Tuesday,7AM,6PM|Wednesday,7AM,6PM|Thursday,7AM,6PM|Friday,7AM,6PM|Saturday,",Sunday:Closed|Monday:7AM-6PM|Tuesday:7AM-6PM|Wednesday:7AM-6PM|Thursday:7AM-6PM|Friday:7AM-6PM|Saturday:Closed,,,OPERATIONAL,{},,,,https://lh5.googleusercontent.com/-AC6iRDK0BZU/AAAAAAAAAAI/AAAAAAAAAAA/uliDqMUXi3o/s44-p-k-no-ns-nd/photo.jpg,,,True,108784547307559387952,Mud Bug Pools Services and repairs,https://www.google.com/maps/contrib/108784547307559387952,,,,,"https://www.google.com/maps/place/Mud+Bug+Pools+Services+and+repairs/@30.0257334,-90.111717,14z/data=!4m8!1m2!2m1!1sMud+Bug+Pools+Services+and+repairs!3m4!1s0x8fbabf505a2def0d:0x33b56279acff8941!8m2!3d30.0257334!4d-90.111717","https://www.google.com/maps/place/Mud+Bug+Pools+Services+and+repairs/@30.0257334,-90.111717,13.99z/data=!4m16!1m7!3m6!1s0x8fbabf505a2def0d:0x33b56279acff8941!2sMud+Bug+Pools+Services+and+repairs!8m2!3d30.0257334!4d-90.111717!16s%2Fg%2F11ckvg1dmb!3m7!1s0x8fbabf505a2def0d:0x33b56279acff8941!8m2!3d30.0257334!4d-90.111717!9m1!1b1!16s%2Fg%2F11ckvg1dmb?entry=ttu",ChIJDe8tWlC_uo8RQYn_rHlitTM,0x8fbabf505a2def0d:0x33b56279acff8941,3725992541451946305,/g/11wg5t8lv0,3725992541451946305,,,,,,,,,,,,,,,,,,,,,,,,,,,,,,,,,,,,,,,,,,,,,,,,,,,,,,,,,,
"pool cleaning service, 70122, New Orleans, LA, US",BestBank Pools Cleaning and Maintenance,Bestbank Pools Cleaning And Maintenance,,"Pool cleaning service, Service establishment",Pool cleaning service,Pool cleaning service,+1 504-940-4295,mobile,CELLCO PARTNERSHIP DBA VERIZON,,,,,,,,,,,,,,America/Chicago,,True,4.6,10.0,https://search.google.com/local/reviews?placeid=ChIJB1O4pNahIIYRkjKY3CZzSXk&q=*&authuser=0&hl=en&gl=US,,,1.0,0.0,0.0,0.0,9.0,18.0,https://lh3.googleusercontent.com/p/AF1QipMB5E0f3ZdcrXYxlP2_mfhj03ibpmf0unNzc0E7=w800-h500-k-no,https://lh3.googleusercontent.com/p/AF1QipMB5E0f3ZdcrXYxlP2_mfhj03ibpmf0unNzc0E7=w1600-h1000-k-no,,"{""Sunday"": ""Closed"", ""Monday"": ""8AM-8PM"", ""Tuesday"": ""8AM-5PM"", ""Wednesday"": ""8AM-8PM"", ""Thursday"": ""8AM-8PM"", ""Friday"": ""8AM-8PM"", ""Saturday"": ""Closed""}","Sunday,|Monday,8AM,8PM|Tuesday,8AM,5PM|Wednesday,8AM,8PM|Thursday,8AM,8PM|Friday,8AM,8PM|Saturday,",Sunday:Closed|Monday:8AM-8PM|Tuesday:8AM-5PM|Wednesday:8AM-8PM|Thursday:8AM-8PM|Friday:8AM-8PM|Saturday:Closed,,,OPERATIONAL,{},,,,https://lh6.googleusercontent.com/-excYB3AOOlg/AAAAAAAAAAI/AAAAAAAAAAA/dzExjvRdD4U/s44-p-k-no-ns-nd/photo.jpg,,,True,106940023325044961336,BestBank Pools Cleaning and Maintenance,https://www.google.com/maps/contrib/106940023325044961336,,,,,"https://www.google.com/maps/place/BestBank+Pools+Cleaning+and+Maintenance/@None,None,14z/data=!4m8!1m2!2m1!1sBestBank+Pools+Cleaning+and+Maintenance!3m4!1s0x8620a1d6a4b85307:0x79497326dc983292!8m2!3dNone!4dNone","https://www.google.com/maps/place/BestBank+Pools+Cleaning+and+Maintenance/@None,None,13.99z/data=!4m16!1m7!3m6!1s0x8620a1d6a4b85307:0x79497326dc983292!2sBestBank+Pools+Cleaning+and+Maintenance!8m2!3dNone!4dNone!16s%2Fg%2F11ckvg1dmb!3m7!1s0x8620a1d6a4b85307:0x79497326dc983292!8m2!3dNone!4dNone!9m1!1b1!16s%2Fg%2F11ckvg1dmb?entry=ttu",ChIJB1O4pNahIIYRkjKY3CZzSXk,0x8620a1d6a4b85307:0x79497326dc983292,8739643162636071570,/g/11gk8v1xp3,8739643162636071570,,,,,,,,,,,,,,,,,,,,,,,,,,,,,,,,,,,,,,,,,,,,,,,,,,,,,,,,,,
"pool cleaning service, 70122, New Orleans, LA, US",Pristine Pools LLC,Pristine Pools,,Pool cleaning service,Pool cleaning service,Pool cleaning service,+1 504-230-2952,mobile,,,"334 River Point Dr, Destrehan, LA 70047",None,334 River Point Dr,Destrehan,70047,Louisiana,Louisiana,United States of America,US,29.970506399999998,-90.3808411,89444618aafffff,America/Chicago,,False,3.5,8.0,https://search.google.com/local/reviews?placeid=ChIJUTHXvbzFIIYRlXMnwHpdciw&q=*&authuser=0&hl=en&gl=US,,,3.0,0.0,0.0,0.0,5.0,12.0,https://lh3.googleusercontent.com/p/AF1QipMrvbn8lsSr0pBdcqFyB7Buq2geeyTSdUtpmduX=w800-h500-k-no,https://lh3.googleusercontent.com/p/AF1QipMrvbn8lsSr0pBdcqFyB7Buq2geeyTSdUtpmduX=w1600-h1000-k-no,,"{""Sunday"": ""Closed"", ""Monday"": ""7AM-5PM"", ""Tuesday"": ""7AM-5PM"", ""Wednesday"": ""7AM-5PM"", ""Thursday"": ""7AM-5PM"", ""Friday"": ""7AM-5PM"", ""Saturday"": ""8AM-12PM""}","Sunday,|Monday,7AM,5PM|Tuesday,7AM,5PM|Wednesday,7AM,5PM|Thursday,7AM,5PM|Friday,7AM,5PM|Saturday,8AM,12PM",Sunday:Closed|Monday:7AM-5PM|Tuesday:7AM-5PM|Wednesday:7AM-5PM|Thursday:7AM-5PM|Friday:7AM-5PM|Saturday:8AM-12PM,,,OPERATIONAL,{},,,,https://lh3.googleusercontent.com/-ZWX--kXWWIA/AAAAAAAAAAI/AAAAAAAAAAA/HWT0B4RACcM/s44-p-k-no-ns-nd/photo.jpg,,,True,114368957685513413050,Pristine Pools LLC,https://www.google.com/maps/contrib/114368957685513413050,,,,,"https://www.google.com/maps/place/Pristine+Pools+LLC/@29.970506399999998,-90.3808411,14z/data=!4m8!1m2!2m1!1sPristine+Pools+LLC!3m4!1s0x8620c5bcbdd73151:0x2c725d7ac0277395!8m2!3d29.970506399999998!4d-90.3808411","https://www.google.com/maps/place/Pristine+Pools+LLC/@29.970506399999998,-90.3808411,13.99z/data=!4m16!1m7!3m6!1s0x8620c5bcbdd73151:0x2c725d7ac0277395!2sPristine+Pools+LLC!8m2!3d29.970506399999998!4d-90.3808411!16s%2Fg%2F11ckvg1dmb!3m7!1s0x8620c5bcbdd73151:0x2c725d7ac0277395!8m2!3d29.970506399999998!4d-90.3808411!9m1!1b1!16s%2Fg%2F11ckvg1dmb?entry=ttu",ChIJUTHXvbzFIIYRlXMnwHpdciw,0x8620c5bcbdd73151:0x2c725d7ac0277395,3202725066805048213,/g/11jn8k_yjx,3202725066805048213,,pristinepoolsllc@gmail.com,RECEIVING,Verified,,,,,,,,,,,,,,,,,,,,,,5042302952,mobile,,,,,,,,,,,https://www.facebook.com/people/Pristine-Pools-LLC/100057469988758/,,,,,,,,,,,,,,,,,,,,
"pool cleaning service, 70124, New Orleans, LA, US",Uptown Pools,Uptown Pools,http://www.uptownpools.com/,"Pool cleaning service, Service establishment",Pool cleaning service,Pool cleaning service,+1 504-322-3823,landline,,,,,,,,,,,,29.653401499999998,-89.519342,89447374b3bffff,America/Chicago,,True,1.0,1.0,https://search.google.com/local/reviews?placeid=ChIJPeUNC4dFJ4YRV3cFeX_h4D8&q=*&authuser=0&hl=en&gl=US,,,1.0,0.0,0.0,0.0,0.0,1.0,https://lh3.googleusercontent.com/p/AF1QipPpI5QvAOtjMwszeVO9_pjIB-EyJuxax6z6L2ep=w800-h500-k-no,https://lh3.googleusercontent.com/p/AF1QipPpI5QvAOtjMwszeVO9_pjIB-EyJuxax6z6L2ep=w1600-h1000-k-no,,"{""Sunday"": ""Open 24 hours"", ""Monday"": ""Open 24 hours"", ""Tuesday"": ""Open 24 hours"", ""Wednesday"": ""Open 24 hours"", ""Thursday"": ""Open 24 hours"", ""Friday"": ""Open 24 hours"", ""Saturday"": ""Open 24 hours""}","Sunday,Open 24 hours|Monday,Open 24 hours|Tuesday,Open 24 hours|Wednesday,Open 24 hours|Thursday,Open 24 hours|Friday,Open 24 hours|Saturday,Open 24 hours",Sunday:Open 24 hours|Monday:Open 24 hours|Tuesday:Open 24 hours|Wednesday:Open 24 hours|Thursday:Open 24 hours|Friday:Open 24 hours|Saturday:Open 24 hours,,,OPERATIONAL,"{""Service options"": {""Online estimates"": true}, ""Planning"": {""Appointment required"": true}}",,,,https://lh3.googleusercontent.com/-9lJDxqW_Tew/AAAAAAAAAAI/AAAAAAAAAAA/ALv0sS7fxVo/s44-p-k-no-ns-nd/photo.jpg,,,True,104796483150632528542,Uptown Pools,https://www.google.com/maps/contrib/104796483150632528542,,http://www.uptownpools.com/contact,,http://www.uptownpools.com/contact,"https://www.google.com/maps/place/Uptown+Pools/@29.653401499999998,-89.519342,14z/data=!4m8!1m2!2m1!1sUptown+Pools!3m4!1s0x862745870b0de53d:0x3fe0e17f79057757!8m2!3d29.653401499999998!4d-89.519342","https://www.google.com/maps/place/Uptown+Pools/@29.653401499999998,-89.519342,13.99z/data=!4m16!1m7!3m6!1s0x862745870b0de53d:0x3fe0e17f79057757!2sUptown+Pools!8m2!3d29.653401499999998!4d-89.519342!16s%2Fg%2F11ckvg1dmb!3m7!1s0x862745870b0de53d:0x3fe0e17f79057757!8m2!3d29.653401499999998!4d-89.519342!9m1!1b1!16s%2Fg%2F11ckvg1dmb?entry=ttu",ChIJPeUNC4dFJ4YRV3cFeX_h4D8,0x862745870b0de53d:0x3fe0e17f79057757,4602926756780144471,/g/11r4mr7xxy,4602926756780144471,,uptownpoolsnola@gmail.com,RECEIVING,SMTP validated,,,,,,,,,,,,,,,,,,,,,,,,,,,,,,,,,,,,,,,,,,,,,,,,,UptownPools,,"UptownPools is a fast and easy pool service in the New Orleans and 
surrounding areas that handles cleaning, repairs, and more!",,False,False
"pool cleaning service, 70124, New Orleans, LA, US",The Pool Guy Northshore LLC,The Pool Guy Northshore,http://www.poolguynorthshore.com/,"Pool cleaning service, Service establishment",Pool cleaning service,Pool cleaning service,+1 985-502-6768,mobile,CELLCO PARTNERSHIP DBA VERIZON,,,,,,,,,,,30.361876499999997,-89.952102,894455b5dbbffff,America/Chicago,,True,4.9,43.0,https://search.google.com/local/reviews?placeid=ChIJJXIDWBxZJ4YRONvP4HWuqWI&q=*&authuser=0&hl=en&gl=US,,,1.0,0.0,0.0,0.0,42.0,44.0,https://lh3.googleusercontent.com/p/AF1QipOO8oMWYCOgsWBFIH9dAzJAltxAJ3mbgGyJ6ebU=w800-h500-k-no,https://lh3.googleusercontent.com/p/AF1QipOO8oMWYCOgsWBFIH9dAzJAltxAJ3mbgGyJ6ebU=w1600-h1000-k-no,,"{""Sunday"": ""Closed"", ""Monday"": ""9AM-5PM"", ""Tuesday"": ""9AM-5PM"", ""Wednesday"": ""9AM-5PM"", ""Thursday"": ""9AM-5PM"", ""Friday"": ""9AM-5PM"", ""Saturday"": ""Closed""}","Sunday,|Monday,9AM,5PM|Tuesday,9AM,5PM|Wednesday,9AM,5PM|Thursday,9AM,5PM|Friday,9AM,5PM|Saturday,",Sunday:Closed|Monday:9AM-5PM|Tuesday:9AM-5PM|Wednesday:9AM-5PM|Thursday:9AM-5PM|Friday:9AM-5PM|Saturday:Closed,,,OPERATIONAL,"{""Service options"": {""Online estimates"": true}, ""Planning"": {""Appointment required"": true}}",,,,https://lh3.googleusercontent.com/-GchJrXHa6Fw/AAAAAAAAAAI/AAAAAAAAAAA/whDDRsGNKmI/s44-p-k-no-ns-nd/photo.jpg,,,True,101604583108561281737,The Pool Guy Northshore LLC,https://www.google.com/maps/contrib/101604583108561281737,,,,,"https://www.google.com/maps/place/The+Pool+Guy+Northshore+LLC/@30.361876499999997,-89.952102,14z/data=!4m8!1m2!2m1!1sThe+Pool+Guy+Northshore+LLC!3m4!1s0x8627591c58037225:0x62a9ae75e0cfdb38!8m2!3d30.361876499999997!4d-89.952102","https://www.google.com/maps/place/The+Pool+Guy+Northshore+LLC/@30.361876499999997,-89.952102,13.99z/data=!4m16!1m7!3m6!1s0x8627591c58037225:0x62a9ae75e0cfdb38!2sThe+Pool+Guy+Northshore+LLC!8m2!3d30.361876499999997!4d-89.952102!16s%2Fg%2F11ckvg1dmb!3m7!1s0x8627591c58037225:0x62a9ae75e0cfdb38!8m2!3d30.361876499999997!4d-89.952102!9m1!1b1!16s%2Fg%2F11ckvg1dmb?entry=ttu",ChIJJXIDWBxZJ4YRONvP4HWuqWI,0x8627591c58037225:0x62a9ae75e0cfdb38,7109405308087163704,/g/11kgwh7mnf,7109405308087163704,,poolguynorthshore@gmail.com,RECEIVING,SMTP validated,,,,,,clint@poolguynorthshore.com,RECEIVING,SMTP validated,,,,,,support@poolguynorthshore.com,UNKNOWN,Cannot validate,,,,,,9855026768,mobile,CELLCO PARTNERSHIP DBA VERIZON,,,,,,,,,,https://www.facebook.com/poolguy985,https://www.instagram.com/poolguy985,,,,,,,,,,,,,,Privacy Policy < The Pool Guy Northshore LLC,WordPress 6.8.3,"Pool Tips provided by The Pool Guy in Louisiana - Mandeville, Covington, Abita Springs, Slidell, Madisonville, and the surrounding area.",,False,False
"pool cleaning service, 70126, New Orleans, LA, US",K&B Pool Services LLC,K And B Pool Services,http://kandbpoolservices.com/,"Pool cleaning service, Swimming pool repair service",Pool cleaning service,Pool cleaning service,+1 504-503-2101,landline,,,"14449 LA-23, Belle Chasse, LA 70037",None,14449 LA-23,Belle Chasse,70037,Louisiana,Louisiana,United States of America,US,29.7091854,-89.9914026,89447326cc3ffff,America/Chicago,,False,5.0,14.0,https://search.google.com/local/reviews?placeid=ChIJMa-M1-AhnogRI2lgvksbS8A&q=*&authuser=0&hl=en&gl=US,,,0.0,0.0,0.0,0.0,14.0,43.0,https://lh3.googleusercontent.com/p/AF1QipOrRfdzpO0mejmeqtoxMaiYAlADGHFqqfkXkyuM=w800-h500-k-no,https://lh3.googleusercontent.com/p/AF1QipOrRfdzpO0mejmeqtoxMaiYAlADGHFqqfkXkyuM=w1600-h1000-k-no,,"{""Sunday"": ""Closed"", ""Monday"": ""8AM-4PM"", ""Tuesday"": ""8AM-4PM"", ""Wednesday"": ""8AM-4PM"", ""Thursday"": ""8AM-4PM"", ""Friday"": ""9AM-3PM"", ""Saturday"": ""Closed""}","Sunday,|Monday,8AM,4PM|Tuesday,8AM,4PM|Wednesday,8AM,4PM|Thursday,8AM,4PM|Friday,9AM,3PM|Saturday,",Sunday:Closed|Monday:8AM-4PM|Tuesday:8AM-4PM|Wednesday:8AM-4PM|Thursday:8AM-4PM|Friday:9AM-3PM|Saturday:Closed,,,OPERATIONAL,{},,,,https://lh3.googleusercontent.com/-eb_O6DWkFpk/AAAAAAAAAAI/AAAAAAAAAAA/rfyc9hZ9ld0/s44-p-k-no-ns-nd/photo.jpg,,,True,114757090708995497660,K&B Pool Services LLC,https://www.google.com/maps/contrib/114757090708995497660,,,,,"https://www.google.com/maps/place/K%26B+Pool+Services+LLC/@29.7091854,-89.9914026,14z/data=!4m8!1m2!2m1!1sK%26B+Pool+Services+LLC!3m4!1s0x889e21e0d78caf31:0xc04b1b4bbe606923!8m2!3d29.7091854!4d-89.9914026","https://www.google.com/maps/place/K%26B+Pool+Services+LLC/@29.7091854,-89.9914026,13.99z/data=!4m16!1m7!3m6!1s0x889e21e0d78caf31:0xc04b1b4bbe606923!2sK%26B+Pool+Services+LLC!8m2!3d29.7091854!4d-89.9914026!16s%2Fg%2F11ckvg1dmb!3m7!1s0x889e21e0d78caf31:0xc04b1b4bbe606923!8m2!3d29.7091854!4d-89.9914026!9m1!1b1!16s%2Fg%2F11ckvg1dmb?entry=ttu",ChIJMa-M1-AhnogRI2lgvksbS8A,0x889e21e0d78caf31:0xc04b1b4bbe606923,13856198690665949475,/g/11v9y_zh9k,-4590545383043602141,,kandbpoolservices@gmail.com,RECEIVING,Verified,,,,,,sternoagency@gmail.com,RECEIVING,Verified,,,,,,,,,,,,,,15045032101,landline,,,,,,,,,,,https://www.facebook.com/itskevinkhath,,,,,,,,,,,,,,,"About K&B Pool Services | Trusted Pool Experts in Belle Chasse, LA",WordPress 6.8.3,"Learn more about K&B Pool Services — your local pool cleaning and repair professionals in Belle Chasse, LA. Our experienced team is dedicated to keeping your pool safe, clean, and beautiful year-round.",,False,False
"pool cleaning service, 70128, New Orleans, LA, US",Earl's Swimming Pool Services,Earls Swimming Pool Services,,Swimming pool repair service,Swimming pool repair service,Swimming pool repair service,,,,,"11420 Melvin Pl, New Orleans, LA 70128",Read Boulevard East,11420 Melvin Pl,New Orleans,70128,Louisiana,Louisiana,United States of America,US,30.037205399999998,-89.95182439999999,8944464ad93ffff,America/Chicago,,False,5.0,1.0,https://search.google.com/local/reviews?placeid=ChIJxR6vKboDnogRGo_yI_ga890&q=*&authuser=0&hl=en&gl=US,,,0.0,0.0,0.0,0.0,1.0,1.0,https://streetviewpixels-pa.googleapis.com/v1/thumbnail?panoid=DmRIKhlGxQi1dXIwhg5BEA&cb_client=search.gws-prod.gps&w=800&h=500&yaw=136.20122&pitch=0&thumbfov=100,https://streetviewpixels-pa.googleapis.com/v1/thumbnail?panoid=DmRIKhlGxQi1dXIwhg5BEA&cb_client=search.gws-prod.gps&w=1600&h=1000&yaw=136.20122&pitch=0&thumbfov=100,,,,,,,CLOSED_PERMANENTLY,{},,,,https://lh5.googleusercontent.com/-201toGdd02w/AAAAAAAAAAI/AAAAAAAAAAA/MQMb3Gxvf4s/s44-p-k-no-ns-nd/photo.jpg,,,True,101709166278962572023,Earl's Swimming Pool Services,https://www.google.com/maps/contrib/101709166278962572023,,,,,"https://www.google.com/maps/place/Earl%27s+Swimming+Pool+Services/@30.037205399999998,-89.95182439999999,14z/data=!4m8!1m2!2m1!1sEarl%27s+Swimming+Pool+Services!3m4!1s0x889e03ba29af1ec5:0xddf31af823f28f1a!8m2!3d30.037205399999998!4d-89.95182439999999","https://www.google.com/maps/place/Earl%27s+Swimming+Pool+Services/@30.037205399999998,-89.95182439999999,13.99z/data=!4m16!1m7!3m6!1s0x889e03ba29af1ec5:0xddf31af823f28f1a!2sEarl%27s+Swimming+Pool+Services!8m2!3d30.037205399999998!4d-89.95182439999999!16s%2Fg%2F11ckvg1dmb!3m7!1s0x889e03ba29af1ec5:0xddf31af823f28f1a!8m2!3d30.037205399999998!4d-89.95182439999999!9m1!1b1!16s%2Fg%2F11ckvg1dmb?entry=ttu",ChIJxR6vKboDnogRGo_yI_ga890,0x889e03ba29af1ec5:0xddf31af823f28f1a,15993156354780073754,/g/1tdy0p10,-2453587718929477862,,,,,,,,,,,,,,,,,,,,,,,,,,,,,,,,,,,,,,,,,,,,,,,,,,,,,,,,,,
"pool cleaning service, 70129, New Orleans, LA, US",Keep Calm Pool Maintenance LLC,Keep Calm Pool Maintenance,,Pool cleaning service,Pool cleaning service,Pool cleaning service,+1 985-774-6718,mobile,CELLCO PARTNERSHIP DBA VERIZON,,"175 Moonraker Dr, Slidell, LA 70458",None,175 Moonraker Dr,Slidell,70458,Louisiana,Louisiana,United States of America,US,30.2296484,-89.8044141,894455b035bffff,America/Chicago,,False,5.0,5.0,https://search.google.com/local/reviews?placeid=ChIJU_NwVSHjnYgRgApDqLPe-Sc&q=*&authuser=0&hl=en&gl=US,,,0.0,0.0,0.0,0.0,5.0,3.0,https://streetviewpixels-pa.googleapis.com/v1/thumbnail?panoid=UmhK1GXSiCn9exf9-lCpMw&cb_client=search.gws-prod.gps&w=800&h=500&yaw=120.1716&pitch=0&thumbfov=100,https://lh3.googleusercontent.com/p/AF1QipMbLR1HGQPyD0Ncjx1p2b62I5oCSnyf5BPzLpmL=w1600-h1000-k-no,,"{""Sunday"": ""Closed"", ""Monday"": ""9AM-4PM"", ""Tuesday"": ""9AM-4PM"", ""Wednesday"": ""9AM-4PM"", ""Thursday"": ""9AM-4PM"", ""Friday"": ""9AM-4PM"", ""Saturday"": ""9AM-4PM""}","Sunday,|Monday,9AM,4PM|Tuesday,9AM,4PM|Wednesday,9AM,4PM|Thursday,9AM,4PM|Friday,9AM,4PM|Saturday,9AM,4PM",Sunday:Closed|Monday:9AM-4PM|Tuesday:9AM-4PM|Wednesday:9AM-4PM|Thursday:9AM-4PM|Friday:9AM-4PM|Saturday:9AM-4PM,,,OPERATIONAL,{},,,,https://lh4.googleusercontent.com/-9o5fV3c3pFw/AAAAAAAAAAI/AAAAAAAAAAA/GWgpY4xrqhM/s44-p-k-no-ns-nd/photo.jpg,,,True,110691902302420986403,Keep Calm Pool Maintenance LLC,https://www.google.com/maps/contrib/110691902302420986403,,,,,"https://www.google.com/maps/place/Keep+Calm+Pool+Maintenance+LLC/@30.2296484,-89.8044141,14z/data=!4m8!1m2!2m1!1sKeep+Calm+Pool+Maintenance+LLC!3m4!1s0x889de3215570f353:0x27f9deb3a8430a80!8m2!3d30.2296484!4d-89.8044141","https://www.google.com/maps/place/Keep+Calm+Pool+Maintenance+LLC/@30.2296484,-89.8044141,13.99z/data=!4m16!1m7!3m6!1s0x889de3215570f353:0x27f9deb3a8430a80!2sKeep+Calm+Pool+Maintenance+LLC!8m2!3d30.2296484!4d-89.8044141!16s%2Fg%2F11ckvg1dmb!3m7!1s0x889de3215570f353:0x27f9deb3a8430a80!8m2!3d30.2296484!4d-89.8044141!9m1!1b1!16s%2Fg%2F11ckvg1dmb?entry=ttu",ChIJU_NwVSHjnYgRgApDqLPe-Sc,0x889de3215570f353:0x27f9deb3a8430a80,2880578299883620992,/g/11rqfxpfjl,2880578299883620992,,,,,,,,,,,,,,,,,,,,,,,,,,,,,,,,,,,,,,,,,,,,,,,,,,,,,,,,,,
"pool cleaning service, 70129, New Orleans, LA, US",Preaux Pool Services LLC,Preaux Pool Services,https://m.facebook.com/100077347551693,"Pool cleaning service, Swimming pool, Swimming pool repair service",Pool cleaning service,Pool cleaning service,+1 504-559-2361,mobile,"NEW CINGULAR WIRELESS PCS, LLC - GA",,"814 Old Ponchatoula Hwy, Madisonville, LA 70447",None,814 Old Ponchatoula Hwy,Madisonville,70447,Louisiana,Louisiana,United States of America,US,30.4118316,-90.1676646,8944466ac3bffff,America/Chicago,,False,5.0,2.0,https://search.google.com/local/reviews?placeid=ChIJufaSu7TUmi8RHPle1lu0KyU&q=*&authuser=0&hl=en&gl=US,,,0.0,0.0,0.0,0.0,2.0,11.0,https://lh3.googleusercontent.com/p/AF1QipNdjl8k0fdHNLYN6D3tc52Nhadk4pWWPd5K4WZl=w800-h500-k-no,https://lh3.googleusercontent.com/p/AF1QipNdjl8k0fdHNLYN6D3tc52Nhadk4pWWPd5K4WZl=w1600-h1000-k-no,,"{""Sunday"": ""7AM-7PM"", ""Monday"": ""7AM-7PM"", ""Tuesday"": ""7AM-7PM"", ""Wednesday"": ""7AM-7PM"", ""Thursday"": ""7AM-7PM"", ""Friday"": ""7AM-7PM"", ""Saturday"": ""7AM-7PM""}","Sunday,7AM,7PM|Monday,7AM,7PM|Tuesday,7AM,7PM|Wednesday,7AM,7PM|Thursday,7AM,7PM|Friday,7AM,7PM|Saturday,7AM,7PM",Sunday:7AM-7PM|Monday:7AM-7PM|Tuesday:7AM-7PM|Wednesday:7AM-7PM|Thursday:7AM-7PM|Friday:7AM-7PM|Saturday:7AM-7PM,,,OPERATIONAL,{},,,,https://lh6.googleusercontent.com/-TYDs_1StXJo/AAAAAAAAAAI/AAAAAAAAAAA/bXQ0i1KdHSs/s44-p-k-no-ns-nd/photo.jpg,,,True,105114588267224029738,Preaux Pool Services LLC,https://www.google.com/maps/contrib/105114588267224029738,,,,,"https://www.google.com/maps/place/Preaux+Pool+Services+LLC/@30.4118316,-90.1676646,14z/data=!4m8!1m2!2m1!1sPreaux+Pool+Services+LLC!3m4!1s0x2f9ad4b4bb92f6b9:0x252bb45bd65ef91c!8m2!3d30.4118316!4d-90.1676646","https://www.google.com/maps/place/Preaux+Pool+Services+LLC/@30.4118316,-90.1676646,13.99z/data=!4m16!1m7!3m6!1s0x2f9ad4b4bb92f6b9:0x252bb45bd65ef91c!2sPreaux+Pool+Services+LLC!8m2!3d30.4118316!4d-90.1676646!16s%2Fg%2F11ckvg1dmb!3m7!1s0x2f9ad4b4bb92f6b9:0x252bb45bd65ef91c!8m2!3d30.4118316!4d-90.1676646!9m1!1b1!16s%2Fg%2F11ckvg1dmb?entry=ttu",ChIJufaSu7TUmi8RHPle1lu0KyU,0x2f9ad4b4bb92f6b9:0x252bb45bd65ef91c,2678432709933463836,/g/11wvz59ff2,2678432709933463836,,Preauxpools@outlook.com,RECEIVING,Verified,,,,,,,,,,,,,,,,,,,,,,5045592361,mobile,"NEW CINGULAR WIRELESS PCS, LLC - GA",,,,,,,,,,https://www.facebook.com/people/Preaux-Pool-Services-LLC/100077347551693/,,,,,,,,,,,,,,,,,,,,
"pool cleaning service, 70129, New Orleans, LA, US","Riverside Pool Service, LLC",Riverside Pool Service,,"Pool cleaning service, Service establishment, Swimming pool repair service",Pool cleaning service,Pool cleaning service,+1 985-768-0647,mobile,"NEW CINGULAR WIRELESS PCS, LLC - GA",,,,,,,,,,,30.577430999999997,-89.79918049999999,894455ac8b7ffff,America/Chicago,,True,5.0,4.0,https://search.google.com/local/reviews?placeid=ChIJF90f_1rJ5EYRal5AUJKYZEA&q=*&authuser=0&hl=en&gl=US,,,0.0,0.0,0.0,0.0,4.0,9.0,https://lh3.googleusercontent.com/p/AF1QipOXx5geeAtPuKqTrfMQRLgKOpDiwoKBINxKWnF-=w800-h500-k-no,https://lh3.googleusercontent.com/p/AF1QipOXx5geeAtPuKqTrfMQRLgKOpDiwoKBINxKWnF-=w1600-h1000-k-no,,"{""Sunday"": ""Closed"", ""Monday"": ""8AM-5PM"", ""Tuesday"": ""8AM-5PM"", ""Wednesday"": ""8AM-5PM"", ""Thursday"": ""8AM-5PM"", ""Friday"": ""Closed"", ""Saturday"": ""Closed""}","Sunday,|Monday,8AM,5PM|Tuesday,8AM,5PM|Wednesday,8AM,5PM|Thursday,8AM,5PM|Friday,|Saturday,",Sunday:Closed|Monday:8AM-5PM|Tuesday:8AM-5PM|Wednesday:8AM-5PM|Thursday:8AM-5PM|Friday:Closed|Saturday:Closed,,,OPERATIONAL,{},,,,https://lh3.googleusercontent.com/-ZEzpEdTGrXY/AAAAAAAAAAI/AAAAAAAAAAA/NHHKunbP4mw/s44-p-k-no-ns-nd/photo.jpg,,,True,108451969773730093123,"Riverside Pool Service, LLC",https://www.google.com/maps/contrib/108451969773730093123,,,,,"https://www.google.com/maps/place/Riverside+Pool+Service%2C+LLC/@30.577430999999997,-89.79918049999999,14z/data=!4m8!1m2!2m1!1sRiverside+Pool+Service%2C+LLC!3m4!1s0x46e4c95aff1fdd17:0x4064989250405e6a!8m2!3d30.577430999999997!4d-89.79918049999999","https://www.google.com/maps/place/Riverside+Pool+Service%2C+LLC/@30.577430999999997,-89.79918049999999,13.99z/data=!4m16!1m7!3m6!1s0x46e4c95aff1fdd17:0x4064989250405e6a!2sRiverside+Pool+Service%2C+LLC!8m2!3d30.577430999999997!4d-89.79918049999999!16s%2Fg%2F11ckvg1dmb!3m7!1s0x46e4c95aff1fdd17:0x4064989250405e6a!8m2!3d30.577430999999997!4d-89.79918049999999!9m1!1b1!16s%2Fg%2F11ckvg1dmb?entry=ttu",ChIJF90f_1rJ5EYRal5AUJKYZEA,0x46e4c95aff1fdd17:0x4064989250405e6a,4640001270277496426,/g/11k57k7fgz,4640001270277496426,,,,,,,,,,,,,,,,,,,,,,,,,,,,,,,,,,,,,,,,,,,,,,,,,,,,,,,,,,
"pool cleaning service, 70129, New Orleans, LA, US",Preaux Clean Pools LLC,Preaux Clean Pools,,"Pool cleaning service, Swimming pool repair service",Pool cleaning service,Pool cleaning service,+1 985-250-0669,mobile,"NEW CINGULAR WIRELESS PCS, LLC",,"61300 McCallum Rd, Lacombe, LA 70445",None,61300 McCallum Rd,Lacombe,70445,Louisiana,Louisiana,United States of America,US,30.329478899999998,-89.9961455,894455b6a0bffff,America/Chicago,,False,4.8,31.0,https://search.google.com/local/reviews?placeid=ChIJc1bW2wj4nYgRg7YYn2hvjNw&q=*&authuser=0&hl=en&gl=US,,,1.0,1.0,0.0,0.0,29.0,48.0,https://lh3.googleusercontent.com/p/AF1QipMma05VoNPzJMfmSa_I-R_ywCDx8gE6L44KUD49=w800-h500-k-no,https://lh3.googleusercontent.com/p/AF1QipMma05VoNPzJMfmSa_I-R_ywCDx8gE6L44KUD49=w1600-h1000-k-no,,"{""Sunday"": ""Closed"", ""Monday"": ""8AM-5PM"", ""Tuesday"": ""8AM-5PM"", ""Wednesday"": ""8AM-5PM"", ""Thursday"": ""8AM-5PM"", ""Friday"": ""8AM-5PM"", ""Saturday"": ""Closed""}","Sunday,|Monday,8AM,5PM|Tuesday,8AM,5PM|Wednesday,8AM,5PM|Thursday,8AM,5PM|Friday,8AM,5PM|Saturday,",Sunday:Closed|Monday:8AM-5PM|Tuesday:8AM-5PM|Wednesday:8AM-5PM|Thursday:8AM-5PM|Friday:8AM-5PM|Saturday:Closed,,,OPERATIONAL,"{""Service options"": {""Onsite services"": true, ""Language assistance"": ""English""}}",,,,https://lh6.googleusercontent.com/-pPHJ6HXRHUA/AAAAAAAAAAI/AAAAAAAAAAA/SMxkgRe_BV8/s44-p-k-no-ns-nd/photo.jpg,,,True,104401413553880473062,Preaux Clean Pools LLC,https://www.google.com/maps/contrib/104401413553880473062,,,,,"https://www.google.com/maps/place/Preaux+Clean+Pools+LLC/@30.329478899999998,-89.9961455,14z/data=!4m8!1m2!2m1!1sPreaux+Clean+Pools+LLC!3m4!1s0x889df808dbd65673:0xdc8c6f689f18b683!8m2!3d30.329478899999998!4d-89.9961455","https://www.google.com/maps/place/Preaux+Clean+Pools+LLC/@30.329478899999998,-89.9961455,13.99z/data=!4m16!1m7!3m6!1s0x889df808dbd65673:0xdc8c6f689f18b683!2sPreaux+Clean+Pools+LLC!8m2!3d30.329478899999998!4d-89.9961455!16s%2Fg%2F11ckvg1dmb!3m7!1s0x889df808dbd65673:0xdc8c6f689f18b683!8m2!3d30.329478899999998!4d-89.9961455!9m1!1b1!16s%2Fg%2F11ckvg1dmb?entry=ttu",ChIJc1bW2wj4nYgRg7YYn2hvjNw,0x889df808dbd65673:0xdc8c6f689f18b683,15892199680220116611,/g/11f3vcrlvc,-2554544393489435005,,preauxclean@gmail.com,RECEIVING,SMTP validated,,,,,,,,,,,,,,,,,,,,,,19852500669,mobile,"NEW CINGULAR WIRELESS PCS, LLC",,,,,,,,,,https://www.facebook.com/preauxclean,,,,,,,,,,,,,,,,,,,,
"pool cleaning service, 70129, New Orleans, LA, US",Aquaman Pool Services LLC,Aquaman Pool Services,http://aquamanpoolservicesllc.com/,"Pool cleaning service, Service establishment",Pool cleaning service,Pool cleaning service,+1 985-302-1493,landline,,,,,,,,,,,,30.578145,-90.0221945,894442d15afffff,America/Chicago,,True,5.0,22.0,https://search.google.com/local/reviews?placeid=ChIJ3Uj3_d1dDW8RUXjlFyCWdL0&q=*&authuser=0&hl=en&gl=US,,,0.0,0.0,0.0,0.0,22.0,11.0,https://lh3.googleusercontent.com/p/AF1QipNl9f_0xvVZHgRAD7NPxs6r3VWVUKWQomw5gAxD=w800-h500-k-no,https://lh3.googleusercontent.com/p/AF1QipNl9f_0xvVZHgRAD7NPxs6r3VWVUKWQomw5gAxD=w1600-h1000-k-no,,"{""Sunday"": ""Closed"", ""Monday"": ""7AM-12AM"", ""Tuesday"": ""12AM-7PM"", ""Wednesday"": ""7AM-7PM"", ""Thursday"": ""7AM-7PM"", ""Friday"": ""8AM-5PM"", ""Saturday"": ""Closed""}","Sunday,|Monday,7AM,12AM|Tuesday,12AM,7PM|Wednesday,7AM,7PM|Thursday,7AM,7PM|Friday,8AM,5PM|Saturday,",Sunday:Closed|Monday:7AM-12AM|Tuesday:12AM-7PM|Wednesday:7AM-7PM|Thursday:7AM-7PM|Friday:8AM-5PM|Saturday:Closed,,,OPERATIONAL,{},,,,https://lh6.googleusercontent.com/-NSc0UTLXkCs/AAAAAAAAAAI/AAAAAAAAAAA/ajdWLSRWAco/s44-p-k-no-ns-nd/photo.jpg,,,True,113281381499050603347,Aquaman Pool Services LLC,https://www.google.com/maps/contrib/113281381499050603347,,,,,"https://www.google.com/maps/place/Aquaman+Pool+Services+LLC/@30.578145,-90.0221945,14z/data=!4m8!1m2!2m1!1sAquaman+Pool+Services+LLC!3m4!1s0x6f0d5dddfdf748dd:0xbd74962017e57851!8m2!3d30.578145!4d-90.0221945","https://www.google.com/maps/place/Aquaman+Pool+Services+LLC/@30.578145,-90.0221945,13.99z/data=!4m16!1m7!3m6!1s0x6f0d5dddfdf748dd:0xbd74962017e57851!2sAquaman+Pool+Services+LLC!8m2!3d30.578145!4d-90.0221945!16s%2Fg%2F11ckvg1dmb!3m7!1s0x6f0d5dddfdf748dd:0xbd74962017e57851!8m2!3d30.578145!4d-90.0221945!9m1!1b1!16s%2Fg%2F11ckvg1dmb?entry=ttu",ChIJ3Uj3_d1dDW8RUXjlFyCWdL0,0x6f0d5dddfdf748dd:0xbd74962017e57851,13651701435050850385,/g/11rw887g80,-4795042638658701231,,,,,,,,,,,,,,,,,,,,,,,,,,,,,,,,,,,,,,,,,,,,,,,,,,,,,Octagon Windows & Doors | Professional Window & Door Installation | Louisiana,,Professional window and door installation services throughout Louisiana. Quality products from trusted vendors like MI Windows. Licensed & insured. Call (985) 502-6100 for free estimate.,,False,False
"pool cleaning service, 70129, New Orleans, LA, US",Pool Pro Cleaning Service LLC,Pool Pro Cleaning Service,,"Pool cleaning service, Service establishment, Swimming pool repair service",Swimming pool repair service,Pool cleaning service,+1 601-337-0101,mobile,"CELLULAR SOUTH, INC.",,,,,,,,,,,46.423669,-129.9427086,8928e9c8573ffff,America/Chicago,,True,5.0,17.0,https://search.google.com/local/reviews?placeid=ChIJaS8gZdO5nYgR0JZAqhKy0iI&q=*&authuser=0&hl=en&gl=US,,,0.0,0.0,0.0,0.0,17.0,1.0,https://lh3.googleusercontent.com/p/AF1QipPlfuCF1YdZ86BFxUwCtqRgOlcuqEtY7ixENYVI=w800-h500-k-no,https://lh3.googleusercontent.com/p/AF1QipPlfuCF1YdZ86BFxUwCtqRgOlcuqEtY7ixENYVI=w1600-h1000-k-no,,"{""Sunday"": ""Open 24 hours"", ""Monday"": ""Open 24 hours"", ""Tuesday"": ""Open 24 hours"", ""Wednesday"": ""Open 24 hours"", ""Thursday"": ""Open 24 hours"", ""Friday"": ""Open 24 hours"", ""Saturday"": ""Open 24 hours""}","Sunday,Open 24 hours|Monday,Open 24 hours|Tuesday,Open 24 hours|Wednesday,Open 24 hours|Thursday,Open 24 hours|Friday,Open 24 hours|Saturday,Open 24 hours",Sunday:Open 24 hours|Monday:Open 24 hours|Tuesday:Open 24 hours|Wednesday:Open 24 hours|Thursday:Open 24 hours|Friday:Open 24 hours|Saturday:Open 24 hours,,,OPERATIONAL,{},,,,https://lh3.googleusercontent.com/-qDhN96-7tpc/AAAAAAAAAAI/AAAAAAAAAAA/Fj2tMP5mpsg/s44-p-k-no-ns-nd/photo.jpg,,,True,111884450529923102479,Pool Pro Cleaning Service LLC,https://www.google.com/maps/contrib/111884450529923102479,,,,,"https://www.google.com/maps/place/Pool+Pro+Cleaning+Service+LLC/@46.423669,-129.9427086,14z/data=!4m8!1m2!2m1!1sPool+Pro+Cleaning+Service+LLC!3m4!1s0x889db9d365202f69:0x22d2b212aa4096d0!8m2!3d46.423669!4d-129.9427086","https://www.google.com/maps/place/Pool+Pro+Cleaning+Service+LLC/@46.423669,-129.9427086,13.99z/data=!4m16!1m7!3m6!1s0x889db9d365202f69:0x22d2b212aa4096d0!2sPool+Pro+Cleaning+Service+LLC!8m2!3d46.423669!4d-129.9427086!16s%2Fg%2F11ckvg1dmb!3m7!1s0x889db9d365202f69:0x22d2b212aa4096d0!8m2!3d46.423669!4d-129.9427086!9m1!1b1!16s%2Fg%2F11ckvg1dmb?entry=ttu",ChIJaS8gZdO5nYgR0JZAqhKy0iI,0x889db9d365202f69:0x22d2b212aa4096d0,2509263735634302672,/g/11xmzl44x3,2509263735634302672,,,,,,,,,,,,,,,,,,,,,,,,,,,,,,,,,,,,,,,,,,,,,,,,,,,,,,,,,,
"pool cleaning service, 70129, New Orleans, LA, US",LA Leak Detection LLC,La Leak Detection,,"Pool cleaning service, Service establishment, Swimming pool contractor",Pool cleaning service,Pool cleaning service,+1 985-774-6224,mobile,T-Mobile USA Inc.,,,,,,,,,,,31.925613,-91.07061999999999,8944430856fffff,America/Chicago,,True,5.0,62.0,https://search.google.com/local/reviews?placeid=ChIJJd5bUV-q1gERE1VuJl4YK3c&q=*&authuser=0&hl=en&gl=US,,,0.0,0.0,0.0,0.0,62.0,25.0,https://lh3.googleusercontent.com/p/AF1QipNhytmwMadfQiKKBtqRDocEkQ0gjy99BkzCo_vT=w800-h500-k-no,https://lh3.googleusercontent.com/p/AF1QipNhytmwMadfQiKKBtqRDocEkQ0gjy99BkzCo_vT=w1600-h1000-k-no,,"{""Sunday"": ""Closed"", ""Monday"": ""7AM-7PM"", ""Tuesday"": ""7AM-7PM"", ""Wednesday"": ""7AM-7PM"", ""Thursday"": ""7AM-7PM"", ""Friday"": ""7AM-7PM"", ""Saturday"": ""Closed""}","Sunday,|Monday,7AM,7PM|Tuesday,7AM,7PM|Wednesday,7AM,7PM|Thursday,7AM,7PM|Friday,7AM,7PM|Saturday,",Sunday:Closed|Monday:7AM-7PM|Tuesday:7AM-7PM|Wednesday:7AM-7PM|Thursday:7AM-7PM|Friday:7AM-7PM|Saturday:Closed,,,OPERATIONAL,{},,,,https://lh4.googleusercontent.com/-alKMXs6Dzbk/AAAAAAAAAAI/AAAAAAAAAAA/x6kCE2DscPo/s44-p-k-no-ns-nd/photo.jpg,,,True,108544345099612048133,LA Leak Detection LLC,https://www.google.com/maps/contrib/108544345099612048133,,,,,"https://www.google.com/maps/place/LA+Leak+Detection+LLC/@31.925613,-91.07061999999999,14z/data=!4m8!1m2!2m1!1sLA+Leak+Detection+LLC!3m4!1s0x1d6aa5f515bde25:0x772b185e266e5513!8m2!3d31.925613!4d-91.07061999999999","https://www.google.com/maps/place/LA+Leak+Detection+LLC/@31.925613,-91.07061999999999,13.99z/data=!4m16!1m7!3m6!1s0x1d6aa5f515bde25:0x772b185e266e5513!2sLA+Leak+Detection+LLC!8m2!3d31.925613!4d-91.07061999999999!16s%2Fg%2F11ckvg1dmb!3m7!1s0x1d6aa5f515bde25:0x772b185e266e5513!8m2!3d31.925613!4d-91.07061999999999!9m1!1b1!16s%2Fg%2F11ckvg1dmb?entry=ttu",ChIJJd5bUV-q1gERE1VuJl4YK3c,0x1d6aa5f515bde25:0x772b185e266e5513,8586983907162739987,/g/11vb9vn0cw,8586983907162739987,,,,,,,,,,,,,,,,,,,,,,,,,,,,,,,,,,,,,,,,,,,,,,,,,,,,,,,,,,
"pool cleaning service, 70129, New Orleans, LA, US",Babineaux Pool Service,Babineaux Pool Service,,"Pool cleaning service, Service establishment",Pool cleaning service,Pool cleaning service,+1 985-237-4603,mobile,"NEW CINGULAR WIRELESS PCS, LLC",,,,,,,,,,,30.6166,-89.75544699999999,89445536467ffff,America/Chicago,,True,1.0,1.0,,,,1.0,0.0,0.0,0.0,0.0,,,,,,,,,,OPERATIONAL,{},,,,https://lh6.googleusercontent.com/-RXnvU5q5QZI/AAAAAAAAAAI/AAAAAAAAAAA/AelHxJqbz4I/s44-p-k-no-ns-nd/photo.jpg,,,True,101756315449426162309,Babineaux Pool Service,https://www.google.com/maps/contrib/101756315449426162309,,,,,"https://www.google.com/maps/place/Babineaux+Pool+Service/@30.6166,-89.75544699999999,14z/data=!4m8!1m2!2m1!1sBabineaux+Pool+Service!3m4!1s0x889dfbc07a6af867:0x3fa32f3b0e7e284c!8m2!3d30.6166!4d-89.75544699999999","https://www.google.com/maps/place/Babineaux+Pool+Service/@30.6166,-89.75544699999999,13.99z/data=!4m16!1m7!3m6!1s0x889dfbc07a6af867:0x3fa32f3b0e7e284c!2sBabineaux+Pool+Service!8m2!3d30.6166!4d-89.75544699999999!16s%2Fg%2F11ckvg1dmb!3m7!1s0x889dfbc07a6af867:0x3fa32f3b0e7e284c!8m2!3d30.6166!4d-89.75544699999999!9m1!1b1!16s%2Fg%2F11ckvg1dmb?entry=ttu",ChIJZ_hqesD7nYgRTCh-Djsvoz8,0x889dfbc07a6af867:0x3fa32f3b0e7e284c,4585560776286021708,/g/11f6b982hh,None,,,,,,,,,,,,,,,,,,,,,,,,,,,,,,,,,,,,,,,,,,,,,,,,,,,,,,,,,,
"pool cleaning service, 70129, New Orleans, LA, US",A Plus Pool Services,A Plus Pool Services,https://www.aquaticsconnect.com/covington/services-vendors/a-plus-pool-services,Pool cleaning service,Pool cleaning service,Pool cleaning service,+1 985-871-9772,mobile,"NEW CINGULAR WIRELESS PCS, LLC",,"70161 LA-59 ste a, Abita Springs, LA 70420",None,70161 LA-59 ste a,Abita Springs,70420,Louisiana,Louisiana,United States of America,US,30.449623499999998,-90.0414084,89444669167ffff,America/Chicago,,False,4.1,19.0,https://search.google.com/local/reviews?placeid=ChIJG1AXXapDJ4YRlufUo7ho4UQ&q=*&authuser=0&hl=en&gl=US,,,4.0,0.0,0.0,1.0,14.0,9.0,https://lh3.googleusercontent.com/gps-cs-s/AG0ilSyylrw4tvVcYWK5XvN0VyaQKIp2P7T-Awy8ddHQSNgKskm3OdumS4V6qzVlKrLQ5ke5NRoneoqLaUEQ8wAZDCx_2L09ygccCU45dT9O0tmETjLo_D5i62rBfa09oykcM92orMJr=w800-h500-k-no,https://lh3.googleusercontent.com/gps-cs-s/AG0ilSyylrw4tvVcYWK5XvN0VyaQKIp2P7T-Awy8ddHQSNgKskm3OdumS4V6qzVlKrLQ5ke5NRoneoqLaUEQ8wAZDCx_2L09ygccCU45dT9O0tmETjLo_D5i62rBfa09oykcM92orMJr=w1600-h1000-k-no,,"{""Sunday"": ""Closed"", ""Monday"": ""8:30AM-5PM"", ""Tuesday"": ""12AM-5PM"", ""Wednesday"": ""8:30AM-5PM"", ""Thursday"": ""8:30AM-5PM"", ""Friday"": ""8:30AM-5PM"", ""Saturday"": ""Closed""}","Sunday,|Monday,8:30AM,5PM|Tuesday,12AM,5PM|Wednesday,8:30AM,5PM|Thursday,8:30AM,5PM|Friday,8:30AM,5PM|Saturday,",Sunday:Closed|Monday:8:30AM-5PM|Tuesday:12AM-5PM|Wednesday:8:30AM-5PM|Thursday:8:30AM-5PM|Friday:8:30AM-5PM|Saturday:Closed,,,OPERATIONAL,"{""Service options"": {""Online estimates"": false}}",,,,https://lh5.googleusercontent.com/-eHUnkL5iO8s/AAAAAAAAAAI/AAAAAAAAAAA/I24wESa_Lr8/s44-p-k-no-ns-nd/photo.jpg,,,True,107105037788006026826,A Plus Pool Services,https://www.google.com/maps/contrib/107105037788006026826,,,,,"https://www.google.com/maps/place/A+Plus+Pool+Services/@30.449623499999998,-90.0414084,14z/data=!4m8!1m2!2m1!1sA+Plus+Pool+Services!3m4!1s0x862743aa5d17501b:0x44e168b8a3d4e796!8m2!3d30.449623499999998!4d-90.0414084","https://www.google.com/maps/place/A+Plus+Pool+Services/@30.449623499999998,-90.0414084,13.99z/data=!4m16!1m7!3m6!1s0x862743aa5d17501b:0x44e168b8a3d4e796!2sA+Plus+Pool+Services!8m2!3d30.449623499999998!4d-90.0414084!16s%2Fg%2F11ckvg1dmb!3m7!1s0x862743aa5d17501b:0x44e168b8a3d4e796!8m2!3d30.449623499999998!4d-90.0414084!9m1!1b1!16s%2Fg%2F11ckvg1dmb?entry=ttu",ChIJG1AXXapDJ4YRlufUo7ho4UQ,0x862743aa5d17501b:0x44e168b8a3d4e796,4963363406570907542,/g/1tcvpmtk,4963363406570907542,,support@aquaticsconnect.com,RECEIVING,Role,,,,,,jane@aquaticsconnect.com,INVALID,Undeliverable,,,,,,,,,,,,,,15164050676,landline,,,5164050676,landline,,,,,,,https://www.facebook.com/AquaticsConnect/,https://www.instagram.com/aquaticsconnect,,,,,,,,,https://twitter.com/the_safety_dad,,https://www.youtube.com/channel/UCyZQM0iu61TBL-tuZBR4jVQ,,,Terms of Use - Aquatics Connect,,Read Aquatics Connect terms of use.,"aquatics,aquatics places and service",False,False
"pool cleaning service, 70129, New Orleans, LA, US",Leslie's Pool Supplies,Leslies Pool Supplies,https://lesliespool.com/location/metairie-louisiana-new-orleans-37.html%3Futm_source%3Dgmb%26utm_medium%3Dorganic%26utm_campaign%3Dstore_37,"Swimming pool repair service, Swimming pool supply store",Swimming pool supply store,Swimming pool repair service,+1 504-456-9905,landline,,,"4640 Veterans Memorial Blvd, Metairie, LA 70006",None,4640 Veterans Memorial Blvd,Metairie,70006,Louisiana,Louisiana,United States of America,US,30.0046349,-90.1875785,89444655d33ffff,America/Chicago,,False,4.0,113.0,https://search.google.com/local/reviews?placeid=ChIJSX8emUCwIIYRE1bVRnjsWgk&q=*&authuser=0&hl=en&gl=US,,,18.0,3.0,7.0,15.0,70.0,26.0,https://lh3.googleusercontent.com/gps-cs-s/AG0ilSwHXaHEoALrU4J_rQfv9FdKKIaSwDO_kvvoz-rJ7A-wTlM--qwaKA3z9-_RjngZgrvVvEvWSprr7fIEb2kddCO1uIqAc522j-IPrQbQDEPv2FqbNEXCdGvTWYPLbYhLlHv4sFiw=w800-h500-k-no,https://lh3.googleusercontent.com/gps-cs-s/AG0ilSwHXaHEoALrU4J_rQfv9FdKKIaSwDO_kvvoz-rJ7A-wTlM--qwaKA3z9-_RjngZgrvVvEvWSprr7fIEb2kddCO1uIqAc522j-IPrQbQDEPv2FqbNEXCdGvTWYPLbYhLlHv4sFiw=w1600-h1000-k-no,,"{""Sunday"": ""10AM-5PM"", ""Monday"": ""8AM-6PM"", ""Tuesday"": ""8AM-6PM"", ""Wednesday"": ""8AM-6PM"", ""Thursday"": ""8AM-6PM"", ""Friday"": ""8AM-6PM"", ""Saturday"": ""9AM-6PM""}","Sunday,10AM,5PM|Monday,8AM,6PM|Tuesday,8AM,6PM|Wednesday,8AM,6PM|Thursday,8AM,6PM|Friday,8AM,6PM|Saturday,9AM,6PM",Sunday:10AM-5PM|Monday:8AM-6PM|Tuesday:8AM-6PM|Wednesday:8AM-6PM|Thursday:8AM-6PM|Friday:8AM-6PM|Saturday:9AM-6PM,,,OPERATIONAL,"{""Service options"": {""Curbside pickup"": true, ""Delivery"": true, ""In-store pickup"": true, ""In-store shopping"": true, ""Onsite services"": true}, ""Accessibility"": {""Wheelchair accessible parking lot"": true, ""Wheelchair accessible entrance"": false}, ""Crowd"": {""LGBTQ+ friendly"": true}, ""Planning"": {""Quick visit"": true}, ""Payments"": {""Checks"": true, ""Credit cards"": true, ""Debit cards"": true, ""NFC mobile payments"": true}, ""Other"": {""LGBTQ+ friendly"": true}}",$$,,,https://lh6.googleusercontent.com/-MqGVs-Pu1Ec/AAAAAAAAAAI/AAAAAAAAAAA/DXh0k-TtN3s/s44-p-k-no-ns-nd/photo.jpg,,,True,118145373549353820258,Leslie's Pool Supplies,https://www.google.com/maps/contrib/118145373549353820258,,,,,"https://www.google.com/maps/place/Leslie%27s+Pool+Supplies/@30.0046349,-90.1875785,14z/data=!4m8!1m2!2m1!1sLeslie%27s+Pool+Supplies!3m4!1s0x8620b040991e7f49:0x95aec7846d55613!8m2!3d30.0046349!4d-90.1875785","https://www.google.com/maps/place/Leslie%27s+Pool+Supplies/@30.0046349,-90.1875785,13.99z/data=!4m16!1m7!3m6!1s0x8620b040991e7f49:0x95aec7846d55613!2sLeslie%27s+Pool+Supplies!8m2!3d30.0046349!4d-90.1875785!16s%2Fg%2F11ckvg1dmb!3m7!1s0x8620b040991e7f49:0x95aec7846d55613!8m2!3d30.0046349!4d-90.1875785!9m1!1b1!16s%2Fg%2F11ckvg1dmb?entry=ttu",ChIJSX8emUCwIIYRE1bVRnjsWgk,0x8620b040991e7f49:0x95aec7846d55613,674111095573927443,/g/1tkbyl26,674111095573927443,,ggriffon@lesl.com,RECEIVING,Catch All,Gail Griffon,Gail,Griffon,Marketing Manager,,jmuehlhausen@lesl.com,RECEIVING,Catch All,John Muehlhausen*,John,Muehlhausen*,E-Commerce Marketing Manager,18005375437,brhicks@lesl.com,RECEIVING,Catch All,Brook Hicks,Brook,Hicks,Assistant Controller,,8005375437,toll_free,,,15802242620,landline,,,19566823626,,landline,,https://www.facebook.com/lesliespoolcare/,https://www.instagram.com/lesliespoolcare/,https://www.linkedin.com/company/leslies,,,,,,,,https://twitter.com/lesliespoolcare,,https://www.youtube.com/c/LesliesPoolCare,,,"Pool Supplies, Service & Repair | Leslie's Pool Supplies",,"Leslie's Pool Supplies Service &amp; Repair is the world leader in residential and commercial pool supplies. Find the best selection of pool cleaners, pool chemicals and pool equipment for your above-ground pool, in-ground pool or spa.",,False,False
"pool cleaning service, 70129, New Orleans, LA, US",Aqua Ease,Aqua Ease,https://www.facebook.com/share/1AWiANBRHg/%3Fmibextid%3DwwXIfr,"Pool cleaning service, Service establishment",Pool cleaning service,Pool cleaning service,+1 985-231-2013,landline,,,,,,,,,,,,30.4256291,-89.78222699999999,894455a0a5bffff,America/Chicago,,True,5.0,3.0,https://search.google.com/local/reviews?placeid=ChIJ0300hx7UiQ8RQ-z6wK6DCCw&q=*&authuser=0&hl=en&gl=US,,,0.0,0.0,0.0,0.0,3.0,6.0,https://lh3.googleusercontent.com/p/AF1QipPcw1XOUL37YpKo3mfpAXOggtY9zXcV8ej_XyHz=w800-h500-k-no,https://lh3.googleusercontent.com/p/AF1QipPcw1XOUL37YpKo3mfpAXOggtY9zXcV8ej_XyHz=w1600-h1000-k-no,,"{""Sunday"": ""6AM-5PM"", ""Monday"": ""6AM-5PM"", ""Tuesday"": ""6AM-5PM"", ""Wednesday"": ""6AM-5PM"", ""Thursday"": ""6AM-5PM"", ""Friday"": ""6AM-5PM"", ""Saturday"": ""6AM-5PM""}","Sunday,6AM,5PM|Monday,6AM,5PM|Tuesday,6AM,5PM|Wednesday,6AM,5PM|Thursday,6AM,5PM|Friday,6AM,5PM|Saturday,6AM,5PM",Sunday:6AM-5PM|Monday:6AM-5PM|Tuesday:6AM-5PM|Wednesday:6AM-5PM|Thursday:6AM-5PM|Friday:6AM-5PM|Saturday:6AM-5PM,,,OPERATIONAL,{},,,,https://lh3.googleusercontent.com/-qMsucc2kmnk/AAAAAAAAAAI/AAAAAAAAAAA/emOm8U8R0Uc/s44-p-k-no-ns-nd/photo.jpg,,,True,107436493408149549639,Aqua Ease,https://www.google.com/maps/contrib/107436493408149549639,,,,,"https://www.google.com/maps/place/Aqua+Ease/@30.4256291,-89.78222699999999,14z/data=!4m8!1m2!2m1!1sAqua+Ease!3m4!1s0xf89d41e87347dd3:0x2c0883aec0faec43!8m2!3d30.4256291!4d-89.78222699999999","https://www.google.com/maps/place/Aqua+Ease/@30.4256291,-89.78222699999999,13.99z/data=!4m16!1m7!3m6!1s0xf89d41e87347dd3:0x2c0883aec0faec43!2sAqua+Ease!8m2!3d30.4256291!4d-89.78222699999999!16s%2Fg%2F11ckvg1dmb!3m7!1s0xf89d41e87347dd3:0x2c0883aec0faec43!8m2!3d30.4256291!4d-89.78222699999999!9m1!1b1!16s%2Fg%2F11ckvg1dmb?entry=ttu",ChIJ0300hx7UiQ8RQ-z6wK6DCCw,0xf89d41e87347dd3:0x2c0883aec0faec43,3172930724067732547,/g/11vzgc2frs,3172930724067732547,,,,,,,,,,,,,,,,,,,,,,,,,,,,,,,,,,,,,,,,,,,,,,,,,,,,,,,,,,
"pool cleaning service, 70129, New Orleans, LA, US",Pelican Pool Pros,Pelican Pool Pros,,"Pool cleaning service, Service establishment, Swimming pool repair service",Swimming pool repair service,Pool cleaning service,+1 985-867-6937,landline,,,,,,,,,,,,30.316193499999997,-89.758753,894455a30abffff,America/Chicago,,True,5.0,15.0,https://search.google.com/local/reviews?placeid=ChIJ3UdDzl5B0o4RAg6m_QQ7Fz0&q=*&authuser=0&hl=en&gl=US,,,0.0,0.0,0.0,0.0,15.0,51.0,https://lh3.googleusercontent.com/p/AF1QipOD9fuvChH4aA_TpEjYmaGVDN8E89YVok-a9SqL=w800-h500-k-no,https://lh3.googleusercontent.com/p/AF1QipOD9fuvChH4aA_TpEjYmaGVDN8E89YVok-a9SqL=w1600-h1000-k-no,,"{""Sunday"": ""Closed"", ""Monday"": ""7AM-5PM"", ""Tuesday"": ""7AM-5PM"", ""Wednesday"": ""7AM-5PM"", ""Thursday"": ""7AM-5PM"", ""Friday"": ""7AM-5PM"", ""Saturday"": ""9AM-3PM""}","Sunday,|Monday,7AM,5PM|Tuesday,7AM,5PM|Wednesday,7AM,5PM|Thursday,7AM,5PM|Friday,7AM,5PM|Saturday,9AM,3PM",Sunday:Closed|Monday:7AM-5PM|Tuesday:7AM-5PM|Wednesday:7AM-5PM|Thursday:7AM-5PM|Friday:7AM-5PM|Saturday:9AM-3PM,,,OPERATIONAL,{},,,,https://lh4.googleusercontent.com/-VANuQRQ0YoI/AAAAAAAAAAI/AAAAAAAAAAA/WwCd7MyEl-8/s44-p-k-no-ns-nd/photo.jpg,,,True,115143698822212465710,Pelican Pool Pros,https://www.google.com/maps/contrib/115143698822212465710,,,,,"https://www.google.com/maps/place/Pelican+Pool+Pros/@30.316193499999997,-89.758753,14z/data=!4m8!1m2!2m1!1sPelican+Pool+Pros!3m4!1s0x8ed2415ece4347dd:0x3d173b04fda60e02!8m2!3d30.316193499999997!4d-89.758753","https://www.google.com/maps/place/Pelican+Pool+Pros/@30.316193499999997,-89.758753,13.99z/data=!4m16!1m7!3m6!1s0x8ed2415ece4347dd:0x3d173b04fda60e02!2sPelican+Pool+Pros!8m2!3d30.316193499999997!4d-89.758753!16s%2Fg%2F11ckvg1dmb!3m7!1s0x8ed2415ece4347dd:0x3d173b04fda60e02!8m2!3d30.316193499999997!4d-89.758753!9m1!1b1!16s%2Fg%2F11ckvg1dmb?entry=ttu",ChIJ3UdDzl5B0o4RAg6m_QQ7Fz0,0x8ed2415ece4347dd:0x3d173b04fda60e02,4402052053399375362,/g/11xcj9d1jv,4402052053399375362,,,,,,,,,,,,,,,,,,,,,,,,,,,,,,,,,,,,,,,,,,,,,,,,,,,,,,,,,,
"pool cleaning service, 70129, New Orleans, LA, US",Lagniappe Pool Service LLC,Lagniappe Pool Service,http://www.lagniappepoolservice.com/,Pool cleaning service,Pool cleaning service,Pool cleaning service,+1 985-237-8662,mobile,"NEW CINGULAR WIRELESS PCS, LLC - GA",,"Mandeville, LA 70448",None,,Mandeville,70448,Louisiana,Louisiana,United States of America,US,30.358288299999998,-90.065709,8944466b423ffff,America/Chicago,,False,,,,,,,,,,,1.0,https://streetviewpixels-pa.googleapis.com/v1/thumbnail?panoid=KsaLlXgqUx1GRnDJhBJslA&cb_client=search.gws-prod.gps&w=800&h=500&yaw=242.80466&pitch=0&thumbfov=100,https://streetviewpixels-pa.googleapis.com/v1/thumbnail?panoid=KsaLlXgqUx1GRnDJhBJslA&cb_client=search.gws-prod.gps&w=1600&h=1000&yaw=242.80466&pitch=0&thumbfov=100,,"{""Sunday"": ""Closed"", ""Monday"": ""7:30AM-6PM"", ""Tuesday"": ""7:30AM-6PM"", ""Wednesday"": ""7:30AM-6PM"", ""Thursday"": ""7:30AM-6PM"", ""Friday"": ""7:30AM-4PM"", ""Saturday"": ""Closed""}","Sunday,|Monday,7:30AM,6PM|Tuesday,7:30AM,6PM|Wednesday,7:30AM,6PM|Thursday,7:30AM,6PM|Friday,7:30AM,4PM|Saturday,",Sunday:Closed|Monday:7:30AM-6PM|Tuesday:7:30AM-6PM|Wednesday:7:30AM-6PM|Thursday:7:30AM-6PM|Friday:7:30AM-4PM|Saturday:Closed,,,OPERATIONAL,"{""Accessibility"": {""Wheelchair accessible entrance"": true, ""Wheelchair accessible parking lot"": true}}",,,,,,,False,None,Lagniappe Pool Service LLC,,,,,,"https://www.google.com/maps/place/Lagniappe+Pool+Service+LLC/@30.358288299999998,-90.065709,14z/data=!4m8!1m2!2m1!1sLagniappe+Pool+Service+LLC!3m4!1s0x862759018f27cee9:0xb283dfe989eb556a!8m2!3d30.358288299999998!4d-90.065709","https://www.google.com/maps/place/Lagniappe+Pool+Service+LLC/@30.358288299999998,-90.065709,13.99z/data=!4m16!1m7!3m6!1s0x862759018f27cee9:0xb283dfe989eb556a!2sLagniappe+Pool+Service+LLC!8m2!3d30.358288299999998!4d-90.065709!16s%2Fg%2F11ckvg1dmb!3m7!1s0x862759018f27cee9:0xb283dfe989eb556a!8m2!3d30.358288299999998!4d-90.065709!9m1!1b1!16s%2Fg%2F11ckvg1dmb?entry=ttu",ChIJ6c4njwFZJ4YRalXrienfg7I,0x862759018f27cee9:0xb283dfe989eb556a,12863371154834543978,/g/11h64xc42c,None,,lagniappepoolservice@gmail.com,RECEIVING,SMTP validated,,,,,,,,,,,,,,,,,,,,,,2252480217,landline,AT&T Southeast,True,,,,,,,,,,,,,,,,,,,,,,,,lagniappepoolservice.com - Home,,,,False,False
"pool cleaning service, 70131, New Orleans, LA, US",AJ Pool Services,Aj Pool Services,,"Pool cleaning service, Service establishment",Pool cleaning service,Pool cleaning service,+1 610-247-5957,mobile,CELLCO PARTNERSHIP DBA VERIZON WIRELESS - PA,,,,,,,,,,,29.783785599999998,-89.519342,89447364d27ffff,America/Chicago,,True,,,,,,,,,,,23.0,https://lh3.googleusercontent.com/p/AF1QipNnN1wW4jegqAtxms7uLUqxfIcXk74yKjaU3H6y=w800-h500-k-no,https://lh3.googleusercontent.com/p/AF1QipNnN1wW4jegqAtxms7uLUqxfIcXk74yKjaU3H6y=w1600-h1000-k-no,,,,,,,OPERATIONAL,{},,,,https://lh5.googleusercontent.com/-EXXkFISwM9c/AAAAAAAAAAI/AAAAAAAAAAA/KShi58uMaO0/s44-p-k-no-ns-nd/photo.jpg,,,True,102256406221466904466,AJ Pool Services,https://www.google.com/maps/contrib/102256406221466904466,,,,,"https://www.google.com/maps/place/AJ+Pool+Services/@29.783785599999998,-89.519342,14z/data=!4m8!1m2!2m1!1sAJ+Pool+Services!3m4!1s0x69996c55b4d60281:0xac70a3b3593f1266!8m2!3d29.783785599999998!4d-89.519342","https://www.google.com/maps/place/AJ+Pool+Services/@29.783785599999998,-89.519342,13.99z/data=!4m16!1m7!3m6!1s0x69996c55b4d60281:0xac70a3b3593f1266!2sAJ+Pool+Services!8m2!3d29.783785599999998!4d-89.519342!16s%2Fg%2F11ckvg1dmb!3m7!1s0x69996c55b4d60281:0xac70a3b3593f1266!8m2!3d29.783785599999998!4d-89.519342!9m1!1b1!16s%2Fg%2F11ckvg1dmb?entry=ttu",ChIJgQLWtFVsmWkRZhI_WbOjcKw,0x69996c55b4d60281:0xac70a3b3593f1266,12425611362606977638,/g/11nxnxz68v,None,,,,,,,,,,,,,,,,,,,,,,,,,,,,,,,,,,,,,,,,,,,,,,,,,,,,,,,,,,
"pool cleaning service, 70141, New Orleans, LA, US",U.S. Lawns - New Orleans,U S Lawns New Orleans,https://uslawns.com/locations/la/new-orleans/,"Landscaper, Gardener, Landscape designer, Lawn care service, Lawn sprinkler system contractor, Snow removal service, Tree service",Landscaper,Landscaper,+1 504-330-2455,mobile,CELLCO PARTNERSHIP DBA VERIZON WIRELESS - LA,,"2628 Lexington Ave, Kenner, LA 70062",None,2628 Lexington Ave,Kenner,70062,Louisiana,Louisiana,United States of America,US,30.003933,-90.2506698,89444654d0fffff,America/Chicago,,False,4.7,12.0,https://search.google.com/local/reviews?placeid=ChIJOYKtaUW3IIYRtCwuxpwYFIM&q=*&authuser=0&hl=en&gl=US,,,1.0,0.0,0.0,0.0,11.0,25.0,https://lh3.googleusercontent.com/p/AF1QipNHrOQ17LsHZKPV6XUs1YZY8Id8D79af2p41c8t=w800-h500-k-no,https://lh3.googleusercontent.com/p/AF1QipNHrOQ17LsHZKPV6XUs1YZY8Id8D79af2p41c8t=w1600-h1000-k-no,,"{""Sunday"": ""Open 24 hours"", ""Monday"": ""Open 24 hours"", ""Tuesday"": ""Open 24 hours"", ""Wednesday"": ""Open 24 hours"", ""Thursday"": ""Open 24 hours"", ""Friday"": ""Open 24 hours"", ""Saturday"": ""Open 24 hours""}","Sunday,Open 24 hours|Monday,Open 24 hours|Tuesday,Open 24 hours|Wednesday,Open 24 hours|Thursday,Open 24 hours|Friday,Open 24 hours|Saturday,Open 24 hours",Sunday:Open 24 hours|Monday:Open 24 hours|Tuesday:Open 24 hours|Wednesday:Open 24 hours|Thursday:Open 24 hours|Friday:Open 24 hours|Saturday:Open 24 hours,,,OPERATIONAL,"{""Service options"": {""Onsite services"": true}, ""Accessibility"": {""Wheelchair accessible entrance"": true, ""Wheelchair accessible parking lot"": true}}",,,,https://lh4.googleusercontent.com/-Aj_QuvekIEA/AAAAAAAAAAI/AAAAAAAAAAA/4nTWaJwNupk/s44-p-k-no-ns-nd/photo.jpg,,,True,109312649183842223797,U.S. Lawns - New Orleans,https://www.google.com/maps/contrib/109312649183842223797,,,,,"https://www.google.com/maps/place/U.S.+Lawns+-+New+Orleans/@30.003933,-90.2506698,14z/data=!4m8!1m2!2m1!1sU.S.+Lawns+-+New+Orleans!3m4!1s0x8620b74569ad8239:0x8314189cc62e2cb4!8m2!3d30.003933!4d-90.2506698","https://www.google.com/maps/place/U.S.+Lawns+-+New+Orleans/@30.003933,-90.2506698,13.99z/data=!4m16!1m7!3m6!1s0x8620b74569ad8239:0x8314189cc62e2cb4!2sU.S.+Lawns+-+New+Orleans!8m2!3d30.003933!4d-90.2506698!16s%2Fg%2F11ckvg1dmb!3m7!1s0x8620b74569ad8239:0x8314189cc62e2cb4!8m2!3d30.003933!4d-90.2506698!9m1!1b1!16s%2Fg%2F11ckvg1dmb?entry=ttu",ChIJOYKtaUW3IIYRtCwuxpwYFIM,0x8620b74569ad8239:0x8314189cc62e2cb4,9445201380121652404,/g/11n5s5pc9n,-9001542693587899212,,tim.harrell@uslawns.net,RECEIVING,Catch All,Tim Harrell,Tim,Harrell,Vice President Information Technology,,reed.swensen@uslawns.net,RECEIVING,Catch All,Reed Swensen,Reed,Swensen,Vice President,,theresa.wonderly@uslawns.net,RECEIVING,Catch All,Theresa Wonderly,Theresa,Wonderly,Manager Of Marketing,,4072461630,voip,BRIGHT HOUSE NTWS INFORMATION ,,18008752967,unknown,,,14072461630,BRIGHT HOUSE NTWS INFORMATION ,voip,,http://www.facebook.com/uslawns,,http://www.linkedin.com/company/uslawns,,,,,,,,http://www.twitter.com/uslawns,,https://www.youtube.com/channel/UCLJMUXTuMkoYfOQHvq42SAw,,,Comprehensive Commercial Irrigation Services | U.S. Lawns,Powered by WPBakery Page Builder - drag and drop page builder for WordPress.,"The Best Lawn & Landscaping Services in Frederick, MD U.S. Lawns is more than a Landscape Company. Call: (301) 416-8180",,False,False
"pool cleaning service, 70141, New Orleans, LA, US",Josh The Pool Guru,Josh The Pool Guru,http://joshthepoolguru.com/%3Futm_source%3Dgmb%26utm_medium%3Dreferral,"Swimming pool repair service, Service establishment",Swimming pool repair service,Swimming pool repair service,+1 985-710-6044,mobile,T-Mobile USA Inc.,,,,,,,,,,,30.238021399999997,-90.126363,894446784d3ffff,America/Chicago,,True,5.0,1.0,https://search.google.com/local/reviews?placeid=ChIJ1Y0XvcnsR4oRIsNx4DzGUlQ&q=*&authuser=0&hl=en&gl=US,,,0.0,0.0,0.0,0.0,1.0,31.0,https://lh3.googleusercontent.com/p/AF1QipMe7wb_x2-PXwiAPvlHgJ07fdODf1FjOtTwjyrv=w800-h500-k-no,https://lh3.googleusercontent.com/p/AF1QipMe7wb_x2-PXwiAPvlHgJ07fdODf1FjOtTwjyrv=w1600-h1000-k-no,,"{""Sunday"": ""Closed"", ""Monday"": ""9AM-5PM"", ""Tuesday"": ""9AM-5PM"", ""Wednesday"": ""9AM-5PM"", ""Thursday"": ""9AM-5PM"", ""Friday"": ""9AM-5PM"", ""Saturday"": ""10AM-2PM""}","Sunday,|Monday,9AM,5PM|Tuesday,9AM,5PM|Wednesday,9AM,5PM|Thursday,9AM,5PM|Friday,9AM,5PM|Saturday,10AM,2PM",Sunday:Closed|Monday:9AM-5PM|Tuesday:9AM-5PM|Wednesday:9AM-5PM|Thursday:9AM-5PM|Friday:9AM-5PM|Saturday:10AM-2PM,,,OPERATIONAL,{},,,,https://lh5.googleusercontent.com/-ZWb-MAl0oOs/AAAAAAAAAAI/AAAAAAAAAAA/Ck5P1D9O4UQ/s44-p-k-no-ns-nd/photo.jpg,,,True,115401587352780566446,Josh The Pool Guru,https://www.google.com/maps/contrib/115401587352780566446,,,,,"https://www.google.com/maps/place/Josh+The+Pool+Guru/@30.238021399999997,-90.126363,14z/data=!4m8!1m2!2m1!1sJosh+The+Pool+Guru!3m4!1s0x8a47ecc9bd178dd5:0x5452c63ce071c322!8m2!3d30.238021399999997!4d-90.126363","https://www.google.com/maps/place/Josh+The+Pool+Guru/@30.238021399999997,-90.126363,13.99z/data=!4m16!1m7!3m6!1s0x8a47ecc9bd178dd5:0x5452c63ce071c322!2sJosh+The+Pool+Guru!8m2!3d30.238021399999997!4d-90.126363!16s%2Fg%2F11ckvg1dmb!3m7!1s0x8a47ecc9bd178dd5:0x5452c63ce071c322!8m2!3d30.238021399999997!4d-90.126363!9m1!1b1!16s%2Fg%2F11ckvg1dmb?entry=ttu",ChIJ1Y0XvcnsR4oRIsNx4DzGUlQ,0x8a47ecc9bd178dd5:0x5452c63ce071c322,6076136812042109730,/g/11sml75qbz,6076136812042109730,,joshpoolguru@gmail.com,RECEIVING,SMTP validated,,,,,,,,,,,,,,,,,,,,,,19857106044,mobile,T-Mobile USA Inc.,,,,,,,,,,https://www.facebook.com/Josh-The-Pool-Guru-108639735128481/,,,,,,,,,,,,,,,Josh The Pool Guru - Swimming Pool Repair Service,,,,False,False
"pool cleaning service, 70150, New Orleans, LA, US","Natal's Air Conditioning, Plumbing & Electrical",Natals Air Conditioning Plumbing And Electrical,https://www.natalsairconditioning.com/%3Futm_source%3Dgbp%26utm_medium%3Dorganic,"HVAC contractor, Air conditioning repair service, Electrician, Plumber",HVAC contractor,HVAC contractor,+1 504-666-9124,mobile,CELLCO PARTNERSHIP DBA VERIZON WIRELESS - LA,,"2630 Banks St, New Orleans, LA 70119",Tulane - Gravier,2630 Banks St,New Orleans,70119,Louisiana,Louisiana,United States of America,US,29.962241499999998,-90.0891717,8944465524bffff,America/Chicago,,False,4.9,1980.0,https://search.google.com/local/reviews?placeid=ChIJg7YRe3avIIYR99uXjsMN2QU&q=*&authuser=0&hl=en&gl=US,,,28.0,8.0,9.0,24.0,1911.0,104.0,https://lh3.googleusercontent.com/gps-cs-s/AG0ilSxp6E1-7bCDRtbbtGpBMYvFAjpY_PUXVjIrkIljXrd352TX4y8I4Te66dcYKcUHc16aYC1ENsV3rRDwRvCQZjWCZ24UlM4YMPYyHjBrWhDRs0oRebMbEoxH4P3Uc2E2lPNFwabm=w800-h500-k-no,https://lh3.googleusercontent.com/gps-cs-s/AG0ilSxp6E1-7bCDRtbbtGpBMYvFAjpY_PUXVjIrkIljXrd352TX4y8I4Te66dcYKcUHc16aYC1ENsV3rRDwRvCQZjWCZ24UlM4YMPYyHjBrWhDRs0oRebMbEoxH4P3Uc2E2lPNFwabm=w1600-h1000-k-no,,"{""Sunday"": ""Open 24 hours"", ""Monday"": ""Open 24 hours"", ""Tuesday"": ""Open 24 hours"", ""Wednesday"": ""Open 24 hours"", ""Thursday"": ""Open 24 hours"", ""Friday"": ""Open 24 hours"", ""Saturday"": ""Open 24 hours""}","Sunday,Open 24 hours|Monday,Open 24 hours|Tuesday,Open 24 hours|Wednesday,Open 24 hours|Thursday,Open 24 hours|Friday,Open 24 hours|Saturday,Open 24 hours",Sunday:Open 24 hours|Monday:Open 24 hours|Tuesday:Open 24 hours|Wednesday:Open 24 hours|Thursday:Open 24 hours|Friday:Open 24 hours|Saturday:Open 24 hours,,,OPERATIONAL,"{""Service options"": {""Onsite services"": true}, ""Offerings"": {""Installation service"": true, ""Repair services"": true}}",,,,https://lh5.googleusercontent.com/-aLDTdwkNzBE/AAAAAAAAAAI/AAAAAAAAAAA/c-Mnc1C0cAY/s44-p-k-no-ns-nd/photo.jpg,,,True,115156921229570603021,"Natal's Air Conditioning, Plumbing & Electrical",https://www.google.com/maps/contrib/115156921229570603021,,https://www.natalsairconditioning.com/contact/schedule-service,,"https://www.natalsairconditioning.com/contact/schedule-service, https://book.servicetitan.com/xoo7hbzrgt0i00awo76avq7l?rwg_token=ACgRB3c57LEBsb4v9z033Y-uCb_BgwUeY9cLAvhmmQTIkhFyFYz932ICVLeXl8otJQOq_RoUrT0sMCezBlk94T2857MzFJpX1A%3D%3D","https://www.google.com/maps/place/Natal%27s+Air+Conditioning%2C+Plumbing+%26+Electrical/@29.962241499999998,-90.0891717,14z/data=!4m8!1m2!2m1!1sNatal%27s+Air+Conditioning%2C+Plumbing+%26+Electrical!3m4!1s0x8620af767b11b683:0x5d90dc38e97dbf7!8m2!3d29.962241499999998!4d-90.0891717","https://www.google.com/maps/place/Natal%27s+Air+Conditioning%2C+Plumbing+%26+Electrical/@29.962241499999998,-90.0891717,13.99z/data=!4m16!1m7!3m6!1s0x8620af767b11b683:0x5d90dc38e97dbf7!2sNatal%27s+Air+Conditioning%2C+Plumbing+%26+Electrical!8m2!3d29.962241499999998!4d-90.0891717!16s%2Fg%2F11ckvg1dmb!3m7!1s0x8620af767b11b683:0x5d90dc38e97dbf7!8m2!3d29.962241499999998!4d-90.0891717!9m1!1b1!16s%2Fg%2F11ckvg1dmb?entry=ttu",ChIJg7YRe3avIIYR99uXjsMN2QU,0x8620af767b11b683:0x5d90dc38e97dbf7,421383173697952759,/g/1261m4rtn,421383173697952759,,jesse@natalsairconditioning.com,INVALID,Undeliverable,Jesse Jacks,Jesse,Jacks,Heating Air Conditioning Service Technician,,tommy@natalsairconditioning.com,INVALID,Undeliverable,Tommy Godwin,Tommy,Godwin,Heating Air Conditioning Specialist,,simona.jones@comcast.com,INVALID,Undeliverable,Lavon Jones,Lavon,Jones,Service Technician,,5048210005,fixed line,"BANDWIDTH.COM CLEC, LLC - LA",,9852409554,landline,,,,,,,https://www.facebook.com/CallNatals/,https://instagram.com/callnatals,https://www.linkedin.com/company/natal-air-conditioning-inc,http://www.tiktok.com/@callnatals,,,,,,,https://twitter.com/CallNatals,,https://www.youtube.com/channel/UC2yQ8WcrHRgQsPdhCiP5otw,https://github.com/paulirish/,,"Send Us a Message | Natal's Air Conditioning, Plumbing & Electrical",,"Have a question or comment for the team at Natal's Air Conditioning, Plumbing & Electrical? Fill out our quick form here to send us a message.",,False,False
"pool cleaning service, 70150, New Orleans, LA, US",Jay-Roy Home and Lawn Care,Jay Roy Home And Lawn Care,,"Lawn care service, Service establishment, Gutter cleaning service, Handyman/Handywoman/Handyperson, Landscape designer, Repair service, Sandblasting service",Lawn care service,Lawn care service,+1 504-478-9353,mobile,T-Mobile USA Inc.,,,,,,,,,,,30.0326605,-89.88256349999999,8944464a367ffff,America/Chicago,,True,5.0,13.0,https://search.google.com/local/reviews?placeid=ChIJOYGUZ7GpIIYRj_9jmk_-HN8&q=*&authuser=0&hl=en&gl=US,,,0.0,0.0,0.0,0.0,13.0,1.0,https://lh3.googleusercontent.com/p/AF1QipNrMty8v2VG29fZt3C4921m4CDNlde-Tiey3Xnt=w800-h500-k-no,https://lh3.googleusercontent.com/p/AF1QipNrMty8v2VG29fZt3C4921m4CDNlde-Tiey3Xnt=w1600-h1000-k-no,,"{""Sunday"": ""Closed"", ""Monday"": ""8AM-5PM"", ""Tuesday"": ""8AM-5PM"", ""Wednesday"": ""8AM-5PM"", ""Thursday"": ""8AM-5PM"", ""Friday"": ""8AM-5PM"", ""Saturday"": ""8AM-5PM""}","Sunday,|Monday,8AM,5PM|Tuesday,8AM,5PM|Wednesday,8AM,5PM|Thursday,8AM,5PM|Friday,8AM,5PM|Saturday,8AM,5PM",Sunday:Closed|Monday:8AM-5PM|Tuesday:8AM-5PM|Wednesday:8AM-5PM|Thursday:8AM-5PM|Friday:8AM-5PM|Saturday:8AM-5PM,,,OPERATIONAL,{},,,,https://lh6.googleusercontent.com/-Q4OsgF7hWTU/AAAAAAAAAAI/AAAAAAAAAAA/InAYYc-0-j8/s44-p-k-no-ns-nd/photo.jpg,,,True,106278921568893267176,Jay-Roy Home and Lawn Care,https://www.google.com/maps/contrib/106278921568893267176,,,,,"https://www.google.com/maps/place/Jay-Roy+Home+and+Lawn+Care/@30.0326605,-89.88256349999999,14z/data=!4m8!1m2!2m1!1sJay-Roy+Home+and+Lawn+Care!3m4!1s0x8620a9b167948139:0xdf1cfe4f9a63ff8f!8m2!3d30.0326605!4d-89.88256349999999","https://www.google.com/maps/place/Jay-Roy+Home+and+Lawn+Care/@30.0326605,-89.88256349999999,13.99z/data=!4m16!1m7!3m6!1s0x8620a9b167948139:0xdf1cfe4f9a63ff8f!2sJay-Roy+Home+and+Lawn+Care!8m2!3d30.0326605!4d-89.88256349999999!16s%2Fg%2F11ckvg1dmb!3m7!1s0x8620a9b167948139:0xdf1cfe4f9a63ff8f!8m2!3d30.0326605!4d-89.88256349999999!9m1!1b1!16s%2Fg%2F11ckvg1dmb?entry=ttu",ChIJOYGUZ7GpIIYRj_9jmk_-HN8,0x8620a9b167948139:0xdf1cfe4f9a63ff8f,16077004387651944335,/g/11nmjp9v0l,-2369739686057607281,,,,,,,,,,,,,,,,,,,,,,,,,,,,,,,,,,,,,,,,,,,,,,,,,,,,,,,,,,
"pool cleaning service, 70150, New Orleans, LA, US",Cleaning Services,Cleaning Services,,Wood floor installation service,Servicio de instalación de suelos de madera,Wood floor installation service,+1 504-300-6038,landline,,,"326 N Salcedo St, New Orleans, LA 70119",Mid-City,326 N Salcedo St,New Orleans,70119,Louisiana,Louisiana,United States of America,US,29.970412699999997,-90.089215,894446421a7ffff,America/Chicago,,False,,,,,,,,,,,3.0,https://streetviewpixels-pa.googleapis.com/v1/thumbnail?panoid=ke__-yh_AoJ2-RrkKwbDLA&cb_client=search.gws-prod.gps&w=800&h=500&yaw=143.2709&pitch=0&thumbfov=100,https://lh3.googleusercontent.com/p/AF1QipNkADS5UD1IPCjItavWWoJ2V33FmdAPpmjRACtz=w1600-h1000-k-no,,"{""Sunday"": ""12-3:30AM"", ""Monday"": ""7AM-12AM"", ""Tuesday"": ""12-6AM"", ""Wednesday"": ""12-6AM"", ""Thursday"": ""12-6AM"", ""Friday"": ""12-6AM"", ""Saturday"": ""12-6AM""}","Sunday,12,3:30AM|Monday,7AM,12AM|Tuesday,12,6AM|Wednesday,12,6AM|Thursday,12,6AM|Friday,12,6AM|Saturday,12,6AM",Sunday:12-3:30AM|Monday:7AM-12AM|Tuesday:12-6AM|Wednesday:12-6AM|Thursday:12-6AM|Friday:12-6AM|Saturday:12-6AM,,,OPERATIONAL,{},,,,https://lh4.googleusercontent.com/-QRFUy0SpOoc/AAAAAAAAAAI/AAAAAAAAAAA/6_6TXcY9HN8/s44-p-k-no-ns-nd/photo.jpg,,,True,105636044386770458994,Cleaning Services,https://www.google.com/maps/contrib/105636044386770458994,,,,,"https://www.google.com/maps/place/Cleaning+Services/@29.970412699999997,-90.089215,14z/data=!4m8!1m2!2m1!1sCleaning+Services!3m4!1s0x8620a544f1814eaf:0x6229e19341ca7e83!8m2!3d29.970412699999997!4d-90.089215","https://www.google.com/maps/place/Cleaning+Services/@29.970412699999997,-90.089215,13.99z/data=!4m16!1m7!3m6!1s0x8620a544f1814eaf:0x6229e19341ca7e83!2sCleaning+Services!8m2!3d29.970412699999997!4d-90.089215!16s%2Fg%2F11ckvg1dmb!3m7!1s0x8620a544f1814eaf:0x6229e19341ca7e83!8m2!3d29.970412699999997!4d-90.089215!9m1!1b1!16s%2Fg%2F11ckvg1dmb?entry=ttu",ChIJr06B8USlIIYRg37KQZPhKWI,0x8620a544f1814eaf:0x6229e19341ca7e83,7073432712342306435,/g/11khw28rb5,None,,,,,,,,,,,,,,,,,,,,,,,,,,,,,,,,,,,,,,,,,,,,,,,,,,,,,,,,,,
"pool cleaning service, 70150, New Orleans, LA, US",Hyatt Regency New Orleans,Hyatt Regency New Orleans,https://www.hyatt.com/hyatt-regency/en-US/msyrn-hyatt-regency-new-orleans%3Fsrc%3Dcorp_lclb_google_seo_msyrn%26utm_source%3Dgoogle%26utm_medium%3Dorganic%26utm_campaign%3Dlmr,Hotel,hotels,Hotel,+1 504-561-1234,fixed line,"LEVEL 3 TELECOM OF LOUISIANA, ",,"601 Loyola Ave, New Orleans, LA 70113",Warehouse District,601 Loyola Ave,New Orleans,70113,Louisiana,Louisiana,United States of America,US,29.9494838,-90.0764379,8944464257bffff,America/Chicago,,False,4.4,7860.0,https://search.google.com/local/reviews?placeid=ChIJO8Spyd-lIIYRMqoqXpdDSQ0&q=*&authuser=0&hl=en&gl=US,,,314.0,210.0,571.0,1831.0,4934.0,12993.0,https://lh3.googleusercontent.com/p/AF1QipOz9ti56B9GfcfvO3vioKD2ArqUiprg-6qJP0__=w800-h500-k-no,https://lh3.googleusercontent.com/p/AF1QipOz9ti56B9GfcfvO3vioKD2ArqUiprg-6qJP0__=w1600-h1000-k-no,,,,,,,OPERATIONAL,"{""Other"": {""Pool"": true, ""Free Wi-Fi"": true, ""Air-conditioned"": true, ""Breakfast"": true, ""Star rating"": ""4 stars"", ""Check-out time"": ""11:00 AM"", ""Check-in time"": ""4:00 PM""}, ""Amenities"": {""Free Wi-Fi"": true}}",4 stars,,,https://lh3.googleusercontent.com/-zzZfgJi83Eg/AAAAAAAAAAI/AAAAAAAAAAA/BB4B22NrMo0/s44-p-k-no-ns-nd/photo.jpg,"Luxe lodging offering cozy quarters with city views, plus entertainment, dining & a rooftop pool.",,True,117806028331276872580,Hyatt Regency New Orleans,https://www.google.com/maps/contrib/117806028331276872580,,,,,"https://www.google.com/maps/place/Hyatt+Regency+New+Orleans/@29.9494838,-90.0764379,14z/data=!4m8!1m2!2m1!1sHyatt+Regency+New+Orleans!3m4!1s0x8620a5dfc9a9c43b:0xd4943975e2aaa32!8m2!3d29.9494838!4d-90.0764379","https://www.google.com/maps/place/Hyatt+Regency+New+Orleans/@29.9494838,-90.0764379,13.99z/data=!4m16!1m7!3m6!1s0x8620a5dfc9a9c43b:0xd4943975e2aaa32!2sHyatt+Regency+New+Orleans!8m2!3d29.9494838!4d-90.0764379!16s%2Fg%2F11ckvg1dmb!3m7!1s0x8620a5dfc9a9c43b:0xd4943975e2aaa32!8m2!3d29.9494838!4d-90.0764379!9m1!1b1!16s%2Fg%2F11ckvg1dmb?entry=ttu",ChIJO8Spyd-lIIYRMqoqXpdDSQ0,0x8620a5dfc9a9c43b:0xd4943975e2aaa32,957370713191918130,/m/02ry31b,957370713191918130,,holly_rickards@kiawahresort.com,UNKNOWN,Cannot validate,Holly Rickards,Holly,Rickards,Associate Director Of Sales,17032019214,kanurivenkat@yahoo.com,RECEIVING,Verified,Venkat Kanuri,Venkat,Kanuri,Development Manager,13127067329,christina.gambini@travelleadersgroup.com,UNKNOWN,Cannot validate,Christina Gambini,Christina,Gambini,"Regional Vice President, Luxury, Lifestyle And Leisure Sales- Hyatt Sales Force, Americas",19528319595,18086611234,voip,"HAWAIIAN TELCOM, INC. - HI",,1,mobile,,,18086674727,"HAWAIIAN TELCOM, INC. - HI",voip,,http://www.facebook.com/hyatt,https://www.instagram.com/explore,https://www.linkedin.com/company/hyatt-centric-waikiki-beach,,,,,,,,http://www.x.com/hyatt,,,,,Доступ до ресурсу заборонено,,"Hyatt Residence Club Key West, Beach House provides the most relaxed atmosphere of all resorts in Key West.",,False,False
"pool cleaning service, 70150, New Orleans, LA, US",JW Marriott New Orleans,Jw Marriott New Orleans,https://www.marriott.com/en-us/hotels/msyjw-jw-marriott-new-orleans/overview/%3Fscid%3Df2ae0541-1279-4f24-b197-a979c79310b0,"Hotel, Meeting planning service, Wedding venue",hotels,Hotel,+1 504-525-6500,landline,,,"Driveway Entrance on, 614 Canal Street, 611 Common St, New Orleans, LA 70130",Central Business District,"Driveway Entrance on, 614 Canal Street, 611 Common St",New Orleans,70130,LA,Louisiana,United States of America,US,29.952226,-90.0690035,894446420a3ffff,America/Chicago,,False,4.5,3437.0,https://search.google.com/local/reviews?placeid=ChIJBUx76wymIIYR4PtoDtyLFnM&q=*&authuser=0&hl=en&gl=US,,,107.0,84.0,217.0,767.0,2262.0,3928.0,https://lh3.googleusercontent.com/p/AF1QipOAxp9WiDd7MzQUtZ2vjM4LVMFO1tmf3GjMQJDK=w800-h500-k-no,https://lh3.googleusercontent.com/p/AF1QipOAxp9WiDd7MzQUtZ2vjM4LVMFO1tmf3GjMQJDK=w1600-h1000-k-no,,,,,,,OPERATIONAL,"{""Crowd"": {""LGBTQ+ friendly"": true}, ""Other"": {""Pool"": true, ""Air-conditioned"": true, ""Breakfast"": true, ""Wi-Fi"": true, ""Star rating"": ""4 stars"", ""Check-out time"": ""11:00 AM"", ""Check-in time"": ""4:00 PM"", ""LGBTQ+ friendly"": true}}",4 stars,,,https://lh5.googleusercontent.com/-mp7G2Afl6dY/AAAAAAAAAAI/AAAAAAAAAAA/xQvsepBLo_k/s44-p-k-no-ns-nd/photo.jpg,"Polished hotel offering a spa & an indoor pool, plus a New Orleans restaurant & a chic bar.",,True,102161178258928860078,JW Marriott New Orleans,https://www.google.com/maps/contrib/102161178258928860078,,,,,"https://www.google.com/maps/place/JW+Marriott+New+Orleans/@29.952226,-90.0690035,14z/data=!4m8!1m2!2m1!1sJW+Marriott+New+Orleans!3m4!1s0x8620a60ceb7b4c05:0x73168bdc0e68fbe0!8m2!3d29.952226!4d-90.0690035","https://www.google.com/maps/place/JW+Marriott+New+Orleans/@29.952226,-90.0690035,13.99z/data=!4m16!1m7!3m6!1s0x8620a60ceb7b4c05:0x73168bdc0e68fbe0!2sJW+Marriott+New+Orleans!8m2!3d29.952226!4d-90.0690035!16s%2Fg%2F11ckvg1dmb!3m7!1s0x8620a60ceb7b4c05:0x73168bdc0e68fbe0!8m2!3d29.952226!4d-90.0690035!9m1!1b1!16s%2Fg%2F11ckvg1dmb?entry=ttu",ChIJBUx76wymIIYR4PtoDtyLFnM,0x8620a60ceb7b4c05:0x73168bdc0e68fbe0,8292969541100174304,/m/03y6j82,8292969541100174304,,mstickles@thesummitgroupinc.com,INVALID,Invalid DNS,"Stickles, Melissa","Stickles,",Melissa,Sales Manager,,espina-denson@nomoremrniceguy.com,INVALID,Invalid SMTP,"Spina-Denson, Eno","Spina-Denson,",Eno,Director Sales Executive,,ev@saltchuk.com,INVALID,SMTP validated,"Trout, Ev","Trout,",Ev,Share Holder,,1,mobile,,,27,,,,49,,,,https://www.facebook.com/marriottbonvoy,https://www.instagram.com/marriottbonvoy,https://www.linkedin.com/company/renaissance-baltimore-harborplace-hotel,,,,,,,,https://twitter.com/marriottbonvoy,,,,,"Hotels in Oahu, HI | Marriott Bonvoy",,"Visit Oahu, HI your way! Explore restaurants, local attractions and things to do in your favorite Oahu, HI neighborhoods as a Marriott Bonvoy Hotel guest.","about, marriott",False,False
"pool cleaning service, 70150, New Orleans, LA, US",New Orleans Marriott,New Orleans Marriott,https://www.marriott.com/en-us/hotels/msyla-new-orleans-marriott/overview/%3Fscid%3Df2ae0541-1279-4f24-b197-a979c79310b0,"Hotel, Meeting planning service, Wedding venue",hotels,Hotel,+1 504-581-1000,landline,,,"555 Canal St, New Orleans, LA 70130",Central Business District,555 Canal St,New Orleans,70130,Louisiana,Louisiana,United States of America,US,29.9525211,-90.06757759999999,894446420a3ffff,America/Chicago,,False,4.3,7215.0,https://search.google.com/local/reviews?placeid=ChIJBUx76wymIIYR_NJrZU2kwwc&q=*&authuser=0&hl=en&gl=US,,,299.0,246.0,654.0,1948.0,4068.0,11503.0,https://lh3.googleusercontent.com/p/AF1QipONkpma-xlB_NaPeFEUftw9wWb6H5alPiiVTc-8=w800-h500-k-no,https://lh3.googleusercontent.com/p/AF1QipONkpma-xlB_NaPeFEUftw9wWb6H5alPiiVTc-8=w1600-h1000-k-no,,,,,,,OPERATIONAL,"{""Crowd"": {""LGBTQ+ friendly"": true}, ""Other"": {""Pool"": true, ""Air-conditioned"": true, ""Breakfast"": true, ""Wi-Fi"": true, ""Star rating"": ""4 stars"", ""Check-out time"": ""11:00 AM"", ""Check-in time"": ""4:00 PM"", ""LGBTQ+ friendly"": true}}",4 stars,,,https://lh4.googleusercontent.com/-Rf-M34sl-J4/AAAAAAAAAAI/AAAAAAAAAAA/NLxYIEoEPv8/s44-p-k-no-ns-nd/photo.jpg,"Modern lodging offering a restaurant & a wine bar, plus an outdoor pool & an exercise room.",,True,118316879906842712132,New Orleans Marriott,https://www.google.com/maps/contrib/118316879906842712132,,,,,"https://www.google.com/maps/place/New+Orleans+Marriott/@29.9525211,-90.06757759999999,14z/data=!4m8!1m2!2m1!1sNew+Orleans+Marriott!3m4!1s0x8620a60ceb7b4c05:0x7c3a44d656bd2fc!8m2!3d29.9525211!4d-90.06757759999999","https://www.google.com/maps/place/New+Orleans+Marriott/@29.9525211,-90.06757759999999,13.99z/data=!4m16!1m7!3m6!1s0x8620a60ceb7b4c05:0x7c3a44d656bd2fc!2sNew+Orleans+Marriott!8m2!3d29.9525211!4d-90.06757759999999!16s%2Fg%2F11ckvg1dmb!3m7!1s0x8620a60ceb7b4c05:0x7c3a44d656bd2fc!8m2!3d29.9525211!4d-90.06757759999999!9m1!1b1!16s%2Fg%2F11ckvg1dmb?entry=ttu",ChIJBUx76wymIIYR_NJrZU2kwwc,0x8620a60ceb7b4c05:0x7c3a44d656bd2fc,559471431045075708,/m/02pp_q9,559471431045075708,,marriottdpo@marriott.com,RECEIVING,SMTP validated,,,,,,privacy@marriott.com,RECEIVING,SMTP validated,,,,,,customerservice@allianzassistance.com,RECEIVING,SMTP validated,,,,,,1,mobile,,,27,,,,49,,,,https://www.facebook.com/marriottbonvoy,https://www.instagram.com/marriottbonvoy,https://www.linkedin.com/company/renaissance-baltimore-harborplace-hotel,,,,,,,,https://twitter.com/marriottbonvoy,,,,,"Hotels in Oahu, HI | Marriott Bonvoy",,"Visit Oahu, HI your way! Explore restaurants, local attractions and things to do in your favorite Oahu, HI neighborhoods as a Marriott Bonvoy Hotel guest.","about, marriott",False,False
"pool cleaning service, 70156, New Orleans, LA, US",Cleaning Service LLC,Cleaning Service,,Janitorial service,Servicio de conserjería,Janitorial service,,,,,"7701 Chef Menteur Hwy, New Orleans, LA 70126",New Orleans East Area,7701 Chef Menteur Hwy,New Orleans,70126,Louisiana,Louisiana,United States of America,US,30.0148981,-89.99740539999999,89444640273ffff,America/Chicago,,False,4.0,1.0,,,,0.0,0.0,0.0,1.0,0.0,,,,,,,,,,CLOSED_TEMPORARILY,{},,,,https://lh6.googleusercontent.com/-9UUDETdDpHs/AAAAAAAAAAI/AAAAAAAAAAA/MO0lQqwCCdA/s44-p-k-no-ns-nd/photo.jpg,,,True,113773829085091049920,Cleaning Service LLC,https://www.google.com/maps/contrib/113773829085091049920,,,,,"https://www.google.com/maps/place/Cleaning+Service+LLC/@30.0148981,-89.99740539999999,14z/data=!4m8!1m2!2m1!1sCleaning+Service+LLC!3m4!1s0x889e03f0dd8a2e1d:0x12b4a5e50f905d48!8m2!3d30.0148981!4d-89.99740539999999","https://www.google.com/maps/place/Cleaning+Service+LLC/@30.0148981,-89.99740539999999,13.99z/data=!4m16!1m7!3m6!1s0x889e03f0dd8a2e1d:0x12b4a5e50f905d48!2sCleaning+Service+LLC!8m2!3d30.0148981!4d-89.99740539999999!16s%2Fg%2F11ckvg1dmb!3m7!1s0x889e03f0dd8a2e1d:0x12b4a5e50f905d48!8m2!3d30.0148981!4d-89.99740539999999!9m1!1b1!16s%2Fg%2F11ckvg1dmb?entry=ttu",ChIJHS6K3fADnogRSF2QD-WltBI,0x889e03f0dd8a2e1d:0x12b4a5e50f905d48,1347884591717834056,/g/11jg3jw1cd,None,,,,,,,,,,,,,,,,,,,,,,,,,,,,,,,,,,,,,,,,,,,,,,,,,,,,,,,,,,
"pool cleaning service, 70159, New Orleans, LA, US",CV Pool & Spa,Cv Pool And Spa,http://cv-pool-spa.com/,Pool cleaning service,Pool cleaning service,Pool cleaning service,+1 845-553-9051,mobile,"NEW CINGULAR WIRELESS PCS, LLC - DC",,"50 Fairmount Ave, Haverstraw, NY 10927",None,50 Fairmount Ave,Haverstraw,10927,New York,New York,United States of America,US,41.1935096,-73.96810599999999,892a10c1b83ffff,America/New_York,87H852VJ+CQ,False,4.4,30.0,https://search.google.com/local/reviews?placeid=ChIJP8ldqnHEwokRt8l5pxfOOP0&q=*&authuser=0&hl=en&gl=US,"company, price, phone call, office, hot tub, needs, information",,4.0,0.0,0.0,2.0,24.0,19.0,https://lh3.googleusercontent.com/p/AF1QipMPaBMypdYPUFkbFQG01JLp7Pdz1RCL6AmEN_GP=w800-h500-k-no,https://streetviewpixels-pa.googleapis.com/v1/thumbnail?panoid=mg71qGR2SVrT-JyNIRrwyA&cb_client=search.gws-prod.gps&w=1600&h=1000&yaw=320.83994&pitch=0&thumbfov=100,,"{""Monday"": ""9AM-5PM"", ""Tuesday"": ""9AM-5PM"", ""Wednesday"": ""9AM-5PM"", ""Thursday"": ""9AM-5PM"", ""Friday"": ""9AM-3PM"", ""Saturday"": ""Closed"", ""Sunday"": ""Closed""}","Sunday,|Monday,9AM,5PM|Tuesday,9AM,5PM|Wednesday,9AM,5PM|Thursday,9AM,5PM|Friday,9AM,3PM|Saturday,",Monday:9AM-5PM|Tuesday:9AM-5PM|Wednesday:9AM-5PM|Thursday:9AM-5PM|Friday:9AM-3PM|Saturday:Closed|Sunday:Closed,,,OPERATIONAL,"{""Service options"": {""Onsite services"": true}, ""Accessibility"": {""Wheelchair accessible parking lot"": true}}",,,,https://lh4.googleusercontent.com/--J5X7VbeRuY/AAAAAAAAAAI/AAAAAAAAAAA/rsUXe4cJdO8/s44-p-k-no-ns-nd/photo.jpg,,,True,115072651583673840393,CV Pool & Spa,https://www.google.com/maps/contrib/115072651583673840393,,,,,"https://www.google.com/maps/place/CV+Pool+%26+Spa/@41.1935096,-73.96810599999999,14z/data=!4m8!1m2!2m1!1sCV+Pool+%26+Spa!3m4!1s0x89c2c471aa5dc93f:0xfd38ce17a779c9b7!8m2!3d41.1935096!4d-73.96810599999999","https://www.google.com/maps/place/CV+Pool+%26+Spa/@41.1935096,-73.96810599999999,13.99z/data=!4m16!1m7!3m6!1s0x89c2c471aa5dc93f:0xfd38ce17a779c9b7!2sCV+Pool+%26+Spa!8m2!3d41.1935096!4d-73.96810599999999!16s%2Fg%2F11ckvg1dmb!3m7!1s0x89c2c471aa5dc93f:0xfd38ce17a779c9b7!8m2!3d41.1935096!4d-73.96810599999999!9m1!1b1!16s%2Fg%2F11ckvg1dmb?entry=ttu",ChIJP8ldqnHEwokRt8l5pxfOOP0,0x89c2c471aa5dc93f:0xfd38ce17a779c9b7,18246560491280910775,/g/11f01gf_wt,-200183582428640841,,john@cv-pool-spa.com,INVALID,Invalid DNS,,,,,,,,,,,,,,,,,,,,,,,,,,,,,,,,,,,,,,,,,,,,,,,,,"Pool Services Near Me Rockland County, NY | CV Pool & Spa",,"Are you wondering, ""Where can I find a reliable pool service near me in New City, NY?"" CV Pool & Spa has 30+ years of pool service experience. Call us today!",,False,False
"pool cleaning service, 70175, New Orleans, LA, US",CoKo’s Soft & Heated Pressure Washing Services,Coko’S Soft And Heated Pressure Washing Services,https://cokospressurewashing.com/,"Pool cleaning service, Car wash, Graffiti removal service, Gutter cleaning service, House cleaning service, Pressure washing service, RV detailing service, Window cleaning service",Pressure washing service,Pool cleaning service,+1 504-296-9696,mobile,CELLCO PARTNERSHIP DBA VERIZON,,"1201 MacArthur Ave suite p, Harvey, LA 70058",None,1201 MacArthur Ave suite p,Harvey,70058,Louisiana,Louisiana,United States of America,US,29.8905747,-90.0826699,89444650e37ffff,America/Chicago,,False,5.0,13.0,https://search.google.com/local/reviews?placeid=ChIJM0WwPY6lIIYRe_4id4adycA&q=*&authuser=0&hl=en&gl=US,,,0.0,0.0,0.0,0.0,13.0,16.0,https://lh3.googleusercontent.com/p/AF1QipMsBhwhsigpSR6e192hFMnd4R94t82qcxA3q04C=w800-h500-k-no,https://lh3.googleusercontent.com/p/AF1QipMsBhwhsigpSR6e192hFMnd4R94t82qcxA3q04C=w1600-h1000-k-no,,"{""Sunday"": ""Open 24 hours"", ""Monday"": ""Open 24 hours"", ""Tuesday"": ""Open 24 hours"", ""Wednesday"": ""Open 24 hours"", ""Thursday"": ""Open 24 hours"", ""Friday"": ""Open 24 hours"", ""Saturday"": ""Open 24 hours""}","Sunday,Open 24 hours|Monday,Open 24 hours|Tuesday,Open 24 hours|Wednesday,Open 24 hours|Thursday,Open 24 hours|Friday,Open 24 hours|Saturday,Open 24 hours",Sunday:Open 24 hours|Monday:Open 24 hours|Tuesday:Open 24 hours|Wednesday:Open 24 hours|Thursday:Open 24 hours|Friday:Open 24 hours|Saturday:Open 24 hours,,,OPERATIONAL,"{""Service options"": {""Online estimates"": true, ""Onsite services"": true, ""Language assistance"": ""English""}, ""Accessibility"": {""Wheelchair accessible restroom"": true, ""Wheelchair accessible seating"": true, ""Assistive hearing loop"": false}, ""Amenities"": {""Gender-neutral restroom"": true}, ""Crowd"": {""LGBTQ+ friendly"": true, ""Transgender safespace"": true}, ""Planning"": {""Appointment required"": true}, ""Parking"": {""Free parking lot"": true, ""Free street parking"": true, ""On-site parking"": true}, ""Other"": {""LGBTQ+ friendly"": true}}",,,,https://lh4.googleusercontent.com/-jsVd3zAaRMw/AAAAAAAAAAI/AAAAAAAAAAA/xZItHnzOS6g/s44-p-k-no-ns-nd/photo.jpg,,,True,108628410825870862887,CoKo’s Soft & Heated Pressure Washing Services,https://www.google.com/maps/contrib/108628410825870862887,,,,,"https://www.google.com/maps/place/CoKo%E2%80%99s+Soft+%26+Heated+Pressure+Washing+Services/@29.8905747,-90.0826699,14z/data=!4m8!1m2!2m1!1sCoKo%E2%80%99s+Soft+%26+Heated+Pressure+Washing+Services!3m4!1s0x8620a58e3db04533:0xc0c99d867722fe7b!8m2!3d29.8905747!4d-90.0826699","https://www.google.com/maps/place/CoKo%E2%80%99s+Soft+%26+Heated+Pressure+Washing+Services/@29.8905747,-90.0826699,13.99z/data=!4m16!1m7!3m6!1s0x8620a58e3db04533:0xc0c99d867722fe7b!2sCoKo%E2%80%99s+Soft+%26+Heated+Pressure+Washing+Services!8m2!3d29.8905747!4d-90.0826699!16s%2Fg%2F11ckvg1dmb!3m7!1s0x8620a58e3db04533:0xc0c99d867722fe7b!8m2!3d29.8905747!4d-90.0826699!9m1!1b1!16s%2Fg%2F11ckvg1dmb?entry=ttu",ChIJM0WwPY6lIIYRe_4id4adycA,0x8620a58e3db04533:0xc0c99d867722fe7b,13891807726450966139,/g/11x6g27p8q,-4554936347258585477,,cokospressurewashing@gmail.com,RECEIVING,Verified,,,,,,sales@cokospressurewashing.com,UNKNOWN,Cannot validate,,,,,,,,,,,,,,5042969696,mobile,CELLCO PARTNERSHIP DBA VERIZON,,,,,,,,,,https://www.facebook.com/CoKosPressureWashing,https://www.instagram.com/cokospressurewashing,,,,,,,,,,,,,,"Contact Us - Your Local New Orleans, Louisiana Pressure Washing Experts Specializing In Glass Windows - CoKo's Soft & Heated Pressure Washing Services (CoKo's Pressure Washing)!",All in One SEO (AIOSEO) 4.8.9,,,False,True
"pool cleaning service, 70175, New Orleans, LA, US",Love Swimming Swim School,Love Swimming Swim School,http://loveswimming.com/,"Swimming pool, Swimming instructor, Swimming school",Swimming school,Swimming pool,+1 504-891-4662,landline,,,"5221 S Front St, New Orleans, LA 70115",Uptown/Carrollton,5221 S Front St,New Orleans,70115,Louisiana,Louisiana,United States of America,US,29.9160486,-90.1118292,89444650903ffff,America/Chicago,,False,4.6,29.0,https://search.google.com/local/reviews?placeid=ChIJAS-bHFikIIYRF5223Q8ZfcQ&q=*&authuser=0&hl=en&gl=US,,,1.0,0.0,2.0,4.0,22.0,12.0,https://lh3.googleusercontent.com/p/AF1QipOeKpo9yDWvVNFMIwUXlR2hyvkbRZoiBoNh0CCa=w800-h500-k-no,https://lh3.googleusercontent.com/p/AF1QipOeKpo9yDWvVNFMIwUXlR2hyvkbRZoiBoNh0CCa=w1600-h1000-k-no,,"{""Sunday"": ""9AM-1PM"", ""Monday"": ""10AM-8PM"", ""Tuesday"": ""9:30AM-8PM"", ""Wednesday"": ""9AM-8PM"", ""Thursday"": ""9AM-8PM"", ""Friday"": ""9AM-7PM"", ""Saturday"": ""8:30AM-4:30PM""}","Sunday,9AM,1PM|Monday,10AM,8PM|Tuesday,9:30AM,8PM|Wednesday,9AM,8PM|Thursday,9AM,8PM|Friday,9AM,7PM|Saturday,8:30AM,4:30PM",Sunday:9AM-1PM|Monday:10AM-8PM|Tuesday:9:30AM-8PM|Wednesday:9AM-8PM|Thursday:9AM-8PM|Friday:9AM-7PM|Saturday:8:30AM-4:30PM,,,OPERATIONAL,"{""Service options"": {""Online classes"": false}, ""Accessibility"": {""Wheelchair accessible entrance"": true, ""Wheelchair accessible parking lot"": true}, ""Payments"": {""Credit cards"": true, ""Debit cards"": true}}",,,,https://lh4.googleusercontent.com/-OBvNq0GC4qU/AAAAAAAAAAI/AAAAAAAAAAA/Fsk0QWa8HG8/s44-p-k-no-ns-nd/photo.jpg,,,True,110752285351470116331,Love Swimming Swim School,https://www.google.com/maps/contrib/110752285351470116331,,,,,"https://www.google.com/maps/place/Love+Swimming+Swim+School/@29.9160486,-90.1118292,14z/data=!4m8!1m2!2m1!1sLove+Swimming+Swim+School!3m4!1s0x8620a4581c9b2f01:0xc47d190fddb69d17!8m2!3d29.9160486!4d-90.1118292","https://www.google.com/maps/place/Love+Swimming+Swim+School/@29.9160486,-90.1118292,13.99z/data=!4m16!1m7!3m6!1s0x8620a4581c9b2f01:0xc47d190fddb69d17!2sLove+Swimming+Swim+School!8m2!3d29.9160486!4d-90.1118292!16s%2Fg%2F11ckvg1dmb!3m7!1s0x8620a4581c9b2f01:0xc47d190fddb69d17!8m2!3d29.9160486!4d-90.1118292!9m1!1b1!16s%2Fg%2F11ckvg1dmb?entry=ttu",ChIJAS-bHFikIIYRF5223Q8ZfcQ,0x8620a4581c9b2f01:0xc47d190fddb69d17,14158500359457643799,/g/1w0p5_0w,-4288243714251907817,,n.guidry@loveswimming.com,INVALID,Invalid DNS,Nikki Guidry,Nikki,Guidry,,,loveswimmingnola@gmail.com,RECEIVING,Confirmed,,,,,,,,,,,,,,5048914662,landline,,,,,,,,,,,https://www.facebook.com/pages/,https://instagram.com/loveswimmingnola,,,,,,,,,https://twitter.com/loveswimming2,,https://www.youtube.com/channel/UCVe_4ks0YBy08o_fx0tBsxA,,,Love Swimming | Kids love us because we’re fun. Parents love us because we’re effective.,WordPress 5.9.3,,,,
"pool cleaning service, 70181, New Orleans, LA, US",NOLA Clean Krewe LLC,Nola Clean Krewe,,"Pressure washing service, Service establishment",Pressure washing service,Pressure washing service,+1 504-732-1200,landline,,,,,,,,,,,,30.0257334,-90.02540139999999,894446403bbffff,America/Chicago,,True,5.0,2.0,https://search.google.com/local/reviews?placeid=ChIJs5tHhI32zicR2-kudvE_GIE&q=*&authuser=0&hl=en&gl=US,,,0.0,0.0,0.0,0.0,2.0,28.0,https://lh3.googleusercontent.com/p/AF1QipMbWF3j8Bw8TV3Wv0qRTIfu7Qp3azBp4RWtdvGj=w800-h500-k-no,https://lh3.googleusercontent.com/p/AF1QipMbWF3j8Bw8TV3Wv0qRTIfu7Qp3azBp4RWtdvGj=w1600-h1000-k-no,,"{""Sunday"": ""Open 24 hours"", ""Monday"": ""Open 24 hours"", ""Tuesday"": ""Open 24 hours"", ""Wednesday"": ""Open 24 hours"", ""Thursday"": ""Open 24 hours"", ""Friday"": ""Open 24 hours"", ""Saturday"": ""Open 24 hours""}","Sunday,Open 24 hours|Monday,Open 24 hours|Tuesday,Open 24 hours|Wednesday,Open 24 hours|Thursday,Open 24 hours|Friday,Open 24 hours|Saturday,Open 24 hours",Sunday:Open 24 hours|Monday:Open 24 hours|Tuesday:Open 24 hours|Wednesday:Open 24 hours|Thursday:Open 24 hours|Friday:Open 24 hours|Saturday:Open 24 hours,,,OPERATIONAL,"{""Service options"": {""Online estimates"": true}}",,,,https://lh3.googleusercontent.com/-tRURiJ-U6ao/AAAAAAAAAAI/AAAAAAAAAAA/wZ-IyvgEII0/s44-p-k-no-ns-nd/photo.jpg,,,True,100171381767618290791,NOLA Clean Krewe LLC,https://www.google.com/maps/contrib/100171381767618290791,,,,,"https://www.google.com/maps/place/NOLA+Clean+Krewe+LLC/@30.0257334,-90.02540139999999,14z/data=!4m8!1m2!2m1!1sNOLA+Clean+Krewe+LLC!3m4!1s0x27cef68d84479bb3:0x81183ff1762ee9db!8m2!3d30.0257334!4d-90.02540139999999","https://www.google.com/maps/place/NOLA+Clean+Krewe+LLC/@30.0257334,-90.02540139999999,13.99z/data=!4m16!1m7!3m6!1s0x27cef68d84479bb3:0x81183ff1762ee9db!2sNOLA+Clean+Krewe+LLC!8m2!3d30.0257334!4d-90.02540139999999!16s%2Fg%2F11ckvg1dmb!3m7!1s0x27cef68d84479bb3:0x81183ff1762ee9db!8m2!3d30.0257334!4d-90.02540139999999!9m1!1b1!16s%2Fg%2F11ckvg1dmb?entry=ttu",ChIJs5tHhI32zicR2-kudvE_GIE,0x27cef68d84479bb3:0x81183ff1762ee9db,9302255336636213723,/g/11k4jjqjhd,-9144488737073337893,,,,,,,,,,,,,,,,,,,,,,,,,,,,,,,,,,,,,,,,,,,,,,,,,,,,,,,,,,
"pool cleaning service, 70181, New Orleans, LA, US",Geaux Wash Dat,Geaux Wash Dat,https://geauxwashdatsoftwash.com/,"Pressure washing service, Service establishment",Pressure washing service,Pressure washing service,+1 504-453-3336,mobile,"NEW CINGULAR WIRELESS PCS, LLC - GA",,,,,,,,,,,30.2509084,-90.21084049999999,8944467aca7ffff,America/Chicago,,True,5.0,2.0,https://search.google.com/local/reviews?placeid=ChIJ-Zp_NLTs-qARzo9hDStsBnY&q=*&authuser=0&hl=en&gl=US,,,0.0,0.0,0.0,0.0,2.0,4.0,https://lh3.googleusercontent.com/p/AF1QipMoMSXvf17Ol2jSG9h4gR5z4j-5WarfjlJa1cVb=w800-h500-k-no,https://lh3.googleusercontent.com/p/AF1QipMoMSXvf17Ol2jSG9h4gR5z4j-5WarfjlJa1cVb=w1600-h1000-k-no,,"{""Sunday"": ""Closed"", ""Monday"": ""7AM-7PM"", ""Tuesday"": ""7AM-7PM"", ""Wednesday"": ""7AM-7PM"", ""Thursday"": ""7AM-7PM"", ""Friday"": ""7AM-7PM"", ""Saturday"": ""7AM-12PM""}","Sunday,|Monday,7AM,7PM|Tuesday,7AM,7PM|Wednesday,7AM,7PM|Thursday,7AM,7PM|Friday,7AM,7PM|Saturday,7AM,12PM",Sunday:Closed|Monday:7AM-7PM|Tuesday:7AM-7PM|Wednesday:7AM-7PM|Thursday:7AM-7PM|Friday:7AM-7PM|Saturday:7AM-12PM,,,OPERATIONAL,{},,,,https://lh5.googleusercontent.com/-EkoXnfSK32s/AAAAAAAAAAI/AAAAAAAAAAA/ld9c8Yhiw54/s44-p-k-no-ns-nd/photo.jpg,,,True,101338338630803292584,Geaux Wash Dat,https://www.google.com/maps/contrib/101338338630803292584,,,,,"https://www.google.com/maps/place/Geaux+Wash+Dat/@30.2509084,-90.21084049999999,14z/data=!4m8!1m2!2m1!1sGeaux+Wash+Dat!3m4!1s0xa0faecb4347f9af9:0x76066c2b0d618fce!8m2!3d30.2509084!4d-90.21084049999999","https://www.google.com/maps/place/Geaux+Wash+Dat/@30.2509084,-90.21084049999999,13.99z/data=!4m16!1m7!3m6!1s0xa0faecb4347f9af9:0x76066c2b0d618fce!2sGeaux+Wash+Dat!8m2!3d30.2509084!4d-90.21084049999999!16s%2Fg%2F11ckvg1dmb!3m7!1s0xa0faecb4347f9af9:0x76066c2b0d618fce!8m2!3d30.2509084!4d-90.21084049999999!9m1!1b1!16s%2Fg%2F11ckvg1dmb?entry=ttu",ChIJ-Zp_NLTs-qARzo9hDStsBnY,0xa0faecb4347f9af9:0x76066c2b0d618fce,8504603878499651534,/g/11m6c535kj,8504603878499651534,,philbrisset74@yahoo.com,RECEIVING,SMTP validated,,,,,,info@geauxwashdatsoftwash.com,RECEIVING,Catch All,,,,,,susanryan3221@gmail.com,RECEIVING,SMTP validated,,,,,,5044533336,mobile,"NEW CINGULAR WIRELESS PCS, LLC - GA",,15044533336,mobile,"NEW CINGULAR WIRELESS PCS, LLC - GA",,,,,,https://www.facebook.com/102577485604651,,,,,,,,,,,,,,,Testimonials | Geaux Wash Dat,WordPress 6.4.7,"Geaux Wash Dat provides services in Metairie, Kenner, New Orleans and surrounding areas. Call now: (504) 453-3336","Metairie Pressure Washing Services, Metairie Power Washing Services, Metairie Gutter Cleaning, Kenner Pressure Washing Services, Kenner Power Washing Services, Kenner Gutter Cleaning, New Orleans Pressure Washing Services, New Orleans Power Washing Services, New Orleans Gutter Cleaning",False,True
"pool cleaning service, 70181, New Orleans, LA, US",Big Easy Pressure Washing,Big Easy Pressure Washing,https://www.bigeasypressurewashing.com/%3Futm_source%3DGBP%26utm_medium%3DGBPh%26utm_campaign%3DNOLA,"Pressure washing service, Service establishment",Pressure washing service,Pressure washing service,+1 504-384-2263,landline,,,,,,,,,,,,30.237472,-90.1243154,894446784dbffff,America/Chicago,,True,5.0,8.0,https://search.google.com/local/reviews?placeid=ChIJNev7fg_oHCMRi6I1zQgVsa8&q=*&authuser=0&hl=en&gl=US,,,0.0,0.0,0.0,0.0,8.0,2.0,https://lh3.googleusercontent.com/p/AF1QipPv9WXjoANn0Lf5WPbUiiofQJg4iGDvIhLnzbLZ=w800-h500-k-no,https://lh3.googleusercontent.com/p/AF1QipPv9WXjoANn0Lf5WPbUiiofQJg4iGDvIhLnzbLZ=w1600-h1000-k-no,,"{""Sunday"": ""Closed"", ""Monday"": ""8AM-3PM"", ""Tuesday"": ""8AM-3PM"", ""Wednesday"": ""8AM-3PM"", ""Thursday"": ""8AM-3PM"", ""Friday"": ""8AM-3PM"", ""Saturday"": ""Closed""}","Sunday,|Monday,8AM,3PM|Tuesday,8AM,3PM|Wednesday,8AM,3PM|Thursday,8AM,3PM|Friday,8AM,3PM|Saturday,",Sunday:Closed|Monday:8AM-3PM|Tuesday:8AM-3PM|Wednesday:8AM-3PM|Thursday:8AM-3PM|Friday:8AM-3PM|Saturday:Closed,,,OPERATIONAL,{},,,,https://lh3.googleusercontent.com/-IZHXALbR6L0/AAAAAAAAAAI/AAAAAAAAAAA/Lcyy1OXsXMA/s44-p-k-no-ns-nd/photo.jpg,,,True,118364798457946765273,Big Easy Pressure Washing,https://www.google.com/maps/contrib/118364798457946765273,,,,,"https://www.google.com/maps/place/Big+Easy+Pressure+Washing/@30.237472,-90.1243154,14z/data=!4m8!1m2!2m1!1sBig+Easy+Pressure+Washing!3m4!1s0x231ce80f7efbeb35:0xafb11508cd35a28b!8m2!3d30.237472!4d-90.1243154","https://www.google.com/maps/place/Big+Easy+Pressure+Washing/@30.237472,-90.1243154,13.99z/data=!4m16!1m7!3m6!1s0x231ce80f7efbeb35:0xafb11508cd35a28b!2sBig+Easy+Pressure+Washing!8m2!3d30.237472!4d-90.1243154!16s%2Fg%2F11ckvg1dmb!3m7!1s0x231ce80f7efbeb35:0xafb11508cd35a28b!8m2!3d30.237472!4d-90.1243154!9m1!1b1!16s%2Fg%2F11ckvg1dmb?entry=ttu",ChIJNev7fg_oHCMRi6I1zQgVsa8,0x231ce80f7efbeb35:0xafb11508cd35a28b,12659923155061940875,/g/11trk4v8j6,-5786820918647610741,,,,,,,,,,,,,,,,,,,,,,,,,,5046883995,landline,,,9853074526,landline,Onvoy,True,,,,,https://www.facebook.com/bigeasypressurewashing/,https://www.instagram.com/bigeasypressurewashing,https://www.linkedin.com/company/big-easy-pressure-washing/,,,,,,,,https://twitter.com/intent/,,https://www.youtube.com/channel/UCajdcV0M7FFoFi5eXaoZCxQ,,,Residential Roof Cleaning Services in New Orleans | Big Easy Pressure Washing,WordPress 6.8.3,Our New Orleans roof cleaning services can make your roof look new again! We treat the problem without damaging good surface areas. Call us today at (504) 688-3995!,,False,False
"pool cleaning service, 70181, New Orleans, LA, US",Jhett Wash Exterior Cleaning,Jhett Wash Exterior Cleaning,,"Pressure washing service, Service establishment",Pressure washing service,Pressure washing service,+1 504-641-4165,landline,,,,,,,,,,,,29.8204656,-90.070895,89444650487ffff,America/Chicago,,True,5.0,20.0,https://search.google.com/local/reviews?placeid=ChIJxd48vZK5IIYRJKmu0aNnVyQ&q=*&authuser=0&hl=en&gl=US,,,0.0,0.0,0.0,0.0,20.0,22.0,https://lh3.googleusercontent.com/p/AF1QipN2GMLDHgniVCsxEcwF9STy_xYkgvWszAyyVBOo=w800-h500-k-no,https://lh3.googleusercontent.com/p/AF1QipN2GMLDHgniVCsxEcwF9STy_xYkgvWszAyyVBOo=w1600-h1000-k-no,,"{""Sunday"": ""Open 24 hours"", ""Monday"": ""Open 24 hours"", ""Tuesday"": ""Open 24 hours"", ""Wednesday"": ""Open 24 hours"", ""Thursday"": ""Open 24 hours"", ""Friday"": ""Open 24 hours"", ""Saturday"": ""Open 24 hours""}","Sunday,Open 24 hours|Monday,Open 24 hours|Tuesday,Open 24 hours|Wednesday,Open 24 hours|Thursday,Open 24 hours|Friday,Open 24 hours|Saturday,Open 24 hours",Sunday:Open 24 hours|Monday:Open 24 hours|Tuesday:Open 24 hours|Wednesday:Open 24 hours|Thursday:Open 24 hours|Friday:Open 24 hours|Saturday:Open 24 hours,,,OPERATIONAL,"{""From the business"": {""Identifies as Latino-owned"": true}, ""Service options"": {""Online estimates"": true}, ""Crowd"": {""LGBTQ+ friendly"": true}, ""Other"": {""LGBTQ+ friendly"": true, ""Identifies as Latino-owned"": true}}",,,,https://lh6.googleusercontent.com/-j6QNoFKj0yE/AAAAAAAAAAI/AAAAAAAAAAA/MSudTxHAVzE/s44-p-k-no-ns-nd/photo.jpg,,,True,102221136258050558067,Jhett Wash Exterior Cleaning,https://www.google.com/maps/contrib/102221136258050558067,,,,,"https://www.google.com/maps/place/Jhett+Wash+Exterior+Cleaning/@29.8204656,-90.070895,14z/data=!4m8!1m2!2m1!1sJhett+Wash+Exterior+Cleaning!3m4!1s0x8620b992bd3cdec5:0x245767a3d1aea924!8m2!3d29.8204656!4d-90.070895","https://www.google.com/maps/place/Jhett+Wash+Exterior+Cleaning/@29.8204656,-90.070895,13.99z/data=!4m16!1m7!3m6!1s0x8620b992bd3cdec5:0x245767a3d1aea924!2sJhett+Wash+Exterior+Cleaning!8m2!3d29.8204656!4d-90.070895!16s%2Fg%2F11ckvg1dmb!3m7!1s0x8620b992bd3cdec5:0x245767a3d1aea924!8m2!3d29.8204656!4d-90.070895!9m1!1b1!16s%2Fg%2F11ckvg1dmb?entry=ttu",ChIJxd48vZK5IIYRJKmu0aNnVyQ,0x8620b992bd3cdec5:0x245767a3d1aea924,2618675661634447652,/g/11tmwww17y,2618675661634447652,,,,,,,,,,,,,,,,,,,,,,,,,,,,,,,,,,,,,,,,,,,,,,,,,,,,,,,,,,
"pool cleaning service, 70181, New Orleans, LA, US",Mister Sparky Electric,Mister Sparky Electric,http://www.mistersparky.com/,Electrician,Electrician,Electrician,+1 504-835-1234,landline,,,"5000 W Esplanade Ave, Metairie, LA 70006",None,5000 W Esplanade Ave,Metairie,70006,Louisiana,Louisiana,United States of America,US,30.0166711,-90.1989541,89444654a0bffff,America/Chicago,,False,4.0,4.0,https://search.google.com/local/reviews?placeid=ChIJq12QYValIIYRobOk8jCBTLc&q=*&authuser=0&hl=en&gl=US,,,1.0,0.0,0.0,0.0,3.0,1.0,https://streetviewpixels-pa.googleapis.com/v1/thumbnail?panoid=V28xcE1WfEUMTv2WNj9WIg&cb_client=search.gws-prod.gps&w=800&h=500&yaw=179.75224&pitch=0&thumbfov=100,https://streetviewpixels-pa.googleapis.com/v1/thumbnail?panoid=V28xcE1WfEUMTv2WNj9WIg&cb_client=search.gws-prod.gps&w=1600&h=1000&yaw=179.75224&pitch=0&thumbfov=100,,,,,,,OPERATIONAL,{},,,,https://lh3.googleusercontent.com/-stB6PLsvYF4/AAAAAAAAAAI/AAAAAAAAAAA/QASycC1ouPc/s44-p-k-no-ns-nd/photo.jpg,,,True,113810842188362366553,Mister Sparky Electric,https://www.google.com/maps/contrib/113810842188362366553,,,,,"https://www.google.com/maps/place/Mister+Sparky+Electric/@30.0166711,-90.1989541,14z/data=!4m8!1m2!2m1!1sMister+Sparky+Electric!3m4!1s0x8620a55661905dab:0xb74c8130f2a4b3a1!8m2!3d30.0166711!4d-90.1989541","https://www.google.com/maps/place/Mister+Sparky+Electric/@30.0166711,-90.1989541,13.99z/data=!4m16!1m7!3m6!1s0x8620a55661905dab:0xb74c8130f2a4b3a1!2sMister+Sparky+Electric!8m2!3d30.0166711!4d-90.1989541!16s%2Fg%2F11ckvg1dmb!3m7!1s0x8620a55661905dab:0xb74c8130f2a4b3a1!8m2!3d30.0166711!4d-90.1989541!9m1!1b1!16s%2Fg%2F11ckvg1dmb?entry=ttu",ChIJq12QYValIIYRobOk8jCBTLc,0x8620a55661905dab:0xb74c8130f2a4b3a1,13208073854400115617,/g/1hc1b58y3,-5238670219309435999,,rnddelgado@aol.com,RECEIVING,Verified,Ron Delgado,Ron,Delgado,Electrician,,jcoates@northernmechservices.com,RECEIVING,Catch All,"Coates, John","Coates,",John,Owner,,gpolunci@northernmechservices.com,INVALID,Undeliverable,"Polunci, George","Polunci,",George,Service Manager,,8009064577,toll_free,,,4192739862,landline,,,4072501461,"TWILIO INTERNATIONAL, INC.",voip,,https://www.facebook.com/MisterSparkySherman/,https://www.instagram.com/mister_sparky_ntx/,https://linkedin.com/company/mister-sparky-san-antonio,,,,,,,,https://twitter.com/MisterSparky1,,https://www.youtube.com/channel/UChc64_8-2aVKb8qKL6bfPrQ,,,Electrician Services - Electrical Company | Mister Sparky,,The electricians at Mister Sparky® provide reliable electrical services to communities nationwide. Learn about our commitment to quality - and you!,,False,False
"pool cleaning service, 70183, New Orleans, LA, US",Buffalos on Bloomfield,Buffalos On Bloomfield,,Pool hall,Pool hall,Pool hall,+1 504-400-0452,mobile,"NEW CINGULAR WIRELESS PCS, LLC - GA",,"5015 Bloomfield St, New Orleans, LA 70121",None,5015 Bloomfield St,New Orleans,70121,Louisiana,Louisiana,United States of America,US,29.9627815,-90.1831131,894446542b7ffff,America/Chicago,,False,4.6,616.0,https://search.google.com/local/reviews?placeid=ChIJzWFk7gmwIIYRorLQEIe01do&q=*&authuser=0&hl=en&gl=US,,,11.0,5.0,40.0,108.0,452.0,299.0,https://lh3.googleusercontent.com/gps-cs-s/AG0ilSwuPr_WM2LRspiqPGu34nluDUU1trM0c5pOo9fXzUfCbjFef2d-Bps7sn5WCPaITthX9pIwJG-qcDt7fH6IsW6bkOBUtWdfYwrUTZ1pMsu0-3Y__HirEFxyJ7TfYHc6hJwhzbT-=w800-h500-k-no,https://lh3.googleusercontent.com/gps-cs-s/AG0ilSwuPr_WM2LRspiqPGu34nluDUU1trM0c5pOo9fXzUfCbjFef2d-Bps7sn5WCPaITthX9pIwJG-qcDt7fH6IsW6bkOBUtWdfYwrUTZ1pMsu0-3Y__HirEFxyJ7TfYHc6hJwhzbT-=w1600-h1000-k-no,,"{""Sunday"": ""Open 24 hours"", ""Monday"": ""Open 24 hours"", ""Tuesday"": ""Open 24 hours"", ""Wednesday"": ""Open 24 hours"", ""Thursday"": ""Open 24 hours"", ""Friday"": ""Open 24 hours"", ""Saturday"": ""Open 24 hours""}","Sunday,Open 24 hours|Monday,Open 24 hours|Tuesday,Open 24 hours|Wednesday,Open 24 hours|Thursday,Open 24 hours|Friday,Open 24 hours|Saturday,Open 24 hours",Sunday:Open 24 hours|Monday:Open 24 hours|Tuesday:Open 24 hours|Wednesday:Open 24 hours|Thursday:Open 24 hours|Friday:Open 24 hours|Saturday:Open 24 hours,,,OPERATIONAL,"{""Highlights"": {""Fast service"": true, ""Great beer selection"": true, ""Great cocktails"": true, ""Sports"": true}, ""Accessibility"": {""Wheelchair accessible entrance"": true, ""Wheelchair accessible parking lot"": true, ""Wheelchair accessible restroom"": true}, ""Offerings"": {""Alcohol"": true, ""Beer"": true, ""Cocktails"": true, ""Food"": true, ""Food at bar"": true, ""Happy hour drinks"": true, ""Hard liquor"": true, ""Wine"": true}, ""Dining options"": {""Table service"": false}, ""Amenities"": {""Bar onsite"": true, ""Restroom"": true, ""Wi-Fi"": true}, ""Atmosphere"": {""Casual"": true, ""Trendy"": true}, ""Crowd"": {""Groups"": true, ""Tourists"": true}, ""Planning"": {""Accepts reservations"": false}, ""Payments"": {""Credit cards"": true, ""Debit cards"": true, ""NFC mobile payments"": true}}",$,,,https://lh3.googleusercontent.com/-aNh_DpyPErY/AAAAAAAAAAI/AAAAAAAAAAA/SI5NdKgOGRY/s44-p-k-no-ns-nd/photo.jpg,,,True,105723152745704890916,Buffalos on Bloomfield,https://www.google.com/maps/contrib/105723152745704890916,,,,,"https://www.google.com/maps/place/Buffalos+on+Bloomfield/@29.9627815,-90.1831131,14z/data=!4m8!1m2!2m1!1sBuffalos+on+Bloomfield!3m4!1s0x8620b009ee6461cd:0xdad5b48710d0b2a2!8m2!3d29.9627815!4d-90.1831131","https://www.google.com/maps/place/Buffalos+on+Bloomfield/@29.9627815,-90.1831131,13.99z/data=!4m16!1m7!3m6!1s0x8620b009ee6461cd:0xdad5b48710d0b2a2!2sBuffalos+on+Bloomfield!8m2!3d29.9627815!4d-90.1831131!16s%2Fg%2F11ckvg1dmb!3m7!1s0x8620b009ee6461cd:0xdad5b48710d0b2a2!8m2!3d29.9627815!4d-90.1831131!9m1!1b1!16s%2Fg%2F11ckvg1dmb?entry=ttu",ChIJzWFk7gmwIIYRorLQEIe01do,0x8620b009ee6461cd:0xdad5b48710d0b2a2,15768708162503357090,/g/1tt1hk_6,-2678035911206194526,,,,,,,,,,,,,,,,,,,,,,,,,,,,,,,,,,,,,,,,,,,,,,,,,,,,,,,,,,
"pool cleaning service, 70183, New Orleans, LA, US",Total Maintenance of Southern Louisiana,Total Maintenance Of Southern Louisiana,http://tm-ac.com/,"Air conditioning repair service, Air conditioning contractor, Electrician, Electric generator shop, Heating contractor, HVAC contractor, Plumber",Air conditioning repair service,Air conditioning repair service,+1 504-541-0008,landline,Bandwidth.com,True,"5801 Plauche St, Harahan, LA 70123",None,5801 Plauche St,Harahan,70123,Louisiana,Louisiana,United States of America,US,29.9442314,-90.18774379999999,894446540d3ffff,America/Chicago,,False,4.9,1743.0,https://search.google.com/local/reviews?placeid=ChIJScxjpbu3IIYRpf3L9MW1Mi4&q=*&authuser=0&hl=en&gl=US,,,13.0,2.0,3.0,41.0,1684.0,37.0,https://lh3.googleusercontent.com/p/AF1QipPuWJ201poU5vsInurmKVNwitoT1OYT9IQSkbg1=w800-h500-k-no,https://lh3.googleusercontent.com/p/AF1QipPuWJ201poU5vsInurmKVNwitoT1OYT9IQSkbg1=w1600-h1000-k-no,,"{""Sunday"": ""Open 24 hours"", ""Monday"": ""Open 24 hours"", ""Tuesday"": ""Open 24 hours"", ""Wednesday"": ""Open 24 hours"", ""Thursday"": ""Open 24 hours"", ""Friday"": ""Open 24 hours"", ""Saturday"": ""Open 24 hours""}","Sunday,Open 24 hours|Monday,Open 24 hours|Tuesday,Open 24 hours|Wednesday,Open 24 hours|Thursday,Open 24 hours|Friday,Open 24 hours|Saturday,Open 24 hours",Sunday:Open 24 hours|Monday:Open 24 hours|Tuesday:Open 24 hours|Wednesday:Open 24 hours|Thursday:Open 24 hours|Friday:Open 24 hours|Saturday:Open 24 hours,,,OPERATIONAL,"{""Accessibility"": {""Wheelchair accessible entrance"": true, ""Wheelchair accessible parking lot"": true}, ""Offerings"": {""Repair services"": true}, ""Crowd"": {""LGBTQ+ friendly"": true}, ""Payments"": {""Credit cards"": true}, ""Other"": {""LGBTQ+ friendly"": true}}",,,,https://lh5.googleusercontent.com/-zPaCUAH8Y2Y/AAAAAAAAAAI/AAAAAAAAAAA/Ot530nmEr5E/s44-p-k-no-ns-nd/photo.jpg,,,True,114910354276360143427,Total Maintenance of Southern Louisiana,https://www.google.com/maps/contrib/114910354276360143427,,https://book.servicetitan.com/i8ehmz0wlz5tbdhe54623dbn?rwg_token=ACgRB3fUtGp2UqJnFTgzppoGDWiIjEjpiXKn0HumAdvZLsP9fGWikzSrSENaNP6uNkR8uHYoZJmUz1w_4HBLxlFykE3rKlyEgQ%3D%3D,,https://book.servicetitan.com/i8ehmz0wlz5tbdhe54623dbn?rwg_token=ACgRB3fUtGp2UqJnFTgzppoGDWiIjEjpiXKn0HumAdvZLsP9fGWikzSrSENaNP6uNkR8uHYoZJmUz1w_4HBLxlFykE3rKlyEgQ%3D%3D,"https://www.google.com/maps/place/Total+Maintenance+of+Southern+Louisiana/@29.9442314,-90.18774379999999,14z/data=!4m8!1m2!2m1!1sTotal+Maintenance+of+Southern+Louisiana!3m4!1s0x8620b7bba563cc49:0x2e32b5c5f4cbfda5!8m2!3d29.9442314!4d-90.18774379999999","https://www.google.com/maps/place/Total+Maintenance+of+Southern+Louisiana/@29.9442314,-90.18774379999999,13.99z/data=!4m16!1m7!3m6!1s0x8620b7bba563cc49:0x2e32b5c5f4cbfda5!2sTotal+Maintenance+of+Southern+Louisiana!8m2!3d29.9442314!4d-90.18774379999999!16s%2Fg%2F11ckvg1dmb!3m7!1s0x8620b7bba563cc49:0x2e32b5c5f4cbfda5!8m2!3d29.9442314!4d-90.18774379999999!9m1!1b1!16s%2Fg%2F11ckvg1dmb?entry=ttu",ChIJScxjpbu3IIYRpf3L9MW1Mi4,0x8620b7bba563cc49:0x2e32b5c5f4cbfda5,3328922936400412069,/g/12hpj9fmm,3328922936400412069,,,,,,,,,,,,,,,,,,,,,,,,,,2254801000,mobile,"NEW CINGULAR WIRELESS PCS, LLC - GA",,5048413300,fixed line,"COMCAST PHONE OF LOUISIANA, LL",,2254800007,"NEW CINGULAR WIRELESS PCS, LLC - GA",mobile,,https://www.facebook.com/RiverCitysTotalMaintenance,,,,,,,,,,,,,,,Browse Our Specials | Total Maintenance,Site Kit by Google 1.165.0,Browse our specials! Special Financing Available for 60 Months With Approved Credit,,False,False
"pool cleaning service, 70183, New Orleans, LA, US","Res-Q Wash Pressure Washing, LLC.",Res Q Wash Pressure Washing,http://www.pressurewashnola.com/,Pressure washing service,Pressure washing service,Pressure washing service,+1 504-717-7680,mobile,CELLCO PARTNERSHIP DBA VERIZON,,"22 Donelon Dr, Harahan, LA 70123",None,22 Donelon Dr,Harahan,70123,Louisiana,Louisiana,United States of America,US,29.927941099999998,-90.20608329999999,89444654487ffff,America/Chicago,,False,5.0,35.0,https://search.google.com/local/reviews?placeid=ChIJ3ZoHz3G7IIYRWwR0wRNH7Qs&q=*&authuser=0&hl=en&gl=US,,,0.0,0.0,0.0,0.0,35.0,10.0,https://lh3.googleusercontent.com/p/AF1QipOWJr0fnS0py9fcV5JOkNe-d6XqDTDADwZ5ixfR=w800-h500-k-no,https://lh3.googleusercontent.com/p/AF1QipOWJr0fnS0py9fcV5JOkNe-d6XqDTDADwZ5ixfR=w1600-h1000-k-no,,"{""Sunday"": ""6AM-10PM"", ""Monday"": ""6AM-10PM"", ""Tuesday"": ""6AM-10PM"", ""Wednesday"": ""6AM-10PM"", ""Thursday"": ""6AM-10PM"", ""Friday"": ""6AM-10PM"", ""Saturday"": ""6AM-10PM""}","Sunday,6AM,10PM|Monday,6AM,10PM|Tuesday,6AM,10PM|Wednesday,6AM,10PM|Thursday,6AM,10PM|Friday,6AM,10PM|Saturday,6AM,10PM",Sunday:6AM-10PM|Monday:6AM-10PM|Tuesday:6AM-10PM|Wednesday:6AM-10PM|Thursday:6AM-10PM|Friday:6AM-10PM|Saturday:6AM-10PM,,,OPERATIONAL,"{""Service options"": {""Online estimates"": true, ""Onsite services"": true}}",,,,https://lh6.googleusercontent.com/-0wFmAPHM_Ik/AAAAAAAAAAI/AAAAAAAAAAA/tAeqhNaGnTM/s44-p-k-no-ns-nd/photo.jpg,,,True,116605428693821191223,"Res-Q Wash Pressure Washing, LLC.",https://www.google.com/maps/contrib/116605428693821191223,,,,,"https://www.google.com/maps/place/Res-Q+Wash+Pressure+Washing%2C+LLC./@29.927941099999998,-90.20608329999999,14z/data=!4m8!1m2!2m1!1sRes-Q+Wash+Pressure+Washing%2C+LLC.!3m4!1s0x8620bb71cf079add:0xbed4713c174045b!8m2!3d29.927941099999998!4d-90.20608329999999","https://www.google.com/maps/place/Res-Q+Wash+Pressure+Washing%2C+LLC./@29.927941099999998,-90.20608329999999,13.99z/data=!4m16!1m7!3m6!1s0x8620bb71cf079add:0xbed4713c174045b!2sRes-Q+Wash+Pressure+Washing%2C+LLC.!8m2!3d29.927941099999998!4d-90.20608329999999!16s%2Fg%2F11ckvg1dmb!3m7!1s0x8620bb71cf079add:0xbed4713c174045b!8m2!3d29.927941099999998!4d-90.20608329999999!9m1!1b1!16s%2Fg%2F11ckvg1dmb?entry=ttu",ChIJ3ZoHz3G7IIYRWwR0wRNH7Qs,0x8620bb71cf079add:0xbed4713c174045b,859421254073189467,/g/11h7htw7dt,859421254073189467,,info@washnola.com,INVALID,Cannot validate,,,,,,,,,,,,,,,,,,,,,,5047177680,mobile,CELLCO PARTNERSHIP DBA VERIZON,,,,,,,,,,,,,,,,,,,,,,,,,Contact Us - Res-Q Wash Pressure,All in One SEO (AIOSEO) 4.8.9,Contact ResQ Wash for professional residential and commercial pressure washing services. Get a free estimate today. Call 504-717-7680,"pressure, wash, pressure wash, home wash, clean house, power wash, brendan, fox, brendan fox",False,True
