query,name,name_for_emails,site,subtypes,category,type,phone,phone.phones_enricher.carrier_type,phone.phones_enricher.carrier_name,phone.phones_enricher.__avoid_saving,full_address,borough,street,city,postal_code,state,us_state,country,country_code,latitude,longitude,h3,time_zone,plus_code,area_service,rating,reviews,reviews_link,reviews_tags,reviews_per_score,reviews_per_score_1,reviews_per_score_2,reviews_per_score_3,reviews_per_score_4,reviews_per_score_5,photos_count,photo,street_view,located_in,working_hours,working_hours_csv_compatible,working_hours_old_format,other_hours,popular_times,business_status,about,range,prices,posts,logo,description,typical_time_spent,verified,owner_id,owner_title,owner_link,reservation_links,booking_appointment_link,menu_link,order_links,location_link,location_reviews_link,place_id,google_id,cid,kgmid,reviews_id,located_google_id,email_1,email_1.emails_validator.status,email_1.emails_validator.status_details,email_1_full_name,email_1_first_name,email_1_last_name,email_1_title,email_1_phone,email_2,email_2.emails_validator.status,email_2.emails_validator.status_details,email_2_full_name,email_2_first_name,email_2_last_name,email_2_title,email_2_phone,email_3,email_3.emails_validator.status,email_3.emails_validator.status_details,email_3_full_name,email_3_first_name,email_3_last_name,email_3_title,email_3_phone,phone_1,phone_1.phones_enricher.carrier_type,phone_1.phones_enricher.carrier_name,phone_1.phones_enricher.__avoid_saving,phone_2,phone_2.phones_enricher.carrier_type,phone_2.phones_enricher.carrier_name,phone_2.phones_enricher.__avoid_saving,phone_3,phone_3.phones_enricher.carrier_type,phone_3.phones_enricher.carrier_name,phone_3.phones_enricher.__avoid_saving,facebook,instagram,linkedin,tiktok,medium,reddit,skype,snapchat,telegram,whatsapp,twitter,vimeo,youtube,github,crunchbase,website_title,website_generator,website_description,website_keywords,website_has_fb_pixel,website_has_google_tag
"custom home builder, 70179, New Orleans, LA, US",Emerald Gray Custom Homes,Emerald Gray Custom Homes,,"Custom home builder, Construction company, Contractor, Service establishment, General contractor, Home builder",Custom home builder,Custom home builder,+1 504-231-3288,mobile,,,,,,,,,,,,30.0326605,-89.88256349999999,8944464a367ffff,America/Chicago,,True,5.0,2.0,https://search.google.com/local/reviews?placeid=ChIJ23j1ki6lIIYRHfICk-5QaCU&q=*&authuser=0&hl=en&gl=US,,,0.0,0.0,0.0,0.0,2.0,44.0,https://lh3.googleusercontent.com/p/AF1QipOpSbazEs4ISWs7AXbmfmaKtA6MZjzO5ep4NtP4=w800-h500-k-no,https://lh3.googleusercontent.com/p/AF1QipOpSbazEs4ISWs7AXbmfmaKtA6MZjzO5ep4NtP4=w1600-h1000-k-no,,"{""Sunday"": ""Closed"", ""Monday"": ""8AM-5PM"", ""Tuesday"": ""8AM-5PM"", ""Wednesday"": ""8AM-5PM"", ""Thursday"": ""8AM-5PM"", ""Friday"": ""8AM-5PM"", ""Saturday"": ""8AM-5PM""}","Sunday,|Monday,8AM,5PM|Tuesday,8AM,5PM|Wednesday,8AM,5PM|Thursday,8AM,5PM|Friday,8AM,5PM|Saturday,8AM,5PM",Sunday:Closed|Monday:8AM-5PM|Tuesday:8AM-5PM|Wednesday:8AM-5PM|Thursday:8AM-5PM|Friday:8AM-5PM|Saturday:8AM-5PM,,,OPERATIONAL,{},,,,https://lh3.googleusercontent.com/-fY0zpfL3v4E/AAAAAAAAAAI/AAAAAAAAAAA/2kIBY5yoLWo/s44-p-k-no-ns-nd/photo.jpg,,,True,111984201509651074415,Emerald Gray Custom Homes,https://www.google.com/maps/contrib/111984201509651074415,,,,,"https://www.google.com/maps/place/Emerald+Gray+Custom+Homes/@30.0326605,-89.88256349999999,14z/data=!4m8!1m2!2m1!1sEmerald+Gray+Custom+Homes!3m4!1s0x8620a52e92f578db:0x256850ee9302f21d!8m2!3d30.0326605!4d-89.88256349999999","https://www.google.com/maps/place/Emerald+Gray+Custom+Homes/@30.0326605,-89.88256349999999,13.99z/data=!4m16!1m7!3m6!1s0x8620a52e92f578db:0x256850ee9302f21d!2sEmerald+Gray+Custom+Homes!8m2!3d30.0326605!4d-89.88256349999999!16s%2Fg%2F11ckvg1dmb!3m7!1s0x8620a52e92f578db:0x256850ee9302f21d!8m2!3d30.0326605!4d-89.88256349999999!9m1!1b1!16s%2Fg%2F11ckvg1dmb?entry=ttu",ChIJ23j1ki6lIIYRHfICk-5QaCU,0x8620a52e92f578db:0x256850ee9302f21d,2695493362580124189,/g/11h10zh3ng,2695493362580124189,,,,,,,,,,,,,,,,,,,,,,,,,,,,,,,,,,,,,,,,,,,,,,,,,,,,,,,,,,
"custom home builder, 70179, New Orleans, LA, US",Pentek Homes,Pentek Homes,http://www.pentekhomes.com/,"Custom home builder, General contractor",Custom home builder,Custom home builder,+1 504-305-8745,landline,Airus,True,"609 W William David Pkwy Ste 104, Metairie, LA 70005",Bonnabel Place,609 W William David Pkwy Ste 104,Metairie,70005,Louisiana,Louisiana,United States of America,US,30.002035399999997,-90.13418159999999,89444655e6fffff,America/Chicago,,False,4.8,25.0,https://search.google.com/local/reviews?placeid=ChIJ__-vPNmlIIYRofBGXdw2ykA&q=*&authuser=0&hl=en&gl=US,,,1.0,0.0,0.0,0.0,24.0,2.0,https://lh3.googleusercontent.com/p/AF1QipPtQYZ_0dJAngJXU4jhDYTXlvDPSdIQ1UooyiVh=w800-h500-k-no,https://lh3.googleusercontent.com/p/AF1QipPtQYZ_0dJAngJXU4jhDYTXlvDPSdIQ1UooyiVh=w1600-h1000-k-no,,"{""Sunday"": ""Closed"", ""Monday"": ""9AM-5PM"", ""Tuesday"": ""9AM-5PM"", ""Wednesday"": ""9AM-5PM"", ""Thursday"": ""9AM-5PM"", ""Friday"": ""9AM-5PM"", ""Saturday"": ""Closed""}","Sunday,|Monday,9AM,5PM|Tuesday,9AM,5PM|Wednesday,9AM,5PM|Thursday,9AM,5PM|Friday,9AM,5PM|Saturday,",Sunday:Closed|Monday:9AM-5PM|Tuesday:9AM-5PM|Wednesday:9AM-5PM|Thursday:9AM-5PM|Friday:9AM-5PM|Saturday:Closed,,,OPERATIONAL,{},,,,https://lh6.googleusercontent.com/-ie3CiNjnZjY/AAAAAAAAAAI/AAAAAAAAAAA/V8uuR9JtBQU/s44-p-k-no-ns-nd/photo.jpg,,,True,105969747338350664474,Pentek Homes,https://www.google.com/maps/contrib/105969747338350664474,,,,,"https://www.google.com/maps/place/Pentek+Homes/@30.002035399999997,-90.13418159999999,14z/data=!4m8!1m2!2m1!1sPentek+Homes!3m4!1s0x8620a5d93cafffff:0x40ca36dc5d46f0a1!8m2!3d30.002035399999997!4d-90.13418159999999","https://www.google.com/maps/place/Pentek+Homes/@30.002035399999997,-90.13418159999999,13.99z/data=!4m16!1m7!3m6!1s0x8620a5d93cafffff:0x40ca36dc5d46f0a1!2sPentek+Homes!8m2!3d30.002035399999997!4d-90.13418159999999!16s%2Fg%2F11ckvg1dmb!3m7!1s0x8620a5d93cafffff:0x40ca36dc5d46f0a1!8m2!3d30.002035399999997!4d-90.13418159999999!9m1!1b1!16s%2Fg%2F11ckvg1dmb?entry=ttu",ChIJ__-vPNmlIIYRofBGXdw2ykA,0x8620a5d93cafffff:0x40ca36dc5d46f0a1,4668604283808575649,/g/11qqmdztt6,4668604283808575649,,bo@pentekhomes.com,RECEIVING,SMTP validated,Bo Pennington,Bo,Pennington,Owner,2018185900,info@pentekdesignbuild.com,INVALID,Invalid SMTP,,,,,,bo@pentekdesignbuild.com,UNKNOWN,Cannot validate,,,,,,2018185900,landline,,,,,,,,,,,,,,,,,,,,,,,,,,Pentek Homes | Luxury Home Builder | Pentek Design Build,Wix.com Website Builder,"Pentek Homes | Design Build Custom home builder new orleans and metairie, home builder metairie, luxury home builder metairie, luxury home builder new orleans, renovation contractor, historic renovation contractor new orleans and metairie",,,
"custom home builder, 70179, New Orleans, LA, US",Burk Construction and Development,Burk Construction And Development,http://www.byburk.com/,"Home builder, Construction company, General contractor",Home builder,Home builder,+1 504-488-8600,landline,,,"6260 Vicksburg St A, New Orleans, LA 70124",Lakeview,6260 Vicksburg St A,New Orleans,70124,Louisiana,Louisiana,United States of America,US,30.004042799999997,-90.1070647,89444642d7bffff,America/Chicago,,False,5.0,40.0,https://search.google.com/local/reviews?placeid=ChIJq6q6tg6vIIYRfINCPwkU5Uc&q=*&authuser=0&hl=en&gl=US,,,0.0,0.0,0.0,0.0,40.0,59.0,https://lh3.googleusercontent.com/p/AF1QipPtMpXgOJU9x8KmkqPKRaZRZUEsHJScaJUyot4d=w800-h500-k-no,https://lh3.googleusercontent.com/p/AF1QipPtMpXgOJU9x8KmkqPKRaZRZUEsHJScaJUyot4d=w1600-h1000-k-no,,"{""Sunday"": ""Closed"", ""Monday"": ""9AM-5PM"", ""Tuesday"": ""9AM-5PM"", ""Wednesday"": ""9AM-5PM"", ""Thursday"": ""9AM-5PM"", ""Friday"": ""9AM-5PM"", ""Saturday"": ""Closed""}","Sunday,|Monday,9AM,5PM|Tuesday,9AM,5PM|Wednesday,9AM,5PM|Thursday,9AM,5PM|Friday,9AM,5PM|Saturday,",Sunday:Closed|Monday:9AM-5PM|Tuesday:9AM-5PM|Wednesday:9AM-5PM|Thursday:9AM-5PM|Friday:9AM-5PM|Saturday:Closed,,,OPERATIONAL,"{""Service options"": {""Online estimates"": true, ""Onsite services"": true}}",,,,https://lh3.googleusercontent.com/-_jiS020dlrA/AAAAAAAAAAI/AAAAAAAAAAA/wkrzixdnpg0/s44-p-k-no-ns-nd/photo.jpg,,,True,100947639646287189083,Burk Construction and Development,https://www.google.com/maps/contrib/100947639646287189083,,https://byburk.com/luxury-homes/,,https://byburk.com/luxury-homes/,"https://www.google.com/maps/place/Burk+Construction+and+Development/@30.004042799999997,-90.1070647,14z/data=!4m8!1m2!2m1!1sBurk+Construction+and+Development!3m4!1s0x8620af0eb6baaaab:0x47e514093f42837c!8m2!3d30.004042799999997!4d-90.1070647","https://www.google.com/maps/place/Burk+Construction+and+Development/@30.004042799999997,-90.1070647,13.99z/data=!4m16!1m7!3m6!1s0x8620af0eb6baaaab:0x47e514093f42837c!2sBurk+Construction+and+Development!8m2!3d30.004042799999997!4d-90.1070647!16s%2Fg%2F11ckvg1dmb!3m7!1s0x8620af0eb6baaaab:0x47e514093f42837c!8m2!3d30.004042799999997!4d-90.1070647!9m1!1b1!16s%2Fg%2F11ckvg1dmb?entry=ttu",ChIJq6q6tg6vIIYRfINCPwkU5Uc,0x8620af0eb6baaaab:0x47e514093f42837c,5180568976308208508,/g/11ggvzmtr6,5180568976308208508,,info@byburk.com,BLACKLISTED,Cannot validate,,,,,,,,,,,,,,,,,,,,,,15044888600,landline,,,,,,,,,,,https://www.facebook.com/burkconstructionanddevelopment,https://www.instagram.com/burkconstructionanddevelopment,https://www.linkedin.com/company/burkconstructionanddevelopment,,,,,,,,,,,,,Homepage - Burk Construction and Development,wordpress,"Custom Homes, Design-Build By Burk Over 352 projects By Burk totaling 0 Dollars Discover the latest news, remain informed on industry updates, and keep up",,True,True
"custom home builder, 70179, New Orleans, LA, US",MKRED Design Build,Mkred Design Build,https://www.mkredbuild.com/,Custom home builder,Custom home builder,Custom home builder,+1 504-453-6550,mobile,"NEW CINGULAR WIRELESS PCS, LLC - GA",,"3180 Chartres St, New Orleans, LA 70117",Bywater,3180 Chartres St,New Orleans,70117,Louisiana,Louisiana,United States of America,US,29.962067299999998,-90.0443883,894446422afffff,America/Chicago,,False,5.0,2.0,https://search.google.com/local/reviews?placeid=ChIJvcpMQ0unIIYRvmFtOe_BRrA&q=*&authuser=0&hl=en&gl=US,,,0.0,0.0,0.0,0.0,2.0,1.0,https://streetviewpixels-pa.googleapis.com/v1/thumbnail?panoid=PY-YI7RI-5mczVzEUDwwpg&cb_client=search.gws-prod.gps&w=800&h=500&yaw=188.70784&pitch=0&thumbfov=100,https://streetviewpixels-pa.googleapis.com/v1/thumbnail?panoid=PY-YI7RI-5mczVzEUDwwpg&cb_client=search.gws-prod.gps&w=1600&h=1000&yaw=188.70784&pitch=0&thumbfov=100,,"{""Sunday"": ""Closed"", ""Monday"": ""8AM-6PM"", ""Tuesday"": ""8:30AM-6PM"", ""Wednesday"": ""8AM-6PM"", ""Thursday"": ""8AM-6PM"", ""Friday"": ""8AM-6PM"", ""Saturday"": ""8AM-7PM""}","Sunday,|Monday,8AM,6PM|Tuesday,8:30AM,6PM|Wednesday,8AM,6PM|Thursday,8AM,6PM|Friday,8AM,6PM|Saturday,8AM,7PM",Sunday:Closed|Monday:8AM-6PM|Tuesday:8:30AM-6PM|Wednesday:8AM-6PM|Thursday:8AM-6PM|Friday:8AM-6PM|Saturday:8AM-7PM,,,OPERATIONAL,{},,,,,,,False,None,MKRED Design Build,,,,,,"https://www.google.com/maps/place/MKRED+Design+Build/@29.962067299999998,-90.0443883,14z/data=!4m8!1m2!2m1!1sMKRED+Design+Build!3m4!1s0x8620a74b434ccabd:0xb046c1ef396d61be!8m2!3d29.962067299999998!4d-90.0443883","https://www.google.com/maps/place/MKRED+Design+Build/@29.962067299999998,-90.0443883,13.99z/data=!4m16!1m7!3m6!1s0x8620a74b434ccabd:0xb046c1ef396d61be!2sMKRED+Design+Build!8m2!3d29.962067299999998!4d-90.0443883!16s%2Fg%2F11ckvg1dmb!3m7!1s0x8620a74b434ccabd:0xb046c1ef396d61be!8m2!3d29.962067299999998!4d-90.0443883!9m1!1b1!16s%2Fg%2F11ckvg1dmb?entry=ttu",ChIJvcpMQ0unIIYRvmFtOe_BRrA,0x8620a74b434ccabd:0xb046c1ef396d61be,12702053032249876926,/g/11fr18gw6l,-5744691041459674690,,info@mkred.com,RECEIVING,SMTP validated,,,,,,info@mkredbuild.com,INVALID,Cannot validate,,,,,,kresmondo@mkredbuild.com,RECEIVING,Verified,,,,,,,,,,,,,,,,,,,http://instagram.com/mk_red_build,,,,,,,,,,,,,,Contact — MK Red,,,,False,False
"custom home builder, 70179, New Orleans, LA, US",Custom House New Orleans,Custom House New Orleans,http://customhouseneworleans.com/,Cabinet maker,Cabinet maker,Cabinet maker,+1 504-483-3773,landline,,,"3305 Lafitte Ave, New Orleans, LA 70119",Bayou St. John,3305 Lafitte Ave,New Orleans,70119,Louisiana,Louisiana,United States of America,US,29.9728128,-90.090199,89444642cdbffff,America/Chicago,,False,5.0,2.0,https://search.google.com/local/reviews?placeid=ChIJUwKml_WlIIYRfiy_w2CJ9L4&q=*&authuser=0&hl=en&gl=US,,,0.0,0.0,0.0,0.0,2.0,1.0,https://streetviewpixels-pa.googleapis.com/v1/thumbnail?panoid=0XO771TQfTBDz91wVOHCgA&cb_client=search.gws-prod.gps&w=800&h=500&yaw=34.43241&pitch=0&thumbfov=100,https://streetviewpixels-pa.googleapis.com/v1/thumbnail?panoid=0XO771TQfTBDz91wVOHCgA&cb_client=search.gws-prod.gps&w=1600&h=1000&yaw=34.43241&pitch=0&thumbfov=100,,,,,,,OPERATIONAL,"{""Payments"": {""Debit cards"": true, ""Credit cards"": true}}",,,,,,,False,None,Custom House New Orleans,,,,,,"https://www.google.com/maps/place/Custom+House+New+Orleans/@29.9728128,-90.090199,14z/data=!4m8!1m2!2m1!1sCustom+House+New+Orleans!3m4!1s0x8620a5f597a60253:0xbef48960c3bf2c7e!8m2!3d29.9728128!4d-90.090199","https://www.google.com/maps/place/Custom+House+New+Orleans/@29.9728128,-90.090199,13.99z/data=!4m16!1m7!3m6!1s0x8620a5f597a60253:0xbef48960c3bf2c7e!2sCustom+House+New+Orleans!8m2!3d29.9728128!4d-90.090199!16s%2Fg%2F11ckvg1dmb!3m7!1s0x8620a5f597a60253:0xbef48960c3bf2c7e!8m2!3d29.9728128!4d-90.090199!9m1!1b1!16s%2Fg%2F11ckvg1dmb?entry=ttu",ChIJUwKml_WlIIYRfiy_w2CJ9L4,0x8620a5f597a60253:0xbef48960c3bf2c7e,13759773810217659518,/g/1tjt28z4,-4686970263491892098,,info@customhouseneworleans.com,UNKNOWN,Cannot validate,,,,,,,,,,,,,,,,,,,,,,,,,,,,,,,,,,,,,,,,,,,,,,,,,Custom House New Orleans,WordPress 5.7.6,"Your full service design and build, taking you from idea to reality. Classic renovations to unique eclectic masterpieces and everything in-between.",,,
"custom home builder, 70179, New Orleans, LA, US","Guidry Custom Homes, Inc.",Guidry Custom Homes,http://www.guidrycustomhomes.com/,"Custom home builder, Home builder, Homeowners' association, Real estate developer",Custom home builder,Custom home builder,+1 504-218-5455,landline,,,"308 Rio Vista Ave, New Orleans, LA 70121",None,308 Rio Vista Ave,New Orleans,70121,Louisiana,Louisiana,United States of America,US,29.963611399999998,-90.1490809,8944465518fffff,America/Chicago,,False,3.0,2.0,https://search.google.com/local/reviews?placeid=ChIJeZFqt1KlIIYRsthPvmWl6ao&q=*&authuser=0&hl=en&gl=US,,,1.0,0.0,0.0,0.0,1.0,1.0,https://streetviewpixels-pa.googleapis.com/v1/thumbnail?panoid=UhPyF6yHKAGAp8kuN2ntcw&cb_client=search.gws-prod.gps&w=800&h=500&yaw=258.00833&pitch=0&thumbfov=100,https://streetviewpixels-pa.googleapis.com/v1/thumbnail?panoid=UhPyF6yHKAGAp8kuN2ntcw&cb_client=search.gws-prod.gps&w=1600&h=1000&yaw=258.00833&pitch=0&thumbfov=100,,,,,,,OPERATIONAL,{},,,,,,,False,None,"Guidry Custom Homes, Inc.",,,,,,"https://www.google.com/maps/place/Guidry+Custom+Homes%2C+Inc./@29.963611399999998,-90.1490809,14z/data=!4m8!1m2!2m1!1sGuidry+Custom+Homes%2C+Inc.!3m4!1s0x8620a552b76a9179:0xaae9a565be4fd8b2!8m2!3d29.963611399999998!4d-90.1490809","https://www.google.com/maps/place/Guidry+Custom+Homes%2C+Inc./@29.963611399999998,-90.1490809,13.99z/data=!4m16!1m7!3m6!1s0x8620a552b76a9179:0xaae9a565be4fd8b2!2sGuidry+Custom+Homes%2C+Inc.!8m2!3d29.963611399999998!4d-90.1490809!16s%2Fg%2F11ckvg1dmb!3m7!1s0x8620a552b76a9179:0xaae9a565be4fd8b2!8m2!3d29.963611399999998!4d-90.1490809!9m1!1b1!16s%2Fg%2F11ckvg1dmb?entry=ttu",ChIJeZFqt1KlIIYRsthPvmWl6ao,0x8620a552b76a9179:0xaae9a565be4fd8b2,12315556512424515762,/g/1tzlz9tq,-6131187561285035854,,info@guidrycustomhomes.com,UNKNOWN,Cannot validate,,,,,,joe@guidrycustomhomes.com,UNKNOWN,Cannot validate,,,,,,stephen@guidrycustomhomes.com,UNKNOWN,Cannot validate,,,,,,5042293350,mobile,T-Mobile USA Inc.,,5042185455,landline,,,,,,,https://www.facebook.com/GuidryCustomHomes/,,,,,,,,,,,,,,,About Us,,,,False,False
"custom home builder, 70179, New Orleans, LA, US",Creative Builders,Creative Builders,http://www.creativebuildersofla.com/contact.php,Contractor,Contractor,Contractor,+1 504-952-7919,mobile,"NEW CINGULAR WIRELESS PCS, LLC - GA",,"141 Allen Toussaint Blvd #1104, New Orleans, LA 70124",Lake Shore - Lake Vista,141 Allen Toussaint Blvd #1104,New Orleans,70124,Louisiana,Louisiana,United States of America,US,30.0202417,-90.1113977,89444642903ffff,America/Chicago,,False,5.0,2.0,https://search.google.com/local/reviews?placeid=ChIJAZdhHQCvIIYRQm4E3t1Gr-w&q=*&authuser=0&hl=en&gl=US,,,0.0,0.0,0.0,0.0,2.0,3.0,https://lh3.googleusercontent.com/gps-cs-s/AG0ilSyKha28bT-m6zN2AnA3dTuwt_PHOKTuzp_p5HycGXd_bpifSBU2IHnVW3_RE2oUky2I6INfMvuq1Uz2f-7hErYZ3qtDa3no6kGV_oSwVjih-AMrVPRqQyv_jJCAmEW_9HEB_JJKcA=w800-h500-k-no,https://lh3.googleusercontent.com/gps-cs-s/AG0ilSyKha28bT-m6zN2AnA3dTuwt_PHOKTuzp_p5HycGXd_bpifSBU2IHnVW3_RE2oUky2I6INfMvuq1Uz2f-7hErYZ3qtDa3no6kGV_oSwVjih-AMrVPRqQyv_jJCAmEW_9HEB_JJKcA=w1600-h1000-k-no,,,,,,,OPERATIONAL,{},,,,,,,False,None,Creative Builders,,,,,,"https://www.google.com/maps/place/Creative+Builders/@30.0202417,-90.1113977,14z/data=!4m8!1m2!2m1!1sCreative+Builders!3m4!1s0x8620af001d619701:0xecaf46ddde046e42!8m2!3d30.0202417!4d-90.1113977","https://www.google.com/maps/place/Creative+Builders/@30.0202417,-90.1113977,13.99z/data=!4m16!1m7!3m6!1s0x8620af001d619701:0xecaf46ddde046e42!2sCreative+Builders!8m2!3d30.0202417!4d-90.1113977!16s%2Fg%2F11ckvg1dmb!3m7!1s0x8620af001d619701:0xecaf46ddde046e42!8m2!3d30.0202417!4d-90.1113977!9m1!1b1!16s%2Fg%2F11ckvg1dmb?entry=ttu",ChIJAZdhHQCvIIYRQm4E3t1Gr-w,0x8620af001d619701:0xecaf46ddde046e42,17054928232601906754,/g/11fx7vqrw4,-1391815841107644862,,wecare@creativebuildersofla.com,RECEIVING,SMTP validated,,,,,,,,,,,,,,,,,,,,,,5049527919,mobile,"NEW CINGULAR WIRELESS PCS, LLC - GA",,,,,,,,,,,,,,,,,,,,,,,,,Creative Builders - Welcome Home,,,,,
"custom home builder, 70179, New Orleans, LA, US",Demoran Custom Homes,Demoran Custom Homes,https://demorancustomhomes.com/,Construction company,Construction company,Construction company,+1 504-810-5346,mobile,"NEW CINGULAR WIRELESS PCS, LLC - GA",,"3701 Tchoupitoulas St #A, New Orleans, LA 70115",Faubourg Delachaise,3701 Tchoupitoulas St #A,New Orleans,70115,Louisiana,Louisiana,United States of America,US,29.9181633,-90.0925415,89444650b8fffff,America/Chicago,,False,,,,,,,,,,,1.0,https://streetviewpixels-pa.googleapis.com/v1/thumbnail?panoid=D8g1IaB4h3qNGZXRpKlIXg&cb_client=search.gws-prod.gps&w=800&h=500&yaw=271.55612&pitch=0&thumbfov=100,https://streetviewpixels-pa.googleapis.com/v1/thumbnail?panoid=D8g1IaB4h3qNGZXRpKlIXg&cb_client=search.gws-prod.gps&w=1600&h=1000&yaw=271.55612&pitch=0&thumbfov=100,,"{""Sunday"": ""Closed"", ""Monday"": ""7:30AM-3PM"", ""Tuesday"": ""7:30AM-3PM"", ""Wednesday"": ""7:30AM-3PM"", ""Thursday"": ""7:30AM-3PM"", ""Friday"": ""7:30AM-3:30PM"", ""Saturday"": ""Closed""}","Sunday,|Monday,7:30AM,3PM|Tuesday,7:30AM,3PM|Wednesday,7:30AM,3PM|Thursday,7:30AM,3PM|Friday,7:30AM,3:30PM|Saturday,",Sunday:Closed|Monday:7:30AM-3PM|Tuesday:7:30AM-3PM|Wednesday:7:30AM-3PM|Thursday:7:30AM-3PM|Friday:7:30AM-3:30PM|Saturday:Closed,,,OPERATIONAL,{},,,,,,,False,None,Demoran Custom Homes,,,,,,"https://www.google.com/maps/place/Demoran+Custom+Homes/@29.9181633,-90.0925415,14z/data=!4m8!1m2!2m1!1sDemoran+Custom+Homes!3m4!1s0x8620a53eba0d4069:0xbe7488a668c4e7e6!8m2!3d29.9181633!4d-90.0925415","https://www.google.com/maps/place/Demoran+Custom+Homes/@29.9181633,-90.0925415,13.99z/data=!4m16!1m7!3m6!1s0x8620a53eba0d4069:0xbe7488a668c4e7e6!2sDemoran+Custom+Homes!8m2!3d29.9181633!4d-90.0925415!16s%2Fg%2F11ckvg1dmb!3m7!1s0x8620a53eba0d4069:0xbe7488a668c4e7e6!8m2!3d29.9181633!4d-90.0925415!9m1!1b1!16s%2Fg%2F11ckvg1dmb?entry=ttu",ChIJaUANuj6lIIYR5ufEaKaIdL4,0x8620a53eba0d4069:0xbe7488a668c4e7e6,13723744212808427494,/g/11h4kp7hqk,None,,mikedemoran@gmail.com,RECEIVING,SMTP validated,,,,,,,,,,,,,,,,,,,,,,19857887857,mobile,CELLCO PARTNERSHIP DBA VERIZON WIRELESS - LA,,,,,,,,,,https://www.facebook.com/DemoranCustomHomes/,,https://www.linkedin.com/company/demoran-custom-homes,,,,,,,,,,,,,Home - Demoran Custom Homes,"Powered by Slider Revolution 6.2.22 - responsive, Mobile-Friendly Slider Plugin for WordPress with comfortable drag and drop interface.",,,,
"custom home builder, 70179, New Orleans, LA, US",Canaan Development House Raising & Construction,Canaan Development House Raising And Construction,http://www.houseraisingneworleans.com/,"Construction company, Service establishment, Foundation",Construction company,Construction company,+1 504-298-9855,landline,,,,,,,,,,,,30.937373599999997,-91.40087,8944400c20fffff,America/Chicago,,True,5.0,23.0,https://search.google.com/local/reviews?placeid=ChIJh40qDAJ-vgQRH_g1Ab0MRpw&q=*&authuser=0&hl=en&gl=US,,,0.0,0.0,0.0,0.0,23.0,31.0,https://lh3.googleusercontent.com/p/AF1QipPsZPSB7DWyipleC9AuNtGkfD0x2hYFZF7n3cjn=w800-h500-k-no,https://lh3.googleusercontent.com/p/AF1QipPsZPSB7DWyipleC9AuNtGkfD0x2hYFZF7n3cjn=w1600-h1000-k-no,,"{""Sunday"": ""Closed"", ""Monday"": ""8AM-5PM"", ""Tuesday"": ""8AM-5PM"", ""Wednesday"": ""8AM-5PM"", ""Thursday"": ""8AM-5PM"", ""Friday"": ""8AM-5PM"", ""Saturday"": ""8AM-5PM""}","Sunday,|Monday,8AM,5PM|Tuesday,8AM,5PM|Wednesday,8AM,5PM|Thursday,8AM,5PM|Friday,8AM,5PM|Saturday,8AM,5PM",Sunday:Closed|Monday:8AM-5PM|Tuesday:8AM-5PM|Wednesday:8AM-5PM|Thursday:8AM-5PM|Friday:8AM-5PM|Saturday:8AM-5PM,,,OPERATIONAL,"{""Service options"": {""Online estimates"": false}}",,,,https://lh4.googleusercontent.com/-DBQN5mWrrEA/AAAAAAAAAAI/AAAAAAAAAAA/fWXeezif3qg/s44-p-k-no-ns-nd/photo.jpg,,,True,106341712315270172150,Canaan Development House Raising & Construction,https://www.google.com/maps/contrib/106341712315270172150,,https://houseraisingneworleans.com/contact-us/,,https://houseraisingneworleans.com/contact-us/,"https://www.google.com/maps/place/Canaan+Development+House+Raising+%26+Construction/@30.937373599999997,-91.40087,14z/data=!4m8!1m2!2m1!1sCanaan+Development+House+Raising+%26+Construction!3m4!1s0x4be7e020c2a8d87:0x9c460cbd0135f81f!8m2!3d30.937373599999997!4d-91.40087","https://www.google.com/maps/place/Canaan+Development+House+Raising+%26+Construction/@30.937373599999997,-91.40087,13.99z/data=!4m16!1m7!3m6!1s0x4be7e020c2a8d87:0x9c460cbd0135f81f!2sCanaan+Development+House+Raising+%26+Construction!8m2!3d30.937373599999997!4d-91.40087!16s%2Fg%2F11ckvg1dmb!3m7!1s0x4be7e020c2a8d87:0x9c460cbd0135f81f!8m2!3d30.937373599999997!4d-91.40087!9m1!1b1!16s%2Fg%2F11ckvg1dmb?entry=ttu",ChIJh40qDAJ-vgQRH_g1Ab0MRpw,0x4be7e020c2a8d87:0x9c460cbd0135f81f,11260701924195170335,/g/11y7b40kz_,-7186042149514381281,,,,,,,,,,,,,,,,,,,,,,,,,,5042989855,landline,,,,,,,,,,,,,,,,,,,,,,,,,,Canaan Development House Raising & Construction | About us,Site Kit by Google 1.166.0,"Discover Canaan Development house raising & construction services. We protect New Orleans homes, enhancing safety, value, & flood resilience",,False,True
"custom home builder, 70179, New Orleans, LA, US",Zora Builders,Zora Builders,http://www.zorabnb.com/,"Home builder, Service establishment",Home builder,Home builder,+1 281-804-8821,mobile,T-Mobile USA Inc.,,,,,,,,,,,30.0326605,-89.88256349999999,8944464a367ffff,America/Chicago,,True,,,,,,,,,,,,,,,,,,,,OPERATIONAL,{},,,,https://lh3.googleusercontent.com/-timkqQgOOrU/AAAAAAAAAAI/AAAAAAAAAAA/h46K9q2wtqo/s44-p-k-no-ns-nd/photo.jpg,,,True,108451748117594873650,Zora Builders,https://www.google.com/maps/contrib/108451748117594873650,,,,,"https://www.google.com/maps/place/Zora+Builders/@30.0326605,-89.88256349999999,14z/data=!4m8!1m2!2m1!1sZora+Builders!3m4!1s0x592b1cd2989c095:0x76023f809c3ec4d2!8m2!3d30.0326605!4d-89.88256349999999","https://www.google.com/maps/place/Zora+Builders/@30.0326605,-89.88256349999999,13.99z/data=!4m16!1m7!3m6!1s0x592b1cd2989c095:0x76023f809c3ec4d2!2sZora+Builders!8m2!3d30.0326605!4d-89.88256349999999!16s%2Fg%2F11ckvg1dmb!3m7!1s0x592b1cd2989c095:0x76023f809c3ec4d2!8m2!3d30.0326605!4d-89.88256349999999!9m1!1b1!16s%2Fg%2F11ckvg1dmb?entry=ttu",ChIJlcCJKc2xkgUR0sQ-nIA_AnY,0x592b1cd2989c095:0x76023f809c3ec4d2,8503428868038640850,/g/11styr_ly3,None,,gabe@zorabnb.com,INVALID,Cannot validate,,,,,,,,,,,,,,,,,,,,,,,,,,,,,,,,,,,,,,,,,,,,,,,,,HOME | Mysite,Wix.com Website Builder,,,False,False
"custom home builder, 70179, New Orleans, LA, US",JLV Construction,Jlv Construction,https://www.jlv-construction.com/,"Custom home builder, Construction company, General contractor, Home builder",General contractor,Custom home builder,+1 504-533-9932,landline,,,"3400 Washington Ave, New Orleans, LA 70125",11th Ward,3400 Washington Ave,New Orleans,70125,Louisiana,Louisiana,United States of America,US,29.9457506,-90.0972001,8944465566bffff,America/Chicago,,False,4.9,43.0,https://search.google.com/local/reviews?placeid=ChIJOwOd3EulIIYRpraCEyjC-v4&q=*&authuser=0&hl=en&gl=US,,,1.0,0.0,0.0,2.0,40.0,29.0,https://lh3.googleusercontent.com/gps-cs-s/AG0ilSw0YQqNuta9Rf6uxoE3kt3nuwn33gJUVIQ4zHIfsgMKUJym_nrjYM-x4irZzwRxZ5Bt04bAZ2MRMz9ZNOIyM4xcSOYlMgUuF9K0SMggCC-XLyhcEHU_KNIAhLBPs96wdM9fKKxpAFhLnAuc=w800-h500-k-no,https://lh3.googleusercontent.com/gps-cs-s/AG0ilSw0YQqNuta9Rf6uxoE3kt3nuwn33gJUVIQ4zHIfsgMKUJym_nrjYM-x4irZzwRxZ5Bt04bAZ2MRMz9ZNOIyM4xcSOYlMgUuF9K0SMggCC-XLyhcEHU_KNIAhLBPs96wdM9fKKxpAFhLnAuc=w1600-h1000-k-no,,"{""Sunday"": ""Closed"", ""Monday"": ""8AM-5PM"", ""Tuesday"": ""8AM-5PM"", ""Wednesday"": ""8AM-5PM"", ""Thursday"": ""8AM-5PM"", ""Friday"": ""8AM-5PM"", ""Saturday"": ""Closed""}","Sunday,|Monday,8AM,5PM|Tuesday,8AM,5PM|Wednesday,8AM,5PM|Thursday,8AM,5PM|Friday,8AM,5PM|Saturday,",Sunday:Closed|Monday:8AM-5PM|Tuesday:8AM-5PM|Wednesday:8AM-5PM|Thursday:8AM-5PM|Friday:8AM-5PM|Saturday:Closed,,,OPERATIONAL,"{""From the business"": {""Identifies as Latino-owned"": true}, ""Service options"": {""Onsite services"": true, ""Online estimates"": false}, ""Accessibility"": {""Wheelchair accessible parking lot"": true, ""Wheelchair accessible seating"": true}, ""Amenities"": {""Gender-neutral restroom"": true}, ""Crowd"": {""LGBTQ+ friendly"": true, ""Transgender safespace"": true}, ""Other"": {""LGBTQ+ friendly"": true, ""Identifies as Latino-owned"": true}}",,,,https://lh3.googleusercontent.com/--g8A20n1e0M/AAAAAAAAAAI/AAAAAAAAAAA/V1Tzr3NY8bs/s44-p-k-no-ns-nd/photo.jpg,,,True,105253418955288600459,JLV Construction,https://www.google.com/maps/contrib/105253418955288600459,,https://jlv-construction.com/contact/,,https://jlv-construction.com/contact/,"https://www.google.com/maps/place/JLV+Construction/@29.9457506,-90.0972001,14z/data=!4m8!1m2!2m1!1sJLV+Construction!3m4!1s0x8620a54bdc9d033b:0xfefac2281382b6a6!8m2!3d29.9457506!4d-90.0972001","https://www.google.com/maps/place/JLV+Construction/@29.9457506,-90.0972001,13.99z/data=!4m16!1m7!3m6!1s0x8620a54bdc9d033b:0xfefac2281382b6a6!2sJLV+Construction!8m2!3d29.9457506!4d-90.0972001!16s%2Fg%2F11ckvg1dmb!3m7!1s0x8620a54bdc9d033b:0xfefac2281382b6a6!8m2!3d29.9457506!4d-90.0972001!9m1!1b1!16s%2Fg%2F11ckvg1dmb?entry=ttu",ChIJOwOd3EulIIYRpraCEyjC-v4,0x8620a54bdc9d033b:0xfefac2281382b6a6,18373211107193173670,/g/11fk3xsqwh,-73532966516377946,,info@jlv-construction.com,RECEIVING,SMTP validated,,,,,,sales@jlv-construction.com,RECEIVING,Catch All,,,,,,,,,,,,,,5045339932,landline,,,,,,,,,,,https://www.facebook.com/JLV-Construction-2415615471835321/,https://www.instagram.com/jlvconstructionllc,,,,,,,,,https://twitter.com/JLVLLC,,,,,About - JLV Construction,Divi v.4.27.4,"Helping New Orleans create, renovate, and reconstruct a beautiful and historic community since 2010.",,False,False
"custom home builder, 70179, New Orleans, LA, US",Modern Construction Nola LLC,Modern Construction Nola,http://modernconstructionnola.com/,"Home builder, Concrete contractor, Construction company, Service establishment, Flooring contractor, General contractor, Contractor, Roofing contractor, Siding contractor",Contractor,Home builder,+1 504-782-7372,mobile,T-Mobile USA Inc.,,,,,,,,,,,30.1803955,-90.42997849999999,8944460c24fffff,America/Chicago,,True,5.0,48.0,https://search.google.com/local/reviews?placeid=ChIJi_Hd6yDnnYgRz6A6BDx43mE&q=*&authuser=0&hl=en&gl=US,,,0.0,0.0,0.0,0.0,48.0,20.0,https://lh3.googleusercontent.com/gps-cs-s/AG0ilSybgHgCkdCcBDH3rp9Jitf5ZXhMO5r_c0MvPYc-nqLN1ug4J85eWNYN3ECOv8YRuka6mtHJe1c1zp4M_k_Oxbhz-yZc-gk2-4wOX2Vxrvf7IQw6_qoyfAMGqVLWJrvDo7E0mhGWlyMCE5Y=w800-h500-k-no,https://lh3.googleusercontent.com/gps-cs-s/AG0ilSybgHgCkdCcBDH3rp9Jitf5ZXhMO5r_c0MvPYc-nqLN1ug4J85eWNYN3ECOv8YRuka6mtHJe1c1zp4M_k_Oxbhz-yZc-gk2-4wOX2Vxrvf7IQw6_qoyfAMGqVLWJrvDo7E0mhGWlyMCE5Y=w1600-h1000-k-no,,"{""Sunday"": ""Closed"", ""Monday"": ""9AM-5PM"", ""Tuesday"": ""9AM-5PM"", ""Wednesday"": ""9AM-5PM"", ""Thursday"": ""9AM-5PM"", ""Friday"": ""9AM-5PM"", ""Saturday"": ""Closed""}","Sunday,|Monday,9AM,5PM|Tuesday,9AM,5PM|Wednesday,9AM,5PM|Thursday,9AM,5PM|Friday,9AM,5PM|Saturday,",Sunday:Closed|Monday:9AM-5PM|Tuesday:9AM-5PM|Wednesday:9AM-5PM|Thursday:9AM-5PM|Friday:9AM-5PM|Saturday:Closed,,,OPERATIONAL,"{""Service options"": {""Online estimates"": true}}",,,,https://lh3.googleusercontent.com/-AnyE-Dp5_Lg/AAAAAAAAAAI/AAAAAAAAAAA/DjL_chAwuoQ/s44-p-k-no-ns-nd/photo.jpg,,,True,117977085696965709198,Modern Construction Nola LLC,https://www.google.com/maps/contrib/117977085696965709198,,,,,"https://www.google.com/maps/place/Modern+Construction+Nola+LLC/@30.1803955,-90.42997849999999,14z/data=!4m8!1m2!2m1!1sModern+Construction+Nola+LLC!3m4!1s0x889de720ebddf18b:0x61de783c043aa0cf!8m2!3d30.1803955!4d-90.42997849999999","https://www.google.com/maps/place/Modern+Construction+Nola+LLC/@30.1803955,-90.42997849999999,13.99z/data=!4m16!1m7!3m6!1s0x889de720ebddf18b:0x61de783c043aa0cf!2sModern+Construction+Nola+LLC!8m2!3d30.1803955!4d-90.42997849999999!16s%2Fg%2F11ckvg1dmb!3m7!1s0x889de720ebddf18b:0x61de783c043aa0cf!8m2!3d30.1803955!4d-90.42997849999999!9m1!1b1!16s%2Fg%2F11ckvg1dmb?entry=ttu",ChIJi_Hd6yDnnYgRz6A6BDx43mE,0x889de720ebddf18b:0x61de783c043aa0cf,7052206265673097423,/g/11y2ccf5dm,7052206265673097423,,modernconstructionnola@gmail.com,RECEIVING,SMTP validated,,,,,,,,,,,,,,,,,,,,,,5047827372,mobile,T-Mobile USA Inc.,,,,,,,,,,,,,,,,,,,,,,,,,Contact Construction Experts - Modern Construction Nola LLC,Wix.com Website Builder,"Contact Modern Construction Nola LLC in Slidell, LA for expert residential construction services. We're ready to transform your space. Get in touch today!",,False,False
"custom home builder, 70179, New Orleans, LA, US",Shuler Construction LLC,Shuler Construction,https://shulerconstructionllc.com/,"Home builder, General contractor, Remodeler",Home builder,Home builder,+1 504-234-9705,mobile,"NEW CINGULAR WIRELESS PCS, LLC - GA",,"719 Aurora Ave, Metairie, LA 70005",Bonnabel Place,719 Aurora Ave,Metairie,70005,Louisiana,Louisiana,United States of America,US,30.000794799999998,-90.1397817,89444655e67ffff,America/Chicago,,False,5.0,3.0,,,,0.0,0.0,0.0,0.0,3.0,,,,,"{""Sunday"": ""Closed"", ""Monday"": ""7AM-4PM"", ""Tuesday"": ""7AM-4PM"", ""Wednesday"": ""7AM-4PM"", ""Thursday"": ""7AM-4PM"", ""Friday"": ""7AM-4PM"", ""Saturday"": ""Closed""}","Sunday,|Monday,7AM,4PM|Tuesday,7AM,4PM|Wednesday,7AM,4PM|Thursday,7AM,4PM|Friday,7AM,4PM|Saturday,",Sunday:Closed|Monday:7AM-4PM|Tuesday:7AM-4PM|Wednesday:7AM-4PM|Thursday:7AM-4PM|Friday:7AM-4PM|Saturday:Closed,,,OPERATIONAL,{},,,,https://lh3.googleusercontent.com/-r_i5zF8HGug/AAAAAAAAAAI/AAAAAAAAAAA/uFSoSRDSirI/s44-p-k-no-ns-nd/photo.jpg,,,True,100787570868610826039,Shuler Construction LLC,https://www.google.com/maps/contrib/100787570868610826039,,,,,"https://www.google.com/maps/place/Shuler+Construction+LLC/@30.000794799999998,-90.1397817,14z/data=!4m8!1m2!2m1!1sShuler+Construction+LLC!3m4!1s0x8620afe55f8ab191:0x16b9d7bd0a855b8d!8m2!3d30.000794799999998!4d-90.1397817","https://www.google.com/maps/place/Shuler+Construction+LLC/@30.000794799999998,-90.1397817,13.99z/data=!4m16!1m7!3m6!1s0x8620afe55f8ab191:0x16b9d7bd0a855b8d!2sShuler+Construction+LLC!8m2!3d30.000794799999998!4d-90.1397817!16s%2Fg%2F11ckvg1dmb!3m7!1s0x8620afe55f8ab191:0x16b9d7bd0a855b8d!8m2!3d30.000794799999998!4d-90.1397817!9m1!1b1!16s%2Fg%2F11ckvg1dmb?entry=ttu",ChIJkbGKX-WvIIYRjVuFCr3XuRY,0x8620afe55f8ab191:0x16b9d7bd0a855b8d,1637577146451188621,/g/11bbrj3g9v,None,,shulerconstruction@gmail.com,RECEIVING,SMTP validated,,,,,,,,,,,,,,,,,,,,,,5049411370,mobile,,,15042349705,mobile,"NEW CINGULAR WIRELESS PCS, LLC - GA",,,,,,,https://www.instagram.com/shulerconstruction,https://www.linkedin.com/company/schuler-construction,,,,,,,,https://twitter.com/intent/,,,,,Careers – Shuler Construction,Site Kit by Google 1.165.0,,,False,False
"custom home builder, 70179, New Orleans, LA, US","J Way Homes, LLC",J Way Homes,https://jwayhomes.com/,General contractor,General contractor,General contractor,+1 504-481-8837,mobile,"NEW CINGULAR WIRELESS PCS, LLC - GA",,"2540 Elysian Fields Ave, New Orleans, LA 70117",Seventh Ward,2540 Elysian Fields Ave,New Orleans,70117,Louisiana,Louisiana,United States of America,US,29.983593,-90.05849289999999,89444642323ffff,America/Chicago,,False,,,,,,,,,,,2.0,https://streetviewpixels-pa.googleapis.com/v1/thumbnail?panoid=athAiezp2MhIHU14sQ80Sw&cb_client=search.gws-prod.gps&w=800&h=500&yaw=252.08638&pitch=0&thumbfov=100,https://lh3.googleusercontent.com/p/AF1QipOrG4iYl-gkADTs6bfG8M3Qb3E0Of38wCwZSeI_=w1600-h1000-k-no,,"{""Sunday"": ""Open 24 hours"", ""Monday"": ""Open 24 hours"", ""Tuesday"": ""Open 24 hours"", ""Wednesday"": ""Open 24 hours"", ""Thursday"": ""Open 24 hours"", ""Friday"": ""Open 24 hours"", ""Saturday"": ""Open 24 hours""}","Sunday,Open 24 hours|Monday,Open 24 hours|Tuesday,Open 24 hours|Wednesday,Open 24 hours|Thursday,Open 24 hours|Friday,Open 24 hours|Saturday,Open 24 hours",Sunday:Open 24 hours|Monday:Open 24 hours|Tuesday:Open 24 hours|Wednesday:Open 24 hours|Thursday:Open 24 hours|Friday:Open 24 hours|Saturday:Open 24 hours,,,OPERATIONAL,{},,,,https://lh4.googleusercontent.com/-M38431CMcbw/AAAAAAAAAAI/AAAAAAAAAAA/6EGzHqs3Okg/s44-p-k-no-ns-nd/photo.jpg,,,True,105879461589094948003,"J Way Homes, LLC",https://www.google.com/maps/contrib/105879461589094948003,,,,,"https://www.google.com/maps/place/J+Way+Homes%2C+LLC/@29.983593,-90.05849289999999,14z/data=!4m8!1m2!2m1!1sJ+Way+Homes%2C+LLC!3m4!1s0x8620a9f5cb0668ab:0x463707585b6f221b!8m2!3d29.983593!4d-90.05849289999999","https://www.google.com/maps/place/J+Way+Homes%2C+LLC/@29.983593,-90.05849289999999,13.99z/data=!4m16!1m7!3m6!1s0x8620a9f5cb0668ab:0x463707585b6f221b!2sJ+Way+Homes%2C+LLC!8m2!3d29.983593!4d-90.05849289999999!16s%2Fg%2F11ckvg1dmb!3m7!1s0x8620a9f5cb0668ab:0x463707585b6f221b!8m2!3d29.983593!4d-90.05849289999999!9m1!1b1!16s%2Fg%2F11ckvg1dmb?entry=ttu",ChIJq2gGy_WpIIYRGyJvW1gHN0Y,0x8620a9f5cb0668ab:0x463707585b6f221b,5059520782446567963,/g/11vs51pv2g,None,,jerome.steib@outlook.com,RECEIVING,SMTP validated,,,,,,john@smith.com,BLACKLISTED,Complainer,,,,,,,,,,,,,,5044954308,mobile,"NEW CINGULAR WIRELESS PCS, LLC - GA",,5044818837,mobile,"NEW CINGULAR WIRELESS PCS, LLC - GA",,,,,,,https://www.instagram.com/jwayhomesllc,,,,,,,,,,,,,,J Way Homes - Professional Construction & Renovation Services,Wix.com Website Builder,"J Way Homes offers expert construction and renovation services including kitchen remodeling, bathroom renovations, roofing, and home additions. Licensed, insured, and serving the greater metropolitan area for 15+ years.",,False,False
"custom home builder, 70179, New Orleans, LA, US",D.I.A. Custom Builders LLC,D I A Custom Builders,https://diacustombuilders.com/,"General contractor, Service establishment",General contractor,General contractor,+1 504-247-4161,mobile,CELLCO PARTNERSHIP DBA VERIZON,,,,,,,,,,,30.1803772,-89.9985198,8944464c14fffff,America/Chicago,,True,5.0,35.0,https://search.google.com/local/reviews?placeid=ChIJAVcpFKqvIIYR2-GbALx5oXU&q=*&authuser=0&hl=en&gl=US,,,0.0,0.0,0.0,0.0,35.0,75.0,https://lh3.googleusercontent.com/p/AF1QipPyfhWOhQppFjwal0j6nMEghHPDielRTS03Q4g=w800-h500-k-no,https://lh3.googleusercontent.com/p/AF1QipPyfhWOhQppFjwal0j6nMEghHPDielRTS03Q4g=w1600-h1000-k-no,,"{""Sunday"": ""Closed"", ""Monday"": ""8AM-5PM"", ""Tuesday"": ""8AM-5PM"", ""Wednesday"": ""8AM-5PM"", ""Thursday"": ""8AM-5PM"", ""Friday"": ""8AM-5PM"", ""Saturday"": ""Closed""}","Sunday,|Monday,8AM,5PM|Tuesday,8AM,5PM|Wednesday,8AM,5PM|Thursday,8AM,5PM|Friday,8AM,5PM|Saturday,",Sunday:Closed|Monday:8AM-5PM|Tuesday:8AM-5PM|Wednesday:8AM-5PM|Thursday:8AM-5PM|Friday:8AM-5PM|Saturday:Closed,,,OPERATIONAL,{},,,,https://lh3.googleusercontent.com/-M2w6RDMkfbo/AAAAAAAAAAI/AAAAAAAAAAA/cG5ssNZwjA4/s44-p-k-no-ns-nd/photo.jpg,,,True,101884175971635574621,D.I.A. Custom Builders LLC,https://www.google.com/maps/contrib/101884175971635574621,,,,,"https://www.google.com/maps/place/D.I.A.+Custom+Builders+LLC/@30.1803772,-89.9985198,14z/data=!4m8!1m2!2m1!1sD.I.A.+Custom+Builders+LLC!3m4!1s0x8620afaa14295701:0x75a179bc009be1db!8m2!3d30.1803772!4d-89.9985198","https://www.google.com/maps/place/D.I.A.+Custom+Builders+LLC/@30.1803772,-89.9985198,13.99z/data=!4m16!1m7!3m6!1s0x8620afaa14295701:0x75a179bc009be1db!2sD.I.A.+Custom+Builders+LLC!8m2!3d30.1803772!4d-89.9985198!16s%2Fg%2F11ckvg1dmb!3m7!1s0x8620afaa14295701:0x75a179bc009be1db!8m2!3d30.1803772!4d-89.9985198!9m1!1b1!16s%2Fg%2F11ckvg1dmb?entry=ttu",ChIJAVcpFKqvIIYR2-GbALx5oXU,0x8620afaa14295701:0x75a179bc009be1db,8476189822059012571,/g/11h1yx4vkf,8476189822059012571,,diarenovation@gmail.com,RECEIVING,SMTP validated,,,,,,contact@diacustombuilders.com,UNKNOWN,Cannot validate,,,,,,,,,,,,,,1504508881,,,,15042474161,mobile,CELLCO PARTNERSHIP DBA VERIZON,,,,,,https://www.facebook.com/diacustombuilders/,https://www.instagram.com/diacustombuilder,,,,,,,,,https://twitter.com/diacustombuild,,,,,Contact - D.I.A. Custom Builders,WordPress 6.8.2,"Expert commercial property construction, no job too big or small...we do it all! Interior and exterior renovation or build to suit, from the ground up.",,False,False
"custom home builder, 70179, New Orleans, LA, US",Pokorn Construction,Pokorn Construction,http://www.pokornconstruction.com/,Construction company,Construction company,Construction company,+1 504-377-9033,mobile,"VOICESTREAM GSM I, LLC",,"2305 General Pershing St, New Orleans, LA 70115",Milan,2305 General Pershing St,New Orleans,70115,Louisiana,Louisiana,United States of America,US,29.933658899999998,-90.1013255,894446556cfffff,America/Chicago,,False,4.5,54.0,https://search.google.com/local/reviews?placeid=ChIJW653i7GlIIYRMi9MLlFdTvk&q=*&authuser=0&hl=en&gl=US,,,4.0,2.0,2.0,1.0,45.0,64.0,https://lh3.googleusercontent.com/p/AF1QipOs9xZWwlSD9XXFoDRdOf2uLEuQ0xt_-h9tg2Ys=w800-h500-k-no,https://lh3.googleusercontent.com/p/AF1QipOs9xZWwlSD9XXFoDRdOf2uLEuQ0xt_-h9tg2Ys=w1600-h1000-k-no,,"{""Sunday"": ""Closed"", ""Monday"": ""8AM-6PM"", ""Tuesday"": ""8AM-6PM"", ""Wednesday"": ""8AM-6PM"", ""Thursday"": ""8AM-6PM"", ""Friday"": ""8AM-6PM"", ""Saturday"": ""Closed""}","Sunday,|Monday,8AM,6PM|Tuesday,8AM,6PM|Wednesday,8AM,6PM|Thursday,8AM,6PM|Friday,8AM,6PM|Saturday,",Sunday:Closed|Monday:8AM-6PM|Tuesday:8AM-6PM|Wednesday:8AM-6PM|Thursday:8AM-6PM|Friday:8AM-6PM|Saturday:Closed,,,OPERATIONAL,"{""Service options"": {""Online estimates"": true, ""Onsite services"": false, ""Language assistance"": ""American Sign Language, English, French, German""}, ""Accessibility"": {""Wheelchair accessible restroom"": false, ""Wheelchair accessible seating"": false}, ""Crowd"": {""LGBTQ+ friendly"": true}, ""Other"": {""LGBTQ+ friendly"": true}}",,,,https://lh6.googleusercontent.com/-9jLWnnfmBvk/AAAAAAAAAAI/AAAAAAAAAAA/yr1ir8uz0Qo/s44-p-k-no-ns-nd/photo.jpg,,,True,116073739489153021853,Pokorn Construction,https://www.google.com/maps/contrib/116073739489153021853,,,,,"https://www.google.com/maps/place/Pokorn+Construction/@29.933658899999998,-90.1013255,14z/data=!4m8!1m2!2m1!1sPokorn+Construction!3m4!1s0x8620a5b18b77ae5b:0xf94e5d512e4c2f32!8m2!3d29.933658899999998!4d-90.1013255","https://www.google.com/maps/place/Pokorn+Construction/@29.933658899999998,-90.1013255,13.99z/data=!4m16!1m7!3m6!1s0x8620a5b18b77ae5b:0xf94e5d512e4c2f32!2sPokorn+Construction!8m2!3d29.933658899999998!4d-90.1013255!16s%2Fg%2F11ckvg1dmb!3m7!1s0x8620a5b18b77ae5b:0xf94e5d512e4c2f32!8m2!3d29.933658899999998!4d-90.1013255!9m1!1b1!16s%2Fg%2F11ckvg1dmb?entry=ttu",ChIJW653i7GlIIYRMi9MLlFdTvk,0x8620a5b18b77ae5b:0xf94e5d512e4c2f32,17964398566877966130,/g/1hc0x3s6s,-482345506831585486,,cbpokorn@gmail.com,RECEIVING,SMTP validated,,,,,,clarkblake206@gmail.com,INVALID,Invalid SMTP,,,,,,christian@pokornconstruction.com,RECEIVING,SMTP validated,,,,,,,,,,,,,,,,,,https://www.facebook.com/pokornconstruction,,https://www.linkedin.com/company/pokorn-construction,,,,,,,,,,,,,"Pokorn Construction Inc. | Building Better in New Orleans, Baton Rouge and Covington",,"Pokorn Construction Inc. is your expert for residential, commercial and 
hospitality construction in the NOLA area. Less stress, more progress. 
Thorough planning, detail-oriented work, personal service and expertise 
with projects big and small. We offer general contractor services to take 
care of new builds, remodels, renovations & additions, new home 
construction, bars, restaurants, and hotels.",,False,False
"custom home builder, 70179, New Orleans, LA, US",Whitewood Construction LLC,Whitewood Construction,https://teamwhitewood.com/,Construction company,Construction company,Construction company,+1 504-818-8256,landline,,,"101 W Robert E Lee Blvd suite 404, New Orleans, LA 70124",Lake Shore - Lake Vista,101 W Robert E Lee Blvd suite 404,New Orleans,70124,Louisiana,Louisiana,United States of America,US,30.0206087,-90.1140393,89444642917ffff,America/Chicago,,False,5.0,1.0,https://search.google.com/local/reviews?placeid=ChIJC55YivbGUowRv-OGD-DJPN0&q=*&authuser=0&hl=en&gl=US,,,0.0,0.0,0.0,0.0,1.0,13.0,https://lh3.googleusercontent.com/p/AF1QipPLPkC7aDYkvi7L414dKR2iUtBDt9FN7xw5cvA-=w800-h500-k-no,https://lh3.googleusercontent.com/p/AF1QipPLPkC7aDYkvi7L414dKR2iUtBDt9FN7xw5cvA-=w1600-h1000-k-no,,"{""Sunday"": ""Closed"", ""Monday"": ""8AM-5PM"", ""Tuesday"": ""8AM-5PM"", ""Wednesday"": ""8AM-5PM"", ""Thursday"": ""8AM-5PM"", ""Friday"": ""8AM-5PM"", ""Saturday"": ""Closed""}","Sunday,|Monday,8AM,5PM|Tuesday,8AM,5PM|Wednesday,8AM,5PM|Thursday,8AM,5PM|Friday,8AM,5PM|Saturday,",Sunday:Closed|Monday:8AM-5PM|Tuesday:8AM-5PM|Wednesday:8AM-5PM|Thursday:8AM-5PM|Friday:8AM-5PM|Saturday:Closed,,,OPERATIONAL,{},,,,https://lh3.googleusercontent.com/-MqhZ99Wf72A/AAAAAAAAAAI/AAAAAAAAAAA/-PmMcRPR1uA/s44-p-k-no-ns-nd/photo.jpg,,,True,112183700818998489895,Whitewood Construction LLC,https://www.google.com/maps/contrib/112183700818998489895,,,,,"https://www.google.com/maps/place/Whitewood+Construction+LLC/@30.0206087,-90.1140393,14z/data=!4m8!1m2!2m1!1sWhitewood+Construction+LLC!3m4!1s0x8c52c6f68a589e0b:0xdd3cc9e00f86e3bf!8m2!3d30.0206087!4d-90.1140393","https://www.google.com/maps/place/Whitewood+Construction+LLC/@30.0206087,-90.1140393,13.99z/data=!4m16!1m7!3m6!1s0x8c52c6f68a589e0b:0xdd3cc9e00f86e3bf!2sWhitewood+Construction+LLC!8m2!3d30.0206087!4d-90.1140393!16s%2Fg%2F11ckvg1dmb!3m7!1s0x8c52c6f68a589e0b:0xdd3cc9e00f86e3bf!8m2!3d30.0206087!4d-90.1140393!9m1!1b1!16s%2Fg%2F11ckvg1dmb?entry=ttu",ChIJC55YivbGUowRv-OGD-DJPN0,0x8c52c6f68a589e0b:0xdd3cc9e00f86e3bf,15941838745155068863,/g/11r_v3r4dz,-2504905328554482753,,anapbm@gmail.com,RECEIVING,Verified,,,,,,team@latofonts.com,RECEIVING,Catch All,,,,,,whitewood.nola@gmail.com,RECEIVING,Verified,,,,,,5048757734,mobile,"NEW CINGULAR WIRELESS PCS, LLC - GA",,,,,,,,,,https://www.facebook.com/100811655790286,,,,,,,,,,,,,,,Property Search,Starfield Technologies; Go Daddy Website Builder 8.0.0000,,,False,False
"custom home builder, 70179, New Orleans, LA, US",Gooding Homes LLC,Gooding Homes,https://goodinghomesllc.com/contact-goodinghomes/,Contractor,Contractor,Contractor,+1 504-799-5743,landline,,,"2145 Prentiss Ave, New Orleans, LA 70122",Gentilly,2145 Prentiss Ave,New Orleans,70122,Louisiana,Louisiana,United States of America,US,30.0169182,-90.0616306,89444642a7bffff,America/Chicago,,False,,,,,,,,,,,1.0,https://streetviewpixels-pa.googleapis.com/v1/thumbnail?panoid=DKow6b55UZLHQXT6AsrPkQ&cb_client=search.gws-prod.gps&w=800&h=500&yaw=340.19748&pitch=0&thumbfov=100,https://streetviewpixels-pa.googleapis.com/v1/thumbnail?panoid=DKow6b55UZLHQXT6AsrPkQ&cb_client=search.gws-prod.gps&w=1600&h=1000&yaw=340.19748&pitch=0&thumbfov=100,,,,,,,OPERATIONAL,{},,,,,,,False,None,Gooding Homes LLC,,,,,,"https://www.google.com/maps/place/Gooding+Homes+LLC/@30.0169182,-90.0616306,14z/data=!4m8!1m2!2m1!1sGooding+Homes+LLC!3m4!1s0x8620a8d923bc0001:0x7cb9a7b8c8793d7a!8m2!3d30.0169182!4d-90.0616306","https://www.google.com/maps/place/Gooding+Homes+LLC/@30.0169182,-90.0616306,13.99z/data=!4m16!1m7!3m6!1s0x8620a8d923bc0001:0x7cb9a7b8c8793d7a!2sGooding+Homes+LLC!8m2!3d30.0169182!4d-90.0616306!16s%2Fg%2F11ckvg1dmb!3m7!1s0x8620a8d923bc0001:0x7cb9a7b8c8793d7a!8m2!3d30.0169182!4d-90.0616306!9m1!1b1!16s%2Fg%2F11ckvg1dmb?entry=ttu",ChIJAQC8I9moIIYRej15yLinuXw,0x8620a8d923bc0001:0x7cb9a7b8c8793d7a,8987398943473745274,/g/11rnb397ny,None,,ghomesllc@gmail.com,RECEIVING,SMTP validated,,,,,,,,,,,,,,,,,,,,,,,,,,,,,,,,,,,,,,,,,,,,,,,,,Licensed Contractor & Insured Residential NOLA — Gooding Homes,WordPress 5.9.3,"Pete Fredericks is an experienced, licensed and insured contractor based in New Orleans. specializes in building & remodeling residential properties.",,,
"custom home builder, 70179, New Orleans, LA, US",Duke Construction LLC,Duke Construction,https://www.facebook.com/people/Duke-Construction-LLC/61560025416483/,"Construction company, Deck builder",Construction company,Construction company,+1 504-717-1480,landline,,,"1515 Athis St, New Orleans, LA 70122",Filmore,1515 Athis St,New Orleans,70122,Louisiana,Louisiana,United States of America,US,30.0169093,-90.0767752,89444642aafffff,America/Chicago,,False,5.0,12.0,https://search.google.com/local/reviews?placeid=ChIJfy9zgV2YjosRwP4yli3ekdE&q=*&authuser=0&hl=en&gl=US,,,0.0,0.0,0.0,0.0,12.0,1.0,https://streetviewpixels-pa.googleapis.com/v1/thumbnail?panoid=BEQICoDs5eNv7bntfkOU0Q&cb_client=search.gws-prod.gps&w=800&h=500&yaw=4.5933056&pitch=0&thumbfov=100,https://streetviewpixels-pa.googleapis.com/v1/thumbnail?panoid=BEQICoDs5eNv7bntfkOU0Q&cb_client=search.gws-prod.gps&w=1600&h=1000&yaw=4.5933056&pitch=0&thumbfov=100,,"{""Sunday"": ""Closed"", ""Monday"": ""Open 24 hours"", ""Tuesday"": ""Open 24 hours"", ""Wednesday"": ""Open 24 hours"", ""Thursday"": ""Open 24 hours"", ""Friday"": ""Open 24 hours"", ""Saturday"": ""Open 24 hours""}","Sunday,|Monday,Open 24 hours|Tuesday,Open 24 hours|Wednesday,Open 24 hours|Thursday,Open 24 hours|Friday,Open 24 hours|Saturday,Open 24 hours",Sunday:Closed|Monday:Open 24 hours|Tuesday:Open 24 hours|Wednesday:Open 24 hours|Thursday:Open 24 hours|Friday:Open 24 hours|Saturday:Open 24 hours,,,OPERATIONAL,{},,,,https://lh3.googleusercontent.com/-UyMmIE2Ef_M/AAAAAAAAAAI/AAAAAAAAAAA/Gmx-5Jmoag8/s44-p-k-no-ns-nd/photo.jpg,,,True,111446418979545005549,Duke Construction LLC,https://www.google.com/maps/contrib/111446418979545005549,,,,,"https://www.google.com/maps/place/Duke+Construction+LLC/@30.0169093,-90.0767752,14z/data=!4m8!1m2!2m1!1sDuke+Construction+LLC!3m4!1s0x8b8e985d81732f7f:0xd191de2d9632fec0!8m2!3d30.0169093!4d-90.0767752","https://www.google.com/maps/place/Duke+Construction+LLC/@30.0169093,-90.0767752,13.99z/data=!4m16!1m7!3m6!1s0x8b8e985d81732f7f:0xd191de2d9632fec0!2sDuke+Construction+LLC!8m2!3d30.0169093!4d-90.0767752!16s%2Fg%2F11ckvg1dmb!3m7!1s0x8b8e985d81732f7f:0xd191de2d9632fec0!8m2!3d30.0169093!4d-90.0767752!9m1!1b1!16s%2Fg%2F11ckvg1dmb?entry=ttu",ChIJfy9zgV2YjosRwP4yli3ekdE,0x8b8e985d81732f7f:0xd191de2d9632fec0,15101095312924802752,/g/11w9jh3vhh,-3345648760784748864,,,,,,,,,,,,,,,,,,,,,,,,,,,,,,,,,,,,,,https://www.facebook.com/p/Duke-Construction-LLC-61560025416483/,,,,,,,,,,,,,,,,,,,,
"custom home builder, 70179, New Orleans, LA, US","Schumacher Homes of New Orleans-Baton Rouge, LA",Schumacher Homes Of New Orleans Baton Rouge La,https://www.schumacherhomes.com/where-we-build/new-orleans-baton-rouge,"Custom home builder, Home builder",Custom home builder,Custom home builder,+1 225-263-3530,landline,,,"27735 James Chapel Rd N, Holden, LA 70744",None,27735 James Chapel Rd N,Holden,70744,Louisiana,Louisiana,United States of America,US,30.4754947,-90.6235301,89444628dd7ffff,America/Chicago,,False,4.5,76.0,https://search.google.com/local/reviews?placeid=ChIJizE4bzO7JoYRXZK4AHheC3c&q=*&authuser=0&hl=en&gl=US,,,5.0,3.0,2.0,6.0,60.0,43.0,https://lh3.googleusercontent.com/p/AF1QipOoLUwPC9WGJAtBl1n9n94TSqAMPxLvpDFFXwEA=w800-h500-k-no,https://lh3.googleusercontent.com/p/AF1QipOoLUwPC9WGJAtBl1n9n94TSqAMPxLvpDFFXwEA=w1600-h1000-k-no,,"{""Sunday"": ""Closed"", ""Monday"": ""9AM-6PM"", ""Tuesday"": ""10AM-8PM"", ""Wednesday"": ""9AM-6PM"", ""Thursday"": ""10AM-8PM"", ""Friday"": ""9AM-6PM"", ""Saturday"": ""10AM-5PM""}","Sunday,|Monday,9AM,6PM|Tuesday,10AM,8PM|Wednesday,9AM,6PM|Thursday,10AM,8PM|Friday,9AM,6PM|Saturday,10AM,5PM",Sunday:Closed|Monday:9AM-6PM|Tuesday:10AM-8PM|Wednesday:9AM-6PM|Thursday:10AM-8PM|Friday:9AM-6PM|Saturday:10AM-5PM,,,OPERATIONAL,"{""Service options"": {""Onsite services"": true}}",,,,https://lh3.googleusercontent.com/-sGDY-IlZsLA/AAAAAAAAAAI/AAAAAAAAAAA/mpwrBXHDOlQ/s44-p-k-no-ns-nd/photo.jpg,,,True,111985753221951154170,"Schumacher Homes of New Orleans-Baton Rouge, LA",https://www.google.com/maps/contrib/111985753221951154170,,,,,"https://www.google.com/maps/place/Schumacher+Homes+of+New+Orleans-Baton+Rouge%2C+LA/@30.4754947,-90.6235301,14z/data=!4m8!1m2!2m1!1sSchumacher+Homes+of+New+Orleans-Baton+Rouge%2C+LA!3m4!1s0x8626bb336f38318b:0x770b5e7800b8925d!8m2!3d30.4754947!4d-90.6235301","https://www.google.com/maps/place/Schumacher+Homes+of+New+Orleans-Baton+Rouge%2C+LA/@30.4754947,-90.6235301,13.99z/data=!4m16!1m7!3m6!1s0x8626bb336f38318b:0x770b5e7800b8925d!2sSchumacher+Homes+of+New+Orleans-Baton+Rouge%2C+LA!8m2!3d30.4754947!4d-90.6235301!16s%2Fg%2F11ckvg1dmb!3m7!1s0x8626bb336f38318b:0x770b5e7800b8925d!8m2!3d30.4754947!4d-90.6235301!9m1!1b1!16s%2Fg%2F11ckvg1dmb?entry=ttu",ChIJizE4bzO7JoYRXZK4AHheC3c,0x8626bb336f38318b:0x770b5e7800b8925d,8578053784758424157,/g/1tcyfv1m,8578053784758424157,,hhmccarley@yahoo.com,RECEIVING,Confirmed,Heather Mccarley,Heather,Mccarley,New Home Sales Consultant,,pauls@smithsystem.com,INVALID,Undeliverable,Paul Schumacher,Paul,Schumacher,Owner,,schumacherbeth10@gmail.com,RECEIVING,Verified,Beth Schumacher,Beth,Schumacher,Realtor,,13303259666,fixed line,"LEVEL 3 COMMUNICATIONS, LLC - ",,14196552301,landline,,,14193683465,landline,,,https://www.facebook.com/SchumacherHomes,,https://www.linkedin.com/company/schumacher-homes,,,,,,,,https://twitter.com/schumacherhomes,,,,,,,,,False,False
"custom home builder, 70179, New Orleans, LA, US",Elyod Construction,Elyod Construction,https://www.elyodconstruction.com/,"Custom home builder, Contractor, Construction company, General contractor, Home builder, Interior construction contractor, Remodeler, Roofing contractor",Construction company,Custom home builder,+1 504-608-0533,landline,,,"1102 Music St, New Orleans, LA 70117",St. Roch,1102 Music St,New Orleans,70117,Louisiana,Louisiana,United States of America,US,29.9692956,-90.0511659,894446423c7ffff,America/Chicago,,False,4.6,29.0,https://search.google.com/local/reviews?placeid=ChIJE-EWEIenIIYR73PjPwN9118&q=*&authuser=0&hl=en&gl=US,,,3.0,0.0,0.0,1.0,25.0,40.0,https://lh3.googleusercontent.com/p/AF1QipN4Vh2U-3CqeMG9yOY1KvsJUU9PnO1D58_V6sCE=w800-h500-k-no,https://lh3.googleusercontent.com/p/AF1QipN4Vh2U-3CqeMG9yOY1KvsJUU9PnO1D58_V6sCE=w1600-h1000-k-no,,"{""Sunday"": ""Closed"", ""Monday"": ""7AM-7PM"", ""Tuesday"": ""7AM-7PM"", ""Wednesday"": ""7AM-7PM"", ""Thursday"": ""7AM-7PM"", ""Friday"": ""7AM-7PM"", ""Saturday"": ""7AM-7PM""}","Sunday,|Monday,7AM,7PM|Tuesday,7AM,7PM|Wednesday,7AM,7PM|Thursday,7AM,7PM|Friday,7AM,7PM|Saturday,7AM,7PM",Sunday:Closed|Monday:7AM-7PM|Tuesday:7AM-7PM|Wednesday:7AM-7PM|Thursday:7AM-7PM|Friday:7AM-7PM|Saturday:7AM-7PM,,,OPERATIONAL,"{""Service options"": {""Online estimates"": true, ""Language assistance"": ""Spanish""}}",,,,https://lh4.googleusercontent.com/-EIZw2avCnI4/AAAAAAAAAAI/AAAAAAAAAAA/88E83qFHvU8/s44-p-k-no-ns-nd/photo.jpg,,,True,113787829791895374580,Elyod Construction,https://www.google.com/maps/contrib/113787829791895374580,,https://www.elyodconstruction.com/contact,,https://www.elyodconstruction.com/contact,"https://www.google.com/maps/place/Elyod+Construction/@29.9692956,-90.0511659,14z/data=!4m8!1m2!2m1!1sElyod+Construction!3m4!1s0x8620a7871016e113:0x5fd77d033fe373ef!8m2!3d29.9692956!4d-90.0511659","https://www.google.com/maps/place/Elyod+Construction/@29.9692956,-90.0511659,13.99z/data=!4m16!1m7!3m6!1s0x8620a7871016e113:0x5fd77d033fe373ef!2sElyod+Construction!8m2!3d29.9692956!4d-90.0511659!16s%2Fg%2F11ckvg1dmb!3m7!1s0x8620a7871016e113:0x5fd77d033fe373ef!8m2!3d29.9692956!4d-90.0511659!9m1!1b1!16s%2Fg%2F11ckvg1dmb?entry=ttu",ChIJE-EWEIenIIYR73PjPwN9118,0x8620a7871016e113:0x5fd77d033fe373ef,6906126006506189807,/g/11sffbfnff,6906126006506189807,,jason@elyodconstruction.com,RECEIVING,SMTP validated,,,,,,jason@elyodconstruction.com,RECEIVING,SMTP validated,,,,,,jason@elyodconstruction.com,RECEIVING,SMTP validated,,,,,,5043908946,mobile,"NEW CINGULAR WIRELESS PCS, LLC - GA",,15043908946,mobile,"NEW CINGULAR WIRELESS PCS, LLC - GA",,5043908946,mobile,"NEW CINGULAR WIRELESS PCS, LLC - GA",,https://www.facebook.com/100982095845763,,,,,,,,,,,,,,,ElyodConstruction,,,,,
"custom home builder, 70179, New Orleans, LA, US",Troyer Builders,Troyer Builders,http://www.troyerbuilders.net/,"Custom home builder, Contractor, Home builder",Custom home builder,Custom home builder,+1 504-400-5150,mobile,"NEW CINGULAR WIRELESS PCS, LLC - GA",,"3117 18th St Suite 100, Metairie, LA 70002",None,3117 18th St Suite 100,Metairie,70002,Louisiana,Louisiana,United States of America,US,30.008606099999998,-90.15406349999999,89444655847ffff,America/Chicago,,False,5.0,24.0,https://search.google.com/local/reviews?placeid=ChIJfaYCxCywIIYRhT76nhX4ArM&q=*&authuser=0&hl=en&gl=US,,,0.0,0.0,0.0,0.0,24.0,8.0,https://lh3.googleusercontent.com/p/AF1QipPY8SJxnUVEju3taCwKjhsaALQcK-d8p7aU_YW1=w800-h500-k-no,https://lh3.googleusercontent.com/p/AF1QipPY8SJxnUVEju3taCwKjhsaALQcK-d8p7aU_YW1=w1600-h1000-k-no,,"{""Sunday"": ""Closed"", ""Monday"": ""8AM-5PM"", ""Tuesday"": ""8AM-5PM"", ""Wednesday"": ""8AM-5PM"", ""Thursday"": ""8AM-5PM"", ""Friday"": ""8AM-5PM"", ""Saturday"": ""Closed""}","Sunday,|Monday,8AM,5PM|Tuesday,8AM,5PM|Wednesday,8AM,5PM|Thursday,8AM,5PM|Friday,8AM,5PM|Saturday,",Sunday:Closed|Monday:8AM-5PM|Tuesday:8AM-5PM|Wednesday:8AM-5PM|Thursday:8AM-5PM|Friday:8AM-5PM|Saturday:Closed,,,OPERATIONAL,{},,,,https://lh4.googleusercontent.com/-Tk56usun8to/AAAAAAAAAAI/AAAAAAAAAAA/AvTmxthqU5s/s44-p-k-no-ns-nd/photo.jpg,,,True,109236463901491252911,Troyer Builders,https://www.google.com/maps/contrib/109236463901491252911,,,,,"https://www.google.com/maps/place/Troyer+Builders/@30.008606099999998,-90.15406349999999,14z/data=!4m8!1m2!2m1!1sTroyer+Builders!3m4!1s0x8620b02cc402a67d:0xb302f8159efa3e85!8m2!3d30.008606099999998!4d-90.15406349999999","https://www.google.com/maps/place/Troyer+Builders/@30.008606099999998,-90.15406349999999,13.99z/data=!4m16!1m7!3m6!1s0x8620b02cc402a67d:0xb302f8159efa3e85!2sTroyer+Builders!8m2!3d30.008606099999998!4d-90.15406349999999!16s%2Fg%2F11ckvg1dmb!3m7!1s0x8620b02cc402a67d:0xb302f8159efa3e85!8m2!3d30.008606099999998!4d-90.15406349999999!9m1!1b1!16s%2Fg%2F11ckvg1dmb?entry=ttu",ChIJfaYCxCywIIYRhT76nhX4ArM,0x8620b02cc402a67d:0xb302f8159efa3e85,12899145054487723653,/g/11c1vkyfp2,-5547599019221827963,,david.troyer@troyerbuilders.com,INVALID,Invalid SMTP,Dave Troyer,Dave,Troyer,Owner,,d.troyer@troyerbuilders.net,INVALID,Invalid SMTP,Dave Troyer,Dave,Troyer,,,greg@troyerbuilders.com,RECEIVING,SMTP validated,,,,,,5044005150,mobile,"NEW CINGULAR WIRELESS PCS, LLC - GA",,,,,,,,,,,https://www.instagram.com/troyerbuilders,,,,,,,,,,,,,,Troyer Builders – Luxury Home Builder,WordPress 5.8.1,,,,
"custom home builder, 70179, New Orleans, LA, US",Prizm Construction,Prizm Construction,https://www.prizmnola.com/,"Construction company, Remodeler",Remodeler,Construction company,+1 504-308-1055,fixed line,"BANDWIDTH.COM CLEC, LLC - LA",,"3118 Burgundy St, New Orleans, LA 70117",Bywater,3118 Burgundy St,New Orleans,70117,Louisiana,Louisiana,United States of America,US,29.9652268,-90.04447669999999,894446423dbffff,America/Chicago,,False,4.9,59.0,https://search.google.com/local/reviews?placeid=ChIJw5TbGE6nIIYRj7-yZrRSc0A&q=*&authuser=0&hl=en&gl=US,,,2.0,0.0,0.0,0.0,57.0,71.0,https://lh3.googleusercontent.com/p/AF1QipOy1Qhm92byxk0lvzEoCHwb6ix3T4DNjf4UNpVJ=w800-h500-k-no,https://lh3.googleusercontent.com/p/AF1QipOy1Qhm92byxk0lvzEoCHwb6ix3T4DNjf4UNpVJ=w1600-h1000-k-no,,"{""Sunday"": ""Closed"", ""Monday"": ""9AM-5PM"", ""Tuesday"": ""9AM-5PM"", ""Wednesday"": ""9AM-5PM"", ""Thursday"": ""9AM-5PM"", ""Friday"": ""9AM-5PM"", ""Saturday"": ""Closed""}","Sunday,|Monday,9AM,5PM|Tuesday,9AM,5PM|Wednesday,9AM,5PM|Thursday,9AM,5PM|Friday,9AM,5PM|Saturday,",Sunday:Closed|Monday:9AM-5PM|Tuesday:9AM-5PM|Wednesday:9AM-5PM|Thursday:9AM-5PM|Friday:9AM-5PM|Saturday:Closed,,,OPERATIONAL,{},,,,https://lh3.googleusercontent.com/-ZoOHi7gdq4Y/AAAAAAAAAAI/AAAAAAAAAAA/ebwrwP_6ofA/s44-p-k-no-ns-nd/photo.jpg,,,True,113460254221127351522,Prizm Construction,https://www.google.com/maps/contrib/113460254221127351522,,,,,"https://www.google.com/maps/place/Prizm+Construction/@29.9652268,-90.04447669999999,14z/data=!4m8!1m2!2m1!1sPrizm+Construction!3m4!1s0x8620a74e18db94c3:0x407352b466b2bf8f!8m2!3d29.9652268!4d-90.04447669999999","https://www.google.com/maps/place/Prizm+Construction/@29.9652268,-90.04447669999999,13.99z/data=!4m16!1m7!3m6!1s0x8620a74e18db94c3:0x407352b466b2bf8f!2sPrizm+Construction!8m2!3d29.9652268!4d-90.04447669999999!16s%2Fg%2F11ckvg1dmb!3m7!1s0x8620a74e18db94c3:0x407352b466b2bf8f!8m2!3d29.9652268!4d-90.04447669999999!9m1!1b1!16s%2Fg%2F11ckvg1dmb?entry=ttu",ChIJw5TbGE6nIIYRj7-yZrRSc0A,0x8620a74e18db94c3:0x407352b466b2bf8f,4644146575519694735,/g/11flbg46hq,4644146575519694735,,info@mysite.com,RECEIVING,Confirmed,,,,,,prizmnola@gmail.com,RECEIVING,Verified,,,,,,builybythao@gmail.com,INVALID,Undeliverable,,,,,,,,,,,,,,,,,,,,,,,,,,,,,,,,,About | Prizm Construction,Wix.com Website Builder,"Prizm Construction is a local, licensed, and insured company providing home improvements services specializing in kitchen and bathroom renovation.","Business, tagline",False,False
"custom home builder, 70179, New Orleans, LA, US",PAL Constructors,Pal Constructors,https://palconstructors.com/,"Home builder, Service establishment",Home builder,Home builder,+1 609-865-7128,mobile,"NEW CINGULAR WIRELESS PCS, LLC - DC",,,,,,,,,,,30.0326605,-89.88256349999999,8944464a367ffff,America/Chicago,,True,,,,,,,,,,,26.0,https://lh3.googleusercontent.com/p/AF1QipMX6VfuzQq7ymkx2o2gmXQcphNYjuxuHZmOQMFH=w800-h500-k-no,https://lh3.googleusercontent.com/p/AF1QipMX6VfuzQq7ymkx2o2gmXQcphNYjuxuHZmOQMFH=w1600-h1000-k-no,,,,,,,OPERATIONAL,{},,,,https://lh5.googleusercontent.com/-5dXfeN0vI7Y/AAAAAAAAAAI/AAAAAAAAAAA/bc7LHucYgl0/s44-p-k-no-ns-nd/photo.jpg,,,True,103464127614487425140,PAL Constructors,https://www.google.com/maps/contrib/103464127614487425140,,,,,"https://www.google.com/maps/place/PAL+Constructors/@30.0326605,-89.88256349999999,14z/data=!4m8!1m2!2m1!1sPAL+Constructors!3m4!1s0x407a3d3d49082791:0x8dd80696b52b172d!8m2!3d30.0326605!4d-89.88256349999999","https://www.google.com/maps/place/PAL+Constructors/@30.0326605,-89.88256349999999,13.99z/data=!4m16!1m7!3m6!1s0x407a3d3d49082791:0x8dd80696b52b172d!2sPAL+Constructors!8m2!3d30.0326605!4d-89.88256349999999!16s%2Fg%2F11ckvg1dmb!3m7!1s0x407a3d3d49082791:0x8dd80696b52b172d!8m2!3d30.0326605!4d-89.88256349999999!9m1!1b1!16s%2Fg%2F11ckvg1dmb?entry=ttu",ChIJkScIST09ekARLRcrtZYG2I0,0x407a3d3d49082791:0x8dd80696b52b172d,10220926598671701805,/g/11vqvgjffd,None,,,,,,,,,,,,,,,,,,,,,,,,,,,,,,,,,,,,,,,,,,,,,,,,,,,,,,,,,False,False
"custom home builder, 70179, New Orleans, LA, US",Isacks Construction Co,Isacks Construction,,Custom home builder,Custom home builder,Custom home builder,+1 504-415-3964,mobile,,,"601 Papworth Ave, Metairie, LA 70005",Bonnabel Place,601 Papworth Ave,Metairie,70005,Louisiana,Louisiana,United States of America,US,29.996969999999997,-90.126706,89444642db3ffff,America/Chicago,,False,1.0,1.0,https://search.google.com/local/reviews?placeid=ChIJyVIM8ZWvIIYRtSLu277N4QA&q=*&authuser=0&hl=en&gl=US,,,1.0,0.0,0.0,0.0,0.0,1.0,https://streetviewpixels-pa.googleapis.com/v1/thumbnail?panoid=S_v2wm-uov-oqXok13W3CA&cb_client=search.gws-prod.gps&w=800&h=500&yaw=93.32129&pitch=0&thumbfov=100,https://streetviewpixels-pa.googleapis.com/v1/thumbnail?panoid=S_v2wm-uov-oqXok13W3CA&cb_client=search.gws-prod.gps&w=1600&h=1000&yaw=93.32129&pitch=0&thumbfov=100,,,,,,,OPERATIONAL,{},,,,,,,False,None,Isacks Construction Co,,,,,,"https://www.google.com/maps/place/Isacks+Construction+Co/@29.996969999999997,-90.126706,14z/data=!4m8!1m2!2m1!1sIsacks+Construction+Co!3m4!1s0x8620af95f10c52c9:0xe1cdbedbee22b5!8m2!3d29.996969999999997!4d-90.126706","https://www.google.com/maps/place/Isacks+Construction+Co/@29.996969999999997,-90.126706,13.99z/data=!4m16!1m7!3m6!1s0x8620af95f10c52c9:0xe1cdbedbee22b5!2sIsacks+Construction+Co!8m2!3d29.996969999999997!4d-90.126706!16s%2Fg%2F11ckvg1dmb!3m7!1s0x8620af95f10c52c9:0xe1cdbedbee22b5!8m2!3d29.996969999999997!4d-90.126706!9m1!1b1!16s%2Fg%2F11ckvg1dmb?entry=ttu",ChIJyVIM8ZWvIIYRtSLu277N4QA,0x8620af95f10c52c9:0xe1cdbedbee22b5,63558089377194677,/g/1tqclkxw,63558089377194677,,,,,,,,,,,,,,,,,,,,,,,,,,,,,,,,,,,,,,,,,,,,,,,,,,,,,,,,,,
"custom home builder, 70179, New Orleans, LA, US",CASTILLO BUILDERS,Castillo Builders,http://castilobuilders.com/,"Custom home builder, Bathroom remodeler, Building consultant, Building restoration service, Construction company, Foundation, Home builder, Kitchen remodeler, Roofing contractor, Water damage restoration service",Construction company,Custom home builder,+1 504-298-0415,fixed line,"ONVOY, LLC - LA",,"609 Metairie Rd, Metairie, LA 70005",None,609 Metairie Rd,Metairie,70005,Louisiana,Louisiana,United States of America,US,29.9874151,-90.1299793,89444655327ffff,America/Chicago,,False,4.7,65.0,https://search.google.com/local/reviews?placeid=ChIJIeYdxJKvIIYR8kv_bzq8E00&q=*&authuser=0&hl=en&gl=US,,,4.0,0.0,1.0,1.0,59.0,45.0,https://lh3.googleusercontent.com/p/AF1QipM8IyfLBzzyyo7dgeG6Pu5tcxE04YTwTjbjH_-Y=w800-h500-k-no,https://lh3.googleusercontent.com/p/AF1QipM8IyfLBzzyyo7dgeG6Pu5tcxE04YTwTjbjH_-Y=w1600-h1000-k-no,,"{""Sunday"": ""Closed"", ""Monday"": ""8AM-6PM"", ""Tuesday"": ""8AM-6PM"", ""Wednesday"": ""8AM-6PM"", ""Thursday"": ""8AM-6PM"", ""Friday"": ""8AM-6PM"", ""Saturday"": ""8AM-6PM""}","Sunday,|Monday,8AM,6PM|Tuesday,8AM,6PM|Wednesday,8AM,6PM|Thursday,8AM,6PM|Friday,8AM,6PM|Saturday,8AM,6PM",Sunday:Closed|Monday:8AM-6PM|Tuesday:8AM-6PM|Wednesday:8AM-6PM|Thursday:8AM-6PM|Friday:8AM-6PM|Saturday:8AM-6PM,,,OPERATIONAL,"{""From the business"": {""Identifies as Latino-owned"": true, ""Identifies as women-owned"": true}, ""Service options"": {""Online estimates"": true, ""Onsite services"": true}, ""Accessibility"": {""Wheelchair accessible entrance"": true, ""Wheelchair accessible parking lot"": true, ""Wheelchair accessible restroom"": true, ""Wheelchair accessible seating"": true}, ""Parking"": {""Free parking lot"": true, ""Free street parking"": true, ""On-site parking"": true}, ""Other"": {""Identifies as women-owned"": true, ""Identifies as Latino-owned"": true}}",,,,https://lh5.googleusercontent.com/--AxA7feq0-4/AAAAAAAAAAI/AAAAAAAAAAA/KXt_z8qwUVI/s44-p-k-no-ns-nd/photo.jpg,,,True,117750477616861529854,CASTILLO BUILDERS,https://www.google.com/maps/contrib/117750477616861529854,,,,,"https://www.google.com/maps/place/CASTILLO+BUILDERS/@29.9874151,-90.1299793,14z/data=!4m8!1m2!2m1!1sCASTILLO+BUILDERS!3m4!1s0x8620af92c41de621:0x4d13bc3a6fff4bf2!8m2!3d29.9874151!4d-90.1299793","https://www.google.com/maps/place/CASTILLO+BUILDERS/@29.9874151,-90.1299793,13.99z/data=!4m16!1m7!3m6!1s0x8620af92c41de621:0x4d13bc3a6fff4bf2!2sCASTILLO+BUILDERS!8m2!3d29.9874151!4d-90.1299793!16s%2Fg%2F11ckvg1dmb!3m7!1s0x8620af92c41de621:0x4d13bc3a6fff4bf2!8m2!3d29.9874151!4d-90.1299793!9m1!1b1!16s%2Fg%2F11ckvg1dmb?entry=ttu",ChIJIeYdxJKvIIYR8kv_bzq8E00,0x8620af92c41de621:0x4d13bc3a6fff4bf2,5553989724651080690,/g/11g6rl1crl,5553989724651080690,,castillobuilder@gmail.com,RECEIVING,SMTP validated,,,,,,,,,,,,,,,,,,,,,,5042980415,fixed line,"ONVOY, LLC - LA",,,,,,,,,,,,,,,,,,,,,,,,,Commanders Palace,Wix.com Website Builder,Contact Castillo Builders for all your building needs in New Orleans and the Southern US. We're here to bring your projects to life.,"new orleans, roofing, home elevations, foundation repair, construction, remodeling, Kitchen remodel, bathroom remodel, shoring, leveling",False,False
"custom home builder, 70179, New Orleans, LA, US","Quinlivan Homes, LLC.",Quinlivan Homes,http://www.quinlivanhomes.com/,"Construction company, Service establishment, Real estate agent, Real estate developer",Construction company,Construction company,+1 504-810-9469,mobile,"NEW CINGULAR WIRELESS PCS, LLC - GA",,,,,,,,,,,30.937373599999997,-91.40087,8944400c20fffff,America/Chicago,,True,5.0,1.0,https://search.google.com/local/reviews?placeid=ChIJ6wcuRu5zWosRnGkkz1jL-YY&q=*&authuser=0&hl=en&gl=US,,,0.0,0.0,0.0,0.0,1.0,4.0,https://lh3.googleusercontent.com/p/AF1QipP1F4tzsYNsg9Iz0frv9EZMMrs3Y87WrfvvP_m_=w800-h500-k-no,https://lh3.googleusercontent.com/p/AF1QipP1F4tzsYNsg9Iz0frv9EZMMrs3Y87WrfvvP_m_=w1600-h1000-k-no,,"{""Sunday"": ""Closed"", ""Monday"": ""8:30AM-5PM"", ""Tuesday"": ""8:30AM-5PM"", ""Wednesday"": ""8:30AM-5PM"", ""Thursday"": ""8:30AM-5PM"", ""Friday"": ""8:30AM-5PM"", ""Saturday"": ""Closed""}","Sunday,|Monday,8:30AM,5PM|Tuesday,8:30AM,5PM|Wednesday,8:30AM,5PM|Thursday,8:30AM,5PM|Friday,8:30AM,5PM|Saturday,",Sunday:Closed|Monday:8:30AM-5PM|Tuesday:8:30AM-5PM|Wednesday:8:30AM-5PM|Thursday:8:30AM-5PM|Friday:8:30AM-5PM|Saturday:Closed,,,OPERATIONAL,"{""Service options"": {""Language assistance"": ""English""}}",,,,https://lh3.googleusercontent.com/-nGty-5gE_8U/AAAAAAAAAAI/AAAAAAAAAAA/qeiEWUXXYyc/s44-p-k-no-ns-nd/photo.jpg,,,True,117739026801314711605,"Quinlivan Homes, LLC.",https://www.google.com/maps/contrib/117739026801314711605,,,,,"https://www.google.com/maps/place/Quinlivan+Homes%2C+LLC./@30.937373599999997,-91.40087,14z/data=!4m8!1m2!2m1!1sQuinlivan+Homes%2C+LLC.!3m4!1s0x8b5a73ee462e07eb:0x86f9cb58cf24699c!8m2!3d30.937373599999997!4d-91.40087","https://www.google.com/maps/place/Quinlivan+Homes%2C+LLC./@30.937373599999997,-91.40087,13.99z/data=!4m16!1m7!3m6!1s0x8b5a73ee462e07eb:0x86f9cb58cf24699c!2sQuinlivan+Homes%2C+LLC.!8m2!3d30.937373599999997!4d-91.40087!16s%2Fg%2F11ckvg1dmb!3m7!1s0x8b5a73ee462e07eb:0x86f9cb58cf24699c!8m2!3d30.937373599999997!4d-91.40087!9m1!1b1!16s%2Fg%2F11ckvg1dmb?entry=ttu",ChIJ6wcuRu5zWosRnGkkz1jL-YY,0x8b5a73ee462e07eb:0x86f9cb58cf24699c,9726028452576127388,/g/11x8p7qy9h,-8720715621133424228,,quinlivanhomes@gmail.com,RECEIVING,Verified,,,,,,,,,,,,,,,,,,,,,,,,,,,,,,,,,,,,,,,,,,,,,,,,,"Quinlivan Homes, LLC | Construction Company",Wix.com Website Builder,"Quinlivan Homes, LLC is a full service Building Construction Company that specializes in full home remodeling. Throughout Metairie, Kenner, and New Orleans, we take pride in reviving properties and restoring their beauty, functionality, value, and appeal.",,False,False
"custom home builder, 70179, New Orleans, LA, US",Colmex Construction,Colmex Construction,http://www.colmexconstruction.com/,Construction company,Construction company,Construction company,+1 504-383-8092,landline,,,"4334 Earhart Blvd, New Orleans, LA 70125",Gert Town,4334 Earhart Blvd,New Orleans,70125,Louisiana,Louisiana,United States of America,US,29.9571182,-90.1005273,894446552c7ffff,America/Chicago,,False,4.6,30.0,https://search.google.com/local/reviews?placeid=ChIJnQKF0Ru6IIYRDjNEPwtk5yo&q=*&authuser=0&hl=en&gl=US,,,1.0,1.0,2.0,1.0,25.0,241.0,https://lh3.googleusercontent.com/p/AF1QipNcpi9Dc6WqYbreoemk_kPCf6U00gOxFLsLrO1x=w800-h500-k-no,https://lh3.googleusercontent.com/p/AF1QipNcpi9Dc6WqYbreoemk_kPCf6U00gOxFLsLrO1x=w1600-h1000-k-no,,"{""Sunday"": ""Closed"", ""Monday"": ""8AM-5PM"", ""Tuesday"": ""8AM-5PM"", ""Wednesday"": ""8AM-5PM"", ""Thursday"": ""8AM-5PM"", ""Friday"": ""8AM-5PM"", ""Saturday"": ""Closed""}","Sunday,|Monday,8AM,5PM|Tuesday,8AM,5PM|Wednesday,8AM,5PM|Thursday,8AM,5PM|Friday,8AM,5PM|Saturday,",Sunday:Closed|Monday:8AM-5PM|Tuesday:8AM-5PM|Wednesday:8AM-5PM|Thursday:8AM-5PM|Friday:8AM-5PM|Saturday:Closed,,,OPERATIONAL,"{""Accessibility"": {""Wheelchair accessible entrance"": true, ""Wheelchair accessible parking lot"": true}}",,,,https://lh3.googleusercontent.com/-FZCiZVAvohc/AAAAAAAAAAI/AAAAAAAAAAA/CTKk4yQe0as/s44-p-k-no-ns-nd/photo.jpg,,,True,110972885630846595570,Colmex Construction,https://www.google.com/maps/contrib/110972885630846595570,,,,,"https://www.google.com/maps/place/Colmex+Construction/@29.9571182,-90.1005273,14z/data=!4m8!1m2!2m1!1sColmex+Construction!3m4!1s0x8620ba1bd185029d:0x2ae7640b3f44330e!8m2!3d29.9571182!4d-90.1005273","https://www.google.com/maps/place/Colmex+Construction/@29.9571182,-90.1005273,13.99z/data=!4m16!1m7!3m6!1s0x8620ba1bd185029d:0x2ae7640b3f44330e!2sColmex+Construction!8m2!3d29.9571182!4d-90.1005273!16s%2Fg%2F11ckvg1dmb!3m7!1s0x8620ba1bd185029d:0x2ae7640b3f44330e!8m2!3d29.9571182!4d-90.1005273!9m1!1b1!16s%2Fg%2F11ckvg1dmb?entry=ttu",ChIJnQKF0Ru6IIYRDjNEPwtk5yo,0x8620ba1bd185029d:0x2ae7640b3f44330e,3091549668681986830,/g/1v41_tsq,3091549668681986830,,info@colmexconstruction.com,RECEIVING,SMTP validated,,,,,,angelica@colmexconstruction.com,RECEIVING,SMTP validated,,,,,,estimating@colmexconstruction.com,RECEIVING,Verified,,,,,,,,,,,,,,,,,,,,https://www.linkedin.com/company/colmex-construction,,,,,,,,,,,,,GOVERNMENT | Colmex Construction,Wix.com Website Builder,,,False,False
"custom home builder, 70179, New Orleans, LA, US",Francioni Builders LLC,Francioni Builders,https://www.francionibuilders.com/contact,Construction company,Construction company,Construction company,+1 504-669-2296,mobile,T-Mobile USA Inc.,,"141 Allen Toussaint Blvd #1104, New Orleans, LA 70124",Lake Shore - Lake Vista,141 Allen Toussaint Blvd #1104,New Orleans,70124,Louisiana,Louisiana,United States of America,US,30.020260999999998,-90.1113956,89444642903ffff,America/Chicago,,False,,,,,,,,,,,1.0,https://streetviewpixels-pa.googleapis.com/v1/thumbnail?panoid=XERypjDW_l7V4-cwU54HzA&cb_client=search.gws-prod.gps&w=800&h=500&yaw=1.3539318&pitch=0&thumbfov=100,https://streetviewpixels-pa.googleapis.com/v1/thumbnail?panoid=XERypjDW_l7V4-cwU54HzA&cb_client=search.gws-prod.gps&w=1600&h=1000&yaw=1.3539318&pitch=0&thumbfov=100,,,,,,,OPERATIONAL,{},,,,,,,False,None,Francioni Builders LLC,,,,,,"https://www.google.com/maps/place/Francioni+Builders+LLC/@30.020260999999998,-90.1113956,14z/data=!4m8!1m2!2m1!1sFrancioni+Builders+LLC!3m4!1s0x8620aeffe29e8791:0x935a27b772105943!8m2!3d30.020260999999998!4d-90.1113956","https://www.google.com/maps/place/Francioni+Builders+LLC/@30.020260999999998,-90.1113956,13.99z/data=!4m16!1m7!3m6!1s0x8620aeffe29e8791:0x935a27b772105943!2sFrancioni+Builders+LLC!8m2!3d30.020260999999998!4d-90.1113956!16s%2Fg%2F11ckvg1dmb!3m7!1s0x8620aeffe29e8791:0x935a27b772105943!8m2!3d30.020260999999998!4d-90.1113956!9m1!1b1!16s%2Fg%2F11ckvg1dmb?entry=ttu",ChIJkYee4v-uIIYRQ1kQcrcnWpM,0x8620aeffe29e8791:0x935a27b772105943,10617842740325538115,/g/11rxhzzfw4,None,,francionibuilders@gmail.com,RECEIVING,SMTP validated,,,,,,,,,,,,,,,,,,,,,,15046692296,mobile,T-Mobile USA Inc.,,,,,,,,,,https://www.facebook.com/francioni.builders,https://www.instagram.com/francionibuilders,,,,,,,,,,,,,,"Francioni Builders, LLC",,,,False,False
"custom home builder, 70179, New Orleans, LA, US","DuCar Construction, LLC",Ducar Construction,https://ducarcompanies.com/,"General contractor, Demolition contractor, Remodeler",General contractor,General contractor,+1 504-407-3199,mobile,"NEW CINGULAR WIRELESS PCS, LLC - GA",,"638 Papworth Ave SUITE C, Metairie, LA 70005",Bonnabel Place,638 Papworth Ave SUITE C,Metairie,70005,Louisiana,Louisiana,United States of America,US,29.9980183,-90.1270615,89444642da3ffff,America/Chicago,,False,5.0,59.0,https://search.google.com/local/reviews?placeid=ChIJrfwFZbyvIIYRHZbwGYE7sBk&q=*&authuser=0&hl=en&gl=US,,,0.0,0.0,0.0,0.0,59.0,42.0,https://lh3.googleusercontent.com/p/AF1QipMusIe8xFJgXKjJsH_iEkeKmjLM3JBkOZyzKmzZ=w800-h500-k-no,https://lh3.googleusercontent.com/p/AF1QipMusIe8xFJgXKjJsH_iEkeKmjLM3JBkOZyzKmzZ=w1600-h1000-k-no,,"{""Sunday"": ""Closed"", ""Monday"": ""8AM-5PM"", ""Tuesday"": ""8AM-5PM"", ""Wednesday"": ""8AM-5PM"", ""Thursday"": ""8AM-5PM"", ""Friday"": ""8AM-5PM"", ""Saturday"": ""Closed""}","Sunday,|Monday,8AM,5PM|Tuesday,8AM,5PM|Wednesday,8AM,5PM|Thursday,8AM,5PM|Friday,8AM,5PM|Saturday,",Sunday:Closed|Monday:8AM-5PM|Tuesday:8AM-5PM|Wednesday:8AM-5PM|Thursday:8AM-5PM|Friday:8AM-5PM|Saturday:Closed,,,OPERATIONAL,{},,,,https://lh5.googleusercontent.com/-NcDzixdQEKM/AAAAAAAAAAI/AAAAAAAAAAA/vTdD4C36Bqw/s44-p-k-no-ns-nd/photo.jpg,,,True,110571434504081711086,"DuCar Construction, LLC",https://www.google.com/maps/contrib/110571434504081711086,,,,,"https://www.google.com/maps/place/DuCar+Construction%2C+LLC/@29.9980183,-90.1270615,14z/data=!4m8!1m2!2m1!1sDuCar+Construction%2C+LLC!3m4!1s0x8620afbc6505fcad:0x19b03b8119f0961d!8m2!3d29.9980183!4d-90.1270615","https://www.google.com/maps/place/DuCar+Construction%2C+LLC/@29.9980183,-90.1270615,13.99z/data=!4m16!1m7!3m6!1s0x8620afbc6505fcad:0x19b03b8119f0961d!2sDuCar+Construction%2C+LLC!8m2!3d29.9980183!4d-90.1270615!16s%2Fg%2F11ckvg1dmb!3m7!1s0x8620afbc6505fcad:0x19b03b8119f0961d!8m2!3d29.9980183!4d-90.1270615!9m1!1b1!16s%2Fg%2F11ckvg1dmb?entry=ttu",ChIJrfwFZbyvIIYRHZbwGYE7sBk,0x8620afbc6505fcad:0x19b03b8119f0961d,1851044872521291293,/g/11gxw229m5,1851044872521291293,,cj@ducarcompanies.com,RECEIVING,SMTP validated,,,,,,ac@ducarcompanies.com,RECEIVING,SMTP validated,,,,,,ht@ducarcompanies.com,UNKNOWN,Cannot validate,,,,,,5044073199,mobile,"NEW CINGULAR WIRELESS PCS, LLC - GA",,15044073199,mobile,"NEW CINGULAR WIRELESS PCS, LLC - GA",,,,,,https://www.facebook.com/ducarconstruction/,https://www.instagram.com/ducarcompanies,,,,,,,,,,,,,,Commercial Construction - DuCar Construction,WordPress 6.8.3,"We are an investment focused house construction company, specializing in building profitable residential and commercial property projects for investors.",,False,False
"custom home builder, 70179, New Orleans, LA, US",ALCO Construction,Alco Construction,https://alcoconstructionllc.com/,"Construction company, Service establishment",Construction company,Construction company,+1 504-256-7534,mobile,"NEW CINGULAR WIRELESS PCS, LLC - GA",,,,,,,,,,,30.2128011,-90.42997849999999,8944460dc6fffff,America/Chicago,,True,5.0,5.0,https://search.google.com/local/reviews?placeid=ChIJ1xe8f6Wu860R79F5ONMSp1E&q=*&authuser=0&hl=en&gl=US,,,0.0,0.0,0.0,0.0,5.0,2.0,https://lh3.googleusercontent.com/p/AF1QipPixxNNiMSWx3-nB75kTHnxrVt3IOw2z46aixBc=w800-h500-k-no,https://lh3.googleusercontent.com/p/AF1QipPixxNNiMSWx3-nB75kTHnxrVt3IOw2z46aixBc=w1600-h1000-k-no,,,,,,,OPERATIONAL,"{""Service options"": {""Online estimates"": true}}",,,,https://lh4.googleusercontent.com/-lYd5fc5j0wE/AAAAAAAAAAI/AAAAAAAAAAA/3T0xxKwjurU/s44-p-k-no-ns-nd/photo.jpg,,,True,114290251602178750727,ALCO Construction,https://www.google.com/maps/contrib/114290251602178750727,,,,,"https://www.google.com/maps/place/ALCO+Construction/@30.2128011,-90.42997849999999,14z/data=!4m8!1m2!2m1!1sALCO+Construction!3m4!1s0xadf3aea57fbc17d7:0x51a712d33879d1ef!8m2!3d30.2128011!4d-90.42997849999999","https://www.google.com/maps/place/ALCO+Construction/@30.2128011,-90.42997849999999,13.99z/data=!4m16!1m7!3m6!1s0xadf3aea57fbc17d7:0x51a712d33879d1ef!2sALCO+Construction!8m2!3d30.2128011!4d-90.42997849999999!16s%2Fg%2F11ckvg1dmb!3m7!1s0xadf3aea57fbc17d7:0x51a712d33879d1ef!8m2!3d30.2128011!4d-90.42997849999999!9m1!1b1!16s%2Fg%2F11ckvg1dmb?entry=ttu",ChIJ1xe8f6Wu860R79F5ONMSp1E,0xadf3aea57fbc17d7:0x51a712d33879d1ef,5883692136577749487,/g/11lnfff27_,5883692136577749487,,alex@alcoconstructionllc.com,RECEIVING,Catch All,,,,,,,,,,,,,,,,,,,,,,5042567534,mobile,"NEW CINGULAR WIRELESS PCS, LLC - GA",,,,,,,,,,https://www.facebook.com/people/,https://www.instagram.com/alcoconstructionllc,,,,,,,,,,,,,,Contact - Alco Construction,Site Kit by Google 1.158.0,,,False,True
"custom home builder, 70179, New Orleans, LA, US",Triple A Home Improvement,Triple A Home Improvement,https://triple-a-home-improvement-llc.ueniweb.com/%3Futm_campaign%3Dgmb,"Home builder, Service establishment",Home builder,Home builder,+1 504-413-9984,mobile,T-Mobile USA Inc.,,,,,,,,,,,30.264039,-90.47910449999999,894446765cbffff,America/Chicago,,True,,,,,,,,,,,,,,,"{""Sunday"": ""Open 24 hours"", ""Monday"": ""Open 24 hours"", ""Tuesday"": ""Open 24 hours"", ""Wednesday"": ""Open 24 hours"", ""Thursday"": ""Open 24 hours"", ""Friday"": ""Open 24 hours"", ""Saturday"": ""Open 24 hours""}","Sunday,Open 24 hours|Monday,Open 24 hours|Tuesday,Open 24 hours|Wednesday,Open 24 hours|Thursday,Open 24 hours|Friday,Open 24 hours|Saturday,Open 24 hours",Sunday:Open 24 hours|Monday:Open 24 hours|Tuesday:Open 24 hours|Wednesday:Open 24 hours|Thursday:Open 24 hours|Friday:Open 24 hours|Saturday:Open 24 hours,,,OPERATIONAL,{},,,,https://lh4.googleusercontent.com/-HAZpXNDEV1M/AAAAAAAAAAI/AAAAAAAAAAA/mOdkoFJGxSM/s44-p-k-no-ns-nd/photo.jpg,,,True,115472291666476634097,Triple A Home Improvement,https://www.google.com/maps/contrib/115472291666476634097,,,,,"https://www.google.com/maps/place/Triple+A+Home+Improvement/@30.264039,-90.47910449999999,14z/data=!4m8!1m2!2m1!1sTriple+A+Home+Improvement!3m4!1s0x8620a9cdd2c36bb9:0x1a27faf24b370e4b!8m2!3d30.264039!4d-90.47910449999999","https://www.google.com/maps/place/Triple+A+Home+Improvement/@30.264039,-90.47910449999999,13.99z/data=!4m16!1m7!3m6!1s0x8620a9cdd2c36bb9:0x1a27faf24b370e4b!2sTriple+A+Home+Improvement!8m2!3d30.264039!4d-90.47910449999999!16s%2Fg%2F11ckvg1dmb!3m7!1s0x8620a9cdd2c36bb9:0x1a27faf24b370e4b!8m2!3d30.264039!4d-90.47910449999999!9m1!1b1!16s%2Fg%2F11ckvg1dmb?entry=ttu",ChIJuWvD0s2pIIYRSw43S_L6Jxo,0x8620a9cdd2c36bb9:0x1a27faf24b370e4b,1884750887628770891,/g/11jkx3k1vz,None,,triple.a.home.improvement34@gmail.com,RECEIVING,SMTP validated,,,,,,,,,,,,,,,,,,,,,,,,,,,,,,,,,,,,,,,,,,,,,,,,,Triple A Home Improvement | New Orleans,,Trying to find Remodelling Contractors in New Orleans? Check out Triple A Home Improvement. We provide a selection of electrical and plumbing services.,,,
"custom home builder, 70179, New Orleans, LA, US",Clayton Construction Service LLC,Clayton Construction Service,http://www.claytonconstructionservice.com/,"Construction company, Roofing contractor, Deck builder, General contractor, Gutter service, Metal construction company, Sheet metal contractor",Roofing contractor,Construction company,+1 504-641-6111,mobile,T-Mobile USA Inc.,,"4902 Canal St #207, New Orleans, LA 70119",Mid-City,4902 Canal St #207,New Orleans,70119,Louisiana,Louisiana,United States of America,US,29.979958,-90.10910899999999,8944465534fffff,America/Chicago,,False,4.9,19.0,https://search.google.com/local/reviews?placeid=ChIJH4eIMnmvIIYRxkYprfC0I3U&q=*&authuser=0&hl=en&gl=US,,,0.0,0.0,0.0,1.0,18.0,32.0,https://lh3.googleusercontent.com/p/AF1QipO85kCmw9-kBc1OXUsWfDvHTnsnMojo7KOS3CxV=w800-h500-k-no,https://lh3.googleusercontent.com/p/AF1QipO85kCmw9-kBc1OXUsWfDvHTnsnMojo7KOS3CxV=w1600-h1000-k-no,,"{""Sunday"": ""Closed"", ""Monday"": ""8AM-5PM"", ""Tuesday"": ""8AM-5PM"", ""Wednesday"": ""8AM-5PM"", ""Thursday"": ""8AM-5PM"", ""Friday"": ""8AM-5PM"", ""Saturday"": ""Closed""}","Sunday,|Monday,8AM,5PM|Tuesday,8AM,5PM|Wednesday,8AM,5PM|Thursday,8AM,5PM|Friday,8AM,5PM|Saturday,",Sunday:Closed|Monday:8AM-5PM|Tuesday:8AM-5PM|Wednesday:8AM-5PM|Thursday:8AM-5PM|Friday:8AM-5PM|Saturday:Closed,,,OPERATIONAL,{},,,,https://lh6.googleusercontent.com/-AwM8bBPSV7s/AAAAAAAAAAI/AAAAAAAAAAA/a71oElNC9Lc/s44-p-k-no-ns-nd/photo.jpg,,,True,104201330867150101744,Clayton Construction Service LLC,https://www.google.com/maps/contrib/104201330867150101744,,,,,"https://www.google.com/maps/place/Clayton+Construction+Service+LLC/@29.979958,-90.10910899999999,14z/data=!4m8!1m2!2m1!1sClayton+Construction+Service+LLC!3m4!1s0x8620af793288871f:0x7523b4f0ad2946c6!8m2!3d29.979958!4d-90.10910899999999","https://www.google.com/maps/place/Clayton+Construction+Service+LLC/@29.979958,-90.10910899999999,13.99z/data=!4m16!1m7!3m6!1s0x8620af793288871f:0x7523b4f0ad2946c6!2sClayton+Construction+Service+LLC!8m2!3d29.979958!4d-90.10910899999999!16s%2Fg%2F11ckvg1dmb!3m7!1s0x8620af793288871f:0x7523b4f0ad2946c6!8m2!3d29.979958!4d-90.10910899999999!9m1!1b1!16s%2Fg%2F11ckvg1dmb?entry=ttu",ChIJH4eIMnmvIIYRxkYprfC0I3U,0x8620af793288871f:0x7523b4f0ad2946c6,8440789072412755654,/g/11g7z7tf7c,8440789072412755654,,mail@claytonconstructionservice.com,RECEIVING,SMTP validated,,,,,,,,,,,,,,,,,,,,,,5046416111,mobile,T-Mobile USA Inc.,,9853063427,landline,Onvoy,True,,,,,https://www.facebook.com/claytonconstructionservice/,,,,,,,,,,,,,,,"Roofing company, roofing contractor & replacement roof New Orleans",wordpress,"We are your roofing company, roofing contractor & replacement roof services for the Greater New Orleans area. We install and repair all roofing types.",,False,False
"custom home builder, 70179, New Orleans, LA, US",COS Construction & Renovations LLC,Cos Construction And Renovations,https://www.nolacontractor.com/,"Contractor, Roofing contractor",Contractor,Contractor,+1 504-272-7005,landline,,,"501 Moss St #792481, New Orleans, LA 70119",Mid-City,501 Moss St #792481,New Orleans,70119,Louisiana,Louisiana,United States of America,US,29.9740327,-90.0919986,89444642cd3ffff,America/Chicago,,False,5.0,1.0,https://search.google.com/local/reviews?placeid=ChIJYYZ5SJOlIIYRhNZoWISfR3o&q=*&authuser=0&hl=en&gl=US,,,0.0,0.0,0.0,0.0,1.0,78.0,https://lh3.googleusercontent.com/p/AF1QipORUP2nJbr5T563KKwlbqfshgjy0H6hW9Z71YbX=w800-h500-k-no,https://lh3.googleusercontent.com/p/AF1QipORUP2nJbr5T563KKwlbqfshgjy0H6hW9Z71YbX=w1600-h1000-k-no,,"{""Sunday"": ""Closed"", ""Monday"": ""7AM-5PM"", ""Tuesday"": ""7AM-5PM"", ""Wednesday"": ""7AM-5PM"", ""Thursday"": ""7AM-5PM"", ""Friday"": ""7AM-5PM"", ""Saturday"": ""Closed""}","Sunday,|Monday,7AM,5PM|Tuesday,7AM,5PM|Wednesday,7AM,5PM|Thursday,7AM,5PM|Friday,7AM,5PM|Saturday,",Sunday:Closed|Monday:7AM-5PM|Tuesday:7AM-5PM|Wednesday:7AM-5PM|Thursday:7AM-5PM|Friday:7AM-5PM|Saturday:Closed,,,OPERATIONAL,{},,,,https://lh4.googleusercontent.com/-E5HlZ-n1uYQ/AAAAAAAAAAI/AAAAAAAAAAA/zZ9mq81bTi0/s44-p-k-no-ns-nd/photo.jpg,,,True,114244052533345252259,COS Construction & Renovations LLC,https://www.google.com/maps/contrib/114244052533345252259,,,,,"https://www.google.com/maps/place/COS+Construction+%26+Renovations+LLC/@29.9740327,-90.0919986,14z/data=!4m8!1m2!2m1!1sCOS+Construction+%26+Renovations+LLC!3m4!1s0x8620a59348798661:0x7a479f845868d684!8m2!3d29.9740327!4d-90.0919986","https://www.google.com/maps/place/COS+Construction+%26+Renovations+LLC/@29.9740327,-90.0919986,13.99z/data=!4m16!1m7!3m6!1s0x8620a59348798661:0x7a479f845868d684!2sCOS+Construction+%26+Renovations+LLC!8m2!3d29.9740327!4d-90.0919986!16s%2Fg%2F11ckvg1dmb!3m7!1s0x8620a59348798661:0x7a479f845868d684!8m2!3d29.9740327!4d-90.0919986!9m1!1b1!16s%2Fg%2F11ckvg1dmb?entry=ttu",ChIJYYZ5SJOlIIYRhNZoWISfR3o,0x8620a59348798661:0x7a479f845868d684,8811186586741429892,/g/11fjsv_0xh,8811186586741429892,,info@nolacontractor.com,RECEIVING,SMTP validated,,,,,,info@cosconstruction.net,RECEIVING,SMTP validated,,,,,,info@cosconstruction.net,RECEIVING,SMTP validated,,,,,,5042727005,landline,,,5042727005,landline,,,,,,,,,,,,,,,,,,,,,,Services | General Contractor | New Orleans Contractor | COS Construction & Renovatio,Wix.com Website Builder,"A professional contractor oversees all the aspects of a commercial renovation project. Explore the advantages of working with a general contractor and how you can save time and money in the long run. A general contractor is the coordinator and supervisor of a building or remodeling project. Their job is to hire, schedule, and oversee the necessary subcontractors, such as electricians, carpenters, and plumbers, for renovating a commercial space.","Business, tagline",False,False
"custom home builder, 70179, New Orleans, LA, US",Zach The Builder,Zach The Builder,http://www.zachthebuilder.com/,"Construction company, Service establishment",Construction company,Construction company,+1 504-535-3923,mobile,T-Mobile USA Inc.,,,,,,,,,,,29.8186066,-91.06686529999999,894446b2183ffff,America/Chicago,,True,,,,,,,,,,,17.0,https://lh3.googleusercontent.com/p/AF1QipP5jVwcUgihPLa3kkpqB_CIL7Cr7Vy3bYHsIiZu=w800-h500-k-no,https://lh3.googleusercontent.com/p/AF1QipP5jVwcUgihPLa3kkpqB_CIL7Cr7Vy3bYHsIiZu=w1600-h1000-k-no,,"{""Sunday"": ""9AM-5PM"", ""Monday"": ""8AM-7PM"", ""Tuesday"": ""8AM-7PM"", ""Wednesday"": ""8AM-7PM"", ""Thursday"": ""8AM-7PM"", ""Friday"": ""8AM-7PM"", ""Saturday"": ""8AM-7PM""}","Sunday,9AM,5PM|Monday,8AM,7PM|Tuesday,8AM,7PM|Wednesday,8AM,7PM|Thursday,8AM,7PM|Friday,8AM,7PM|Saturday,8AM,7PM",Sunday:9AM-5PM|Monday:8AM-7PM|Tuesday:8AM-7PM|Wednesday:8AM-7PM|Thursday:8AM-7PM|Friday:8AM-7PM|Saturday:8AM-7PM,,,OPERATIONAL,"{""From the business"": {""Identifies as Black-owned"": true}, ""Service options"": {""Online estimates"": true}, ""Other"": {""Identifies as Black-owned"": true}}",,,,https://lh3.googleusercontent.com/-u3ncns-qVWM/AAAAAAAAAAI/AAAAAAAAAAA/fkpwJWQd4QY/s44-p-k-no-ns-nd/photo.jpg,,,True,117377360887694103270,Zach The Builder,https://www.google.com/maps/contrib/117377360887694103270,,,,,"https://www.google.com/maps/place/Zach+The+Builder/@29.8186066,-91.06686529999999,14z/data=!4m8!1m2!2m1!1sZach+The+Builder!3m4!1s0x6cd316e1ef09fab9:0xbf349389853fc7dc!8m2!3d29.8186066!4d-91.06686529999999","https://www.google.com/maps/place/Zach+The+Builder/@29.8186066,-91.06686529999999,13.99z/data=!4m16!1m7!3m6!1s0x6cd316e1ef09fab9:0xbf349389853fc7dc!2sZach+The+Builder!8m2!3d29.8186066!4d-91.06686529999999!16s%2Fg%2F11ckvg1dmb!3m7!1s0x6cd316e1ef09fab9:0xbf349389853fc7dc!8m2!3d29.8186066!4d-91.06686529999999!9m1!1b1!16s%2Fg%2F11ckvg1dmb?entry=ttu",ChIJufoJ7-EW02wR3Mc_hYmTNL8,0x6cd316e1ef09fab9:0xbf349389853fc7dc,13777799378888542172,/g/11syd44czs,None,,info@zachthebuilder.com,RECEIVING,SMTP validated,,,,,,,,,,,,,,,,,,,,,,,,,,,,,,,,,,,,,,,,,,,,,,,,,Roof | Zach the Builder,Wix.com Website Builder,"Zach the Builder
Exterior service: offer roof tarp installation, build new custom roofs, fix sidings, fencing, and trash removal and painting
Interior service: offer custom kitchen countertops, floors (hard and carpet), bathroom shower or tub installation, and painting",,False,False
"custom home builder, 70183, New Orleans, LA, US",Schmidt Homes Inc,Schmidt Homes,https://schmidthomesinc.com/,Home builder,Home builder,Home builder,+1 504-885-0900,landline,,,"2816 Hessmer Ave # D, Metairie, LA 70002",None,2816 Hessmer Ave # D,Metairie,70002,Louisiana,Louisiana,United States of America,US,30.0001027,-90.1640328,89444655883ffff,America/Chicago,,False,4.5,2.0,https://search.google.com/local/reviews?placeid=ChIJeQWwhz6wIIYRzJyp3m1EToA&q=*&authuser=0&hl=en&gl=US,,,0.0,0.0,0.0,1.0,1.0,1.0,https://streetviewpixels-pa.googleapis.com/v1/thumbnail?panoid=9dVrEEUJrDtMAPe7YQWU0A&cb_client=search.gws-prod.gps&w=800&h=500&yaw=273.97812&pitch=0&thumbfov=100,https://streetviewpixels-pa.googleapis.com/v1/thumbnail?panoid=9dVrEEUJrDtMAPe7YQWU0A&cb_client=search.gws-prod.gps&w=1600&h=1000&yaw=273.97812&pitch=0&thumbfov=100,,,,,,,OPERATIONAL,{},,,,,,,False,None,Schmidt Homes Inc,,,,,,"https://www.google.com/maps/place/Schmidt+Homes+Inc/@30.0001027,-90.1640328,14z/data=!4m8!1m2!2m1!1sSchmidt+Homes+Inc!3m4!1s0x8620b03e87b00579:0x804e446ddea99ccc!8m2!3d30.0001027!4d-90.1640328","https://www.google.com/maps/place/Schmidt+Homes+Inc/@30.0001027,-90.1640328,13.99z/data=!4m16!1m7!3m6!1s0x8620b03e87b00579:0x804e446ddea99ccc!2sSchmidt+Homes+Inc!8m2!3d30.0001027!4d-90.1640328!16s%2Fg%2F11ckvg1dmb!3m7!1s0x8620b03e87b00579:0x804e446ddea99ccc!8m2!3d30.0001027!4d-90.1640328!9m1!1b1!16s%2Fg%2F11ckvg1dmb?entry=ttu",ChIJeQWwhz6wIIYRzJyp3m1EToA,0x8620b03e87b00579:0x804e446ddea99ccc,9245402323715988684,/g/1tf718vq,-9201341749993562932,,schmidthomesinc@gmail.com,RECEIVING,SMTP validated,,,,,,,,,,,,,,,,,,,,,,5048850900,landline,,,,,,,,,,,,,,,,,,,,,,,,,,Schmidt Homes | New Orleans Home Builders and Realty,wordpress,Schmidt Homes Inc. is a family run business building and selling beautiful homes in the New Orleans area. See the Schmidt difference here.,,,
"custom home builder, 70183, New Orleans, LA, US",Lado Builders LLC,Lado Builders,https://ladobuilders.com/,"Custom home builder, Construction company, Service establishment, General contractor",Custom home builder,Custom home builder,+1 504-256-4553,mobile,"NEW CINGULAR WIRELESS PCS, LLC - GA",,,,,,,,,,,31.7587436,-87.0397995,8944ec8746fffff,America/Chicago,,True,5.0,1.0,https://search.google.com/local/reviews?placeid=ChIJWdWEeNPr_2wRe-VXE2DNHYs&q=*&authuser=0&hl=en&gl=US,,,0.0,0.0,0.0,0.0,1.0,1.0,https://lh3.googleusercontent.com/p/AF1QipOEPejDg7B-M8EuljLkvZ-DxBN7Cz_DSG9r5szu=w800-h500-k-no,https://lh3.googleusercontent.com/p/AF1QipOEPejDg7B-M8EuljLkvZ-DxBN7Cz_DSG9r5szu=w1600-h1000-k-no,,"{""Sunday"": ""Closed"", ""Monday"": ""8AM-5PM"", ""Tuesday"": ""8AM-5PM"", ""Wednesday"": ""8AM-5PM"", ""Thursday"": ""8AM-5PM"", ""Friday"": ""8AM-5PM"", ""Saturday"": ""Closed""}","Sunday,|Monday,8AM,5PM|Tuesday,8AM,5PM|Wednesday,8AM,5PM|Thursday,8AM,5PM|Friday,8AM,5PM|Saturday,",Sunday:Closed|Monday:8AM-5PM|Tuesday:8AM-5PM|Wednesday:8AM-5PM|Thursday:8AM-5PM|Friday:8AM-5PM|Saturday:Closed,,,OPERATIONAL,{},,,,https://lh6.googleusercontent.com/-AgFDD709loU/AAAAAAAAAAI/AAAAAAAAAAA/LWRWuswSxko/s44-p-k-no-ns-nd/photo.jpg,,,True,104099829438669410773,Lado Builders LLC,https://www.google.com/maps/contrib/104099829438669410773,,,,,"https://www.google.com/maps/place/Lado+Builders+LLC/@31.7587436,-87.0397995,14z/data=!4m8!1m2!2m1!1sLado+Builders+LLC!3m4!1s0x6cffebd37884d559:0x8b1dcd601357e57b!8m2!3d31.7587436!4d-87.0397995","https://www.google.com/maps/place/Lado+Builders+LLC/@31.7587436,-87.0397995,13.99z/data=!4m16!1m7!3m6!1s0x6cffebd37884d559:0x8b1dcd601357e57b!2sLado+Builders+LLC!8m2!3d31.7587436!4d-87.0397995!16s%2Fg%2F11ckvg1dmb!3m7!1s0x6cffebd37884d559:0x8b1dcd601357e57b!8m2!3d31.7587436!4d-87.0397995!9m1!1b1!16s%2Fg%2F11ckvg1dmb?entry=ttu",ChIJWdWEeNPr_2wRe-VXE2DNHYs,0x6cffebd37884d559:0x8b1dcd601357e57b,10024394158121674107,/g/11y2ptls9w,-8422349915587877509,,carlos@ladobuilders.com,RECEIVING,SMTP validated,,,,,,,,,,,,,,,,,,,,,,,,,,,,,,,,,,,,,,,,,,,,,,,,,136 Diane | Lado Builders,Wix.com Website Builder,Lado Builders LLC is a licensed and insured residential general contractor specializing in custom home building and home renovations.,,False,False
"custom home builder, 70183, New Orleans, LA, US","All Star Premier Homes, LLC",All Star Premier Homes,http://allstarpremierhomes.com/,Home builder,Home builder,Home builder,+1 504-287-3706,mobile,T-Mobile USA Inc.,,"825 Little Farms Ave, Metairie, LA 70003",None,825 Little Farms Ave,Metairie,70003,Louisiana,Louisiana,United States of America,US,29.976492699999998,-90.2139579,8944465413bffff,America/Chicago,,False,3.0,2.0,https://search.google.com/local/reviews?placeid=ChIJ_YsMyqewIIYRdeYx0ogERMk&q=*&authuser=0&hl=en&gl=US,,,1.0,0.0,0.0,0.0,1.0,1.0,https://streetviewpixels-pa.googleapis.com/v1/thumbnail?panoid=_9WFSM_43fFQLO3maJFhXQ&cb_client=search.gws-prod.gps&w=800&h=500&yaw=118.01288&pitch=0&thumbfov=100,https://streetviewpixels-pa.googleapis.com/v1/thumbnail?panoid=_9WFSM_43fFQLO3maJFhXQ&cb_client=search.gws-prod.gps&w=1600&h=1000&yaw=118.01288&pitch=0&thumbfov=100,,,,,,,OPERATIONAL,{},,,,https://lh6.googleusercontent.com/-MsdkBVfGrLk/AAAAAAAAAAI/AAAAAAAAAAA/x8XwqR1jf7k/s44-p-k-no-ns-nd/photo.jpg,,,True,104558712660405645217,"All Star Premier Homes, LLC",https://www.google.com/maps/contrib/104558712660405645217,,https://allstarpremierhomes.com/contact-us/,,https://allstarpremierhomes.com/contact-us/,"https://www.google.com/maps/place/All+Star+Premier+Homes%2C+LLC/@29.976492699999998,-90.2139579,14z/data=!4m8!1m2!2m1!1sAll+Star+Premier+Homes%2C+LLC!3m4!1s0x8620b0a7ca0c8bfd:0xc9440488d231e675!8m2!3d29.976492699999998!4d-90.2139579","https://www.google.com/maps/place/All+Star+Premier+Homes%2C+LLC/@29.976492699999998,-90.2139579,13.99z/data=!4m16!1m7!3m6!1s0x8620b0a7ca0c8bfd:0xc9440488d231e675!2sAll+Star+Premier+Homes%2C+LLC!8m2!3d29.976492699999998!4d-90.2139579!16s%2Fg%2F11ckvg1dmb!3m7!1s0x8620b0a7ca0c8bfd:0xc9440488d231e675!8m2!3d29.976492699999998!4d-90.2139579!9m1!1b1!16s%2Fg%2F11ckvg1dmb?entry=ttu",ChIJ_YsMyqewIIYRdeYx0ogERMk,0x8620b0a7ca0c8bfd:0xc9440488d231e675,14502721685728388725,/g/11c2n_xd80,-3944022387981162891,,roy@allstarpremierhomes.com,RECEIVING,SMTP validated,Roy Brocato,Roy,Brocato,President,,,,,,,,,,,,,,,,,,,,,,,,,,,,,,,,https://www.linkedin.com/company/all-star-premier-homes,,,,,,,,,,,,,Metairie/New Orleans Custom Built Home Construction | All Star Premier Homes,Custom Login v3.2.15,"Metairie/New Orleans LA Custom Built Home Construction. All Star Premier Homes builds custom designed homes, including homes for first time buyers, or on your lot.",,,
"custom home builder, 70183, New Orleans, LA, US",Titan Construction,Titan Construction,https://titanconstruction.com/,"Custom home builder, Construction company",Custom home builder,Custom home builder,+1 504-455-5411,landline,,,"2955 Ridgelake Dr STE 102, Metairie, LA 70002",None,2955 Ridgelake Dr STE 102,Metairie,70002,Louisiana,Louisiana,United States of America,US,30.0047428,-90.1532556,89444655857ffff,America/Chicago,,False,5.0,13.0,https://search.google.com/local/reviews?placeid=ChIJPeecF-KwIIYR17R-ok8mH98&q=*&authuser=0&hl=en&gl=US,,,0.0,0.0,0.0,0.0,13.0,129.0,https://lh3.googleusercontent.com/p/AF1QipNoBbM_edM1rfI2OOlQZYK4YjGUpiL9qA45Spdg=w800-h500-k-no,https://lh3.googleusercontent.com/p/AF1QipNoBbM_edM1rfI2OOlQZYK4YjGUpiL9qA45Spdg=w1600-h1000-k-no,,"{""Sunday"": ""Closed"", ""Monday"": ""9AM-5PM"", ""Tuesday"": ""9AM-5PM"", ""Wednesday"": ""9AM-5PM"", ""Thursday"": ""9AM-5PM"", ""Friday"": ""9AM-5PM"", ""Saturday"": ""Closed""}","Sunday,|Monday,9AM,5PM|Tuesday,9AM,5PM|Wednesday,9AM,5PM|Thursday,9AM,5PM|Friday,9AM,5PM|Saturday,",Sunday:Closed|Monday:9AM-5PM|Tuesday:9AM-5PM|Wednesday:9AM-5PM|Thursday:9AM-5PM|Friday:9AM-5PM|Saturday:Closed,,,OPERATIONAL,{},,,,https://lh5.googleusercontent.com/-nX7Zsc7_4us/AAAAAAAAAAI/AAAAAAAAAAA/ugD0Jt1fEnU/s44-p-k-no-ns-nd/photo.jpg,,,True,116645441092007433135,Titan Construction,https://www.google.com/maps/contrib/116645441092007433135,,,,,"https://www.google.com/maps/place/Titan+Construction/@30.0047428,-90.1532556,14z/data=!4m8!1m2!2m1!1sTitan+Construction!3m4!1s0x8620b0e2179ce73d:0xdf1f264fa27eb4d7!8m2!3d30.0047428!4d-90.1532556","https://www.google.com/maps/place/Titan+Construction/@30.0047428,-90.1532556,13.99z/data=!4m16!1m7!3m6!1s0x8620b0e2179ce73d:0xdf1f264fa27eb4d7!2sTitan+Construction!8m2!3d30.0047428!4d-90.1532556!16s%2Fg%2F11ckvg1dmb!3m7!1s0x8620b0e2179ce73d:0xdf1f264fa27eb4d7!8m2!3d30.0047428!4d-90.1532556!9m1!1b1!16s%2Fg%2F11ckvg1dmb?entry=ttu",ChIJPeecF-KwIIYR17R-ok8mH98,0x8620b0e2179ce73d:0xdf1f264fa27eb4d7,16077611318206444759,/g/11bv6pc7mq,-2369132755503106857,,Shirley@titanconstruction.Com,RECEIVING,Catch All,Shirley Hanson,Shirley,Hanson,,,stephen@titanconstruction.com,RECEIVING,SMTP validated,Stephen Fleishmann,Stephen,Fleishmann,Owner,,lawrence@titanconstruction.com,RECEIVING,SMTP validated,Lawrence Warren,Lawrence,Warren,Partner,,15044555411,landline,,,,,,,,,,,https://www.facebook.com/TitanConstructionNOLA,https://www.instagram.com/titanconstructionnola,https://www.linkedin.com/company/titan-construction-inc.,,,,,,,,,,,,,Titan Construction | Custom Residential Contracting Firm in New Orleans,Joomla! - Open Source Content Management,Specializing in complex custom residential construction in the New Orleans metro area.,,False,True
"custom home builder, 70183, New Orleans, LA, US",MLM Custom Homes & Renovations,Mlm Custom Homes And Renovations,https://mlm-inc.com/,"Custom home builder, Bathroom remodeler, General contractor, Kitchen remodeler, Remodeler",General contractor,Custom home builder,+1 504-322-7050,landline,,,"1400 Distributors Row, Elmwood, LA 70123",None,1400 Distributors Row,Elmwood,70123,Louisiana,Louisiana,United States of America,US,29.9598952,-90.1911657,89444654073ffff,America/Chicago,,False,4.6,63.0,https://search.google.com/local/reviews?placeid=ChIJB1zlKfywIIYRS1UFlDq1zSU&q=*&authuser=0&hl=en&gl=US,,,6.0,0.0,0.0,2.0,55.0,106.0,https://lh3.googleusercontent.com/gps-cs-s/AG0ilSznxNNCtdcRseA_3x5eSyNwCnMxlIhjxBkbnPJlh7wOwSS3B557Qv_3iGU9pipPJBLJtdLTl4Qf7B3L2CBqBzklh4Yu1DiH7FpzL_639EMgHjMxigOJJjB8jqlsiZt4IyO-cQ-b=w800-h500-k-no,https://lh3.googleusercontent.com/gps-cs-s/AG0ilSznxNNCtdcRseA_3x5eSyNwCnMxlIhjxBkbnPJlh7wOwSS3B557Qv_3iGU9pipPJBLJtdLTl4Qf7B3L2CBqBzklh4Yu1DiH7FpzL_639EMgHjMxigOJJjB8jqlsiZt4IyO-cQ-b=w1600-h1000-k-no,,"{""Sunday"": ""Closed"", ""Monday"": ""7AM-5PM"", ""Tuesday"": ""7AM-5PM"", ""Wednesday"": ""7AM-5PM"", ""Thursday"": ""7AM-5PM"", ""Friday"": ""7AM-5PM"", ""Saturday"": ""Closed""}","Sunday,|Monday,7AM,5PM|Tuesday,7AM,5PM|Wednesday,7AM,5PM|Thursday,7AM,5PM|Friday,7AM,5PM|Saturday,",Sunday:Closed|Monday:7AM-5PM|Tuesday:7AM-5PM|Wednesday:7AM-5PM|Thursday:7AM-5PM|Friday:7AM-5PM|Saturday:Closed,,,OPERATIONAL,"{""Service options"": {""Online estimates"": true, ""Onsite services"": true}, ""Accessibility"": {""Wheelchair accessible parking lot"": true}, ""Parking"": {""Free parking lot"": true, ""On-site parking"": true}}",,,,https://lh5.googleusercontent.com/-TMO2AZ3ury4/AAAAAAAAAAI/AAAAAAAAAAA/xAGTgOoRxbI/s44-p-k-no-ns-nd/photo.jpg,,,True,115940972812536659582,MLM Custom Homes & Renovations,https://www.google.com/maps/contrib/115940972812536659582,,https://mlm-inc.com/request-an-estimate/?utm_source=google&utm_medium=organic&utm_campaign=gbp_profile&utm_content=contact_link,,https://mlm-inc.com/request-an-estimate/?utm_source=google&utm_medium=organic&utm_campaign=gbp_profile&utm_content=contact_link,"https://www.google.com/maps/place/MLM+Custom+Homes+%26+Renovations/@29.9598952,-90.1911657,14z/data=!4m8!1m2!2m1!1sMLM+Custom+Homes+%26+Renovations!3m4!1s0x8620b0fc29e55c07:0x25cdb53a9405554b!8m2!3d29.9598952!4d-90.1911657","https://www.google.com/maps/place/MLM+Custom+Homes+%26+Renovations/@29.9598952,-90.1911657,13.99z/data=!4m16!1m7!3m6!1s0x8620b0fc29e55c07:0x25cdb53a9405554b!2sMLM+Custom+Homes+%26+Renovations!8m2!3d29.9598952!4d-90.1911657!16s%2Fg%2F11ckvg1dmb!3m7!1s0x8620b0fc29e55c07:0x25cdb53a9405554b!8m2!3d29.9598952!4d-90.1911657!9m1!1b1!16s%2Fg%2F11ckvg1dmb?entry=ttu",ChIJB1zlKfywIIYRS1UFlDq1zSU,0x8620b0fc29e55c07:0x25cdb53a9405554b,2724032612825126219,/g/1th244s2,2724032612825126219,,markmiller75@gmail.com,INVALID,Invalid SMTP,Mark Miller,Mark,Miller,Software Engineer,10000000000,machi@mlm-inc.com,RECEIVING,SMTP validated,Machi Medrzycki,Machi,Medrzycki,Founder,,info@mlm-inc.com,RECEIVING,SMTP validated,,,,,,5043227050,landline,,,15043227050,landline,,,10000000000,,,,https://www.facebook.com/MLMneworleans,https://www.instagram.com/incorporatedmlm,https://www.linkedin.com/company/mlm-custom-building-renovations,,,,,,,,https://twitter.com/MLMInc,,https://www.youtube.com/user/mlmincorporated/,,,Bathroom Renovations & Remodeling Services In Louisiana | MLM Inc.,,"From simple powder room ideas to master bathroom renovations, MLM Inc. is here to serve the greater New Orleans area. Read on to learn more.",,False,True
"custom home builder, 70183, New Orleans, LA, US",One Construction LLC,One Construction,https://www.oneconstructionla.com/,"Home builder, Construction company",Home builder,Home builder,+1 504-371-5538,landline,,,"3220 7th St Suite 100, Metairie, LA 70002",None,3220 7th St Suite 100,Metairie,70002,Louisiana,Louisiana,United States of America,US,30.0169084,-90.1559722,89444655867ffff,America/Chicago,,False,5.0,11.0,https://search.google.com/local/reviews?placeid=ChIJARZ3YSywIIYRBAw1FmFlBr8&q=*&authuser=0&hl=en&gl=US,,,0.0,0.0,0.0,0.0,11.0,32.0,https://lh3.googleusercontent.com/p/AF1QipN_42Y3V5XggJS1pudtU0DalDjgCNKui0V6jTRY=w800-h500-k-no,https://lh3.googleusercontent.com/p/AF1QipN_42Y3V5XggJS1pudtU0DalDjgCNKui0V6jTRY=w1600-h1000-k-no,,"{""Sunday"": ""Closed"", ""Monday"": ""8AM-5PM"", ""Tuesday"": ""8AM-5PM"", ""Wednesday"": ""8AM-5PM"", ""Thursday"": ""8AM-5PM"", ""Friday"": ""8AM-5PM"", ""Saturday"": ""Closed""}","Sunday,|Monday,8AM,5PM|Tuesday,8AM,5PM|Wednesday,8AM,5PM|Thursday,8AM,5PM|Friday,8AM,5PM|Saturday,",Sunday:Closed|Monday:8AM-5PM|Tuesday:8AM-5PM|Wednesday:8AM-5PM|Thursday:8AM-5PM|Friday:8AM-5PM|Saturday:Closed,,,OPERATIONAL,"{""Service options"": {""Online estimates"": true, ""Onsite services"": true}, ""Accessibility"": {""Wheelchair accessible entrance"": true, ""Wheelchair accessible parking lot"": true, ""Wheelchair accessible restroom"": false, ""Wheelchair accessible seating"": false}, ""Amenities"": {""Gender-neutral restroom"": true}}",,,,https://lh5.googleusercontent.com/-jZQxQhu5AI4/AAAAAAAAAAI/AAAAAAAAAAA/xiRVBTg80BE/s44-p-k-no-ns-nd/photo.jpg,,,True,117946419397019773022,One Construction LLC,https://www.google.com/maps/contrib/117946419397019773022,,,,,"https://www.google.com/maps/place/One+Construction+LLC/@30.0169084,-90.1559722,14z/data=!4m8!1m2!2m1!1sOne+Construction+LLC!3m4!1s0x8620b02c61771601:0xbf06656116350c04!8m2!3d30.0169084!4d-90.1559722","https://www.google.com/maps/place/One+Construction+LLC/@30.0169084,-90.1559722,13.99z/data=!4m16!1m7!3m6!1s0x8620b02c61771601:0xbf06656116350c04!2sOne+Construction+LLC!8m2!3d30.0169084!4d-90.1559722!16s%2Fg%2F11ckvg1dmb!3m7!1s0x8620b02c61771601:0xbf06656116350c04!8m2!3d30.0169084!4d-90.1559722!9m1!1b1!16s%2Fg%2F11ckvg1dmb?entry=ttu",ChIJARZ3YSywIIYRBAw1FmFlBr8,0x8620b02c61771601:0xbf06656116350c04,13764800778763308036,/g/11b5wffldk,-4681943294946243580,,brad@oneconstructionla.com,RECEIVING,SMTP validated,Brad Swanford,Brad,Swanford,"Owner, Chief Executive Officer",,,,,,,,,,,,,,,,,,5043715538,landline,,,,,,,,,,,https://www.facebook.com/oneconstructionllc/,https://www.instagram.com/1constructionla,,,,,,,,,,,,,,Residential Construction | One Construction | Commercial | Residential | Contractor | New Orleans,,,,False,True
"custom home builder, 70183, New Orleans, LA, US",DMG Custom Home and Remodel,Dmg Custom Home And Remodel,https://dmgnola.com/,Contractor,Contractor,Contractor,+1 504-275-6664,fixed line,"BANDWIDTH.COM CLEC, LLC - LA",,"2345 Metairie Rd, Metairie, LA 70001",None,2345 Metairie Rd,Metairie,70001,Louisiana,Louisiana,United States of America,US,29.9831552,-90.1496193,89444655e97ffff,America/Chicago,,False,4.6,20.0,https://search.google.com/local/reviews?placeid=ChIJ_aDwogewIIYR0bGbmDids5Q&q=*&authuser=0&hl=en&gl=US,,,1.0,1.0,1.0,0.0,17.0,16.0,https://lh3.googleusercontent.com/p/AF1QipM46S3eU-hHPwqtEEOEaTsH-yPfrJbwSZdFWVMJ=w800-h500-k-no,https://lh3.googleusercontent.com/p/AF1QipM46S3eU-hHPwqtEEOEaTsH-yPfrJbwSZdFWVMJ=w1600-h1000-k-no,,"{""Sunday"": ""Closed"", ""Monday"": ""8AM-4PM"", ""Tuesday"": ""8AM-4PM"", ""Wednesday"": ""8AM-4PM"", ""Thursday"": ""8AM-4PM"", ""Friday"": ""8AM-2:30PM"", ""Saturday"": ""Closed""}","Sunday,|Monday,8AM,4PM|Tuesday,8AM,4PM|Wednesday,8AM,4PM|Thursday,8AM,4PM|Friday,8AM,2:30PM|Saturday,",Sunday:Closed|Monday:8AM-4PM|Tuesday:8AM-4PM|Wednesday:8AM-4PM|Thursday:8AM-4PM|Friday:8AM-2:30PM|Saturday:Closed,,,OPERATIONAL,"{""Accessibility"": {""Wheelchair accessible entrance"": true, ""Wheelchair accessible parking lot"": true}, ""Parking"": {""On-site parking"": true}}",,,,https://lh6.googleusercontent.com/-OkYV42B7EUo/AAAAAAAAAAI/AAAAAAAAAAA/060xRzJDpow/s44-p-k-no-ns-nd/photo.jpg,,,True,107662385523774219123,DMG Custom Home and Remodel,https://www.google.com/maps/contrib/107662385523774219123,,,,,"https://www.google.com/maps/place/DMG+Custom+Home+and+Remodel/@29.9831552,-90.1496193,14z/data=!4m8!1m2!2m1!1sDMG+Custom+Home+and+Remodel!3m4!1s0x8620b007a2f0a0fd:0x94b39d38989bb1d1!8m2!3d29.9831552!4d-90.1496193","https://www.google.com/maps/place/DMG+Custom+Home+and+Remodel/@29.9831552,-90.1496193,13.99z/data=!4m16!1m7!3m6!1s0x8620b007a2f0a0fd:0x94b39d38989bb1d1!2sDMG+Custom+Home+and+Remodel!8m2!3d29.9831552!4d-90.1496193!16s%2Fg%2F11ckvg1dmb!3m7!1s0x8620b007a2f0a0fd:0x94b39d38989bb1d1!8m2!3d29.9831552!4d-90.1496193!9m1!1b1!16s%2Fg%2F11ckvg1dmb?entry=ttu",ChIJ_aDwogewIIYR0bGbmDids5Q,0x8620b007a2f0a0fd:0x94b39d38989bb1d1,10715080804848611793,/g/11c525397b,-7731663268860939823,,info@dmgnola.com,INVALID,SMTP validated,,,,,,,,,,,,,,,,,,,,,,,,,,,,,,,,,,https://www.facebook.com/dmgnola/,https://www.instagram.com/dmgnola,https://www.linkedin.com/company/dmgnola,,,,,,,,,,,,,Top Home Builder and General Contractor New Orleans DMG NOLA -,,"DMG Design+Build is a premier General Contractor in New Orleans. We build communities and projects with the highest quality, professionalism and craftsmanship.",,,
"custom home builder, 70183, New Orleans, LA, US",Home Builders Association of Greater New Orleans,Home Builders Association Of Greater New Orleans,https://www.hbagno.org/,"Non-profit organization, Housing association",Non-profit organization,Non-profit organization,+1 504-837-2700,fixed line,"COMCAST PHONE OF LOUISIANA, LL",,"2424 N Arnoult Rd, Metairie, LA 70001",None,2424 N Arnoult Rd,Metairie,70001,Louisiana,Louisiana,United States of America,US,29.996768199999998,-90.1611607,8944465589bffff,America/Chicago,,False,5.0,9.0,https://search.google.com/local/reviews?placeid=ChIJe8gJ0hewIIYR9msv8QRxFWs&q=*&authuser=0&hl=en&gl=US,,,0.0,0.0,0.0,0.0,9.0,3.0,https://lh3.googleusercontent.com/p/AF1QipOr4QjtWnVg6lqXI_tuenSFnu0GO-q4chyo-kDb=w800-h500-k-no,https://lh3.googleusercontent.com/p/AF1QipOr4QjtWnVg6lqXI_tuenSFnu0GO-q4chyo-kDb=w1600-h1000-k-no,,"{""Sunday"": ""Closed"", ""Monday"": ""8AM-5PM"", ""Tuesday"": ""8AM-5PM"", ""Wednesday"": ""8AM-5PM"", ""Thursday"": ""8AM-5PM"", ""Friday"": ""8AM-5PM"", ""Saturday"": ""Closed""}","Sunday,|Monday,8AM,5PM|Tuesday,8AM,5PM|Wednesday,8AM,5PM|Thursday,8AM,5PM|Friday,8AM,5PM|Saturday,",Sunday:Closed|Monday:8AM-5PM|Tuesday:8AM-5PM|Wednesday:8AM-5PM|Thursday:8AM-5PM|Friday:8AM-5PM|Saturday:Closed,,,OPERATIONAL,"{""Accessibility"": {""Wheelchair accessible entrance"": true, ""Wheelchair accessible parking lot"": true}}",,,,https://lh6.googleusercontent.com/-iUI6AMQycn8/AAAAAAAAAAI/AAAAAAAAAAA/TYNPM4ld3WY/s44-p-k-no-ns-nd/photo.jpg,,,True,108623375011228378511,Home Builders Association of Greater New Orleans,https://www.google.com/maps/contrib/108623375011228378511,,https://www.hbagno.org/,,https://www.hbagno.org/,"https://www.google.com/maps/place/Home+Builders+Association+of+Greater+New+Orleans/@29.996768199999998,-90.1611607,14z/data=!4m8!1m2!2m1!1sHome+Builders+Association+of+Greater+New+Orleans!3m4!1s0x8620b017d209c87b:0x6b157104f12f6bf6!8m2!3d29.996768199999998!4d-90.1611607","https://www.google.com/maps/place/Home+Builders+Association+of+Greater+New+Orleans/@29.996768199999998,-90.1611607,13.99z/data=!4m16!1m7!3m6!1s0x8620b017d209c87b:0x6b157104f12f6bf6!2sHome+Builders+Association+of+Greater+New+Orleans!8m2!3d29.996768199999998!4d-90.1611607!16s%2Fg%2F11ckvg1dmb!3m7!1s0x8620b017d209c87b:0x6b157104f12f6bf6!8m2!3d29.996768199999998!4d-90.1611607!9m1!1b1!16s%2Fg%2F11ckvg1dmb?entry=ttu",ChIJe8gJ0hewIIYR9msv8QRxFWs,0x8620b017d209c87b:0x6b157104f12f6bf6,7716197802609437686,/g/1whdjqdx,7716197802609437686,,info@home-builders.org,RECEIVING,SMTP validated,,,,,,nola@realestatebookla.com,INVALID,Invalid SMTP,,,,,,victoria@home-builders.org,RECEIVING,SMTP validated,,,,,,15048372700,fixed line,"COMCAST PHONE OF LOUISIANA, LL",,5048372700,fixed line,"COMCAST PHONE OF LOUISIANA, LL",,,,,,https://www.facebook.com/hbagno,https://www.instagram.com/hbagno,http://linkedin.com/company/home-builders-association-of-greater-new-orleans,,,,,,,,https://twitter.com/HBAofGNO,,https://www.youtube.com/channel/UCpQnFTKAGIToJIxwBbzLXyw,,,"Home - Home Builders Association of Greater New Orleans, LA",,"Home Builders Association of Greater New Orleans is the local voice of residential construction. We enhance the industry through continuing education, networking events, advocacy, expertise and savings.",,,
"custom home builder, 70183, New Orleans, LA, US","Outdoor Living Designs, New Orleans, LA, USA",Outdoor Living Designs New Orleans La Usa,http://www.outdoorlivingdesigns.co/,"Deck builder, Service establishment",Deck builder,Deck builder,+1 504-250-4680,mobile,CELLCO PARTNERSHIP DBA VERIZON WIRELESS - LA,,,,,,,,,,,30.0326605,-89.9526745,8944464132bffff,America/Chicago,,True,5.0,1.0,https://search.google.com/local/reviews?placeid=ChIJayHaVtS2FoQR2y_GgWwnIUc&q=*&authuser=0&hl=en&gl=US,,,0.0,0.0,0.0,0.0,1.0,7.0,https://lh3.googleusercontent.com/p/AF1QipO88rVLtzBcFbywNV07PAn35iEDRCoe2qFT-WYZ=w800-h500-k-no,https://lh3.googleusercontent.com/p/AF1QipO88rVLtzBcFbywNV07PAn35iEDRCoe2qFT-WYZ=w1600-h1000-k-no,,,,,,,OPERATIONAL,"{""From the business"": {""Identifies as women-owned"": true}, ""Other"": {""Identifies as women-owned"": true}}",,,,https://lh5.googleusercontent.com/-UvqwnFOt_NI/AAAAAAAAAAI/AAAAAAAAAAA/1lV-GlirHt0/s44-p-k-no-ns-nd/photo.jpg,,,True,108144902570154215992,"Outdoor Living Designs, New Orleans, LA, USA",https://www.google.com/maps/contrib/108144902570154215992,,,,,"https://www.google.com/maps/place/Outdoor+Living+Designs%2C+New+Orleans%2C+LA%2C+USA/@30.0326605,-89.9526745,14z/data=!4m8!1m2!2m1!1sOutdoor+Living+Designs%2C+New+Orleans%2C+LA%2C+USA!3m4!1s0x8416b6d456da216b:0x4721276c81c62fdb!8m2!3d30.0326605!4d-89.9526745","https://www.google.com/maps/place/Outdoor+Living+Designs%2C+New+Orleans%2C+LA%2C+USA/@30.0326605,-89.9526745,13.99z/data=!4m16!1m7!3m6!1s0x8416b6d456da216b:0x4721276c81c62fdb!2sOutdoor+Living+Designs%2C+New+Orleans%2C+LA%2C+USA!8m2!3d30.0326605!4d-89.9526745!16s%2Fg%2F11ckvg1dmb!3m7!1s0x8416b6d456da216b:0x4721276c81c62fdb!8m2!3d30.0326605!4d-89.9526745!9m1!1b1!16s%2Fg%2F11ckvg1dmb?entry=ttu",ChIJayHaVtS2FoQR2y_GgWwnIUc,0x8416b6d456da216b:0x4721276c81c62fdb,5125421197911535579,/g/11q4bwsp6y,5125421197911535579,,,,,,,,,,,,,,,,,,,,,,,,,,,,,,,,,,,,,,,,,,,,,,,,,,,,,Kitchens And Bars | Outdoor Living Designs,Wix.com Website Builder,"Let Outdoor Living Designs create your dream outdoor kitchen! Choose from a wide variety of appliances and finishes. From design to completion, we are your one stop solution to all your outdoor projects. Ask about 3D renderings to enhance the design process.","Pergolas, Pavilions, outdoor kitchens, pavers, patios",False,False
"custom home builder, 70183, New Orleans, LA, US",Tyson Construction,Tyson Construction,http://tyson-construction.com/,"Home builder, Contractor, Service establishment",Home builder,Home builder,+1 504-905-1042,mobile,T-Mobile USA Inc.,,,,,,,,,,,29.987426499999998,-90.257041,89444656b2bffff,America/Chicago,,True,5.0,14.0,https://search.google.com/local/reviews?placeid=ChIJ_____2-3IIYRUbjuYY5mjZE&q=*&authuser=0&hl=en&gl=US,,,0.0,0.0,0.0,0.0,14.0,51.0,https://lh3.googleusercontent.com/p/AF1QipOpRMQePuwD4foaUCiIY6wAc28p8Sow42rdJGXC=w800-h500-k-no,https://lh3.googleusercontent.com/p/AF1QipOpRMQePuwD4foaUCiIY6wAc28p8Sow42rdJGXC=w1600-h1000-k-no,,"{""Sunday"": ""Closed"", ""Monday"": ""9AM-5PM"", ""Tuesday"": ""9AM-5PM"", ""Wednesday"": ""9AM-5PM"", ""Thursday"": ""9AM-5PM"", ""Friday"": ""9AM-5PM"", ""Saturday"": ""Closed""}","Sunday,|Monday,9AM,5PM|Tuesday,9AM,5PM|Wednesday,9AM,5PM|Thursday,9AM,5PM|Friday,9AM,5PM|Saturday,",Sunday:Closed|Monday:9AM-5PM|Tuesday:9AM-5PM|Wednesday:9AM-5PM|Thursday:9AM-5PM|Friday:9AM-5PM|Saturday:Closed,,,OPERATIONAL,{},,,,https://lh6.googleusercontent.com/-ncWrEZqzQ4M/AAAAAAAAAAI/AAAAAAAAAAA/VYG6l2LIIBg/s44-p-k-no-ns-nd/photo.jpg,,,True,102994358915377759437,Tyson Construction,https://www.google.com/maps/contrib/102994358915377759437,,,,,"https://www.google.com/maps/place/Tyson+Construction/@29.987426499999998,-90.257041,14z/data=!4m8!1m2!2m1!1sTyson+Construction!3m4!1s0x8620b76fffffffff:0x918d668e61eeb851!8m2!3d29.987426499999998!4d-90.257041","https://www.google.com/maps/place/Tyson+Construction/@29.987426499999998,-90.257041,13.99z/data=!4m16!1m7!3m6!1s0x8620b76fffffffff:0x918d668e61eeb851!2sTyson+Construction!8m2!3d29.987426499999998!4d-90.257041!16s%2Fg%2F11ckvg1dmb!3m7!1s0x8620b76fffffffff:0x918d668e61eeb851!8m2!3d29.987426499999998!4d-90.257041!9m1!1b1!16s%2Fg%2F11ckvg1dmb?entry=ttu",ChIJ_____2-3IIYRUbjuYY5mjZE,0x8620b76fffffffff:0x918d668e61eeb851,10488151868930177105,/g/1v9t_7z1,-7958592204779374511,,brek@tyson-construction.com,UNKNOWN,Cannot validate,Brek Bloyd,Brek,Bloyd,Finance Executive,,tyson.jones@hsc.utah.edu,RECEIVING,Catch All,Tyson Jones,Tyson,Jones,Chief Executive Officer,15093922917,zach.remaxsynergy@gmail.com,RECEIVING,SMTP validated,,,,,,15093922917,mobile,Verizon Wireless,True,12813524929,mobile,"NEW CINGULAR WIRELESS PCS, LLC - IL",,,,,,https://www.facebook.com/TysonConstruction,https://www.instagram.com/tysonconstruction,https://www.linkedin.com/company/tyson-construction,,,,,,,,,,,,,Tyson Construction – New Home Construction and Renovations,WordPress 5.4.16,,,False,False
"custom home builder, 70183, New Orleans, LA, US",Custom Built Garages,Custom Built Garages,http://custombuiltgarages.net/,General contractor,General contractor,General contractor,+1 504-456-6312,landline,,,"805 S Al Davis Rd, Harahan, LA 70123",None,805 S Al Davis Rd,Harahan,70123,Louisiana,Louisiana,United States of America,US,29.951726299999997,-90.1965189,8944465408fffff,America/Chicago,,False,5.0,4.0,https://search.google.com/local/reviews?placeid=ChIJ__8bCWi6IIYR4UWtvnRPHas&q=*&authuser=0&hl=en&gl=US,,,0.0,0.0,0.0,0.0,4.0,26.0,https://lh3.googleusercontent.com/gps-cs-s/AG0ilSxkZFh04fkGw4s1eZLSF7XhlHbJit1Q_URwWgWiIkGI8AjcRLE5G_L6Sp1OEjaaL3eaQ4XVDe0Vpoh8Jxslux9XYtnOwGGe0V85EiAEoaub6NfZbnEsPEhhhy0_PygXfQroEOJM=w800-h500-k-no,https://lh3.googleusercontent.com/gps-cs-s/AG0ilSxkZFh04fkGw4s1eZLSF7XhlHbJit1Q_URwWgWiIkGI8AjcRLE5G_L6Sp1OEjaaL3eaQ4XVDe0Vpoh8Jxslux9XYtnOwGGe0V85EiAEoaub6NfZbnEsPEhhhy0_PygXfQroEOJM=w1600-h1000-k-no,,"{""Sunday"": ""Open 24 hours"", ""Monday"": ""Open 24 hours"", ""Tuesday"": ""Open 24 hours"", ""Wednesday"": ""Open 24 hours"", ""Thursday"": ""Open 24 hours"", ""Friday"": ""Open 24 hours"", ""Saturday"": ""Open 24 hours""}","Sunday,Open 24 hours|Monday,Open 24 hours|Tuesday,Open 24 hours|Wednesday,Open 24 hours|Thursday,Open 24 hours|Friday,Open 24 hours|Saturday,Open 24 hours",Sunday:Open 24 hours|Monday:Open 24 hours|Tuesday:Open 24 hours|Wednesday:Open 24 hours|Thursday:Open 24 hours|Friday:Open 24 hours|Saturday:Open 24 hours,,,OPERATIONAL,"{""Accessibility"": {""Wheelchair accessible parking lot"": true}}",,,,,,,False,None,Custom Built Garages,,,,,,"https://www.google.com/maps/place/Custom+Built+Garages/@29.951726299999997,-90.1965189,14z/data=!4m8!1m2!2m1!1sCustom+Built+Garages!3m4!1s0x8620ba68091bffff:0xab1d4f74bead45e1!8m2!3d29.951726299999997!4d-90.1965189","https://www.google.com/maps/place/Custom+Built+Garages/@29.951726299999997,-90.1965189,13.99z/data=!4m16!1m7!3m6!1s0x8620ba68091bffff:0xab1d4f74bead45e1!2sCustom+Built+Garages!8m2!3d29.951726299999997!4d-90.1965189!16s%2Fg%2F11ckvg1dmb!3m7!1s0x8620ba68091bffff:0xab1d4f74bead45e1!8m2!3d29.951726299999997!4d-90.1965189!9m1!1b1!16s%2Fg%2F11ckvg1dmb?entry=ttu",ChIJ__8bCWi6IIYR4UWtvnRPHas,0x8620ba68091bffff:0xab1d4f74bead45e1,12330098717644113377,/g/11hy9nw4q6,-6116645356065438239,,j.dudenhoeffer@custombuiltgarages.net,INVALID,Invalid DNS,Jimmie Dudenhoeffer,Jimmie,Dudenhoeffer,,,,,,,,,,,,,,,,,,,,,,,,,,,,,,,,,,,,,,,,,,,,,,Custom Built Garages Patios Additions New Orleans Harahan River Ridge Metairie,,,,,
"custom home builder, 70183, New Orleans, LA, US","Gilco Home Services, LLC",Gilco Home Services,http://www.gilcollc.com/,"Custom home builder, General contractor, Deck builder, Dry wall contractor, Garage builder, Kitchen remodeler, Roofing contractor, Siding contractor, Sunroom contractor, Swimming pool contractor",General contractor,Custom home builder,+1 504-342-8895,landline,,,"5616 Salmen St Suite B, New Orleans, LA 70123",None,5616 Salmen St Suite B,New Orleans,70123,Louisiana,Louisiana,United States of America,US,29.9608863,-90.1934479,89444654077ffff,America/Chicago,,False,5.0,2.0,https://search.google.com/local/reviews?placeid=ChIJUx3o9EenIIYR0rM2zsDuNKg&q=*&authuser=0&hl=en&gl=US,,,0.0,0.0,0.0,0.0,2.0,1.0,https://streetviewpixels-pa.googleapis.com/v1/thumbnail?panoid=6o0w1LPa0243ltaVGyBKVw&cb_client=search.gws-prod.gps&w=800&h=500&yaw=156.38611&pitch=0&thumbfov=100,https://streetviewpixels-pa.googleapis.com/v1/thumbnail?panoid=6o0w1LPa0243ltaVGyBKVw&cb_client=search.gws-prod.gps&w=1600&h=1000&yaw=156.38611&pitch=0&thumbfov=100,,"{""Sunday"": ""Closed"", ""Monday"": ""7:30AM-4:30PM"", ""Tuesday"": ""7:30AM-4:30PM"", ""Wednesday"": ""7:30AM-4:30PM"", ""Thursday"": ""7:30AM-4:30PM"", ""Friday"": ""7:30AM-4:30PM"", ""Saturday"": ""Closed""}","Sunday,|Monday,7:30AM,4:30PM|Tuesday,7:30AM,4:30PM|Wednesday,7:30AM,4:30PM|Thursday,7:30AM,4:30PM|Friday,7:30AM,4:30PM|Saturday,",Sunday:Closed|Monday:7:30AM-4:30PM|Tuesday:7:30AM-4:30PM|Wednesday:7:30AM-4:30PM|Thursday:7:30AM-4:30PM|Friday:7:30AM-4:30PM|Saturday:Closed,,,OPERATIONAL,"{""Service options"": {""Online estimates"": true}, ""Accessibility"": {""Wheelchair accessible parking lot"": true}}",,,,https://lh3.googleusercontent.com/-mLpyqheKvj8/AAAAAAAAAAI/AAAAAAAAAAA/lcgoV1L7zcw/s44-p-k-no-ns-nd/photo.jpg,,,True,106068367988848844338,"Gilco Home Services, LLC",https://www.google.com/maps/contrib/106068367988848844338,,,,,"https://www.google.com/maps/place/Gilco+Home+Services%2C+LLC/@29.9608863,-90.1934479,14z/data=!4m8!1m2!2m1!1sGilco+Home+Services%2C+LLC!3m4!1s0x8620a747f4e81d53:0xa834eec0ce36b3d2!8m2!3d29.9608863!4d-90.1934479","https://www.google.com/maps/place/Gilco+Home+Services%2C+LLC/@29.9608863,-90.1934479,13.99z/data=!4m16!1m7!3m6!1s0x8620a747f4e81d53:0xa834eec0ce36b3d2!2sGilco+Home+Services%2C+LLC!8m2!3d29.9608863!4d-90.1934479!16s%2Fg%2F11ckvg1dmb!3m7!1s0x8620a747f4e81d53:0xa834eec0ce36b3d2!8m2!3d29.9608863!4d-90.1934479!9m1!1b1!16s%2Fg%2F11ckvg1dmb?entry=ttu",ChIJUx3o9EenIIYR0rM2zsDuNKg,0x8620a747f4e81d53:0xa834eec0ce36b3d2,12120575009021670354,/g/11b6ln065g,-6326169064687881262,,office@gilcollc.com,UNKNOWN,Cannot validate,,,,,,office@gilcollc.com,UNKNOWN,Cannot validate,,,,,,office@gilcollc.com,UNKNOWN,Cannot validate,,,,,,15043428895,landline,,,5044424815,mobile,CELLCO PARTNERSHIP DBA VERIZON WIRELESS - LA,,5043428895,landline,,,https://www.facebook.com/GilcoConstructionCompanyLLC,,,,,,,,,,,,,,,Gilco Construction Company • Gilco Home Page,WordPress 6.8.3,"Gilco Construction Company is a commercial and residential construction company located in New Orleans, Louisiana U.S.A.",,False,True
"custom home builder, 70183, New Orleans, LA, US",AHR LLC,Ahr,,"Custom home builder, Service establishment",Custom home builder,Custom home builder,+1 504-275-5148,landline,,,,,,,,,,,,30.205873999999998,-90.42997849999999,8944460dc73ffff,America/Chicago,,True,,,,,,,,,,,1.0,https://lh3.googleusercontent.com/gps-cs-s/AG0ilSzoNneUmdF40cxx44OGlB9R7-fiS5RE7Z8RERNH4bwHLov7Va-FQKY7OMMjAHBvhaMwtqdX6G9ziQHN3coa3IP_DE2dYFHULND-BuHQP8ajEn6INFjudA6I7DXhOPRm1bO64lqc2A=w800-h500-k-no,https://lh3.googleusercontent.com/gps-cs-s/AG0ilSzoNneUmdF40cxx44OGlB9R7-fiS5RE7Z8RERNH4bwHLov7Va-FQKY7OMMjAHBvhaMwtqdX6G9ziQHN3coa3IP_DE2dYFHULND-BuHQP8ajEn6INFjudA6I7DXhOPRm1bO64lqc2A=w1600-h1000-k-no,,"{""Sunday"": ""Closed"", ""Monday"": ""8AM-5AM"", ""Tuesday"": ""8AM-5AM"", ""Wednesday"": ""8AM-5AM"", ""Thursday"": ""8AM-5AM"", ""Friday"": ""8AM-5AM"", ""Saturday"": ""8AM-3AM""}","Sunday,|Monday,8AM,5AM|Tuesday,8AM,5AM|Wednesday,8AM,5AM|Thursday,8AM,5AM|Friday,8AM,5AM|Saturday,8AM,3AM",Sunday:Closed|Monday:8AM-5AM|Tuesday:8AM-5AM|Wednesday:8AM-5AM|Thursday:8AM-5AM|Friday:8AM-5AM|Saturday:8AM-3AM,,,OPERATIONAL,{},,,,https://lh3.googleusercontent.com/-PpRpFZTvHZY/AAAAAAAAAAI/AAAAAAAAAAA/5p-_QJ93JKM/s44-p-k-no-ns-nd/photo.jpg,,,True,102093373492248474869,AHR LLC,https://www.google.com/maps/contrib/102093373492248474869,,,,,"https://www.google.com/maps/place/AHR+LLC/@30.205873999999998,-90.42997849999999,14z/data=!4m8!1m2!2m1!1sAHR+LLC!3m4!1s0x44d7963fd788ea5f:0xd99f1751819b9dda!8m2!3d30.205873999999998!4d-90.42997849999999","https://www.google.com/maps/place/AHR+LLC/@30.205873999999998,-90.42997849999999,13.99z/data=!4m16!1m7!3m6!1s0x44d7963fd788ea5f:0xd99f1751819b9dda!2sAHR+LLC!8m2!3d30.205873999999998!4d-90.42997849999999!16s%2Fg%2F11ckvg1dmb!3m7!1s0x44d7963fd788ea5f:0xd99f1751819b9dda!8m2!3d30.205873999999998!4d-90.42997849999999!9m1!1b1!16s%2Fg%2F11ckvg1dmb?entry=ttu",ChIJX-qI1z-W10QR2p2bgVEXn9k,0x44d7963fd788ea5f:0xd99f1751819b9dda,15681278066361605594,/g/11p13vzxhq,None,,,,,,,,,,,,,,,,,,,,,,,,,,,,,,,,,,,,,,,,,,,,,,,,,,,,,,,,,,
"custom home builder, 70183, New Orleans, LA, US",TAG Homes Inc,Tag Homes,https://builtbytag.com/,Construction company,Construction company,Construction company,+1 504-888-3897,landline,,,"Gennusa Building, 4405 N Interstate 10 Service Rd W # 300, Metairie, LA 70006",None,"Gennusa Building, 4405 N Interstate 10 Service Rd W # 300",Metairie,70006,Louisiana,Louisiana,United States of America,US,29.999537699999998,-90.1803394,89444655d1bffff,America/Chicago,,False,5.0,3.0,https://search.google.com/local/reviews?placeid=ChIJoXVxqF2wIIYRcvC9f3Acoug&q=*&authuser=0&hl=en&gl=US,,,0.0,0.0,0.0,0.0,3.0,2.0,https://lh3.googleusercontent.com/p/AF1QipNuiH953wqNQ456nDB5AE8s2WzeORYXCB98rTfb=w800-h500-k-no,https://lh3.googleusercontent.com/p/AF1QipNuiH953wqNQ456nDB5AE8s2WzeORYXCB98rTfb=w1600-h1000-k-no,,"{""Sunday"": ""Closed"", ""Monday"": ""8:30AM-4:30PM"", ""Tuesday"": ""8:30AM-4:30PM"", ""Wednesday"": ""8:30AM-4:30PM"", ""Thursday"": ""8:30AM-4:30PM"", ""Friday"": ""8:30AM-4:30PM"", ""Saturday"": ""Closed""}","Sunday,|Monday,8:30AM,4:30PM|Tuesday,8:30AM,4:30PM|Wednesday,8:30AM,4:30PM|Thursday,8:30AM,4:30PM|Friday,8:30AM,4:30PM|Saturday,",Sunday:Closed|Monday:8:30AM-4:30PM|Tuesday:8:30AM-4:30PM|Wednesday:8:30AM-4:30PM|Thursday:8:30AM-4:30PM|Friday:8:30AM-4:30PM|Saturday:Closed,,,OPERATIONAL,"{""Accessibility"": {""Wheelchair accessible parking lot"": true}}",,,,https://lh4.googleusercontent.com/-xIurQ6ftjuM/AAAAAAAAAAI/AAAAAAAAAAA/UiTbaRuu42I/s44-p-k-no-ns-nd/photo.jpg,,,True,109761573239838819880,TAG Homes Inc,https://www.google.com/maps/contrib/109761573239838819880,,,,,"https://www.google.com/maps/place/TAG+Homes+Inc/@29.999537699999998,-90.1803394,14z/data=!4m8!1m2!2m1!1sTAG+Homes+Inc!3m4!1s0x8620b05da87175a1:0xe8a21c707fbdf072!8m2!3d29.999537699999998!4d-90.1803394","https://www.google.com/maps/place/TAG+Homes+Inc/@29.999537699999998,-90.1803394,13.99z/data=!4m16!1m7!3m6!1s0x8620b05da87175a1:0xe8a21c707fbdf072!2sTAG+Homes+Inc!8m2!3d29.999537699999998!4d-90.1803394!16s%2Fg%2F11ckvg1dmb!3m7!1s0x8620b05da87175a1:0xe8a21c707fbdf072!8m2!3d29.999537699999998!4d-90.1803394!9m1!1b1!16s%2Fg%2F11ckvg1dmb?entry=ttu",ChIJoXVxqF2wIIYRcvC9f3Acoug,0x8620b05da87175a1:0xe8a21c707fbdf072,16762992032531476594,/g/1tc_4g3q,-1683752041178075022,,tommy@builtbytag.com,RECEIVING,SMTP validated,,,,,,scott@builtbytag.com,INVALID,Cannot validate,,,,,,jessica@builtbytag.com,RECEIVING,SMTP validated,,,,,,,,,,,,,,,,,,https://www.facebook.com/TAG-Homes-Inc-589728701226711/,https://www.instagram.com/builtbytag,,,,,,,,,,https://vimeo.com/user62055920,,,,"TAG Homes, Inc.",Powered by WPBakery Page Builder - drag and drop page builder for WordPress.,,,False,False
"custom home builder, 70183, New Orleans, LA, US",Chatagnier Construction LLC,Chatagnier Construction,https://chatagnierconstruction.com/contact-us,Contractor,Contractor,Contractor,+1 504-234-6212,mobile,"NEW CINGULAR WIRELESS PCS, LLC - GA",,"1520 Kuebel St #7, New Orleans, LA 70123",None,1520 Kuebel St #7,New Orleans,70123,Louisiana,Louisiana,United States of America,US,29.9638457,-90.1938289,8944465402bffff,America/Chicago,,False,5.0,5.0,https://search.google.com/local/reviews?placeid=ChIJN1XxiD6wIIYRy-Eq0Fl0IHY&q=*&authuser=0&hl=en&gl=US,,,0.0,0.0,0.0,0.0,5.0,13.0,https://lh3.googleusercontent.com/p/AF1QipO0HzGNh_akiBTB_EpjcwgrfciX-Tct0Qf9gPHh=w800-h500-k-no,https://lh3.googleusercontent.com/p/AF1QipO0HzGNh_akiBTB_EpjcwgrfciX-Tct0Qf9gPHh=w1600-h1000-k-no,,"{""Sunday"": ""Closed"", ""Monday"": ""8AM-5PM"", ""Tuesday"": ""8AM-5PM"", ""Wednesday"": ""8AM-5PM"", ""Thursday"": ""8AM-5PM"", ""Friday"": ""8AM-5PM"", ""Saturday"": ""8AM-5PM""}","Sunday,|Monday,8AM,5PM|Tuesday,8AM,5PM|Wednesday,8AM,5PM|Thursday,8AM,5PM|Friday,8AM,5PM|Saturday,8AM,5PM",Sunday:Closed|Monday:8AM-5PM|Tuesday:8AM-5PM|Wednesday:8AM-5PM|Thursday:8AM-5PM|Friday:8AM-5PM|Saturday:8AM-5PM,,,OPERATIONAL,"{""Accessibility"": {""Wheelchair accessible parking lot"": true}, ""Parking"": {""On-site parking"": true}}",,,,https://lh3.googleusercontent.com/-qBHwRij1g1Q/AAAAAAAAAAI/AAAAAAAAAAA/wqvaZYAiPpA/s44-p-k-no-ns-nd/photo.jpg,,,True,106635871673225192900,Chatagnier Construction LLC,https://www.google.com/maps/contrib/106635871673225192900,,,,,"https://www.google.com/maps/place/Chatagnier+Construction+LLC/@29.9638457,-90.1938289,14z/data=!4m8!1m2!2m1!1sChatagnier+Construction+LLC!3m4!1s0x8620b03e88f15537:0x76207459d02ae1cb!8m2!3d29.9638457!4d-90.1938289","https://www.google.com/maps/place/Chatagnier+Construction+LLC/@29.9638457,-90.1938289,13.99z/data=!4m16!1m7!3m6!1s0x8620b03e88f15537:0x76207459d02ae1cb!2sChatagnier+Construction+LLC!8m2!3d29.9638457!4d-90.1938289!16s%2Fg%2F11ckvg1dmb!3m7!1s0x8620b03e88f15537:0x76207459d02ae1cb!8m2!3d29.9638457!4d-90.1938289!9m1!1b1!16s%2Fg%2F11ckvg1dmb?entry=ttu",ChIJN1XxiD6wIIYRy-Eq0Fl0IHY,0x8620b03e88f15537:0x76207459d02ae1cb,8511931224823620043,/g/11hy_xymtm,8511931224823620043,,chadchatagnier82@gmail.com,RECEIVING,SMTP validated,,,,,,,,,,,,,,,,,,,,,,15042346212,mobile,"NEW CINGULAR WIRELESS PCS, LLC - GA",,,,,,,,,,https://www.facebook.com/chatagnierconstruction/,https://www.instagram.com/chatagnierconstruction,,,,,,,,,,,,https://github.com/clauseggers/,,Chatagnier Construction LLC,Starfield Technologies; Go Daddy Website Builder 8.0.0000,,,,
"custom home builder, 70183, New Orleans, LA, US","MLM Commercial Construction, LLC",Mlm Commercial Construction,http://www.mlm-commercial.com/,Construction company,Construction company,Construction company,+1 504-322-7050,landline,,,"1400 Distributors Row, Elmwood, LA 70123",None,1400 Distributors Row,Elmwood,70123,Louisiana,Louisiana,United States of America,US,29.959915499999997,-90.191141,89444654073ffff,America/Chicago,,False,5.0,12.0,https://search.google.com/local/reviews?placeid=ChIJB4a35_KlIIYRSBP_dHp5sXs&q=*&authuser=0&hl=en&gl=US,,,0.0,0.0,0.0,0.0,12.0,23.0,https://lh3.googleusercontent.com/p/AF1QipM4K7d-ZYqrNzArDJbKGfdtwAN3ZH1JYbaMmjmH=w800-h500-k-no,https://lh3.googleusercontent.com/p/AF1QipM4K7d-ZYqrNzArDJbKGfdtwAN3ZH1JYbaMmjmH=w1600-h1000-k-no,,"{""Sunday"": ""Closed"", ""Monday"": ""8:30AM-5PM"", ""Tuesday"": ""8:30AM-5PM"", ""Wednesday"": ""8:30AM-5PM"", ""Thursday"": ""8:30AM-5PM"", ""Friday"": ""8:30AM-5PM"", ""Saturday"": ""Closed""}","Sunday,|Monday,8:30AM,5PM|Tuesday,8:30AM,5PM|Wednesday,8:30AM,5PM|Thursday,8:30AM,5PM|Friday,8:30AM,5PM|Saturday,",Sunday:Closed|Monday:8:30AM-5PM|Tuesday:8:30AM-5PM|Wednesday:8:30AM-5PM|Thursday:8:30AM-5PM|Friday:8:30AM-5PM|Saturday:Closed,,,OPERATIONAL,"{""Accessibility"": {""Wheelchair accessible entrance"": true, ""Wheelchair accessible parking lot"": true}}",,,,https://lh4.googleusercontent.com/-3tmqFn57c1c/AAAAAAAAAAI/AAAAAAAAAAA/tQtKKI4OyNg/s44-p-k-no-ns-nd/photo.jpg,,,True,113458775053424570690,"MLM Commercial Construction, LLC",https://www.google.com/maps/contrib/113458775053424570690,,,,,"https://www.google.com/maps/place/MLM+Commercial+Construction%2C+LLC/@29.959915499999997,-90.191141,14z/data=!4m8!1m2!2m1!1sMLM+Commercial+Construction%2C+LLC!3m4!1s0x8620a5f2e7b78607:0x7bb1797a74ff1348!8m2!3d29.959915499999997!4d-90.191141","https://www.google.com/maps/place/MLM+Commercial+Construction%2C+LLC/@29.959915499999997,-90.191141,13.99z/data=!4m16!1m7!3m6!1s0x8620a5f2e7b78607:0x7bb1797a74ff1348!2sMLM+Commercial+Construction%2C+LLC!8m2!3d29.959915499999997!4d-90.191141!16s%2Fg%2F11ckvg1dmb!3m7!1s0x8620a5f2e7b78607:0x7bb1797a74ff1348!8m2!3d29.959915499999997!4d-90.191141!9m1!1b1!16s%2Fg%2F11ckvg1dmb?entry=ttu",ChIJB4a35_KlIIYRSBP_dHp5sXs,0x8620a5f2e7b78607:0x7bb1797a74ff1348,8913038704398766920,/g/11q2ygflns,8913038704398766920,,,,,,,,,,,,,,,,,,,,,,,,,,,,,,,,,,,,,,,,,,,,,,,,,,,,,MLM Commercial Construction | Louisiana Mississippi,Wix.com Website Builder,"MLM Commercial Construction provides ground up commercial construction, remodeling, tenant improvement build out and project management throughout Louisiana and Mississippi.",,False,False
"custom home builder, 70183, New Orleans, LA, US",MS Metairie,Ms Metairie,https://msmetairie.com/,"Custom home builder, Service establishment",Custom home builder,Custom home builder,+1 504-230-1580,mobile,T-Mobile USA Inc.,,,,,,,,,,,30.001354499999998,-90.17926949999999,89444655d0bffff,America/Chicago,,True,,,,,,,,,,,6.0,https://lh3.googleusercontent.com/p/AF1QipPbCYZy2QrdjpoAghRuyHBkaDk7hcXj2_JWM002=w800-h500-k-no,https://lh3.googleusercontent.com/p/AF1QipPbCYZy2QrdjpoAghRuyHBkaDk7hcXj2_JWM002=w1600-h1000-k-no,,"{""Sunday"": ""Closed"", ""Monday"": ""8AM-5PM"", ""Tuesday"": ""8AM-5PM"", ""Wednesday"": ""8AM-5PM"", ""Thursday"": ""8AM-5PM"", ""Friday"": ""8AM-5PM"", ""Saturday"": ""Closed""}","Sunday,|Monday,8AM,5PM|Tuesday,8AM,5PM|Wednesday,8AM,5PM|Thursday,8AM,5PM|Friday,8AM,5PM|Saturday,",Sunday:Closed|Monday:8AM-5PM|Tuesday:8AM-5PM|Wednesday:8AM-5PM|Thursday:8AM-5PM|Friday:8AM-5PM|Saturday:Closed,,,OPERATIONAL,{},,,,https://lh3.googleusercontent.com/-yjW1knqG4Ak/AAAAAAAAAAI/AAAAAAAAAAA/oVWJk3sc8QA/s44-p-k-no-ns-nd/photo.jpg,,,True,105841916467614141973,MS Metairie,https://www.google.com/maps/contrib/105841916467614141973,,,,,"https://www.google.com/maps/place/MS+Metairie/@30.001354499999998,-90.17926949999999,14z/data=!4m8!1m2!2m1!1sMS+Metairie!3m4!1s0x8d6a5577161165d1:0x4b1d3bd989da8a3c!8m2!3d30.001354499999998!4d-90.17926949999999","https://www.google.com/maps/place/MS+Metairie/@30.001354499999998,-90.17926949999999,13.99z/data=!4m16!1m7!3m6!1s0x8d6a5577161165d1:0x4b1d3bd989da8a3c!2sMS+Metairie!8m2!3d30.001354499999998!4d-90.17926949999999!16s%2Fg%2F11ckvg1dmb!3m7!1s0x8d6a5577161165d1:0x4b1d3bd989da8a3c!8m2!3d30.001354499999998!4d-90.17926949999999!9m1!1b1!16s%2Fg%2F11ckvg1dmb?entry=ttu",ChIJ0WURFndVao0RPIraidk7HUs,0x8d6a5577161165d1:0x4b1d3bd989da8a3c,5412548132675947068,/g/11y4kw2b9q,None,,,,,,,,,,,,,,,,,,,,,,,,,,5042222208,mobile,T-Mobile USA Inc.,,,,,,,,,,https://www.facebook.com/Mighty-Services-395507327180498/,,,,,,,,,,,,,,,"A Trustworthy Custom Home Builder in Metairie, LA, 70001.",wordpress,"MS Metairie is a dependable custom home builder in Metairie, LA, 70001. Get your free estimate today.",,False,False
"custom home builder, 70183, New Orleans, LA, US",Cajun Home Services,Cajun Home Services,https://cajunhomeservices.com/,"Custom home builder, Construction company, Contractor, Dry wall contractor, Service establishment, Fence contractor, Flooring contractor, General contractor, Roofing contractor, Siding contractor, Tile contractor",Custom home builder,Custom home builder,+1 504-336-2444,fixed line,"ONVOY, LLC - LA",,,,,,,,,,,30.154225399999998,-90.2901699,89444673583ffff,America/Chicago,,True,4.4,13.0,https://search.google.com/local/reviews?placeid=ChIJO1HfxeFvEQMRaQ8zXEA2SUw&q=*&authuser=0&hl=en&gl=US,,,2.0,0.0,0.0,0.0,11.0,194.0,https://lh3.googleusercontent.com/p/AF1QipNBNmPMzsoMz02MoRAShaGoRewpfTpPyyolg79d=w800-h500-k-no,https://lh3.googleusercontent.com/p/AF1QipNBNmPMzsoMz02MoRAShaGoRewpfTpPyyolg79d=w1600-h1000-k-no,,"{""Sunday"": ""Closed"", ""Monday"": ""7AM-5PM"", ""Tuesday"": ""7AM-5PM"", ""Wednesday"": ""7AM-5PM"", ""Thursday"": ""7AM-5PM"", ""Friday"": ""7AM-5PM"", ""Saturday"": ""9AM-5PM""}","Sunday,|Monday,7AM,5PM|Tuesday,7AM,5PM|Wednesday,7AM,5PM|Thursday,7AM,5PM|Friday,7AM,5PM|Saturday,9AM,5PM",Sunday:Closed|Monday:7AM-5PM|Tuesday:7AM-5PM|Wednesday:7AM-5PM|Thursday:7AM-5PM|Friday:7AM-5PM|Saturday:9AM-5PM,,,OPERATIONAL,"{""Service options"": {""Online estimates"": true, ""Language assistance"": ""English, Filipino, Spanish""}}",,,,https://lh5.googleusercontent.com/-gdRhmL8UQ0s/AAAAAAAAAAI/AAAAAAAAAAA/Di9r5g4CPdA/s44-p-k-no-ns-nd/photo.jpg,,,True,108199659457841608906,Cajun Home Services,https://www.google.com/maps/contrib/108199659457841608906,,https://cajunhomeservices.com/contact-us,,https://cajunhomeservices.com/contact-us,"https://www.google.com/maps/place/Cajun+Home+Services/@30.154225399999998,-90.2901699,14z/data=!4m8!1m2!2m1!1sCajun+Home+Services!3m4!1s0x3116fe1c5df513b:0x4c4936405c330f69!8m2!3d30.154225399999998!4d-90.2901699","https://www.google.com/maps/place/Cajun+Home+Services/@30.154225399999998,-90.2901699,13.99z/data=!4m16!1m7!3m6!1s0x3116fe1c5df513b:0x4c4936405c330f69!2sCajun+Home+Services!8m2!3d30.154225399999998!4d-90.2901699!16s%2Fg%2F11ckvg1dmb!3m7!1s0x3116fe1c5df513b:0x4c4936405c330f69!8m2!3d30.154225399999998!4d-90.2901699!9m1!1b1!16s%2Fg%2F11ckvg1dmb?entry=ttu",ChIJO1HfxeFvEQMRaQ8zXEA2SUw,0x3116fe1c5df513b:0x4c4936405c330f69,5496984470235058025,/g/11tt1p5kt2,5496984470235058025,,admin@cajunhomeservices.com,RECEIVING,SMTP validated,,,,,,team@cajunhomeservices.com,RECEIVING,Verified,,,,,,,,,,,,,,15043362444,fixed line,"ONVOY, LLC - LA",,5043362444,fixed line,"ONVOY, LLC - LA",,5044144443,landline,Onvoy,True,https://www.facebook.com/Cajun.Home.Services/,,,,,,,,,,,,,,,,,,,False,False
"custom home builder, 70183, New Orleans, LA, US",apex construction pros,Apex Construction Pros,,Construction company,Construction company,Construction company,+1 504-559-0804,mobile,"NEW CINGULAR WIRELESS PCS, LLC - GA",,"2002 20th St, Kenner, LA 70062",None,2002 20th St,Kenner,70062,Louisiana,Louisiana,United States of America,US,29.9919579,-90.2420037,89444654c37ffff,America/Chicago,,False,5.0,1.0,https://search.google.com/local/reviews?placeid=ChIJWQsLYV63IIYR5UHT2V4VjHU&q=*&authuser=0&hl=en&gl=US,,,0.0,0.0,0.0,0.0,1.0,1.0,https://streetviewpixels-pa.googleapis.com/v1/thumbnail?panoid=qFFzhB3ynreG3im8N7XrPg&cb_client=search.gws-prod.gps&w=800&h=500&yaw=273.67532&pitch=0&thumbfov=100,https://streetviewpixels-pa.googleapis.com/v1/thumbnail?panoid=qFFzhB3ynreG3im8N7XrPg&cb_client=search.gws-prod.gps&w=1600&h=1000&yaw=273.67532&pitch=0&thumbfov=100,,"{""Sunday"": ""Closed"", ""Monday"": ""9AM-5PM"", ""Tuesday"": ""9AM-5PM"", ""Wednesday"": ""9AM-5PM"", ""Thursday"": ""9AM-5PM"", ""Friday"": ""9AM-5PM"", ""Saturday"": ""Closed""}","Sunday,|Monday,9AM,5PM|Tuesday,9AM,5PM|Wednesday,9AM,5PM|Thursday,9AM,5PM|Friday,9AM,5PM|Saturday,",Sunday:Closed|Monday:9AM-5PM|Tuesday:9AM-5PM|Wednesday:9AM-5PM|Thursday:9AM-5PM|Friday:9AM-5PM|Saturday:Closed,,,OPERATIONAL,"{""Accessibility"": {""Wheelchair accessible parking lot"": true}}",,,,https://lh4.googleusercontent.com/-ikxSrI4mWXU/AAAAAAAAAAI/AAAAAAAAAAA/WtSzfKN_3fg/s44-p-k-no-ns-nd/photo.jpg,,,True,110281980147411461451,apex construction pros,https://www.google.com/maps/contrib/110281980147411461451,,https://apexconstructionpros.com/contact-us/,,https://apexconstructionpros.com/contact-us/,"https://www.google.com/maps/place/apex+construction+pros/@29.9919579,-90.2420037,14z/data=!4m8!1m2!2m1!1sapex+construction+pros!3m4!1s0x8620b75e610b0b59:0x758c155ed9d341e5!8m2!3d29.9919579!4d-90.2420037","https://www.google.com/maps/place/apex+construction+pros/@29.9919579,-90.2420037,13.99z/data=!4m16!1m7!3m6!1s0x8620b75e610b0b59:0x758c155ed9d341e5!2sapex+construction+pros!8m2!3d29.9919579!4d-90.2420037!16s%2Fg%2F11ckvg1dmb!3m7!1s0x8620b75e610b0b59:0x758c155ed9d341e5!8m2!3d29.9919579!4d-90.2420037!9m1!1b1!16s%2Fg%2F11ckvg1dmb?entry=ttu",ChIJWQsLYV63IIYR5UHT2V4VjHU,0x8620b75e610b0b59:0x758c155ed9d341e5,8470168496302670309,/g/11jyg3zh9r,8470168496302670309,,,,,,,,,,,,,,,,,,,,,,,,,,,,,,,,,,,,,,,,,,,,,,,,,,,,,,,,,,
"custom home builder, 70183, New Orleans, LA, US",RHE Builders,Rhe Builders,https://www.rhebuilders.com/,"General contractor, Service establishment",General contractor,General contractor,+1 504-250-2193,mobile,CELLCO PARTNERSHIP DBA VERIZON WIRELESS - LA,,,,,,,,,,,29.646653999999998,-89.9526745,894473359bbffff,America/Chicago,,True,5.0,1.0,https://search.google.com/local/reviews?placeid=ChIJDSZu04BD8QQRYuBjp-pOnF4&q=*&authuser=0&hl=en&gl=US,,,0.0,0.0,0.0,0.0,1.0,1.0,https://lh3.googleusercontent.com/gps-cs-s/AG0ilSx4SFTplY_YC4aQV0xKlfNbD-DsRr5kEg7xi2zFUmzUiSmFtunSJ2C2imMHF7OBM9kJ4bdlMu2qmTf1UJv8D7PoqFalzvLTBY7SZKCixw0Pq0B_6fw2RKQ8rDk_1JC7ESJH6P-EoONFhOP7=w800-h500-k-no,https://lh3.googleusercontent.com/gps-cs-s/AG0ilSx4SFTplY_YC4aQV0xKlfNbD-DsRr5kEg7xi2zFUmzUiSmFtunSJ2C2imMHF7OBM9kJ4bdlMu2qmTf1UJv8D7PoqFalzvLTBY7SZKCixw0Pq0B_6fw2RKQ8rDk_1JC7ESJH6P-EoONFhOP7=w1600-h1000-k-no,,"{""Sunday"": ""Closed"", ""Monday"": ""8AM-5PM"", ""Tuesday"": ""8AM-5PM"", ""Wednesday"": ""8AM-5PM"", ""Thursday"": ""8AM-5PM"", ""Friday"": ""8AM-5PM"", ""Saturday"": ""8AM-5PM""}","Sunday,|Monday,8AM,5PM|Tuesday,8AM,5PM|Wednesday,8AM,5PM|Thursday,8AM,5PM|Friday,8AM,5PM|Saturday,8AM,5PM",Sunday:Closed|Monday:8AM-5PM|Tuesday:8AM-5PM|Wednesday:8AM-5PM|Thursday:8AM-5PM|Friday:8AM-5PM|Saturday:8AM-5PM,,,OPERATIONAL,{},,,,https://lh4.googleusercontent.com/-88HF6PlVFL4/AAAAAAAAAAI/AAAAAAAAAAA/RrvfB0_wVZw/s44-p-k-no-ns-nd/photo.jpg,,,True,105081402399998034874,RHE Builders,https://www.google.com/maps/contrib/105081402399998034874,,,,,"https://www.google.com/maps/place/RHE+Builders/@29.646653999999998,-89.9526745,14z/data=!4m8!1m2!2m1!1sRHE+Builders!3m4!1s0x4f14380d36e260d:0x5e9c4eeaa763e062!8m2!3d29.646653999999998!4d-89.9526745","https://www.google.com/maps/place/RHE+Builders/@29.646653999999998,-89.9526745,13.99z/data=!4m16!1m7!3m6!1s0x4f14380d36e260d:0x5e9c4eeaa763e062!2sRHE+Builders!8m2!3d29.646653999999998!4d-89.9526745!16s%2Fg%2F11ckvg1dmb!3m7!1s0x4f14380d36e260d:0x5e9c4eeaa763e062!8m2!3d29.646653999999998!4d-89.9526745!9m1!1b1!16s%2Fg%2F11ckvg1dmb?entry=ttu",ChIJDSZu04BD8QQRYuBjp-pOnF4,0x4f14380d36e260d:0x5e9c4eeaa763e062,6817410705669742690,/g/11mkxt_jcy,6817410705669742690,,ranui@rhebuilders.com,RECEIVING,Verified,,,,,,ranuiearls@gmail.com,RECEIVING,SMTP validated,,,,,,,,,,,,,,5042502193,mobile,CELLCO PARTNERSHIP DBA VERIZON WIRELESS - LA,,,,,,,,,,https://www.facebook.com/people/,https://www.instagram.com/rhebuilders,,,,,,,,,,,,,,Hurricane — RHE Builders LLC,,,,False,False
"custom home builder, 70183, New Orleans, LA, US","Craftman Builders, LLC",Craftman Builders,,Custom home builder,Custom home builder,Custom home builder,+1 504-919-7292,mobile,"NEW CINGULAR WIRELESS PCS, LLC - GA",,"3017 Harvard Ave, Metairie, LA 70006",None,3017 Harvard Ave,Metairie,70006,Louisiana,Louisiana,United States of America,US,30.003151499999998,-90.1894691,89444655d33ffff,America/Chicago,,False,,,,,,,,,,,11.0,https://lh3.googleusercontent.com/p/AF1QipOLsk7G6Q6QKoIpm8IamR9RVfSUD4DeCr7vecN4=w800-h500-k-no,https://lh3.googleusercontent.com/p/AF1QipOLsk7G6Q6QKoIpm8IamR9RVfSUD4DeCr7vecN4=w1600-h1000-k-no,,"{""Sunday"": ""Closed"", ""Monday"": ""8AM-4AM"", ""Tuesday"": ""8AM-4AM"", ""Wednesday"": ""8AM-4AM"", ""Thursday"": ""8AM-4AM"", ""Friday"": ""8AM-4AM"", ""Saturday"": ""Closed""}","Sunday,|Monday,8AM,4AM|Tuesday,8AM,4AM|Wednesday,8AM,4AM|Thursday,8AM,4AM|Friday,8AM,4AM|Saturday,",Sunday:Closed|Monday:8AM-4AM|Tuesday:8AM-4AM|Wednesday:8AM-4AM|Thursday:8AM-4AM|Friday:8AM-4AM|Saturday:Closed,,,OPERATIONAL,{},,,,https://lh5.googleusercontent.com/-od_-QkONtHQ/AAAAAAAAAAI/AAAAAAAAAAA/KAVAJ_FmjBA/s44-p-k-no-ns-nd/photo.jpg,,,True,106942348351756665346,"Craftman Builders, LLC",https://www.google.com/maps/contrib/106942348351756665346,,,,,"https://www.google.com/maps/place/Craftman+Builders%2C+LLC/@30.003151499999998,-90.1894691,14z/data=!4m8!1m2!2m1!1sCraftman+Builders%2C+LLC!3m4!1s0x8620b1ed90f84389:0xdcf20a1afe8cbb03!8m2!3d30.003151499999998!4d-90.1894691","https://www.google.com/maps/place/Craftman+Builders%2C+LLC/@30.003151499999998,-90.1894691,13.99z/data=!4m16!1m7!3m6!1s0x8620b1ed90f84389:0xdcf20a1afe8cbb03!2sCraftman+Builders%2C+LLC!8m2!3d30.003151499999998!4d-90.1894691!16s%2Fg%2F11ckvg1dmb!3m7!1s0x8620b1ed90f84389:0xdcf20a1afe8cbb03!8m2!3d30.003151499999998!4d-90.1894691!9m1!1b1!16s%2Fg%2F11ckvg1dmb?entry=ttu",ChIJiUP4kO2xIIYRA7uM_hoK8tw,0x8620b1ed90f84389:0xdcf20a1afe8cbb03,15920798743764187907,/g/11xnzb1d92,None,,,,,,,,,,,,,,,,,,,,,,,,,,,,,,,,,,,,,,,,,,,,,,,,,,,,,,,,,,
"custom home builder, 70183, New Orleans, LA, US",Fogarty Home LLC,Fogarty Home,http://www.fogartyhome.com/,"Custom home builder, Bathroom remodeler, Kitchen remodeler, Siding contractor",Kitchen remodeler,Custom home builder,+1 504-330-4499,mobile,CELLCO PARTNERSHIP DBA VERIZON WIRELESS - LA,,"3407c Metairie Rd, Metairie, LA 70001",None,3407c Metairie Rd,Metairie,70001,Louisiana,Louisiana,United States of America,US,29.975603699999997,-90.1597932,89444655cc3ffff,America/Chicago,,False,5.0,18.0,https://search.google.com/local/reviews?placeid=ChIJWyzmYVuxIIYRp2uecKIAA1M&q=*&authuser=0&hl=en&gl=US,,,0.0,0.0,0.0,0.0,18.0,316.0,https://lh3.googleusercontent.com/p/AF1QipP1Wn7xlHi-HlTVZkyfLWq7n728rNm0ThNsbGja=w800-h500-k-no,https://lh3.googleusercontent.com/p/AF1QipP1Wn7xlHi-HlTVZkyfLWq7n728rNm0ThNsbGja=w1600-h1000-k-no,,"{""Sunday"": ""Closed"", ""Monday"": ""8:30AM-5PM"", ""Tuesday"": ""8:30AM-5PM"", ""Wednesday"": ""8:30AM-5PM"", ""Thursday"": ""8:30AM-5PM"", ""Friday"": ""9AM-3PM"", ""Saturday"": ""Closed""}","Sunday,|Monday,8:30AM,5PM|Tuesday,8:30AM,5PM|Wednesday,8:30AM,5PM|Thursday,8:30AM,5PM|Friday,9AM,3PM|Saturday,",Sunday:Closed|Monday:8:30AM-5PM|Tuesday:8:30AM-5PM|Wednesday:8:30AM-5PM|Thursday:8:30AM-5PM|Friday:9AM-3PM|Saturday:Closed,,,OPERATIONAL,"{""Service options"": {""Delivery"": true}, ""Offerings"": {""Installation service"": true}, ""Payments"": {""Credit cards"": true}}",,,,https://lh5.googleusercontent.com/-8xTjPMh9jn8/AAAAAAAAAAI/AAAAAAAAAAA/k0qrem4LzFs/s44-p-k-no-ns-nd/photo.jpg,,,True,113952391480318746799,Fogarty Home LLC,https://www.google.com/maps/contrib/113952391480318746799,,http://www.fogartyhome.com/,,http://www.fogartyhome.com/,"https://www.google.com/maps/place/Fogarty+Home+LLC/@29.975603699999997,-90.1597932,14z/data=!4m8!1m2!2m1!1sFogarty+Home+LLC!3m4!1s0x8620b15b61e62c5b:0x530300a2709e6ba7!8m2!3d29.975603699999997!4d-90.1597932","https://www.google.com/maps/place/Fogarty+Home+LLC/@29.975603699999997,-90.1597932,13.99z/data=!4m16!1m7!3m6!1s0x8620b15b61e62c5b:0x530300a2709e6ba7!2sFogarty+Home+LLC!8m2!3d29.975603699999997!4d-90.1597932!16s%2Fg%2F11ckvg1dmb!3m7!1s0x8620b15b61e62c5b:0x530300a2709e6ba7!8m2!3d29.975603699999997!4d-90.1597932!9m1!1b1!16s%2Fg%2F11ckvg1dmb?entry=ttu",ChIJWyzmYVuxIIYRp2uecKIAA1M,0x8620b15b61e62c5b:0x530300a2709e6ba7,5981625427752283047,/g/11fk1l7hj4,5981625427752283047,,team@latofonts.com,RECEIVING,Catch All,,,,,,,,,,,,,,,,,,,,,,887352,,,,5043304499,mobile,CELLCO PARTNERSHIP DBA VERIZON WIRELESS - LA,,,,,,https://www.facebook.com/325577964944228,https://www.instagram.com/fogartyhomes,,,,,,,,,https://www.twitter.com/fogartyhomes,,,,,Financing Options,Starfield Technologies; Go Daddy Website Builder 8.0.0000,"Expert home remodeling in Metairie. Fogarty Total Home Remodeling specializes in kitchens, bathrooms, renovations & repairs. Quality work, trusted service.",,False,True
"custom home builder, 70183, New Orleans, LA, US",Elite Construction Inc.,Elite Construction,https://eliteconstructionnola.com/,"General contractor, Service establishment",General contractor,General contractor,+1 504-305-0111,mobile,,,,,,,,,,,,30.1740665,-89.9780279,8944464c3dbffff,America/Chicago,,True,5.0,22.0,https://search.google.com/local/reviews?placeid=ChIJI3fD8ak4j4QR37Hi8mJ2tSs&q=*&authuser=0&hl=en&gl=US,,,0.0,0.0,0.0,0.0,22.0,6.0,https://lh3.googleusercontent.com/gps-cs-s/AG0ilSw8Pq48c0nPfMwj1zRa-Gz6Ifm-LmK_Im1f4fQ4s1yOhbiz9giS6IlQNTEcE96eaNWdFMfse917o2G5fAY0H02x1_TH8J6G-3KS92ikje8PlFoKA3VKJgYD0EOZoRs37N16r6sp=w800-h500-k-no,https://lh3.googleusercontent.com/gps-cs-s/AG0ilSw8Pq48c0nPfMwj1zRa-Gz6Ifm-LmK_Im1f4fQ4s1yOhbiz9giS6IlQNTEcE96eaNWdFMfse917o2G5fAY0H02x1_TH8J6G-3KS92ikje8PlFoKA3VKJgYD0EOZoRs37N16r6sp=w1600-h1000-k-no,,"{""Sunday"": ""Closed"", ""Monday"": ""8AM-5PM"", ""Tuesday"": ""8AM-5PM"", ""Wednesday"": ""8AM-5PM"", ""Thursday"": ""8AM-5PM"", ""Friday"": ""8AM-5PM"", ""Saturday"": ""Closed""}","Sunday,|Monday,8AM,5PM|Tuesday,8AM,5PM|Wednesday,8AM,5PM|Thursday,8AM,5PM|Friday,8AM,5PM|Saturday,",Sunday:Closed|Monday:8AM-5PM|Tuesday:8AM-5PM|Wednesday:8AM-5PM|Thursday:8AM-5PM|Friday:8AM-5PM|Saturday:Closed,,,OPERATIONAL,{},,,,https://lh6.googleusercontent.com/-LSdRJBeoLts/AAAAAAAAAAI/AAAAAAAAAAA/gXN-Mr6IRgw/s44-p-k-no-ns-nd/photo.jpg,,,True,102713673994498355981,Elite Construction Inc.,https://www.google.com/maps/contrib/102713673994498355981,,,,,"https://www.google.com/maps/place/Elite+Construction+Inc./@30.1740665,-89.9780279,14z/data=!4m8!1m2!2m1!1sElite+Construction+Inc.!3m4!1s0x848f38a9f1c37723:0x2bb57662f2e2b1df!8m2!3d30.1740665!4d-89.9780279","https://www.google.com/maps/place/Elite+Construction+Inc./@30.1740665,-89.9780279,13.99z/data=!4m16!1m7!3m6!1s0x848f38a9f1c37723:0x2bb57662f2e2b1df!2sElite+Construction+Inc.!8m2!3d30.1740665!4d-89.9780279!16s%2Fg%2F11ckvg1dmb!3m7!1s0x848f38a9f1c37723:0x2bb57662f2e2b1df!8m2!3d30.1740665!4d-89.9780279!9m1!1b1!16s%2Fg%2F11ckvg1dmb?entry=ttu",ChIJI3fD8ak4j4QR37Hi8mJ2tSs,0x848f38a9f1c37723:0x2bb57662f2e2b1df,3149553681769345503,/g/11lnp32h05,3149553681769345503,,hello@eliteconstructionnola.com,RECEIVING,Verified,,,,,,jason@eliteconstructionnola.com,RECEIVING,Verified,,,,,,,,,,,,,,5043050111,mobile,,,,,,,,,,,,,,,,,,,,,,,,,,HOME | Elite Construction,Wix.com Website Builder,,,False,False
"custom home builder, 70183, New Orleans, LA, US","ladcon, llc",Ladcon,,"Construction company, Service establishment",Construction company,Construction company,+1 504-235-6373,landline,,,,,,,,,,,,30.0326605,-89.9526745,8944464132bffff,America/Chicago,,True,5.0,12.0,https://search.google.com/local/reviews?placeid=ChIJfyE-slVh9moRF56Iv8-hyBc&q=*&authuser=0&hl=en&gl=US,,,0.0,0.0,0.0,0.0,12.0,13.0,https://lh3.googleusercontent.com/p/AF1QipPUPPGS9nPYKF_VFyM7KLFVVZf-A_NNGvxU5stX=w800-h500-k-no,https://lh3.googleusercontent.com/p/AF1QipPUPPGS9nPYKF_VFyM7KLFVVZf-A_NNGvxU5stX=w1600-h1000-k-no,,"{""Sunday"": ""Closed"", ""Monday"": ""8AM-5PM"", ""Tuesday"": ""8AM-5PM"", ""Wednesday"": ""8AM-5PM"", ""Thursday"": ""8AM-5PM"", ""Friday"": ""8AM-5PM"", ""Saturday"": ""Closed""}","Sunday,|Monday,8AM,5PM|Tuesday,8AM,5PM|Wednesday,8AM,5PM|Thursday,8AM,5PM|Friday,8AM,5PM|Saturday,",Sunday:Closed|Monday:8AM-5PM|Tuesday:8AM-5PM|Wednesday:8AM-5PM|Thursday:8AM-5PM|Friday:8AM-5PM|Saturday:Closed,,,OPERATIONAL,"{""Service options"": {""Language assistance"": ""Spanish""}}",,,,https://lh6.googleusercontent.com/-YEhduJ6KeTk/AAAAAAAAAAI/AAAAAAAAAAA/ftjYxBEkKZo/s44-p-k-no-ns-nd/photo.jpg,,,True,110990472804119992227,"ladcon, llc",https://www.google.com/maps/contrib/110990472804119992227,,,,,"https://www.google.com/maps/place/ladcon%2C+llc/@30.0326605,-89.9526745,14z/data=!4m8!1m2!2m1!1sladcon%2C+llc!3m4!1s0x6af66155b23e217f:0x17c8a1cfbf889e17!8m2!3d30.0326605!4d-89.9526745","https://www.google.com/maps/place/ladcon%2C+llc/@30.0326605,-89.9526745,13.99z/data=!4m16!1m7!3m6!1s0x6af66155b23e217f:0x17c8a1cfbf889e17!2sladcon%2C+llc!8m2!3d30.0326605!4d-89.9526745!16s%2Fg%2F11ckvg1dmb!3m7!1s0x6af66155b23e217f:0x17c8a1cfbf889e17!8m2!3d30.0326605!4d-89.9526745!9m1!1b1!16s%2Fg%2F11ckvg1dmb?entry=ttu",ChIJfyE-slVh9moRF56Iv8-hyBc,0x6af66155b23e217f:0x17c8a1cfbf889e17,1713797571858177559,/g/11w3lhpjvr,1713797571858177559,,,,,,,,,,,,,,,,,,,,,,,,,,,,,,,,,,,,,,,,,,,,,,,,,,,,,,,,,,
"custom home builder, 70183, New Orleans, LA, US","King Cole Construction, LLC",King Cole Construction,http://www.kingcoleconstruction.com/,"Home builder, Bathroom remodeler, Carpenter, Fence contractor, Flooring contractor, General contractor, Kitchen remodeler, Roofing contractor, Water damage restoration service",General contractor,Home builder,+1 504-322-5080,fixed line,"BANDWIDTH.COM CLEC, LLC - LA",,"3222 Roman St, Metairie, LA 70001",None,3222 Roman St,Metairie,70001,Louisiana,Louisiana,United States of America,US,29.978733199999997,-90.157361,89444655ccbffff,America/Chicago,,False,4.2,15.0,https://search.google.com/local/reviews?placeid=ChIJq0BrHg-wIIYR90DA32m0psc&q=*&authuser=0&hl=en&gl=US,,,3.0,0.0,0.0,0.0,12.0,34.0,https://lh3.googleusercontent.com/p/AF1QipOy3o_HIsMbFjxrfHCgsvFJTFpj0Tvb5LOkV4f6=w800-h500-k-no,https://lh3.googleusercontent.com/p/AF1QipOy3o_HIsMbFjxrfHCgsvFJTFpj0Tvb5LOkV4f6=w1600-h1000-k-no,,"{""Sunday"": ""Closed"", ""Monday"": ""8AM-5PM"", ""Tuesday"": ""8AM-5PM"", ""Wednesday"": ""8AM-5PM"", ""Thursday"": ""8AM-5PM"", ""Friday"": ""8AM-5PM"", ""Saturday"": ""Closed""}","Sunday,|Monday,8AM,5PM|Tuesday,8AM,5PM|Wednesday,8AM,5PM|Thursday,8AM,5PM|Friday,8AM,5PM|Saturday,",Sunday:Closed|Monday:8AM-5PM|Tuesday:8AM-5PM|Wednesday:8AM-5PM|Thursday:8AM-5PM|Friday:8AM-5PM|Saturday:Closed,,,OPERATIONAL,"{""Service options"": {""Online estimates"": true, ""Onsite services"": true, ""Language assistance"": ""English, Spanish""}, ""Accessibility"": {""Wheelchair accessible parking lot"": true}, ""Parking"": {""Free parking lot"": true, ""On-site parking"": true}}",,,,https://lh4.googleusercontent.com/-Q9nwFMFWM7g/AAAAAAAAAAI/AAAAAAAAAAA/A8iKHj24XRk/s44-p-k-no-ns-nd/photo.jpg,,,True,102119391673377487713,"King Cole Construction, LLC",https://www.google.com/maps/contrib/102119391673377487713,,,,,"https://www.google.com/maps/place/King+Cole+Construction%2C+LLC/@29.978733199999997,-90.157361,14z/data=!4m8!1m2!2m1!1sKing+Cole+Construction%2C+LLC!3m4!1s0x8620b00f1e6b40ab:0xc7a6b469dfc040f7!8m2!3d29.978733199999997!4d-90.157361","https://www.google.com/maps/place/King+Cole+Construction%2C+LLC/@29.978733199999997,-90.157361,13.99z/data=!4m16!1m7!3m6!1s0x8620b00f1e6b40ab:0xc7a6b469dfc040f7!2sKing+Cole+Construction%2C+LLC!8m2!3d29.978733199999997!4d-90.157361!16s%2Fg%2F11ckvg1dmb!3m7!1s0x8620b00f1e6b40ab:0xc7a6b469dfc040f7!8m2!3d29.978733199999997!4d-90.157361!9m1!1b1!16s%2Fg%2F11ckvg1dmb?entry=ttu",ChIJq0BrHg-wIIYR90DA32m0psc,0x8620b00f1e6b40ab:0xc7a6b469dfc040f7,14386384426500112631,/g/11b_2jqqr2,-4060359647209438985,,kingcoleconstruction@gmail.com,RECEIVING,SMTP validated,,,,,,kingcolerealestate@gmail.com,RECEIVING,SMTP validated,,,,,,coler@kingcoleconstruction.com,RECEIVING,Catch All,,,,,,5043225080,fixed line,"BANDWIDTH.COM CLEC, LLC - LA",,,,,,,,,,https://www.facebook.com/kingcoleconstruction/,,,,,,,,,,,,,,,Contact – King Cole Construction,"Elementor 3.33.0; features: additional_custom_breakpoints; settings: css_print_method-external, google_font-enabled, font_display-auto","King Cole Construction is a Residential Contractor located in Metairie Louisiana specializing in custom homes, renovations & remodels","contractor, custom renovation, homes, king cole construction, remodel, residentail contractor",False,False
"custom home builder, 70183, New Orleans, LA, US",Eagle Construction,Eagle Construction,https://topbusinessesusa.top/details/eagle-construction-ChIJr3i,Construction company,Construction company,Construction company,+1 504-339-2371,mobile,T-Mobile USA Inc.,,"537 Central Ave, New Orleans, LA 70121",None,537 Central Ave,New Orleans,70121,Louisiana,Louisiana,United States of America,US,29.961261399999998,-90.1719617,89444654217ffff,America/Chicago,,False,3.0,2.0,https://search.google.com/local/reviews?placeid=ChIJr3i_wza7IIYRj9ZxkEKTVl0&q=*&authuser=0&hl=en&gl=US,,,1.0,0.0,0.0,0.0,1.0,24.0,https://lh3.googleusercontent.com/gps-cs-s/AG0ilSxCa8cvX2TD6Ui2D360PASs2urP3uYMJHVACvplxO76OAsq1cXWPBbX65EGtSxMx5arnbP1Stf9qhLRUfaMDaGGAnCVK6nNImqfSqmGezamxnsQdJSAe2cn_LhAV1gCQ_jA1b8x=w800-h500-k-no,https://lh3.googleusercontent.com/gps-cs-s/AG0ilSxCa8cvX2TD6Ui2D360PASs2urP3uYMJHVACvplxO76OAsq1cXWPBbX65EGtSxMx5arnbP1Stf9qhLRUfaMDaGGAnCVK6nNImqfSqmGezamxnsQdJSAe2cn_LhAV1gCQ_jA1b8x=w1600-h1000-k-no,,"{""Sunday"": ""Closed"", ""Monday"": ""9AM-5PM"", ""Tuesday"": ""9AM-5PM"", ""Wednesday"": ""9AM-5PM"", ""Thursday"": ""9AM-5PM"", ""Friday"": ""9AM-5PM"", ""Saturday"": ""Closed""}","Sunday,|Monday,9AM,5PM|Tuesday,9AM,5PM|Wednesday,9AM,5PM|Thursday,9AM,5PM|Friday,9AM,5PM|Saturday,",Sunday:Closed|Monday:9AM-5PM|Tuesday:9AM-5PM|Wednesday:9AM-5PM|Thursday:9AM-5PM|Friday:9AM-5PM|Saturday:Closed,,,OPERATIONAL,"{""Service options"": {""Onsite services"": true}, ""Accessibility"": {""Wheelchair accessible parking lot"": true}}",,,,https://lh4.googleusercontent.com/-Y9iKbphBKzQ/AAAAAAAAAAI/AAAAAAAAAAA/Jmr-cu37U74/s44-p-k-no-ns-nd/photo.jpg,,,True,106683442779322602135,Eagle Construction,https://www.google.com/maps/contrib/106683442779322602135,,,,,"https://www.google.com/maps/place/Eagle+Construction/@29.961261399999998,-90.1719617,14z/data=!4m8!1m2!2m1!1sEagle+Construction!3m4!1s0x8620bb36c3bf78af:0x5d5693429071d68f!8m2!3d29.961261399999998!4d-90.1719617","https://www.google.com/maps/place/Eagle+Construction/@29.961261399999998,-90.1719617,13.99z/data=!4m16!1m7!3m6!1s0x8620bb36c3bf78af:0x5d5693429071d68f!2sEagle+Construction!8m2!3d29.961261399999998!4d-90.1719617!16s%2Fg%2F11ckvg1dmb!3m7!1s0x8620bb36c3bf78af:0x5d5693429071d68f!8m2!3d29.961261399999998!4d-90.1719617!9m1!1b1!16s%2Fg%2F11ckvg1dmb?entry=ttu",ChIJr3i_wza7IIYRj9ZxkEKTVl0,0x8620bb36c3bf78af:0x5d5693429071d68f,6725725007624918671,/g/11h07mgq16,6725725007624918671,,,,,,,,,,,,,,,,,,,,,,,,,,,,,,,,,,,,,,,,,,,,,,,,,,,,,TopUSADetails.com - Find Trusted Local Businesses Worldwide,,"Discover and connect with verified local businesses worldwide. Find trusted service providers, read reviews, and get contact information for businesses in your area.","local business directory, business finder, service providers, company reviews, business listings, local services",False,False
"custom home builder, 70183, New Orleans, LA, US",B&G Construction Inc,B And G Construction,https://bgnola.com/,"Custom home builder, Contractor, Fire damage restoration service, General contractor, Water damage restoration service",Fire damage restoration service,Custom home builder,+1 504-304-1459,fixed line,"LEVEL 3 COMMUNICATIONS, LLC - ",,"920 Tchoupitoulas St, New Orleans, LA 70130",Lower Garden District,920 Tchoupitoulas St,New Orleans,70130,Louisiana,Louisiana,United States of America,US,29.9424915,-90.0672161,89444642097ffff,America/Chicago,,False,5.0,1.0,https://search.google.com/local/reviews?placeid=ChIJoRXuTZinIIYR1TjEyP4-o8I&q=*&authuser=0&hl=en&gl=US,,,0.0,0.0,0.0,0.0,1.0,26.0,https://lh3.googleusercontent.com/p/AF1QipOylDTG4E5BAaKAbDKVl7vMpBzg9Xt0_97-U6pG=w800-h500-k-no,https://lh3.googleusercontent.com/p/AF1QipOylDTG4E5BAaKAbDKVl7vMpBzg9Xt0_97-U6pG=w1600-h1000-k-no,,"{""Sunday"": ""Closed"", ""Monday"": ""8AM-5PM"", ""Tuesday"": ""8AM-5PM"", ""Wednesday"": ""8AM-5PM"", ""Thursday"": ""8AM-5PM"", ""Friday"": ""8AM-5PM"", ""Saturday"": ""Closed""}","Sunday,|Monday,8AM,5PM|Tuesday,8AM,5PM|Wednesday,8AM,5PM|Thursday,8AM,5PM|Friday,8AM,5PM|Saturday,",Sunday:Closed|Monday:8AM-5PM|Tuesday:8AM-5PM|Wednesday:8AM-5PM|Thursday:8AM-5PM|Friday:8AM-5PM|Saturday:Closed,,,OPERATIONAL,"{""Parking"": {""Free street parking"": true, ""Paid parking lot"": true, ""Paid street parking"": true}}",,,,https://lh5.googleusercontent.com/-ZZi4t7C7ctU/AAAAAAAAAAI/AAAAAAAAAAA/k_nb8GFLxW0/s44-p-k-no-ns-nd/photo.jpg,,,True,113404163534057373245,B&G Construction Inc,https://www.google.com/maps/contrib/113404163534057373245,,,,,"https://www.google.com/maps/place/B%26G+Construction+Inc/@29.9424915,-90.0672161,14z/data=!4m8!1m2!2m1!1sB%26G+Construction+Inc!3m4!1s0x8620a7984dee15a1:0xc2a33efec8c438d5!8m2!3d29.9424915!4d-90.0672161","https://www.google.com/maps/place/B%26G+Construction+Inc/@29.9424915,-90.0672161,13.99z/data=!4m16!1m7!3m6!1s0x8620a7984dee15a1:0xc2a33efec8c438d5!2sB%26G+Construction+Inc!8m2!3d29.9424915!4d-90.0672161!16s%2Fg%2F11ckvg1dmb!3m7!1s0x8620a7984dee15a1:0xc2a33efec8c438d5!8m2!3d29.9424915!4d-90.0672161!9m1!1b1!16s%2Fg%2F11ckvg1dmb?entry=ttu",ChIJoRXuTZinIIYR1TjEyP4-o8I,0x8620a7984dee15a1:0xc2a33efec8c438d5,14025122928572774613,/g/11h3btdft2,-4421621145136777003,,,,,,,,,,,,,,,,,,,,,,,,,,5043041459,fixed line,"LEVEL 3 COMMUNICATIONS, LLC - ",,,,,,,,,,,,,,,,,,,,,,,,,Terms and Conditions - B&G Construction | Fire and Water Damage Restoration,Divi v.4.25.2,"For more than 40 years, our sole commitment has been to help Louisiana homeowners recover and rebuild their home after a fire. When disaster strikes, B&G Construction is here.",,False,True
"custom home builder, 70183, New Orleans, LA, US",Schneider Construction & Restoration,Schneider Construction And Restoration,http://www.schneiderconstruct.com/,"Home builder, Building restoration service, General contractor, Construction company, Remodeler",Construction company,Home builder,+1 504-371-5658,landline,,,"8218 Maple St, New Orleans, LA 70118",Leonidas,8218 Maple St,New Orleans,70118,Louisiana,Louisiana,United States of America,US,29.945446999999998,-90.13428909999999,89444655097ffff,America/Chicago,,False,4.8,49.0,https://search.google.com/local/reviews?placeid=ChIJ7zNleHevIIYRLaiYwKki63U&q=*&authuser=0&hl=en&gl=US,,,2.0,0.0,0.0,0.0,47.0,245.0,https://lh3.googleusercontent.com/p/AF1QipMcKAwJdaw9s5a3dkllRJ6KLnMjW__Szsd4-2EE=w800-h500-k-no,https://lh3.googleusercontent.com/p/AF1QipMcKAwJdaw9s5a3dkllRJ6KLnMjW__Szsd4-2EE=w1600-h1000-k-no,,"{""Sunday"": ""Closed"", ""Monday"": ""8AM-5PM"", ""Tuesday"": ""8AM-5PM"", ""Wednesday"": ""8AM-5PM"", ""Thursday"": ""8AM-5PM"", ""Friday"": ""8AM-5PM"", ""Saturday"": ""Closed""}","Sunday,|Monday,8AM,5PM|Tuesday,8AM,5PM|Wednesday,8AM,5PM|Thursday,8AM,5PM|Friday,8AM,5PM|Saturday,",Sunday:Closed|Monday:8AM-5PM|Tuesday:8AM-5PM|Wednesday:8AM-5PM|Thursday:8AM-5PM|Friday:8AM-5PM|Saturday:Closed,,,OPERATIONAL,"{""Accessibility"": {""Wheelchair accessible parking lot"": true}}",,,,https://lh5.googleusercontent.com/-gRnH-Hy9vt4/AAAAAAAAAAI/AAAAAAAAAAA/SJgUiAqsO7g/s44-p-k-no-ns-nd/photo.jpg,,,True,112134294320545026008,Schneider Construction & Restoration,https://www.google.com/maps/contrib/112134294320545026008,,,,,"https://www.google.com/maps/place/Schneider+Construction+%26+Restoration/@29.945446999999998,-90.13428909999999,14z/data=!4m8!1m2!2m1!1sSchneider+Construction+%26+Restoration!3m4!1s0x8620af77786533ef:0x75eb22a9c098a82d!8m2!3d29.945446999999998!4d-90.13428909999999","https://www.google.com/maps/place/Schneider+Construction+%26+Restoration/@29.945446999999998,-90.13428909999999,13.99z/data=!4m16!1m7!3m6!1s0x8620af77786533ef:0x75eb22a9c098a82d!2sSchneider+Construction+%26+Restoration!8m2!3d29.945446999999998!4d-90.13428909999999!16s%2Fg%2F11ckvg1dmb!3m7!1s0x8620af77786533ef:0x75eb22a9c098a82d!8m2!3d29.945446999999998!4d-90.13428909999999!9m1!1b1!16s%2Fg%2F11ckvg1dmb?entry=ttu",ChIJ7zNleHevIIYRLaiYwKki63U,0x8620af77786533ef:0x75eb22a9c098a82d,8496923234440620077,/g/1trxkmwr,8496923234440620077,,,,,,,,,,,,,,,,,,,,,,,,,,5043715658,landline,,,,,,,,,,,https://www.facebook.com/schneiderconstruct,,https://www.linkedin.com/company/schneider-construction-company,,,,,,,,,,,https://github.com/Modernizr/,,"Exteriors - Schneider Construction and Restoration, Inc.",,"At Schneider Construction and Restoration, Inc., we boast over 22 years of experience providing top-quality home renovation services. Learn more!",,False,False
"custom home builder, 70183, New Orleans, LA, US",Simon Says Home Improvement LLC,Simon Says Home Improvement,https://usmapiqs.org/details/simon-says-home-improvement-llc-ChIJ0TC,"General contractor, Carpenter, Contractor, Roofing contractor",Contractor,General contractor,+1 504-513-0995,mobile,T-Mobile USA Inc.,,"4508 King St, Metairie, LA 70001",None,4508 King St,Metairie,70001,Louisiana,Louisiana,United States of America,US,29.9802629,-90.1799293,8944465434fffff,America/Chicago,,False,5.0,1.0,https://search.google.com/local/reviews?placeid=ChIJ0TCBTwyxIIYRDxH9iA62q6E&q=*&authuser=0&hl=en&gl=US,,,0.0,0.0,0.0,0.0,1.0,14.0,https://lh3.googleusercontent.com/p/AF1QipPDQSl90KaG-JahaIN5VP1PO8mxZlFUGD_GurKf=w800-h500-k-no,https://lh3.googleusercontent.com/p/AF1QipPDQSl90KaG-JahaIN5VP1PO8mxZlFUGD_GurKf=w1600-h1000-k-no,,"{""Sunday"": ""Closed"", ""Monday"": ""9AM-6PM"", ""Tuesday"": ""9AM-6PM"", ""Wednesday"": ""9AM-6PM"", ""Thursday"": ""9AM-6PM"", ""Friday"": ""9AM-6PM"", ""Saturday"": ""11AM-3PM""}","Sunday,|Monday,9AM,6PM|Tuesday,9AM,6PM|Wednesday,9AM,6PM|Thursday,9AM,6PM|Friday,9AM,6PM|Saturday,11AM,3PM",Sunday:Closed|Monday:9AM-6PM|Tuesday:9AM-6PM|Wednesday:9AM-6PM|Thursday:9AM-6PM|Friday:9AM-6PM|Saturday:11AM-3PM,,,OPERATIONAL,"{""Service options"": {""Online estimates"": true, ""Onsite services"": true}, ""Accessibility"": {""Wheelchair accessible parking lot"": true}}",,,,https://lh6.googleusercontent.com/-3beMaXT1Uhk/AAAAAAAAAAI/AAAAAAAAAAA/mLSy6XH9rk4/s44-p-k-no-ns-nd/photo.jpg,,,True,110968796790582647560,Simon Says Home Improvement LLC,https://www.google.com/maps/contrib/110968796790582647560,,,,,"https://www.google.com/maps/place/Simon+Says+Home+Improvement+LLC/@29.9802629,-90.1799293,14z/data=!4m8!1m2!2m1!1sSimon+Says+Home+Improvement+LLC!3m4!1s0x8620b10c4f8130d1:0xa1abb60e88fd110f!8m2!3d29.9802629!4d-90.1799293","https://www.google.com/maps/place/Simon+Says+Home+Improvement+LLC/@29.9802629,-90.1799293,13.99z/data=!4m16!1m7!3m6!1s0x8620b10c4f8130d1:0xa1abb60e88fd110f!2sSimon+Says+Home+Improvement+LLC!8m2!3d29.9802629!4d-90.1799293!16s%2Fg%2F11ckvg1dmb!3m7!1s0x8620b10c4f8130d1:0xa1abb60e88fd110f!8m2!3d29.9802629!4d-90.1799293!9m1!1b1!16s%2Fg%2F11ckvg1dmb?entry=ttu",ChIJ0TCBTwyxIIYRDxH9iA62q6E,0x8620b10c4f8130d1:0xa1abb60e88fd110f,11649605034668003599,/g/11sf69tj0b,-6797139039041548017,,,,,,,,,,,,,,,,,,,,,,,,,,,,,,,,,,,,,,,,,,,,,,,,,,,,,UsMapInformation - Global Business Directory | Find Professional Services,,"Find 60,000+ verified businesses and service providers worldwide. Your trusted partner for professional services, local experts, and quality craftsmen.","business directory, local services, professional services, craftsmen, repair services, local experts",False,False
"custom home builder, 70183, New Orleans, LA, US",Sunrise Homes - Water Oaks,Sunrise Homes Water Oaks,https://www.sunrisehomes.net/new-home-communities/waggaman/water-oaks%3Futm_source%3DGMB%26utm_medium%3Dorganic%26utm_campaign%3Dwebsite,Home builder,Home builder,Home builder,+1 225-329-0030,mobile,AT&T Mobility LLC,,"972 Dandelion Dr, Waggaman, LA 70094",None,972 Dandelion Dr,Waggaman,70094,Louisiana,Louisiana,United States of America,US,29.9397408,-90.2483049,89444656ebbffff,America/Chicago,,False,5.0,1.0,https://search.google.com/local/reviews?placeid=ChIJTxpDLdC5IIYRiMFNXFURkOY&q=*&authuser=0&hl=en&gl=US,,,0.0,0.0,0.0,0.0,1.0,19.0,https://lh3.googleusercontent.com/p/AF1QipOJd2XU2D9tEvAx3nvhgQHoAHyHXg887YpOfPaC=w800-h500-k-no,https://lh3.googleusercontent.com/p/AF1QipOJd2XU2D9tEvAx3nvhgQHoAHyHXg887YpOfPaC=w1600-h1000-k-no,,"{""Sunday"": ""1-5:30PM"", ""Monday"": ""9:30AM-5:30PM"", ""Tuesday"": ""9:30AM-5:30PM"", ""Wednesday"": ""9:30AM-5:30PM"", ""Thursday"": ""9:30AM-5:30PM"", ""Friday"": ""9:30AM-5:30PM"", ""Saturday"": ""9:30AM-5:30PM""}","Sunday,1,5:30PM|Monday,9:30AM,5:30PM|Tuesday,9:30AM,5:30PM|Wednesday,9:30AM,5:30PM|Thursday,9:30AM,5:30PM|Friday,9:30AM,5:30PM|Saturday,9:30AM,5:30PM",Sunday:1-5:30PM|Monday:9:30AM-5:30PM|Tuesday:9:30AM-5:30PM|Wednesday:9:30AM-5:30PM|Thursday:9:30AM-5:30PM|Friday:9:30AM-5:30PM|Saturday:9:30AM-5:30PM,,,OPERATIONAL,{},,,,https://lh4.googleusercontent.com/-a374eXryRo8/AAAAAAAAAAI/AAAAAAAAAAA/XWaIG9BYJcU/s44-p-k-no-ns-nd/photo.jpg,,,True,116430733233922824891,Sunrise Homes - Water Oaks,https://www.google.com/maps/contrib/116430733233922824891,,,,,"https://www.google.com/maps/place/Sunrise+Homes+-+Water+Oaks/@29.9397408,-90.2483049,14z/data=!4m8!1m2!2m1!1sSunrise+Homes+-+Water+Oaks!3m4!1s0x8620b9d02d431a4f:0xe69011555c4dc188!8m2!3d29.9397408!4d-90.2483049","https://www.google.com/maps/place/Sunrise+Homes+-+Water+Oaks/@29.9397408,-90.2483049,13.99z/data=!4m16!1m7!3m6!1s0x8620b9d02d431a4f:0xe69011555c4dc188!2sSunrise+Homes+-+Water+Oaks!8m2!3d29.9397408!4d-90.2483049!16s%2Fg%2F11ckvg1dmb!3m7!1s0x8620b9d02d431a4f:0xe69011555c4dc188!8m2!3d29.9397408!4d-90.2483049!9m1!1b1!16s%2Fg%2F11ckvg1dmb?entry=ttu",ChIJTxpDLdC5IIYRiMFNXFURkOY,0x8620b9d02d431a4f:0xe69011555c4dc188,16613798083688251784,/g/11v5v8rrm4,-1832945990021299832,,ali.hasbini@gmail.com,RECEIVING,Verified,Ali Hasbini,Ali,Hasbini,New Home Developer,,steve@sunrisehomes.net,INVALID,Cannot validate,Steve Bergholtz,Steve,Bergholtz,President,,dbates@sunrisehomebuilders.net,INVALID,Invalid DNS,Darren Bates,Darren,Bates,Owner,,19857787636,mobile,"VOICESTREAM GSM I, LLC",,15044826650,landline,,,19856391958,landline,,,https://www.facebook.com/SunriseHomes/,,http://www.linkedin.com/company/433962,,,,,,,,http://twitter.com/sunrisehomesla,,https://www.youtube.com/user/SunriseHomesLA,,,Sunrise Homes - Your New Orleans Metro Home Builder | Sunrise Homes,,"Sunrise Homes build new construction homes in St. Tammany Parish, Jefferson Parish, Picayune and other locations in the New Orleans Metro area.",,False,False
"custom home builder, 70183, New Orleans, LA, US",Godsun Construction LLC,Godsun Construction,https://godsunco.com/,General contractor,General contractor,General contractor,+1 504-667-3115,voip,,,"6392 Jefferson Hwy, New Orleans, LA 70123",None,6392 Jefferson Hwy,New Orleans,70123,Louisiana,Louisiana,United States of America,US,29.938428199999997,-90.1939749,89444654473ffff,America/Chicago,,False,5.0,1.0,https://search.google.com/local/reviews?placeid=ChIJBWZkT3O7IIYR7uxOG2xyXWk&q=*&authuser=0&hl=en&gl=US,,,0.0,0.0,0.0,0.0,1.0,1.0,https://streetviewpixels-pa.googleapis.com/v1/thumbnail?panoid=blpnFPYEK3DTOAZd6v7ZaA&cb_client=search.gws-prod.gps&w=800&h=500&yaw=174.74034&pitch=0&thumbfov=100,https://streetviewpixels-pa.googleapis.com/v1/thumbnail?panoid=blpnFPYEK3DTOAZd6v7ZaA&cb_client=search.gws-prod.gps&w=1600&h=1000&yaw=174.74034&pitch=0&thumbfov=100,,"{""Sunday"": ""Closed"", ""Monday"": ""7AM-5:30PM"", ""Tuesday"": ""7AM-5:30PM"", ""Wednesday"": ""7AM-5:30PM"", ""Thursday"": ""7AM-5:30PM"", ""Friday"": ""7AM-5:30PM"", ""Saturday"": ""Closed""}","Sunday,|Monday,7AM,5:30PM|Tuesday,7AM,5:30PM|Wednesday,7AM,5:30PM|Thursday,7AM,5:30PM|Friday,7AM,5:30PM|Saturday,",Sunday:Closed|Monday:7AM-5:30PM|Tuesday:7AM-5:30PM|Wednesday:7AM-5:30PM|Thursday:7AM-5:30PM|Friday:7AM-5:30PM|Saturday:Closed,,,OPERATIONAL,{},,,,https://lh6.googleusercontent.com/-7ik8gE4rH8A/AAAAAAAAAAI/AAAAAAAAAAA/NltPmoYWDRU/s44-p-k-no-ns-nd/photo.jpg,,,True,110728653725871712078,Godsun Construction LLC,https://www.google.com/maps/contrib/110728653725871712078,,,,,"https://www.google.com/maps/place/Godsun+Construction+LLC/@29.938428199999997,-90.1939749,14z/data=!4m8!1m2!2m1!1sGodsun+Construction+LLC!3m4!1s0x8620bb734f646605:0x695d726c1b4eecee!8m2!3d29.938428199999997!4d-90.1939749","https://www.google.com/maps/place/Godsun+Construction+LLC/@29.938428199999997,-90.1939749,13.99z/data=!4m16!1m7!3m6!1s0x8620bb734f646605:0x695d726c1b4eecee!2sGodsun+Construction+LLC!8m2!3d29.938428199999997!4d-90.1939749!16s%2Fg%2F11ckvg1dmb!3m7!1s0x8620bb734f646605:0x695d726c1b4eecee!8m2!3d29.938428199999997!4d-90.1939749!9m1!1b1!16s%2Fg%2F11ckvg1dmb?entry=ttu",ChIJBWZkT3O7IIYR7uxOG2xyXWk,0x8620bb734f646605:0x695d726c1b4eecee,7592350355456716014,/g/11wmsdzgml,7592350355456716014,,,,,,,,,,,,,,,,,,,,,,,,,,,,,,,,,,,,,,,,,,,,,,,,,,,,,Home | Godsun Construction - Commercial Contracting,Wix.com Website Builder,Godsun Construction is a Commercial Contracting company serving the greater New Orleans area,,False,False
"custom home builder, 70183, New Orleans, LA, US",Brea Construction,Brea Construction,http://www.breaconstruction.com/,"Construction company, Bathroom remodeler, Contractor, Flooring contractor, Remodeler",Construction company,Construction company,+1 504-327-6724,mobile,T-Mobile USA Inc.,,"1420 N Cumberland St, Metairie, LA 70003",None,1420 N Cumberland St,Metairie,70003,Louisiana,Louisiana,United States of America,US,29.992309,-90.2238859,89444654c7bffff,America/Chicago,,False,5.0,45.0,https://search.google.com/local/reviews?placeid=ChIJQVZtMIevIIYRItLP_r6o9mA&q=*&authuser=0&hl=en&gl=US,,,0.0,0.0,0.0,0.0,45.0,67.0,https://lh3.googleusercontent.com/p/AF1QipPkR1z25RSk-Jh7YiS-w949VYxsSzwmfjIlYULe=w800-h500-k-no,https://lh3.googleusercontent.com/p/AF1QipPkR1z25RSk-Jh7YiS-w949VYxsSzwmfjIlYULe=w1600-h1000-k-no,,"{""Sunday"": ""7:30AM-8PM"", ""Monday"": ""7AM-8PM"", ""Tuesday"": ""7AM-8PM"", ""Wednesday"": ""7AM-8PM"", ""Thursday"": ""7AM-8PM"", ""Friday"": ""7AM-8PM"", ""Saturday"": ""7AM-8PM""}","Sunday,7:30AM,8PM|Monday,7AM,8PM|Tuesday,7AM,8PM|Wednesday,7AM,8PM|Thursday,7AM,8PM|Friday,7AM,8PM|Saturday,7AM,8PM",Sunday:7:30AM-8PM|Monday:7AM-8PM|Tuesday:7AM-8PM|Wednesday:7AM-8PM|Thursday:7AM-8PM|Friday:7AM-8PM|Saturday:7AM-8PM,,,OPERATIONAL,"{""Service options"": {""Language assistance"": ""English, Portuguese, Spanish""}}",,,,https://lh3.googleusercontent.com/-UBTILt91ezI/AAAAAAAAAAI/AAAAAAAAAAA/58FholL1COQ/s44-p-k-no-ns-nd/photo.jpg,,,True,112833044125091611094,Brea Construction,https://www.google.com/maps/contrib/112833044125091611094,,,,,"https://www.google.com/maps/place/Brea+Construction/@29.992309,-90.2238859,14z/data=!4m8!1m2!2m1!1sBrea+Construction!3m4!1s0x8620af87306d5641:0x60f6a8befecfd222!8m2!3d29.992309!4d-90.2238859","https://www.google.com/maps/place/Brea+Construction/@29.992309,-90.2238859,13.99z/data=!4m16!1m7!3m6!1s0x8620af87306d5641:0x60f6a8befecfd222!2sBrea+Construction!8m2!3d29.992309!4d-90.2238859!16s%2Fg%2F11ckvg1dmb!3m7!1s0x8620af87306d5641:0x60f6a8befecfd222!8m2!3d29.992309!4d-90.2238859!9m1!1b1!16s%2Fg%2F11ckvg1dmb?entry=ttu",ChIJQVZtMIevIIYRItLP_r6o9mA,0x8620af87306d5641:0x60f6a8befecfd222,6986957410184188450,/g/11kt_dzy7c,6986957410184188450,,micah@micahrich.com,RECEIVING,Catch All,,,,,,support@breaconstruction.com,RECEIVING,Catch All,,,,,,bc@breaconstruction.com,RECEIVING,Catch All,,,,,,5043276724,mobile,T-Mobile USA Inc.,,,,,,,,,,https://www.facebook.com/breaconstruction,https://www.instagram.com/BreaFlooring,,,,,,,,,,,,,,Contact Us,Starfield Technologies; Go Daddy Website Builder 8.0.0000,,,False,False
"custom home builder, 70183, New Orleans, LA, US",Custom Repairs LLC,Custom Repairs,,"General contractor, Bathroom remodeler, Service establishment, Flooring contractor, Kitchen remodeler, Painting, Tile contractor",General contractor,General contractor,+1 504-373-0067,mobile,T-Mobile USA Inc.,,,,,,,,,,,30.937373599999997,-91.40087,8944400c20fffff,America/Chicago,,True,,,,,,,,,,,,,,,"{""Sunday"": ""Open 24 hours"", ""Monday"": ""Open 24 hours"", ""Tuesday"": ""Open 24 hours"", ""Wednesday"": ""Open 24 hours"", ""Thursday"": ""Open 24 hours"", ""Friday"": ""Open 24 hours"", ""Saturday"": ""Open 24 hours""}","Sunday,Open 24 hours|Monday,Open 24 hours|Tuesday,Open 24 hours|Wednesday,Open 24 hours|Thursday,Open 24 hours|Friday,Open 24 hours|Saturday,Open 24 hours",Sunday:Open 24 hours|Monday:Open 24 hours|Tuesday:Open 24 hours|Wednesday:Open 24 hours|Thursday:Open 24 hours|Friday:Open 24 hours|Saturday:Open 24 hours,,,OPERATIONAL,{},,,,https://lh5.googleusercontent.com/-yqEX_xBHE8U/AAAAAAAAAAI/AAAAAAAAAAA/uq6-dDpfn1k/s44-p-k-no-ns-nd/photo.jpg,,,True,104874841783827865652,Custom Repairs LLC,https://www.google.com/maps/contrib/104874841783827865652,,,,,"https://www.google.com/maps/place/Custom+Repairs+LLC/@30.937373599999997,-91.40087,14z/data=!4m8!1m2!2m1!1sCustom+Repairs+LLC!3m4!1s0x8620b08656acce4b:0xd54a2545b1ae2ca5!8m2!3d30.937373599999997!4d-91.40087","https://www.google.com/maps/place/Custom+Repairs+LLC/@30.937373599999997,-91.40087,13.99z/data=!4m16!1m7!3m6!1s0x8620b08656acce4b:0xd54a2545b1ae2ca5!2sCustom+Repairs+LLC!8m2!3d30.937373599999997!4d-91.40087!16s%2Fg%2F11ckvg1dmb!3m7!1s0x8620b08656acce4b:0xd54a2545b1ae2ca5!8m2!3d30.937373599999997!4d-91.40087!9m1!1b1!16s%2Fg%2F11ckvg1dmb?entry=ttu",ChIJS86sVoawIIYRpSyusUUlStU,0x8620b08656acce4b:0xd54a2545b1ae2ca5,15369137659619191973,/g/11cnb9cjtw,None,,,,,,,,,,,,,,,,,,,,,,,,,,,,,,,,,,,,,,,,,,,,,,,,,,,,,,,,,,
"custom home builder, 70183, New Orleans, LA, US",Home Revive Renovations & Remodel,Home Revive Renovations And Remodel,https://remodelermetairiela.com/,"Construction company, Bathroom remodeler, Contractor, Service establishment, General contractor, Remodeler",Construction company,Construction company,+1 504-229-9086,mobile,T-Mobile USA Inc.,,,,,,,,,,,29.952823499999997,-90.258718,894446568c7ffff,America/Chicago,,True,,,,,,,,,,,17.0,https://lh3.googleusercontent.com/p/AF1QipNtr0k8ERWKsMnsyyn0xC3pWBhl77T9YJz4zl5G=w800-h500-k-no,https://lh3.googleusercontent.com/p/AF1QipNtr0k8ERWKsMnsyyn0xC3pWBhl77T9YJz4zl5G=w1600-h1000-k-no,,"{""Sunday"": ""Closed"", ""Monday"": ""8AM-8PM"", ""Tuesday"": ""8AM-8PM"", ""Wednesday"": ""8AM-8PM"", ""Thursday"": ""8AM-8PM"", ""Friday"": ""8AM-8PM"", ""Saturday"": ""Closed""}","Sunday,|Monday,8AM,8PM|Tuesday,8AM,8PM|Wednesday,8AM,8PM|Thursday,8AM,8PM|Friday,8AM,8PM|Saturday,",Sunday:Closed|Monday:8AM-8PM|Tuesday:8AM-8PM|Wednesday:8AM-8PM|Thursday:8AM-8PM|Friday:8AM-8PM|Saturday:Closed,,,OPERATIONAL,{},,,,https://lh6.googleusercontent.com/-rcopR24Ap6E/AAAAAAAAAAI/AAAAAAAAAAA/CDMZpL6vJrM/s44-p-k-no-ns-nd/photo.jpg,,,True,103674978699071826727,Home Revive Renovations & Remodel,https://www.google.com/maps/contrib/103674978699071826727,,,,,"https://www.google.com/maps/place/Home+Revive+Renovations+%26+Remodel/@29.952823499999997,-90.258718,14z/data=!4m8!1m2!2m1!1sHome+Revive+Renovations+%26+Remodel!3m4!1s0x86a40c2f84cefe19:0x378838ec87312382!8m2!3d29.952823499999997!4d-90.258718","https://www.google.com/maps/place/Home+Revive+Renovations+%26+Remodel/@29.952823499999997,-90.258718,13.99z/data=!4m16!1m7!3m6!1s0x86a40c2f84cefe19:0x378838ec87312382!2sHome+Revive+Renovations+%26+Remodel!8m2!3d29.952823499999997!4d-90.258718!16s%2Fg%2F11ckvg1dmb!3m7!1s0x86a40c2f84cefe19:0x378838ec87312382!8m2!3d29.952823499999997!4d-90.258718!9m1!1b1!16s%2Fg%2F11ckvg1dmb?entry=ttu",ChIJGf7OhC8MpIYRgiMxh-w4iDc,0x86a40c2f84cefe19:0x378838ec87312382,4001510857450267522,/g/11vz2pddb7,None,,admin@remodelermetairiela.com,INVALID,Invalid DNS,,,,,,,,,,,,,,,,,,,,,,5042299086,mobile,T-Mobile USA Inc.,,,,,,,,,,,,,,,,,,,,,,,,,"A superb remodeling service in Metairie, LA, 70003",wordpress,"Home Revive Renovations & Remodel is a company that operates in Metairie, LA, 70003. Contact us for an exceptional remodeling service!",,False,False
"custom home builder, 70183, New Orleans, LA, US",P. LeBlanc Construction,P Leblanc Construction,https://www.plcnola.com/,"Kitchen remodeler, Bathroom remodeler, Contractor, Service establishment, General contractor, Remodeler",Kitchen remodeler,Kitchen remodeler,+1 504-606-1962,mobile,CELLCO PARTNERSHIP DBA VERIZON,,,,,,,,,,,29.997728,-90.1551176,894446558d3ffff,America/Chicago,,True,5.0,4.0,https://search.google.com/local/reviews?placeid=ChIJAQRs2_23IIYRvoVX6NRX-eI&q=*&authuser=0&hl=en&gl=US,,,0.0,0.0,0.0,0.0,4.0,12.0,https://lh3.googleusercontent.com/p/AF1QipMjlMXHcaWh4WEiTg8kCoi-yJf_TPZFnq-V7QlB=w800-h500-k-no,https://lh3.googleusercontent.com/p/AF1QipMjlMXHcaWh4WEiTg8kCoi-yJf_TPZFnq-V7QlB=w1600-h1000-k-no,,"{""Sunday"": ""Closed"", ""Monday"": ""8AM-6PM"", ""Tuesday"": ""8AM-6PM"", ""Wednesday"": ""8AM-6PM"", ""Thursday"": ""8AM-6PM"", ""Friday"": ""8AM-6PM"", ""Saturday"": ""Closed""}","Sunday,|Monday,8AM,6PM|Tuesday,8AM,6PM|Wednesday,8AM,6PM|Thursday,8AM,6PM|Friday,8AM,6PM|Saturday,",Sunday:Closed|Monday:8AM-6PM|Tuesday:8AM-6PM|Wednesday:8AM-6PM|Thursday:8AM-6PM|Friday:8AM-6PM|Saturday:Closed,,,OPERATIONAL,{},,,,https://lh3.googleusercontent.com/-gneiTt_bHZc/AAAAAAAAAAI/AAAAAAAAAAA/qNA08dxFt5I/s44-p-k-no-ns-nd/photo.jpg,,,True,111212097174972625367,P. LeBlanc Construction,https://www.google.com/maps/contrib/111212097174972625367,,,,,"https://www.google.com/maps/place/P.+LeBlanc+Construction/@29.997728,-90.1551176,14z/data=!4m8!1m2!2m1!1sP.+LeBlanc+Construction!3m4!1s0x8620b7fddb6c0401:0xe2f957d4e85785be!8m2!3d29.997728!4d-90.1551176","https://www.google.com/maps/place/P.+LeBlanc+Construction/@29.997728,-90.1551176,13.99z/data=!4m16!1m7!3m6!1s0x8620b7fddb6c0401:0xe2f957d4e85785be!2sP.+LeBlanc+Construction!8m2!3d29.997728!4d-90.1551176!16s%2Fg%2F11ckvg1dmb!3m7!1s0x8620b7fddb6c0401:0xe2f957d4e85785be!8m2!3d29.997728!4d-90.1551176!9m1!1b1!16s%2Fg%2F11ckvg1dmb?entry=ttu",ChIJAQRs2_23IIYRvoVX6NRX-eI,0x8620b7fddb6c0401:0xe2f957d4e85785be,16355200093715400126,/g/11gnrt5r3g,-2091543979994151490,,pleblanc.construction@gmail.com,RECEIVING,SMTP validated,,,,,,tyler@trghomeconcepts.com,RECEIVING,SMTP validated,,,,,,,,,,,,,,5046061962,mobile,CELLCO PARTNERSHIP DBA VERIZON,,,,,,,,,,https://www.facebook.com/pleblanc.construction,https://www.instagram.com/pleblanc.construct,,,,,,,,,,,,,,ABOUT — P. LeBlanc Construction,,"P. LeBlanc Construction Contact page, if you would like to get in touch 
with us, please fill out this short form and we will get back in touch with 
you very soon - typically within 24 hours.",,False,False
"custom home builder, 70183, New Orleans, LA, US",IronCraft Creations LLC,Ironcraft Creations,https://wecraftiron.com/contact/,"Welder, Service establishment",Welder,Welder,+1 504-578-5319,mobile,CELLCO PARTNERSHIP DBA VERIZON WIRELESS - LA,,,,,,,,,,,46.423669,-129.9427086,8928e9c8573ffff,America/Chicago,,True,5.0,1.0,https://search.google.com/local/reviews?placeid=ChIJITNE2GawIIYR1BPsjRCCEZQ&q=*&authuser=0&hl=en&gl=US,,,0.0,0.0,0.0,0.0,1.0,3.0,https://lh3.googleusercontent.com/gps-cs-s/AG0ilSwyZxR16csHB1eHrTDbAd4GOBUS_e4vcwzB4ZP77hhwvL12M7HXCrysh7g9qcsJWqGgglyOzwh5B7zoxBWl7GAlBk6BluSB-x-Na-8uyVqiWanm8CsfK96K8onkM5kflIDbw2YzCvU9Z0r5=w800-h500-k-no,https://lh3.googleusercontent.com/gps-cs-s/AG0ilSwyZxR16csHB1eHrTDbAd4GOBUS_e4vcwzB4ZP77hhwvL12M7HXCrysh7g9qcsJWqGgglyOzwh5B7zoxBWl7GAlBk6BluSB-x-Na-8uyVqiWanm8CsfK96K8onkM5kflIDbw2YzCvU9Z0r5=w1600-h1000-k-no,,"{""Sunday"": ""Closed"", ""Monday"": ""8AM-5PM"", ""Tuesday"": ""8AM-5PM"", ""Wednesday"": ""8AM-5PM"", ""Thursday"": ""8AM-5PM"", ""Friday"": ""8AM-5PM"", ""Saturday"": ""9AM-5PM""}","Sunday,|Monday,8AM,5PM|Tuesday,8AM,5PM|Wednesday,8AM,5PM|Thursday,8AM,5PM|Friday,8AM,5PM|Saturday,9AM,5PM",Sunday:Closed|Monday:8AM-5PM|Tuesday:8AM-5PM|Wednesday:8AM-5PM|Thursday:8AM-5PM|Friday:8AM-5PM|Saturday:9AM-5PM,,,OPERATIONAL,{},,,,https://lh5.googleusercontent.com/-fdFNa1zR9eI/AAAAAAAAAAI/AAAAAAAAAAA/BTbdjLfoTcU/s44-p-k-no-ns-nd/photo.jpg,,,True,106039385736931915258,IronCraft Creations LLC,https://www.google.com/maps/contrib/106039385736931915258,,,,,"https://www.google.com/maps/place/IronCraft+Creations+LLC/@46.423669,-129.9427086,14z/data=!4m8!1m2!2m1!1sIronCraft+Creations+LLC!3m4!1s0x8620b066d8443321:0x941182108dec13d4!8m2!3d46.423669!4d-129.9427086","https://www.google.com/maps/place/IronCraft+Creations+LLC/@46.423669,-129.9427086,13.99z/data=!4m16!1m7!3m6!1s0x8620b066d8443321:0x941182108dec13d4!2sIronCraft+Creations+LLC!8m2!3d46.423669!4d-129.9427086!16s%2Fg%2F11ckvg1dmb!3m7!1s0x8620b066d8443321:0x941182108dec13d4!8m2!3d46.423669!4d-129.9427086!9m1!1b1!16s%2Fg%2F11ckvg1dmb?entry=ttu",ChIJITNE2GawIIYR1BPsjRCCEZQ,0x8620b066d8443321:0x941182108dec13d4,10669451999829562324,/g/11wvp278kp,-7777292073879989292,,,,,,,,,,,,,,,,,,,,,,,,,,,,,,,,,,,,,,,,,,,,,,,,,,,,,,,,,,
"custom home builder, 70183, New Orleans, LA, US",Southern Restoration Specialist,Southern Restoration Specialist,,"Contractor, Fence contractor, Tree service",Contractor,Contractor,+1 504-500-5230,landline,,,"5808 Rickey St, Metairie, LA 70003",None,5808 Rickey St,Metairie,70003,Louisiana,Louisiana,United States of America,US,29.9927544,-90.2008705,89444654e57ffff,America/Chicago,,False,,,,,,,,,,,27.0,https://lh3.googleusercontent.com/p/AF1QipPlGk-Zna3-Fodfkkh7gxBN4az2MEY4Iyrtqiv3=w800-h500-k-no,https://lh3.googleusercontent.com/p/AF1QipPlGk-Zna3-Fodfkkh7gxBN4az2MEY4Iyrtqiv3=w1600-h1000-k-no,,,,,,,OPERATIONAL,{},,,,https://lh3.googleusercontent.com/-q2nSbn5hyr0/AAAAAAAAAAI/AAAAAAAAAAA/jclAWOWE5kU/s44-p-k-no-ns-nd/photo.jpg,,,True,108405889424294128849,Southern Restoration Specialist,https://www.google.com/maps/contrib/108405889424294128849,,,,,"https://www.google.com/maps/place/Southern+Restoration+Specialist/@29.9927544,-90.2008705,14z/data=!4m8!1m2!2m1!1sSouthern+Restoration+Specialist!3m4!1s0x8620b1b865b345ef:0xf04c5ee9a6fea467!8m2!3d29.9927544!4d-90.2008705","https://www.google.com/maps/place/Southern+Restoration+Specialist/@29.9927544,-90.2008705,13.99z/data=!4m16!1m7!3m6!1s0x8620b1b865b345ef:0xf04c5ee9a6fea467!2sSouthern+Restoration+Specialist!8m2!3d29.9927544!4d-90.2008705!16s%2Fg%2F11ckvg1dmb!3m7!1s0x8620b1b865b345ef:0xf04c5ee9a6fea467!8m2!3d29.9927544!4d-90.2008705!9m1!1b1!16s%2Fg%2F11ckvg1dmb?entry=ttu",ChIJ70WzZbixIIYRZ6T-puleTPA,0x8620b1b865b345ef:0xf04c5ee9a6fea467,17315319024954811495,/g/11p12ll6lm,None,,,,,,,,,,,,,,,,,,,,,,,,,,,,,,,,,,,,,,,,,,,,,,,,,,,,,,,,,,
"custom home builder, 70183, New Orleans, LA, US",Delta Cabinets,Delta Cabinets,http://www.deltacabinetproducts.com/,"Cabinet maker, Cabinet store",Cabinet maker,Cabinet maker,+1 504-266-1840,landline,,,"280 Hord St, Harahan, LA 70123",None,280 Hord St,Harahan,70123,Louisiana,Louisiana,United States of America,US,29.9432476,-90.1923508,8944465446fffff,America/Chicago,,False,3.4,10.0,https://search.google.com/local/reviews?placeid=ChIJYfH951u6IIYRpMUmVXjoe2U&q=*&authuser=0&hl=en&gl=US,,,4.0,0.0,0.0,0.0,6.0,39.0,https://lh3.googleusercontent.com/p/AF1QipPOlq00qhzz0bN6oJanhag1UtnJyPnHfv2PQ6H0=w800-h500-k-no,https://lh3.googleusercontent.com/p/AF1QipPOlq00qhzz0bN6oJanhag1UtnJyPnHfv2PQ6H0=w1600-h1000-k-no,,"{""Sunday"": ""Closed"", ""Monday"": ""8AM-5PM"", ""Tuesday"": ""8AM-5PM"", ""Wednesday"": ""8AM-5PM"", ""Thursday"": ""8AM-5PM"", ""Friday"": ""8AM-5PM"", ""Saturday"": ""Closed""}","Sunday,|Monday,8AM,5PM|Tuesday,8AM,5PM|Wednesday,8AM,5PM|Thursday,8AM,5PM|Friday,8AM,5PM|Saturday,",Sunday:Closed|Monday:8AM-5PM|Tuesday:8AM-5PM|Wednesday:8AM-5PM|Thursday:8AM-5PM|Friday:8AM-5PM|Saturday:Closed,"[{""online_service_hours"": {""Sunday"": ""Closed"", ""Monday"": ""8:30 AM-4 PM"", ""Tuesday"": ""8:30 AM-4 PM"", ""Wednesday"": ""8:30 AM-4 PM"", ""Thursday"": ""8:30 AM-4 PM"", ""Friday"": ""8:30 AM-4 PM"", ""Saturday"": ""Closed""}}]",,OPERATIONAL,"{""Service options"": {""Online estimates"": true, ""Onsite services"": true, ""Language assistance"": ""English""}, ""Accessibility"": {""Wheelchair accessible restroom"": true, ""Wheelchair accessible seating"": true}, ""Payments"": {""Credit cards"": true, ""Debit cards"": true}}",,,,https://lh3.googleusercontent.com/-cKogFlyw8NQ/AAAAAAAAAAI/AAAAAAAAAAA/r1obY-fMCik/s44-p-k-no-ns-nd/photo.jpg,,,True,104378277056981524518,Delta Cabinets,https://www.google.com/maps/contrib/104378277056981524518,,https://docs.google.com/forms/d/1xYCRGp1RoCCGDgCAqmQcp74inQMiwnqhoJAK1GIavFk/edit,,https://docs.google.com/forms/d/1xYCRGp1RoCCGDgCAqmQcp74inQMiwnqhoJAK1GIavFk/edit,"https://www.google.com/maps/place/Delta+Cabinets/@29.9432476,-90.1923508,14z/data=!4m8!1m2!2m1!1sDelta+Cabinets!3m4!1s0x8620ba5be7fdf161:0x657be8785526c5a4!8m2!3d29.9432476!4d-90.1923508","https://www.google.com/maps/place/Delta+Cabinets/@29.9432476,-90.1923508,13.99z/data=!4m16!1m7!3m6!1s0x8620ba5be7fdf161:0x657be8785526c5a4!2sDelta+Cabinets!8m2!3d29.9432476!4d-90.1923508!16s%2Fg%2F11ckvg1dmb!3m7!1s0x8620ba5be7fdf161:0x657be8785526c5a4!8m2!3d29.9432476!4d-90.1923508!9m1!1b1!16s%2Fg%2F11ckvg1dmb?entry=ttu",ChIJYfH951u6IIYRpMUmVXjoe2U,0x8620ba5be7fdf161:0x657be8785526c5a4,7312694023488456100,/g/1tds71b2,7312694023488456100,,customcabinetspecialties@gmail.com,RECEIVING,Verified,,,,,,,,,,,,,,,,,,,,,,15047294086,landline,,,,,,,,,,,https://www.facebook.com/DeltaCabinetDoors/,,,,,,,,,,,,,,,Delta Cabinetry of New Orleans,,"Quality custom built and factory made cabinets in New Orleans, Louisiana","Cabinets New Orleans,Cabinet refacing New Orleans,Kitchen cabinets New Orleans,Custom Cabinets,Custom kitchen cabinets,Custom kitchen cabinet doors,Cabinet refacing,Kitchen Makeover,Kitchen Makeover New Orleans,Kitchen Cabinet Makeover,Cabinets,Cabinet reface,Cabinet Refacing,Cabinet refacers,Cabinet refinishing,Cabinet doors,Kitchen cabinet reface,Kitchen cabinet Refacing,Kitchen cabinets,Kitchen cabinets new doors,Cabinet doors,New cabinet doors,Kitchen cabinet doors,Replacement cabinet doors,Cabinet door refinishing,Kitchen cabinet refinishing,Cabinet refinishing,Cabinet door painting,Cabinet door staining,Cabinet staining,Shaker cabinets,Painting,Cabinet painting,Cabinet hardware,New cabinet hardware,Kitchen tune up,Brighter kitchen,Kitchen cabinet refacing,Kitchen cabinet refinishing,Kitchen cabinet replacement doors,Gulf coast,Louisiana,New Orleans,Jefferson parish,Kitchen facelift,Cabinet facelift,Cabinet facelift,kitchen cabinet refacing cost calculator,kitchen cabinet refinishing near me,kitchen cabinet painters near me,kitchen cabinet refacing doors,cabinet refacing cost,cabinet refacing before and after,professional painters for kitchen cabinets,Furniture,Custom Furniture,Furniture repair,Furniture builder,Furniture fabrication,Media wall,Entertainment center,Furniture refinishing,Furniture finishing",False,False
"custom home builder, 70183, New Orleans, LA, US",Peyton Bainbridge Interiors,Peyton Bainbridge Interiors,https://peytonbainbridge.com/,"Interior designer, Service establishment, Kitchen remodeler",Interior designer,Interior designer,+1 615-497-8201,mobile,"NEW CINGULAR WIRELESS PCS, LLC",,,,,,,,,,,30.1421866,-87.96307949999999,894450d0543ffff,America/Chicago,,True,5.0,32.0,https://search.google.com/local/reviews?placeid=ChIJP5CHMxmlIIYRb3lHaoNPM6s&q=*&authuser=0&hl=en&gl=US,,,0.0,0.0,0.0,0.0,32.0,55.0,https://lh3.googleusercontent.com/p/AF1QipN37KsQaQB36DXRFoSeBVufGCCXe1Zdr_k8-_7A=w800-h500-k-no,https://lh3.googleusercontent.com/p/AF1QipN37KsQaQB36DXRFoSeBVufGCCXe1Zdr_k8-_7A=w1600-h1000-k-no,,"{""Sunday"": ""8AM-6PM"", ""Monday"": ""8AM-6PM"", ""Tuesday"": ""8AM-6PM"", ""Wednesday"": ""8AM-6PM"", ""Thursday"": ""8AM-6PM"", ""Friday"": ""8AM-6PM"", ""Saturday"": ""8AM-6PM""}","Sunday,8AM,6PM|Monday,8AM,6PM|Tuesday,8AM,6PM|Wednesday,8AM,6PM|Thursday,8AM,6PM|Friday,8AM,6PM|Saturday,8AM,6PM",Sunday:8AM-6PM|Monday:8AM-6PM|Tuesday:8AM-6PM|Wednesday:8AM-6PM|Thursday:8AM-6PM|Friday:8AM-6PM|Saturday:8AM-6PM,,,OPERATIONAL,"{""From the business"": {""Identifies as women-owned"": true}, ""Service options"": {""Online estimates"": true, ""Language assistance"": ""English""}, ""Other"": {""Identifies as women-owned"": true}}",,,,https://lh4.googleusercontent.com/-axrUM6Fiu_0/AAAAAAAAAAI/AAAAAAAAAAA/ok5ORif966I/s44-p-k-no-ns-nd/photo.jpg,,,True,112858476966216606889,Peyton Bainbridge Interiors,https://www.google.com/maps/contrib/112858476966216606889,,,,,"https://www.google.com/maps/place/Peyton+Bainbridge+Interiors/@30.1421866,-87.96307949999999,14z/data=!4m8!1m2!2m1!1sPeyton+Bainbridge+Interiors!3m4!1s0x8620a5193387903f:0xab334f836a47796f!8m2!3d30.1421866!4d-87.96307949999999","https://www.google.com/maps/place/Peyton+Bainbridge+Interiors/@30.1421866,-87.96307949999999,13.99z/data=!4m16!1m7!3m6!1s0x8620a5193387903f:0xab334f836a47796f!2sPeyton+Bainbridge+Interiors!8m2!3d30.1421866!4d-87.96307949999999!16s%2Fg%2F11ckvg1dmb!3m7!1s0x8620a5193387903f:0xab334f836a47796f!8m2!3d30.1421866!4d-87.96307949999999!9m1!1b1!16s%2Fg%2F11ckvg1dmb?entry=ttu",ChIJP5CHMxmlIIYRb3lHaoNPM6s,0x8620a5193387903f:0xab334f836a47796f,12336291230140299631,/g/11fsnjzxht,-6110452843569251985,,info@peytonbainbridge.com,RECEIVING,SMTP validated,,,,,,emerson@peytonbainbridge.com,INVALID,Cannot validate,,,,,,,,,,,,,,6154978201,mobile,"NEW CINGULAR WIRELESS PCS, LLC",,,,,,,,,,https://www.facebook.com/peytonbainbridgeinteriors,https://www.instagram.com/peyton.bainbridge,,,,,,,,,,,,,,Design Philosophy | Peyton Bainbridge,Wix.com Website Builder,"This is how our interior design process works. If you've never utilized an interior designer before, it's natural to wonder what the process will be. While there are many factors, this is a brief description of how each project works from start to finish.",,False,False
"custom home builder, 70183, New Orleans, LA, US",Artisan Millshop LLC,Artisan Millshop,http://artisanmillshop.com/,"Millwork shop, Cabinet maker, Furniture maker, Woodworker",Millwork shop,Millwork shop,+1 504-343-2834,mobile,"NEW CINGULAR WIRELESS PCS, LLC - GA",,"200 N Meadow St, Metairie, LA 70003",None,200 N Meadow St,Metairie,70003,Louisiana,Louisiana,United States of America,US,29.9791706,-90.2145263,8944465412bffff,America/Chicago,,False,,,,,,,,,,,1.0,https://streetviewpixels-pa.googleapis.com/v1/thumbnail?panoid=tReV_juZf_s2hZ6whA0euA&cb_client=search.gws-prod.gps&w=800&h=500&yaw=292.9812&pitch=0&thumbfov=100,https://streetviewpixels-pa.googleapis.com/v1/thumbnail?panoid=tReV_juZf_s2hZ6whA0euA&cb_client=search.gws-prod.gps&w=1600&h=1000&yaw=292.9812&pitch=0&thumbfov=100,,"{""Sunday"": ""Closed"", ""Monday"": ""9AM-5PM"", ""Tuesday"": ""9AM-5PM"", ""Wednesday"": ""9AM-5PM"", ""Thursday"": ""9AM-5PM"", ""Friday"": ""9AM-5PM"", ""Saturday"": ""Closed""}","Sunday,|Monday,9AM,5PM|Tuesday,9AM,5PM|Wednesday,9AM,5PM|Thursday,9AM,5PM|Friday,9AM,5PM|Saturday,",Sunday:Closed|Monday:9AM-5PM|Tuesday:9AM-5PM|Wednesday:9AM-5PM|Thursday:9AM-5PM|Friday:9AM-5PM|Saturday:Closed,,,OPERATIONAL,"{""From the business"": {""Small business"": true}, ""Accessibility"": {""Wheelchair accessible entrance"": true, ""Wheelchair accessible parking lot"": true}}",,,,https://lh3.googleusercontent.com/-BaD3bZkNeTA/AAAAAAAAAAI/AAAAAAAAAAA/3psB3hEy1iM/s44-p-k-no-ns-nd/photo.jpg,,,True,107860052293075710859,Artisan Millshop LLC,https://www.google.com/maps/contrib/107860052293075710859,,,,,"https://www.google.com/maps/place/Artisan+Millshop+LLC/@29.9791706,-90.2145263,14z/data=!4m8!1m2!2m1!1sArtisan+Millshop+LLC!3m4!1s0x8620a5228d8c3729:0x35ad1e20a764923b!8m2!3d29.9791706!4d-90.2145263","https://www.google.com/maps/place/Artisan+Millshop+LLC/@29.9791706,-90.2145263,13.99z/data=!4m16!1m7!3m6!1s0x8620a5228d8c3729:0x35ad1e20a764923b!2sArtisan+Millshop+LLC!8m2!3d29.9791706!4d-90.2145263!16s%2Fg%2F11ckvg1dmb!3m7!1s0x8620a5228d8c3729:0x35ad1e20a764923b!8m2!3d29.9791706!4d-90.2145263!9m1!1b1!16s%2Fg%2F11ckvg1dmb?entry=ttu",ChIJKTeMjSKlIIYRO5JkpyAerTU,0x8620a5228d8c3729:0x35ad1e20a764923b,3867780780577296955,/g/1yg4d_l7z,None,,jessica@artisanmillshop.com,RECEIVING,SMTP validated,Jessica Vagnier,Jessica,Vagnier,Operations Manager,,create@artisanmillshop.com,RECEIVING,SMTP validated,,,,,,,,,,,,,,,,,,,,,,,,,,,https://www.instagram.com/artisanmillshop,,,,,,,,,,,,,,ARTISAN MILLSHOP,,,,,
"custom home builder, 70183, New Orleans, LA, US",Brodtmann Building & Contracting,Brodtmann Building And Contracting,http://brodtmannbuilding.com/,"General contractor, Service establishment",General contractor,General contractor,+1 504-723-1648,mobile,,,,,,,,,,,,30.937373599999997,-91.40087,8944400c20fffff,America/Chicago,,True,5.0,1.0,https://search.google.com/local/reviews?placeid=ChIJ2aA27Me1Lq4R74qfx7qqx38&q=*&authuser=0&hl=en&gl=US,,,0.0,0.0,0.0,0.0,1.0,6.0,https://lh3.googleusercontent.com/p/AF1QipNHDk9VTbVsk-WiJfEfmBEsfuKz8MY_TIxcyR9l=w800-h500-k-no,https://lh3.googleusercontent.com/p/AF1QipNHDk9VTbVsk-WiJfEfmBEsfuKz8MY_TIxcyR9l=w1600-h1000-k-no,,"{""Sunday"": ""Closed"", ""Monday"": ""7:30AM-5:30PM"", ""Tuesday"": ""7:30AM-5:30PM"", ""Wednesday"": ""7:30AM-5:30PM"", ""Thursday"": ""7:30AM-5:30PM"", ""Friday"": ""7:30AM-5:30PM"", ""Saturday"": ""7:30AM-12PM""}","Sunday,|Monday,7:30AM,5:30PM|Tuesday,7:30AM,5:30PM|Wednesday,7:30AM,5:30PM|Thursday,7:30AM,5:30PM|Friday,7:30AM,5:30PM|Saturday,7:30AM,12PM",Sunday:Closed|Monday:7:30AM-5:30PM|Tuesday:7:30AM-5:30PM|Wednesday:7:30AM-5:30PM|Thursday:7:30AM-5:30PM|Friday:7:30AM-5:30PM|Saturday:7:30AM-12PM,,,OPERATIONAL,{},,,,https://lh6.googleusercontent.com/-AvIuQAwMmeg/AAAAAAAAAAI/AAAAAAAAAAA/sGoUQiMbOuU/s44-p-k-no-ns-nd/photo.jpg,,,True,101631155543539694960,Brodtmann Building & Contracting,https://www.google.com/maps/contrib/101631155543539694960,,,,,"https://www.google.com/maps/place/Brodtmann+Building+%26+Contracting/@30.937373599999997,-91.40087,14z/data=!4m8!1m2!2m1!1sBrodtmann+Building+%26+Contracting!3m4!1s0xae2eb5c7ec36a0d9:0x7fc7aabac79f8aef!8m2!3d30.937373599999997!4d-91.40087","https://www.google.com/maps/place/Brodtmann+Building+%26+Contracting/@30.937373599999997,-91.40087,13.99z/data=!4m16!1m7!3m6!1s0xae2eb5c7ec36a0d9:0x7fc7aabac79f8aef!2sBrodtmann+Building+%26+Contracting!8m2!3d30.937373599999997!4d-91.40087!16s%2Fg%2F11ckvg1dmb!3m7!1s0xae2eb5c7ec36a0d9:0x7fc7aabac79f8aef!8m2!3d30.937373599999997!4d-91.40087!9m1!1b1!16s%2Fg%2F11ckvg1dmb?entry=ttu",ChIJ2aA27Me1Lq4R74qfx7qqx38,0xae2eb5c7ec36a0d9:0x7fc7aabac79f8aef,9207515682372029167,/g/11k9jgtjk2,9207515682372029167,,matt@pixelspread.com,RECEIVING,Verified,,,,,,kurtbrodtmann@gmail.com,RECEIVING,SMTP validated,,,,,,hello@rfuenzalida.com,INVALID,Undeliverable,,,,,,5047231648,mobile,,,,,,,,,,,https://www.facebook.com/106867611928496,,,,,,,,,,,,,,,Brodtmann Building & Contracting,Starfield Technologies; Go Daddy Website Builder 8.0.0000,,,False,True
"custom home builder, 70183, New Orleans, LA, US",Debs. Nola Designs,Debs Nola Designs,,"Interior designer, Service establishment",Interior designer,Interior designer,+1 504-312-3532,landline,,,,,,,,,,,,29.944796999999998,-90.0806856,8944464251bffff,America/Chicago,,True,,,,,,,,,,,14.0,https://lh3.googleusercontent.com/p/AF1QipO_W19y4YSOtxru6_wjHuJvpnvInjtzisRJ8RAt=w800-h500-k-no,https://lh3.googleusercontent.com/p/AF1QipO_W19y4YSOtxru6_wjHuJvpnvInjtzisRJ8RAt=w1600-h1000-k-no,,,,,,,OPERATIONAL,{},,,,https://lh3.googleusercontent.com/-3F5aMFAHhUM/AAAAAAAAAAI/AAAAAAAAAAA/omyw5rKOC94/s44-p-k-no-ns-nd/photo.jpg,,,True,117690088889353132102,Debs. Nola Designs,https://www.google.com/maps/contrib/117690088889353132102,,,,,"https://www.google.com/maps/place/Debs.+Nola+Designs/@29.944796999999998,-90.0806856,14z/data=!4m8!1m2!2m1!1sDebs.+Nola+Designs!3m4!1s0x2cf5173af166ee11:0x9da8a5bd9c6b5410!8m2!3d29.944796999999998!4d-90.0806856","https://www.google.com/maps/place/Debs.+Nola+Designs/@29.944796999999998,-90.0806856,13.99z/data=!4m16!1m7!3m6!1s0x2cf5173af166ee11:0x9da8a5bd9c6b5410!2sDebs.+Nola+Designs!8m2!3d29.944796999999998!4d-90.0806856!16s%2Fg%2F11ckvg1dmb!3m7!1s0x2cf5173af166ee11:0x9da8a5bd9c6b5410!8m2!3d29.944796999999998!4d-90.0806856!9m1!1b1!16s%2Fg%2F11ckvg1dmb?entry=ttu",ChIJEe5m8ToX9SwREFRrnL2lqJ0,0x2cf5173af166ee11:0x9da8a5bd9c6b5410,11360512293833757712,/g/11w1cc96f2,None,,,,,,,,,,,,,,,,,,,,,,,,,,,,,,,,,,,,,,,,,,,,,,,,,,,,,,,,,,
"custom home builder, 70183, New Orleans, LA, US",Moulding & Millwork Supply,Moulding And Millwork Supply,http://mouldingmillworksupply.com/,"Woodworking supply store, Door supplier, Window supplier",Woodworking supply store,Woodworking supply store,+1 504-208-9576,landline,,,"5601 Caterpillar Point, Elmwood, LA 70123",None,5601 Caterpillar Point,Elmwood,70123,Louisiana,Louisiana,United States of America,US,29.954698099999998,-90.1908625,8944465401bffff,America/Chicago,,False,4.5,110.0,https://search.google.com/local/reviews?placeid=ChIJZenibl66IIYRo4V-LFx1cYo&q=*&authuser=0&hl=en&gl=US,,,12.0,0.0,2.0,0.0,96.0,21.0,https://lh3.googleusercontent.com/gps-cs-s/AG0ilSwYiVgk8mfMNYdwammlUmC1aFtiUdbcWPc4YyB0gMbQgJes_lKxl-xNRPDQZaWvoLqZ_FIJ3GWmrs6Ug6xxxCBtCrdmujBEtwfW35Y52ryJxpeTIjfrWFJgA8WNgf-AB4BXylU=w800-h500-k-no,https://lh3.googleusercontent.com/gps-cs-s/AG0ilSwYiVgk8mfMNYdwammlUmC1aFtiUdbcWPc4YyB0gMbQgJes_lKxl-xNRPDQZaWvoLqZ_FIJ3GWmrs6Ug6xxxCBtCrdmujBEtwfW35Y52ryJxpeTIjfrWFJgA8WNgf-AB4BXylU=w1600-h1000-k-no,,"{""Sunday"": ""Closed"", ""Monday"": ""6:30AM-4PM"", ""Tuesday"": ""6:30AM-4PM"", ""Wednesday"": ""6:30AM-4PM"", ""Thursday"": ""6:30AM-4PM"", ""Friday"": ""6:30AM-4PM"", ""Saturday"": ""Closed""}","Sunday,|Monday,6:30AM,4PM|Tuesday,6:30AM,4PM|Wednesday,6:30AM,4PM|Thursday,6:30AM,4PM|Friday,6:30AM,4PM|Saturday,",Sunday:Closed|Monday:6:30AM-4PM|Tuesday:6:30AM-4PM|Wednesday:6:30AM-4PM|Thursday:6:30AM-4PM|Friday:6:30AM-4PM|Saturday:Closed,,,OPERATIONAL,"{""Service options"": {""Delivery"": true, ""In-store pickup"": true}, ""Accessibility"": {""Wheelchair accessible entrance"": true, ""Wheelchair accessible parking lot"": true}, ""Offerings"": {""Service guarantee"": true}, ""Payments"": {""Credit cards"": true, ""Debit cards"": true, ""NFC mobile payments"": true}}",,,,https://lh6.googleusercontent.com/-aalActrFa58/AAAAAAAAAAI/AAAAAAAAAAA/ofEArmIXxdI/s44-p-k-no-ns-nd/photo.jpg,,,True,115562360881646000274,Moulding & Millwork Supply,https://www.google.com/maps/contrib/115562360881646000274,,,,,"https://www.google.com/maps/place/Moulding+%26+Millwork+Supply/@29.954698099999998,-90.1908625,14z/data=!4m8!1m2!2m1!1sMoulding+%26+Millwork+Supply!3m4!1s0x8620ba5e6ee2e965:0x8a71755c2c7e85a3!8m2!3d29.954698099999998!4d-90.1908625","https://www.google.com/maps/place/Moulding+%26+Millwork+Supply/@29.954698099999998,-90.1908625,13.99z/data=!4m16!1m7!3m6!1s0x8620ba5e6ee2e965:0x8a71755c2c7e85a3!2sMoulding+%26+Millwork+Supply!8m2!3d29.954698099999998!4d-90.1908625!16s%2Fg%2F11ckvg1dmb!3m7!1s0x8620ba5e6ee2e965:0x8a71755c2c7e85a3!8m2!3d29.954698099999998!4d-90.1908625!9m1!1b1!16s%2Fg%2F11ckvg1dmb?entry=ttu",ChIJZenibl66IIYRo4V-LFx1cYo,0x8620ba5e6ee2e965:0x8a71755c2c7e85a3,9975883688346289571,/g/1tngqncf,-8470860385363262045,,mouldingmillworksupply@yahoo.com,RECEIVING,SMTP validated,,,,,,hibulocalranking@gmail.com,INVALID,Invalid DNS,,,,,,,,,,,,,,5045095907,landline,Bandwidth.com,True,5042089576,landline,,,15042089576,landline,,,https://www.facebook.com/kriesi.at,,,,,,,,,,,,,,,"New Window Supplier Baton Rouge, LA | Mandeville, LA",WordPress 6.0.1,"Moulding & Millwork Supply is the new window supplier Baton Rouge, LA and the surrounding areas can count on. Contact us today to learn more about our products.",,False,True
"custom home builder, 70183, New Orleans, LA, US","JJ Construction, LLC",Jj Construction,,"Construction company, Service establishment",Construction company,Construction company,+1 504-939-5513,mobile,T-Mobile USA Inc.,,,,,,,,,,,30.180396,-90.42997849999999,8944460c24fffff,America/Chicago,,True,5.0,1.0,https://search.google.com/local/reviews?placeid=ChIJD1sbE-jT1QAR9OZBTzLRCB0&q=*&authuser=0&hl=en&gl=US,,,0.0,0.0,0.0,0.0,1.0,18.0,https://lh3.googleusercontent.com/p/AF1QipMs_NCYah5A50BiBTcYuQWoK9LgRfY7ZLaER5vw=w800-h500-k-no,https://lh3.googleusercontent.com/p/AF1QipMs_NCYah5A50BiBTcYuQWoK9LgRfY7ZLaER5vw=w1600-h1000-k-no,,"{""Sunday"": ""Open 24 hours"", ""Monday"": ""Open 24 hours"", ""Tuesday"": ""Open 24 hours"", ""Wednesday"": ""Open 24 hours"", ""Thursday"": ""Open 24 hours"", ""Friday"": ""Open 24 hours"", ""Saturday"": ""Open 24 hours""}","Sunday,Open 24 hours|Monday,Open 24 hours|Tuesday,Open 24 hours|Wednesday,Open 24 hours|Thursday,Open 24 hours|Friday,Open 24 hours|Saturday,Open 24 hours",Sunday:Open 24 hours|Monday:Open 24 hours|Tuesday:Open 24 hours|Wednesday:Open 24 hours|Thursday:Open 24 hours|Friday:Open 24 hours|Saturday:Open 24 hours,,,OPERATIONAL,"{""Service options"": {""Online estimates"": true, ""Language assistance"": ""English, Spanish""}}",,,,https://lh3.googleusercontent.com/-8hXuD7Uoqk0/AAAAAAAAAAI/AAAAAAAAAAA/UThHdYRZe-o/s44-p-k-no-ns-nd/photo.jpg,,,True,111822411493539509986,"JJ Construction, LLC",https://www.google.com/maps/contrib/111822411493539509986,,,,,"https://www.google.com/maps/place/JJ+Construction%2C+LLC/@30.180396,-90.42997849999999,14z/data=!4m8!1m2!2m1!1sJJ+Construction%2C+LLC!3m4!1s0xd5d3e8131b5b0f:0x1d08d1324f41e6f4!8m2!3d30.180396!4d-90.42997849999999","https://www.google.com/maps/place/JJ+Construction%2C+LLC/@30.180396,-90.42997849999999,13.99z/data=!4m16!1m7!3m6!1s0xd5d3e8131b5b0f:0x1d08d1324f41e6f4!2sJJ+Construction%2C+LLC!8m2!3d30.180396!4d-90.42997849999999!16s%2Fg%2F11ckvg1dmb!3m7!1s0xd5d3e8131b5b0f:0x1d08d1324f41e6f4!8m2!3d30.180396!4d-90.42997849999999!9m1!1b1!16s%2Fg%2F11ckvg1dmb?entry=ttu",ChIJD1sbE-jT1QAR9OZBTzLRCB0,0xd5d3e8131b5b0f:0x1d08d1324f41e6f4,2092152040921884404,/g/11s4tm4xdg,2092152040921884404,,,,,,,,,,,,,,,,,,,,,,,,,,,,,,,,,,,,,,,,,,,,,,,,,,,,,,,,,,
"custom home builder, 70183, New Orleans, LA, US",Summit Builders LLC,Summit Builders,,Swimming pool contractor,Swimming pool contractor,Swimming pool contractor,+1 504-419-5173,mobile,"NEW CINGULAR WIRELESS PCS, LLC - GA",,"5728 Plauche St B, Elmwood, LA 70123",None,5728 Plauche St B,Elmwood,70123,Louisiana,Louisiana,United States of America,US,29.9460104,-90.18909269999999,894446540d3ffff,America/Chicago,,False,4.1,35.0,https://search.google.com/local/reviews?placeid=ChIJMdVcWiinIIYRJPnju2ueM9A&q=*&authuser=0&hl=en&gl=US,,,7.0,1.0,0.0,0.0,27.0,55.0,https://lh3.googleusercontent.com/p/AF1QipMWquWNPlDizrGCHB2u3fRiK7gGmRZZh4P_1426=w800-h500-k-no,https://lh3.googleusercontent.com/p/AF1QipMWquWNPlDizrGCHB2u3fRiK7gGmRZZh4P_1426=w1600-h1000-k-no,,"{""Sunday"": ""Closed"", ""Monday"": ""7AM-5PM"", ""Tuesday"": ""7AM-5PM"", ""Wednesday"": ""7AM-5PM"", ""Thursday"": ""7AM-5PM"", ""Friday"": ""7AM-5PM"", ""Saturday"": ""9AM-5PM""}","Sunday,|Monday,7AM,5PM|Tuesday,7AM,5PM|Wednesday,7AM,5PM|Thursday,7AM,5PM|Friday,7AM,5PM|Saturday,9AM,5PM",Sunday:Closed|Monday:7AM-5PM|Tuesday:7AM-5PM|Wednesday:7AM-5PM|Thursday:7AM-5PM|Friday:7AM-5PM|Saturday:9AM-5PM,,,OPERATIONAL,"{""Service options"": {""Online estimates"": true, ""Onsite services"": true, ""Language assistance"": ""Spanish""}}",,,,https://lh5.googleusercontent.com/-avxakvUw5UE/AAAAAAAAAAI/AAAAAAAAAAA/FTuPyUG3uMg/s44-p-k-no-ns-nd/photo.jpg,,,True,105521444497887453441,Summit Builders LLC,https://www.google.com/maps/contrib/105521444497887453441,,,,,"https://www.google.com/maps/place/Summit+Builders+LLC/@29.9460104,-90.18909269999999,14z/data=!4m8!1m2!2m1!1sSummit+Builders+LLC!3m4!1s0x8620a7285a5cd531:0xd0339e6bbbe3f924!8m2!3d29.9460104!4d-90.18909269999999","https://www.google.com/maps/place/Summit+Builders+LLC/@29.9460104,-90.18909269999999,13.99z/data=!4m16!1m7!3m6!1s0x8620a7285a5cd531:0xd0339e6bbbe3f924!2sSummit+Builders+LLC!8m2!3d29.9460104!4d-90.18909269999999!16s%2Fg%2F11ckvg1dmb!3m7!1s0x8620a7285a5cd531:0xd0339e6bbbe3f924!8m2!3d29.9460104!4d-90.18909269999999!9m1!1b1!16s%2Fg%2F11ckvg1dmb?entry=ttu",ChIJMdVcWiinIIYRJPnju2ueM9A,0x8620a7285a5cd531:0xd0339e6bbbe3f924,15002508969252223268,/g/11gnrtrcvw,-3444235104457328348,,,,,,,,,,,,,,,,,,,,,,,,,,,,,,,,,,,,,,,,,,,,,,,,,,,,,,,,,,
"custom home builder, 70183, New Orleans, LA, US","Garza Construction, Inc.",Garza Construction,,"Construction company, Service establishment",Construction company,Construction company,+1 504-201-7663,mobile,AT&T Mobility LLC,,,,,,,,,,,30.0326605,-89.88256349999999,8944464a367ffff,America/Chicago,,True,1.0,1.0,https://search.google.com/local/reviews?placeid=ChIJAQC7j9SwIIYRhHd9uGDQDcU&q=*&authuser=0&hl=en&gl=US,,,1.0,0.0,0.0,0.0,0.0,13.0,https://lh3.googleusercontent.com/p/AF1QipNwZeJr8RTXmOQipO-PXHOzFT03F8-uVb9pCnp4=w800-h500-k-no,https://lh3.googleusercontent.com/p/AF1QipNwZeJr8RTXmOQipO-PXHOzFT03F8-uVb9pCnp4=w1600-h1000-k-no,,"{""Sunday"": ""Closed"", ""Monday"": ""7AM-7PM"", ""Tuesday"": ""7AM-7PM"", ""Wednesday"": ""7AM-7PM"", ""Thursday"": ""7AM-7PM"", ""Friday"": ""7AM-7PM"", ""Saturday"": ""9AM-4PM""}","Sunday,|Monday,7AM,7PM|Tuesday,7AM,7PM|Wednesday,7AM,7PM|Thursday,7AM,7PM|Friday,7AM,7PM|Saturday,9AM,4PM",Sunday:Closed|Monday:7AM-7PM|Tuesday:7AM-7PM|Wednesday:7AM-7PM|Thursday:7AM-7PM|Friday:7AM-7PM|Saturday:9AM-4PM,,,OPERATIONAL,"{""Service options"": {""Online estimates"": true}}",,,,https://lh5.googleusercontent.com/-rgIYjCBPLQI/AAAAAAAAAAI/AAAAAAAAAAA/n_O1IOdcJ8A/s44-p-k-no-ns-nd/photo.jpg,,,True,114635390414541820204,"Garza Construction, Inc.",https://www.google.com/maps/contrib/114635390414541820204,,,,,"https://www.google.com/maps/place/Garza+Construction%2C+Inc./@30.0326605,-89.88256349999999,14z/data=!4m8!1m2!2m1!1sGarza+Construction%2C+Inc.!3m4!1s0x8620b0d48fbb0001:0xc50dd060b87d7784!8m2!3d30.0326605!4d-89.88256349999999","https://www.google.com/maps/place/Garza+Construction%2C+Inc./@30.0326605,-89.88256349999999,13.99z/data=!4m16!1m7!3m6!1s0x8620b0d48fbb0001:0xc50dd060b87d7784!2sGarza+Construction%2C+Inc.!8m2!3d30.0326605!4d-89.88256349999999!16s%2Fg%2F11ckvg1dmb!3m7!1s0x8620b0d48fbb0001:0xc50dd060b87d7784!8m2!3d30.0326605!4d-89.88256349999999!9m1!1b1!16s%2Fg%2F11ckvg1dmb?entry=ttu",ChIJAQC7j9SwIIYRhHd9uGDQDcU,0x8620b0d48fbb0001:0xc50dd060b87d7784,14199234313999710084,/g/11h7v7mpxx,-4247509759709841532,,,,,,,,,,,,,,,,,,,,,,,,,,,,,,,,,,,,,,,,,,,,,,,,,,,,,,,,,,
"custom home builder, 70183, New Orleans, LA, US",Stucco New Orleans,Stucco New Orleans,,"Stucco contractor, Service establishment",Stucco contractor,Stucco contractor,+1 504-226-7791,landline,,,,,,,,,,,,30.0326605,-89.931339,8944464ac17ffff,America/Chicago,,True,,,,,,,,,,,2.0,https://lh3.googleusercontent.com/p/AF1QipPmNpf5Pj-6_s94JK1i4u2aIvuZ_CeDITTZhTFg=w800-h500-k-no,https://lh3.googleusercontent.com/p/AF1QipPmNpf5Pj-6_s94JK1i4u2aIvuZ_CeDITTZhTFg=w1600-h1000-k-no,,"{""Sunday"": ""Closed"", ""Monday"": ""8AM-5PM"", ""Tuesday"": ""8AM-5PM"", ""Wednesday"": ""8AM-5PM"", ""Thursday"": ""8AM-5PM"", ""Friday"": ""8AM-5PM"", ""Saturday"": ""8AM-1PM""}","Sunday,|Monday,8AM,5PM|Tuesday,8AM,5PM|Wednesday,8AM,5PM|Thursday,8AM,5PM|Friday,8AM,5PM|Saturday,8AM,1PM",Sunday:Closed|Monday:8AM-5PM|Tuesday:8AM-5PM|Wednesday:8AM-5PM|Thursday:8AM-5PM|Friday:8AM-5PM|Saturday:8AM-1PM,,,OPERATIONAL,{},,,,https://lh5.googleusercontent.com/-j6pcPkvHIwE/AAAAAAAAAAI/AAAAAAAAAAA/D3Ymh0u5EN8/s44-p-k-no-ns-nd/photo.jpg,,,True,110794348228026211404,Stucco New Orleans,https://www.google.com/maps/contrib/110794348228026211404,,,,,"https://www.google.com/maps/place/Stucco+New+Orleans/@30.0326605,-89.931339,14z/data=!4m8!1m2!2m1!1sStucco+New+Orleans!3m4!1s0x8620b147ccd2a98d:0x20dbef2a1adb1fb!8m2!3d30.0326605!4d-89.931339","https://www.google.com/maps/place/Stucco+New+Orleans/@30.0326605,-89.931339,13.99z/data=!4m16!1m7!3m6!1s0x8620b147ccd2a98d:0x20dbef2a1adb1fb!2sStucco+New+Orleans!8m2!3d30.0326605!4d-89.931339!16s%2Fg%2F11ckvg1dmb!3m7!1s0x8620b147ccd2a98d:0x20dbef2a1adb1fb!8m2!3d30.0326605!4d-89.931339!9m1!1b1!16s%2Fg%2F11ckvg1dmb?entry=ttu",ChIJjanSzEexIIYR-7GtofK-DQI,0x8620b147ccd2a98d:0x20dbef2a1adb1fb,147984312076972539,/g/11qq79dstg,None,,,,,,,,,,,,,,,,,,,,,,,,,,,,,,,,,,,,,,,,,,,,,,,,,,,,,,,,,,
"custom home builder, 70183, New Orleans, LA, US","Olver Enterprises, LLC",Olver Enterprises,,"Custom home builder, Bathroom remodeler, Kitchen remodeler, Service establishment, Flooring contractor, General contractor, Remodeler",Kitchen remodeler,Custom home builder,+1 504-453-0249,mobile,"NEW CINGULAR WIRELESS PCS, LLC",,,,,,,,,,,30.000254899999998,-90.085819,894446428cfffff,America/Chicago,,True,,,,,,,,,,,58.0,https://lh3.googleusercontent.com/p/AF1QipP1nfnbI7LXTCsR-KzRMxOBVRDqNT6kkb89g-RN=w800-h500-k-no,https://lh3.googleusercontent.com/p/AF1QipP1nfnbI7LXTCsR-KzRMxOBVRDqNT6kkb89g-RN=w1600-h1000-k-no,,"{""Sunday"": ""Closed"", ""Monday"": ""9AM-5PM"", ""Tuesday"": ""9AM-5PM"", ""Wednesday"": ""9AM-5PM"", ""Thursday"": ""9AM-5PM"", ""Friday"": ""9AM-5PM"", ""Saturday"": ""Closed""}","Sunday,|Monday,9AM,5PM|Tuesday,9AM,5PM|Wednesday,9AM,5PM|Thursday,9AM,5PM|Friday,9AM,5PM|Saturday,",Sunday:Closed|Monday:9AM-5PM|Tuesday:9AM-5PM|Wednesday:9AM-5PM|Thursday:9AM-5PM|Friday:9AM-5PM|Saturday:Closed,,,OPERATIONAL,"{""Service options"": {""Delivery"": true}, ""Payments"": {""Credit cards"": true}}",,,,https://lh4.googleusercontent.com/-E8VLQEEuLdQ/AAAAAAAAAAI/AAAAAAAAAAA/p0S13ojV4gM/s44-p-k-no-ns-nd/photo.jpg,,,True,102289792685863854064,"Olver Enterprises, LLC",https://www.google.com/maps/contrib/102289792685863854064,,https://olverenterprisesllc.com/contact/,,https://olverenterprisesllc.com/contact/,"https://www.google.com/maps/place/Olver+Enterprises%2C+LLC/@30.000254899999998,-90.085819,14z/data=!4m8!1m2!2m1!1sOlver+Enterprises%2C+LLC!3m4!1s0x8620b1653ed06d9b:0x79694e1322355b92!8m2!3d30.000254899999998!4d-90.085819","https://www.google.com/maps/place/Olver+Enterprises%2C+LLC/@30.000254899999998,-90.085819,13.99z/data=!4m16!1m7!3m6!1s0x8620b1653ed06d9b:0x79694e1322355b92!2sOlver+Enterprises%2C+LLC!8m2!3d30.000254899999998!4d-90.085819!16s%2Fg%2F11ckvg1dmb!3m7!1s0x8620b1653ed06d9b:0x79694e1322355b92!8m2!3d30.000254899999998!4d-90.085819!9m1!1b1!16s%2Fg%2F11ckvg1dmb?entry=ttu",ChIJm23QPmWxIIYRkls1IhNOaXk,0x8620b1653ed06d9b:0x79694e1322355b92,8748609595229166482,/g/11hfvycsws,None,,,,,,,,,,,,,,,,,,,,,,,,,,,,,,,,,,,,,,,,,,,,,,,,,,,,,,,,,,
"custom home builder, 70183, New Orleans, LA, US",V.I.P. Kitchens,V I P Kitchens,http://www.myvipkitchens.com/,"Cabinet store, Interior designer",Cabinet store,Cabinet store,+1 504-324-7930,landline,,,"408 Commerce Point # D, New Orleans, LA 70123",None,408 Commerce Point # D,New Orleans,70123,Louisiana,Louisiana,United States of America,US,29.949588,-90.18684429999999,894446540cbffff,America/Chicago,,False,5.0,2.0,https://search.google.com/local/reviews?placeid=ChIJS10c1aWvIIYROcbTavGAaaQ&q=*&authuser=0&hl=en&gl=US,,,0.0,0.0,0.0,0.0,2.0,20.0,https://lh3.googleusercontent.com/p/AF1QipNXottmjttM8hcAaSpX_DVj3f4v6AVY-sc6twg=w800-h500-k-no,https://lh3.googleusercontent.com/p/AF1QipNXottmjttM8hcAaSpX_DVj3f4v6AVY-sc6twg=w1600-h1000-k-no,,"{""Sunday"": ""Closed"", ""Monday"": ""8AM-5PM"", ""Tuesday"": ""8AM-5PM"", ""Wednesday"": ""8AM-5PM"", ""Thursday"": ""8AM-5PM"", ""Friday"": ""8AM-5PM"", ""Saturday"": ""Closed""}","Sunday,|Monday,8AM,5PM|Tuesday,8AM,5PM|Wednesday,8AM,5PM|Thursday,8AM,5PM|Friday,8AM,5PM|Saturday,",Sunday:Closed|Monday:8AM-5PM|Tuesday:8AM-5PM|Wednesday:8AM-5PM|Thursday:8AM-5PM|Friday:8AM-5PM|Saturday:Closed,,,OPERATIONAL,"{""From the business"": {""Small business"": true}, ""Accessibility"": {""Wheelchair accessible entrance"": true, ""Wheelchair accessible parking lot"": true}, ""Offerings"": {""Installation service"": true}, ""Payments"": {""Credit cards"": true}}",,,,https://lh3.googleusercontent.com/-JueAz57JZ68/AAAAAAAAAAI/AAAAAAAAAAA/24P6qY6dHVA/s44-p-k-no-ns-nd/photo.jpg,,,True,107583083817345683730,V.I.P. Kitchens,https://www.google.com/maps/contrib/107583083817345683730,,,,,"https://www.google.com/maps/place/V.I.P.+Kitchens/@29.949588,-90.18684429999999,14z/data=!4m8!1m2!2m1!1sV.I.P.+Kitchens!3m4!1s0x8620afa5d51c5d4b:0xa46980f16ad3c639!8m2!3d29.949588!4d-90.18684429999999","https://www.google.com/maps/place/V.I.P.+Kitchens/@29.949588,-90.18684429999999,13.99z/data=!4m16!1m7!3m6!1s0x8620afa5d51c5d4b:0xa46980f16ad3c639!2sV.I.P.+Kitchens!8m2!3d29.949588!4d-90.18684429999999!16s%2Fg%2F11ckvg1dmb!3m7!1s0x8620afa5d51c5d4b:0xa46980f16ad3c639!8m2!3d29.949588!4d-90.18684429999999!9m1!1b1!16s%2Fg%2F11ckvg1dmb?entry=ttu",ChIJS10c1aWvIIYROcbTavGAaaQ,0x8620afa5d51c5d4b:0xa46980f16ad3c639,11847142069142537785,/g/1q2w0dg41,-6599602004567013831,,victoria.schmidt@myvipkitchens.com,INVALID,Cannot validate,Victoria Schmidt,Victoria,Schmidt,Vice President Of Southeast Operations,,matthew.hartman@myvipkitchens.com,INVALID,Cannot validate,Matthew Hartman,Matthew,Hartman,Manager Information Technology Operations-Workplace Technologies,,chitra.sivanandam@myvipkitchens.com,INVALID,Undeliverable,Chitra Sivanandam,Chitra,Sivanandam,Director,,,,,,,,,,,,,,,,,,,,,,,,,,,,,** myvipkitchens.com **,,V.I.P Kitchens,,False,False
"custom home builder, 70184, New Orleans, LA, US",Continental Construction,Continental Construction,https://continentalconstruction.org/,General contractor,General contractor,General contractor,+1 504-919-5708,mobile,"NEW CINGULAR WIRELESS PCS, LLC - GA",,"210 St Charles Ave Suite 2500, New Orleans, LA 70170",Central Business District,210 St Charles Ave Suite 2500,New Orleans,70170,Louisiana,Louisiana,United States of America,US,29.9519059,-90.0697047,894446420a3ffff,America/Chicago,,False,5.0,10.0,https://search.google.com/local/reviews?placeid=ChIJX-0r0RWnIIYRe1tfMXjGsJc&q=*&authuser=0&hl=en&gl=US,,,0.0,0.0,0.0,0.0,10.0,9.0,https://lh3.googleusercontent.com/p/AF1QipOsIKIJQ83qPL_mocvcYtuqZYlFwOm33TfaIZ2X=w800-h500-k-no,https://lh3.googleusercontent.com/p/AF1QipOsIKIJQ83qPL_mocvcYtuqZYlFwOm33TfaIZ2X=w1600-h1000-k-no,,"{""Sunday"": ""7AM-10PM"", ""Monday"": ""7AM-10PM"", ""Tuesday"": ""7AM-10PM"", ""Wednesday"": ""7AM-10PM"", ""Thursday"": ""7AM-10PM"", ""Friday"": ""7AM-10PM"", ""Saturday"": ""7AM-10PM""}","Sunday,7AM,10PM|Monday,7AM,10PM|Tuesday,7AM,10PM|Wednesday,7AM,10PM|Thursday,7AM,10PM|Friday,7AM,10PM|Saturday,7AM,10PM",Sunday:7AM-10PM|Monday:7AM-10PM|Tuesday:7AM-10PM|Wednesday:7AM-10PM|Thursday:7AM-10PM|Friday:7AM-10PM|Saturday:7AM-10PM,,,OPERATIONAL,{},,,,https://lh4.googleusercontent.com/-fvmxB3aVp70/AAAAAAAAAAI/AAAAAAAAAAA/jyLGShi7VSU/s44-p-k-no-ns-nd/photo.jpg,,,True,111728892511228593527,Continental Construction,https://www.google.com/maps/contrib/111728892511228593527,,,,,"https://www.google.com/maps/place/Continental+Construction/@29.9519059,-90.0697047,14z/data=!4m8!1m2!2m1!1sContinental+Construction!3m4!1s0x8620a715d12bed5f:0x97b0c678315f5b7b!8m2!3d29.9519059!4d-90.0697047","https://www.google.com/maps/place/Continental+Construction/@29.9519059,-90.0697047,13.99z/data=!4m16!1m7!3m6!1s0x8620a715d12bed5f:0x97b0c678315f5b7b!2sContinental+Construction!8m2!3d29.9519059!4d-90.0697047!16s%2Fg%2F11ckvg1dmb!3m7!1s0x8620a715d12bed5f:0x97b0c678315f5b7b!8m2!3d29.9519059!4d-90.0697047!9m1!1b1!16s%2Fg%2F11ckvg1dmb?entry=ttu",ChIJX-0r0RWnIIYRe1tfMXjGsJc,0x8620a715d12bed5f:0x97b0c678315f5b7b,10930454515154901883,/g/11wby2dqfs,-7516289558554649733,,billcmac@gmail.com,RECEIVING,SMTP validated,,,,,,continentalconstructionnola@gmail.com,RECEIVING,Verified,,,,,,,,,,,,,,5043993433,landline,,,,,,,,,,,,https://www.instagram.com/contiental.construction.nola,,,,,,,,,https://twitter.com/contconstructio,,,,,Home Remodeling New Orleans | #1 Remodeling Company Louisiana,"Elementor 3.18.2; features: e_dom_optimization, e_optimized_assets_loading, e_optimized_css_loading, e_font_icon_svg, additional_custom_breakpoints, block_editor_assets_optimize, e_image_loading_optimization; settings: css_print_method-external, google_font-enabled, font_display-swap",Are you looking for the top Home Remodeling Company in New Orleans? Continental Management and Construction has over 20 years of experience remodeling homes!,,False,False
"custom home builder, 70184, New Orleans, LA, US",Rellestate Renovations,Rellestate Renovations,http://www.rellestate.com/,"General contractor, Service establishment",General contractor,General contractor,+1 504-470-3002,mobile,CELLCO PARTNERSHIP DBA VERIZON WIRELESS - LA,,,,,,,,,,,30.2128011,-90.42997849999999,8944460dc6fffff,America/Chicago,,True,5.0,34.0,https://search.google.com/local/reviews?placeid=ChIJyYtLsQNuuE4Rb235NbXty2w&q=*&authuser=0&hl=en&gl=US,,,0.0,0.0,0.0,1.0,33.0,59.0,https://lh3.googleusercontent.com/p/AF1QipMBE6drJ0QIlzXfoe0UA2vr8gKqRPcNWlEKLKwW=w800-h500-k-no,https://lh3.googleusercontent.com/p/AF1QipMBE6drJ0QIlzXfoe0UA2vr8gKqRPcNWlEKLKwW=w1600-h1000-k-no,,"{""Sunday"": ""Closed"", ""Monday"": ""8AM-5PM"", ""Tuesday"": ""8AM-5PM"", ""Wednesday"": ""8AM-5PM"", ""Thursday"": ""8AM-5PM"", ""Friday"": ""8AM-5PM"", ""Saturday"": ""10AM-3PM""}","Sunday,|Monday,8AM,5PM|Tuesday,8AM,5PM|Wednesday,8AM,5PM|Thursday,8AM,5PM|Friday,8AM,5PM|Saturday,10AM,3PM",Sunday:Closed|Monday:8AM-5PM|Tuesday:8AM-5PM|Wednesday:8AM-5PM|Thursday:8AM-5PM|Friday:8AM-5PM|Saturday:10AM-3PM,,,OPERATIONAL,"{""From the business"": {""Identifies as Black-owned"": true}, ""Service options"": {""Online estimates"": true, ""Language assistance"": ""English, Spanish""}, ""Other"": {""Identifies as Black-owned"": true}}",,,,https://lh6.googleusercontent.com/-E6uFYfeHPpk/AAAAAAAAAAI/AAAAAAAAAAA/eppxBB_gl74/s44-p-k-no-ns-nd/photo.jpg,,,True,100528423430001426999,Rellestate Renovations,https://www.google.com/maps/contrib/100528423430001426999,,,,,"https://www.google.com/maps/place/Rellestate+Renovations/@30.2128011,-90.42997849999999,14z/data=!4m8!1m2!2m1!1sRellestate+Renovations!3m4!1s0x4eb86e03b14b8bc9:0x6ccbedb535f96d6f!8m2!3d30.2128011!4d-90.42997849999999","https://www.google.com/maps/place/Rellestate+Renovations/@30.2128011,-90.42997849999999,13.99z/data=!4m16!1m7!3m6!1s0x4eb86e03b14b8bc9:0x6ccbedb535f96d6f!2sRellestate+Renovations!8m2!3d30.2128011!4d-90.42997849999999!16s%2Fg%2F11ckvg1dmb!3m7!1s0x4eb86e03b14b8bc9:0x6ccbedb535f96d6f!8m2!3d30.2128011!4d-90.42997849999999!9m1!1b1!16s%2Fg%2F11ckvg1dmb?entry=ttu",ChIJyYtLsQNuuE4Rb235NbXty2w,0x4eb86e03b14b8bc9:0x6ccbedb535f96d6f,7839620938918882671,/g/11q8v5mmd9,7839620938918882671,,rellestatecc@gmail.com,RECEIVING,SMTP validated,,,,,,info@rellestate.com,RECEIVING,SMTP validated,,,,,,sorrell@rellestate.com,RECEIVING,Verified,,,,,,,,,,,,,,,,,,,,,,,,,,,,,,,,,La Belle En Marigny | Rellestate | Rellestate Renovations Nola,Wix.com Website Builder,"Le Belle En Marigny Renovation
We transformed a home in New Orleans' Marigny neighborhood, blending modern design with artistic energy. The project featured custom design work by interior designer Ibby Ali and artist Ava Jean, including deep Iron Ore cabinetry, white Calacatta marble countertops, and a striking oversized painting. Natural English Coffee hardwood floors and updated lighting complete the inviting space. A proud collaboration of Tulane graduates.",,False,False
"custom home builder, 70184, New Orleans, LA, US",Garrison Builders,Garrison Builders,https://www.garrisonbuild.com/,Contractor,Contractor,Contractor,,,,,"825 Thalia St, New Orleans, LA 70130",Lower Garden District,825 Thalia St,New Orleans,70130,Louisiana,Louisiana,United States of America,US,29.9378675,-90.0686494,89444642423ffff,America/Chicago,,False,3.7,3.0,,,,1.0,0.0,0.0,0.0,2.0,,,,,,,,,,OPERATIONAL,"{""Accessibility"": {""Wheelchair accessible entrance"": true, ""Wheelchair accessible parking lot"": true}}",,,,,,,False,None,Garrison Builders,,,,,,"https://www.google.com/maps/place/Garrison+Builders/@29.9378675,-90.0686494,14z/data=!4m8!1m2!2m1!1sGarrison+Builders!3m4!1s0x8620a6775bab4053:0x49b82f2408cd1fe9!8m2!3d29.9378675!4d-90.0686494","https://www.google.com/maps/place/Garrison+Builders/@29.9378675,-90.0686494,13.99z/data=!4m16!1m7!3m6!1s0x8620a6775bab4053:0x49b82f2408cd1fe9!2sGarrison+Builders!8m2!3d29.9378675!4d-90.0686494!16s%2Fg%2F11ckvg1dmb!3m7!1s0x8620a6775bab4053:0x49b82f2408cd1fe9!8m2!3d29.9378675!4d-90.0686494!9m1!1b1!16s%2Fg%2F11ckvg1dmb?entry=ttu",ChIJU0CrW3emIIYR6R_NCCQvuEk,0x8620a6775bab4053:0x49b82f2408cd1fe9,5312047592296488937,/g/11s2lxs5c6,None,,steven@garrisonbuild.com,RECEIVING,SMTP validated,,,,,,,,,,,,,,,,,,,,,,,,,,,,,,,,,,http://www.facebook.com/gbuilders2020,,http://www.linkedin.com/company/garrisonbuilders,,,,,,,,,,,,,Home | Garrison Builders | Construction | New Orleans Louisiana,Wix.com Website Builder,"Garrison Builders | Commercial Construction, Residential Construction, Hazard Mitigation | General Contractor New Orleans, Metairie | Custom construction",,False,False
"custom home builder, 70184, New Orleans, LA, US","Cataleya Custom Build, LLC",Cataleya Custom Build,,"Contractor, Service establishment",Contractor,Contractor,+1 601-955-1425,mobile,"NEW CINGULAR WIRELESS PCS, LLC - GA",,,,,,,,,,,30.0326605,-89.9526745,8944464132bffff,America/Chicago,,True,5.0,3.0,https://search.google.com/local/reviews?placeid=ChIJZ4btrSynIIYRX_VyieEv-Z0&q=*&authuser=0&hl=en&gl=US,,,0.0,0.0,0.0,0.0,3.0,12.0,https://lh3.googleusercontent.com/gps-cs-s/AG0ilSwSRGULCAkCqg-ENW58yjdF_ALEcrzhnLeSYLNfUbECwInAIQBk7_sYwiHgt3jF6yql-Aoujh0W4u55UUuJyINKtoFA4R9daLkGLcmOy2ioHzjGEss8tZfoXq1eb8eJ5spp1RRF=w800-h500-k-no,https://lh3.googleusercontent.com/gps-cs-s/AG0ilSwSRGULCAkCqg-ENW58yjdF_ALEcrzhnLeSYLNfUbECwInAIQBk7_sYwiHgt3jF6yql-Aoujh0W4u55UUuJyINKtoFA4R9daLkGLcmOy2ioHzjGEss8tZfoXq1eb8eJ5spp1RRF=w1600-h1000-k-no,,"{""Sunday"": ""Closed"", ""Monday"": ""8AM-5AM"", ""Tuesday"": ""8AM-5AM"", ""Wednesday"": ""8AM-5AM"", ""Thursday"": ""8AM-5AM"", ""Friday"": ""8AM-5AM"", ""Saturday"": ""Closed""}","Sunday,|Monday,8AM,5AM|Tuesday,8AM,5AM|Wednesday,8AM,5AM|Thursday,8AM,5AM|Friday,8AM,5AM|Saturday,",Sunday:Closed|Monday:8AM-5AM|Tuesday:8AM-5AM|Wednesday:8AM-5AM|Thursday:8AM-5AM|Friday:8AM-5AM|Saturday:Closed,,,OPERATIONAL,{},,,,https://lh3.googleusercontent.com/-ZGckQbGBy4g/AAAAAAAAAAI/AAAAAAAAAAA/Q6rTkgfb_mI/s44-p-k-no-ns-nd/photo.jpg,,,True,114704391758185310203,"Cataleya Custom Build, LLC",https://www.google.com/maps/contrib/114704391758185310203,,,,,"https://www.google.com/maps/place/Cataleya+Custom+Build%2C+LLC/@30.0326605,-89.9526745,14z/data=!4m8!1m2!2m1!1sCataleya+Custom+Build%2C+LLC!3m4!1s0x8620a72caded8667:0x9df92fe18972f55f!8m2!3d30.0326605!4d-89.9526745","https://www.google.com/maps/place/Cataleya+Custom+Build%2C+LLC/@30.0326605,-89.9526745,13.99z/data=!4m16!1m7!3m6!1s0x8620a72caded8667:0x9df92fe18972f55f!2sCataleya+Custom+Build%2C+LLC!8m2!3d30.0326605!4d-89.9526745!16s%2Fg%2F11ckvg1dmb!3m7!1s0x8620a72caded8667:0x9df92fe18972f55f!8m2!3d30.0326605!4d-89.9526745!9m1!1b1!16s%2Fg%2F11ckvg1dmb?entry=ttu",ChIJZ4btrSynIIYRX_VyieEv-Z0,0x8620a72caded8667:0x9df92fe18972f55f,11383182178875798879,/g/11mv12hm4w,-7063561894833752737,,,,,,,,,,,,,,,,,,,,,,,,,,,,,,,,,,,,,,,,,,,,,,,,,,,,,,,,,,
"custom home builder, 70184, New Orleans, LA, US",Layman Brothers Construction,Layman Brothers Construction,https://laymanbrosllc.com/,"Construction company, Service establishment",Construction company,Construction company,+1 504-252-3887,mobile,,,,,,,,,,,,30.186200999999997,-90.0018004,8944464c16bffff,America/Chicago,,True,5.0,16.0,https://search.google.com/local/reviews?placeid=ChIJR5LSRMn1Y20RpO7fV47eb2s&q=*&authuser=0&hl=en&gl=US,,,0.0,0.0,0.0,0.0,16.0,29.0,https://lh3.googleusercontent.com/p/AF1QipOblwj2FiE6WreKePTs9WaxZUX4uaV33eA_xHvg=w800-h500-k-no,https://lh3.googleusercontent.com/p/AF1QipOblwj2FiE6WreKePTs9WaxZUX4uaV33eA_xHvg=w1600-h1000-k-no,,"{""Sunday"": ""Closed"", ""Monday"": ""7AM-4PM"", ""Tuesday"": ""7AM-4PM"", ""Wednesday"": ""7AM-4PM"", ""Thursday"": ""7AM-4PM"", ""Friday"": ""7AM-4PM"", ""Saturday"": ""Closed""}","Sunday,|Monday,7AM,4PM|Tuesday,7AM,4PM|Wednesday,7AM,4PM|Thursday,7AM,4PM|Friday,7AM,4PM|Saturday,",Sunday:Closed|Monday:7AM-4PM|Tuesday:7AM-4PM|Wednesday:7AM-4PM|Thursday:7AM-4PM|Friday:7AM-4PM|Saturday:Closed,,,OPERATIONAL,"{""From the business"": {""Identifies as disabled-owned"": true, ""Identifies as veteran-owned"": true}, ""Service options"": {""Language assistance"": ""English, Spanish""}, ""Other"": {""Identifies as veteran-owned"": true, ""Identifies as disabled-owned"": true}}",,,,https://lh6.googleusercontent.com/-EwBewQUFfpM/AAAAAAAAAAI/AAAAAAAAAAA/csNja-cSEww/s44-p-k-no-ns-nd/photo.jpg,,,True,105480872749027804291,Layman Brothers Construction,https://www.google.com/maps/contrib/105480872749027804291,,,,,"https://www.google.com/maps/place/Layman+Brothers+Construction/@30.186200999999997,-90.0018004,14z/data=!4m8!1m2!2m1!1sLayman+Brothers+Construction!3m4!1s0x6d63f5c944d29247:0x6b6fde8e57dfeea4!8m2!3d30.186200999999997!4d-90.0018004","https://www.google.com/maps/place/Layman+Brothers+Construction/@30.186200999999997,-90.0018004,13.99z/data=!4m16!1m7!3m6!1s0x6d63f5c944d29247:0x6b6fde8e57dfeea4!2sLayman+Brothers+Construction!8m2!3d30.186200999999997!4d-90.0018004!16s%2Fg%2F11ckvg1dmb!3m7!1s0x6d63f5c944d29247:0x6b6fde8e57dfeea4!8m2!3d30.186200999999997!4d-90.0018004!9m1!1b1!16s%2Fg%2F11ckvg1dmb?entry=ttu",ChIJR5LSRMn1Y20RpO7fV47eb2s,0x6d63f5c944d29247:0x6b6fde8e57dfeea4,7741650987414187684,/g/11vzrz61l0,7741650987414187684,,scheduling@laymanbrosllc.com,RECEIVING,Catch All,,,,,,info@laymanbrosllc.com,RECEIVING,Catch All,,,,,,,,,,,,,,,,,,,,,,,,,,https://www.facebook.com/100090258084739/,https://www.instagram.com/laymanbrothersconstruction,,,,,,,,,,,,,,HOME | Layman Brothers,Wix.com Website Builder,,,False,False
"custom home builder, 70184, New Orleans, LA, US",Custom Metal Building Products,Custom Metal Building Products,,Contractor,Contractor,Contractor,,,,,"Poydras St, New Orleans, LA 70119",Tulane - Gravier,Poydras St,New Orleans,70119,Louisiana,Louisiana,United States of America,US,29.956403199999997,-90.0896697,89444642527ffff,America/Chicago,,False,,,,,,,,,,,1.0,https://streetviewpixels-pa.googleapis.com/v1/thumbnail?panoid=U6Z3h9oD6upo5W6J4gRd7w&cb_client=search.gws-prod.gps&w=800&h=500&yaw=112.12758&pitch=0&thumbfov=100,https://streetviewpixels-pa.googleapis.com/v1/thumbnail?panoid=U6Z3h9oD6upo5W6J4gRd7w&cb_client=search.gws-prod.gps&w=1600&h=1000&yaw=112.12758&pitch=0&thumbfov=100,,,,,,,OPERATIONAL,{},,,,,,,False,None,Custom Metal Building Products,,,,,,"https://www.google.com/maps/place/Custom+Metal+Building+Products/@29.956403199999997,-90.0896697,14z/data=!4m8!1m2!2m1!1sCustom+Metal+Building+Products!3m4!1s0x8620a5ec722cb5c7:0x97fcae67febb586!8m2!3d29.956403199999997!4d-90.0896697","https://www.google.com/maps/place/Custom+Metal+Building+Products/@29.956403199999997,-90.0896697,13.99z/data=!4m16!1m7!3m6!1s0x8620a5ec722cb5c7:0x97fcae67febb586!2sCustom+Metal+Building+Products!8m2!3d29.956403199999997!4d-90.0896697!16s%2Fg%2F11ckvg1dmb!3m7!1s0x8620a5ec722cb5c7:0x97fcae67febb586!8m2!3d29.956403199999997!4d-90.0896697!9m1!1b1!16s%2Fg%2F11ckvg1dmb?entry=ttu",ChIJx7UscuylIIYRhrXrf-bKfwk,0x8620a5ec722cb5c7:0x97fcae67febb586,684488759721047430,/g/11j8m6vh25,None,,,,,,,,,,,,,,,,,,,,,,,,,,,,,,,,,,,,,,,,,,,,,,,,,,,,,,,,,,
"custom home builder, 70184, New Orleans, LA, US",Palm Pool Builders New Orleans,Palm Pool Builders New Orleans,https://palmpoolbuilders.com/new-orleans-pool-builders,"Swimming pool contractor, Service establishment",Swimming pool contractor,Swimming pool contractor,+1 504-608-3381,landline,,,,,,,,,,,,29.9205994,-90.085819,89444650b1bffff,America/Chicago,,True,4.8,10.0,https://search.google.com/local/reviews?placeid=ChIJn7PfZ2ywfQwRXuygg8XnO4Y&q=*&authuser=0&hl=en&gl=US,,,0.0,0.0,0.0,2.0,8.0,19.0,https://lh3.googleusercontent.com/p/AF1QipOwdRvj8LAzILInCrv-pRA1Sz6WYRWhH1syvKRX=w800-h500-k-no,https://lh3.googleusercontent.com/p/AF1QipOwdRvj8LAzILInCrv-pRA1Sz6WYRWhH1syvKRX=w1600-h1000-k-no,,"{""Sunday"": ""Closed"", ""Monday"": ""8:30AM-6PM"", ""Tuesday"": ""8:30AM-6PM"", ""Wednesday"": ""8:30AM-6PM"", ""Thursday"": ""8:30AM-6PM"", ""Friday"": ""8:30AM-6PM"", ""Saturday"": ""Closed""}","Sunday,|Monday,8:30AM,6PM|Tuesday,8:30AM,6PM|Wednesday,8:30AM,6PM|Thursday,8:30AM,6PM|Friday,8:30AM,6PM|Saturday,",Sunday:Closed|Monday:8:30AM-6PM|Tuesday:8:30AM-6PM|Wednesday:8:30AM-6PM|Thursday:8:30AM-6PM|Friday:8:30AM-6PM|Saturday:Closed,,,OPERATIONAL,"{""Crowd"": {""LGBTQ+ friendly"": true}, ""Other"": {""LGBTQ+ friendly"": true}}",,,,https://lh6.googleusercontent.com/-FpNiq8Db0ak/AAAAAAAAAAI/AAAAAAAAAAA/1lotH41mcA4/s44-p-k-no-ns-nd/photo.jpg,,,True,116712081282338868832,Palm Pool Builders New Orleans,https://www.google.com/maps/contrib/116712081282338868832,,,,,"https://www.google.com/maps/place/Palm+Pool+Builders+New+Orleans/@29.9205994,-90.085819,14z/data=!4m8!1m2!2m1!1sPalm+Pool+Builders+New+Orleans!3m4!1s0xc7db06c67dfb39f:0x863be7c583a0ec5e!8m2!3d29.9205994!4d-90.085819","https://www.google.com/maps/place/Palm+Pool+Builders+New+Orleans/@29.9205994,-90.085819,13.99z/data=!4m16!1m7!3m6!1s0xc7db06c67dfb39f:0x863be7c583a0ec5e!2sPalm+Pool+Builders+New+Orleans!8m2!3d29.9205994!4d-90.085819!16s%2Fg%2F11ckvg1dmb!3m7!1s0xc7db06c67dfb39f:0x863be7c583a0ec5e!8m2!3d29.9205994!4d-90.085819!9m1!1b1!16s%2Fg%2F11ckvg1dmb?entry=ttu",ChIJn7PfZ2ywfQwRXuygg8XnO4Y,0xc7db06c67dfb39f:0x863be7c583a0ec5e,9672579460211207262,/g/11vylh0jnr,-8774164613498344354,,,,,,,,,,,,,,,,,,,,,,,,,,,,,,,,,,,,,,,,,,,,,,,,,,,,,About Palm Pool Builders,,Palm Pool Builders is a network of swimming pool companies across the US.,"pool companies near me,
pool installation near me,
pool builders near me,
pool contractors near me,
swimming pool contractors near me,
pool builders,
swimming pool contractors,
pool construction,
swimming pool builders near me,
pool builder,
swimming pool installers near me,
pool contractors,
swimming pool companies near me,
swimming pool builders,
pool contractor,
pool construction near me,
swimming pool builder,
pool designer,
custom pool builders,
best pool installers near me,
inground pool contractors,
swimming pool contractors",False,False
"custom home builder, 70184, New Orleans, LA, US",French Quarter Renovations,French Quarter Renovations,http://www.frenchquarterrenovations.com/,General contractor,General contractor,General contractor,+1 504-495-0646,mobile,"NEW CINGULAR WIRELESS PCS, LLC - GA",,"727 Ursulines Ave, New Orleans, LA 70116",French Quarter,727 Ursulines Ave,New Orleans,70116,Louisiana,Louisiana,United States of America,US,29.9617397,-90.06228039999999,8944464202fffff,America/Chicago,,False,5.0,1.0,https://search.google.com/local/reviews?placeid=ChIJOdmHmhCmIIYRISv5dgOFFXM&q=*&authuser=0&hl=en&gl=US,,,0.0,0.0,0.0,0.0,1.0,28.0,https://lh3.googleusercontent.com/gps-cs-s/AG0ilSw3EZ2bJmn35h7HekZ6EspjbRLv2CsfN21GcNdMSCP9-jJ2tgpFiFqzz4XQ4TufKYBzWxF9XuWYD2mi-uDLRZGxnjqqa3kJwkalWIu3AgN0yEfJju9SbTZncwKxD87u7osL1LY=w800-h500-k-no,https://lh3.googleusercontent.com/gps-cs-s/AG0ilSw3EZ2bJmn35h7HekZ6EspjbRLv2CsfN21GcNdMSCP9-jJ2tgpFiFqzz4XQ4TufKYBzWxF9XuWYD2mi-uDLRZGxnjqqa3kJwkalWIu3AgN0yEfJju9SbTZncwKxD87u7osL1LY=w1600-h1000-k-no,,"{""Sunday"": ""Closed"", ""Monday"": ""10AM-6PM"", ""Tuesday"": ""10AM-6PM"", ""Wednesday"": ""10AM-6PM"", ""Thursday"": ""10AM-6PM"", ""Friday"": ""10AM-6PM"", ""Saturday"": ""10AM-6PM""}","Sunday,|Monday,10AM,6PM|Tuesday,10AM,6PM|Wednesday,10AM,6PM|Thursday,10AM,6PM|Friday,10AM,6PM|Saturday,10AM,6PM",Sunday:Closed|Monday:10AM-6PM|Tuesday:10AM-6PM|Wednesday:10AM-6PM|Thursday:10AM-6PM|Friday:10AM-6PM|Saturday:10AM-6PM,,,OPERATIONAL,{},,,,,,,False,None,French Quarter Renovations,,,,,,"https://www.google.com/maps/place/French+Quarter+Renovations/@29.9617397,-90.06228039999999,14z/data=!4m8!1m2!2m1!1sFrench+Quarter+Renovations!3m4!1s0x8620a6109a87d939:0x7315850376f92b21!8m2!3d29.9617397!4d-90.06228039999999","https://www.google.com/maps/place/French+Quarter+Renovations/@29.9617397,-90.06228039999999,13.99z/data=!4m16!1m7!3m6!1s0x8620a6109a87d939:0x7315850376f92b21!2sFrench+Quarter+Renovations!8m2!3d29.9617397!4d-90.06228039999999!16s%2Fg%2F11ckvg1dmb!3m7!1s0x8620a6109a87d939:0x7315850376f92b21!8m2!3d29.9617397!4d-90.06228039999999!9m1!1b1!16s%2Fg%2F11ckvg1dmb?entry=ttu",ChIJOdmHmhCmIIYRISv5dgOFFXM,0x8620a6109a87d939:0x7315850376f92b21,8292680538800073505,/g/1th6f61v,8292680538800073505,,rbosch13@hotmail.com,RECEIVING,SMTP validated,,,,,,jac@frenchquarterrenovations.com,RECEIVING,SMTP validated,,,,,,,,,,,,,,,,,,,,,,,,,,,,,,,,,,,,,,,,,French Quarter Renovations,,,"French Quarter, Vieux Carre, Construction, Renovation, Repair, Home Improvement, Paint, Painting, Caprentry, Remodel, Bathroom, Kitchen, Balconies",False,False
"custom home builder, 70184, New Orleans, LA, US",Landcraft LLC,Landcraft,http://www.landcrafthomes.com/,Real estate developer,Real estate developer,Real estate developer,+1 985-651-3007,landline,,,"130 Harrison Ave Suite B, New Orleans, LA 70124",Lakeview,130 Harrison Ave Suite B,New Orleans,70124,Louisiana,Louisiana,United States of America,US,30.004961299999998,-90.1137626,89444642d77ffff,America/Chicago,,False,1.0,2.0,https://search.google.com/local/reviews?placeid=ChIJLWNqEKevIIYR_E6iOSPBHn4&q=*&authuser=0&hl=en&gl=US,,,2.0,0.0,0.0,0.0,0.0,1.0,https://streetviewpixels-pa.googleapis.com/v1/thumbnail?panoid=UTylhgjkCYBOzEpRakeA2w&cb_client=search.gws-prod.gps&w=800&h=500&yaw=262.40363&pitch=0&thumbfov=100,https://streetviewpixels-pa.googleapis.com/v1/thumbnail?panoid=UTylhgjkCYBOzEpRakeA2w&cb_client=search.gws-prod.gps&w=1600&h=1000&yaw=262.40363&pitch=0&thumbfov=100,,"{""Sunday"": ""Closed"", ""Monday"": ""9AM-5PM"", ""Tuesday"": ""9AM-5PM"", ""Wednesday"": ""9AM-5PM"", ""Thursday"": ""9AM-5PM"", ""Friday"": ""9AM-5PM"", ""Saturday"": ""Closed""}","Sunday,|Monday,9AM,5PM|Tuesday,9AM,5PM|Wednesday,9AM,5PM|Thursday,9AM,5PM|Friday,9AM,5PM|Saturday,",Sunday:Closed|Monday:9AM-5PM|Tuesday:9AM-5PM|Wednesday:9AM-5PM|Thursday:9AM-5PM|Friday:9AM-5PM|Saturday:Closed,,,OPERATIONAL,{},,,,,,,False,None,Landcraft LLC,,,,,,"https://www.google.com/maps/place/Landcraft+LLC/@30.004961299999998,-90.1137626,14z/data=!4m8!1m2!2m1!1sLandcraft+LLC!3m4!1s0x8620afa7106a632d:0x7e1ec12339a24efc!8m2!3d30.004961299999998!4d-90.1137626","https://www.google.com/maps/place/Landcraft+LLC/@30.004961299999998,-90.1137626,13.99z/data=!4m16!1m7!3m6!1s0x8620afa7106a632d:0x7e1ec12339a24efc!2sLandcraft+LLC!8m2!3d30.004961299999998!4d-90.1137626!16s%2Fg%2F11ckvg1dmb!3m7!1s0x8620afa7106a632d:0x7e1ec12339a24efc!8m2!3d30.004961299999998!4d-90.1137626!9m1!1b1!16s%2Fg%2F11ckvg1dmb?entry=ttu",ChIJLWNqEKevIIYR_E6iOSPBHn4,0x8620afa7106a632d:0x7e1ec12339a24efc,9087913455115194108,/g/11c1qc6l5z,9087913455115194108,,nmariescontrino@aol.com,RECEIVING,Confirmed,,,,Owner,,kstucker@landcrafthomes.com,RECEIVING,SMTP validated,Kathy Stucker,Kathy,Stucker,Executive Assistant,,cthomason@landcrafthomes.com,RECEIVING,SMTP validated,Corbett Thomason,Corbett,Thomason,Owner,,9856513007,landline,,,,,,,,,,,https://www.facebook.com/pages/,,,,,,,,,,,,https://www.youtube.com/channel/UC5B4ntg5RPoMGJxkNNeUpvQ,,,Landcraft Homes - New Orleans Homebuilders,,,,False,False
"custom home builder, 70184, New Orleans, LA, US",Patterson Point,Patterson Point,,Real estate developer,Real estate developer,Real estate developer,+1 504-232-1934,mobile,CELLCO PARTNERSHIP DBA VERIZON WIRELESS - LA,,"101 Atlantic Ave, New Orleans, LA 70114",Whitney,101 Atlantic Ave,New Orleans,70114,Louisiana,Louisiana,United States of America,US,29.95469,-90.04497049999999,8944464204bffff,America/Chicago,,False,5.0,4.0,https://search.google.com/local/reviews?placeid=ChIJsWCY6TamIIYR2OFh_XJNL78&q=*&authuser=0&hl=en&gl=US,,,0.0,0.0,0.0,0.0,4.0,2.0,https://lh3.googleusercontent.com/gps-cs-s/AG0ilSwuOBiPcz1oXMA_vAOINSz7q23sxIjupHOrwB0rHLWeF7EdLMUD-uGQdkbCu-8ipeZNN403n1zYjZtqJcakqXpDWKwQ6KkmVNcu2hjGnDzHSocSfQzGfotL4E4CiYg11VCxfOt3=w800-h500-k-no,https://lh3.googleusercontent.com/gps-cs-s/AG0ilSwuOBiPcz1oXMA_vAOINSz7q23sxIjupHOrwB0rHLWeF7EdLMUD-uGQdkbCu-8ipeZNN403n1zYjZtqJcakqXpDWKwQ6KkmVNcu2hjGnDzHSocSfQzGfotL4E4CiYg11VCxfOt3=w1600-h1000-k-no,,"{""Sunday"": ""Closed"", ""Monday"": ""9AM-6PM"", ""Tuesday"": ""9AM-6PM"", ""Wednesday"": ""9AM-6PM"", ""Thursday"": ""9AM-6PM"", ""Friday"": ""9AM-6PM"", ""Saturday"": ""Closed""}","Sunday,|Monday,9AM,6PM|Tuesday,9AM,6PM|Wednesday,9AM,6PM|Thursday,9AM,6PM|Friday,9AM,6PM|Saturday,",Sunday:Closed|Monday:9AM-6PM|Tuesday:9AM-6PM|Wednesday:9AM-6PM|Thursday:9AM-6PM|Friday:9AM-6PM|Saturday:Closed,,,OPERATIONAL,{},,,,,,,False,None,Patterson Point,,,,,,"https://www.google.com/maps/place/Patterson+Point/@29.95469,-90.04497049999999,14z/data=!4m8!1m2!2m1!1sPatterson+Point!3m4!1s0x8620a636e99860b1:0xbf2f4d72fd61e1d8!8m2!3d29.95469!4d-90.04497049999999","https://www.google.com/maps/place/Patterson+Point/@29.95469,-90.04497049999999,13.99z/data=!4m16!1m7!3m6!1s0x8620a636e99860b1:0xbf2f4d72fd61e1d8!2sPatterson+Point!8m2!3d29.95469!4d-90.04497049999999!16s%2Fg%2F11ckvg1dmb!3m7!1s0x8620a636e99860b1:0xbf2f4d72fd61e1d8!8m2!3d29.95469!4d-90.04497049999999!9m1!1b1!16s%2Fg%2F11ckvg1dmb?entry=ttu",ChIJsWCY6TamIIYR2OFh_XJNL78,0x8620a636e99860b1:0xbf2f4d72fd61e1d8,13776314941422297560,/g/11gccb5st1,-4670429132287254056,,,,,,,,,,,,,,,,,,,,,,,,,,,,,,,,,,,,,,,,,,,,,,,,,,,,,,,,,,
"custom home builder, 70184, New Orleans, LA, US","Robert Wolfe Construction, Inc.",Robert Wolfe Construction,https://robertwolfeinc.com/,Contractor,Contractor,Contractor,+1 504-393-2445,landline,,,"New Orleans, LA 70113",Faubourg Lafayette,,New Orleans,70113,Louisiana,Louisiana,United States of America,US,29.9434611,-90.07712149999999,89444642557ffff,America/Chicago,,False,5.0,3.0,https://search.google.com/local/reviews?placeid=ChIJ-Ti0H9mlIIYR9mA7eVA7fXw&q=*&authuser=0&hl=en&gl=US,,,0.0,0.0,0.0,0.0,3.0,2.0,https://streetviewpixels-pa.googleapis.com/v1/thumbnail?panoid=69s9_3fu0BR3LHB9ifbO1Q&cb_client=search.gws-prod.gps&w=800&h=500&yaw=177.4329&pitch=0&thumbfov=100,https://streetviewpixels-pa.googleapis.com/v1/thumbnail?panoid=69s9_3fu0BR3LHB9ifbO1Q&cb_client=search.gws-prod.gps&w=1600&h=1000&yaw=177.4329&pitch=0&thumbfov=100,,,,,,,OPERATIONAL,"{""Parking"": {""On-site parking"": true}}",,,,,,,False,None,"Robert Wolfe Construction, Inc.",,,,,,"https://www.google.com/maps/place/Robert+Wolfe+Construction%2C+Inc./@29.9434611,-90.07712149999999,14z/data=!4m8!1m2!2m1!1sRobert+Wolfe+Construction%2C+Inc.!3m4!1s0x8620a5d91fb438f9:0x7c7d3b50793b60f6!8m2!3d29.9434611!4d-90.07712149999999","https://www.google.com/maps/place/Robert+Wolfe+Construction%2C+Inc./@29.9434611,-90.07712149999999,13.99z/data=!4m16!1m7!3m6!1s0x8620a5d91fb438f9:0x7c7d3b50793b60f6!2sRobert+Wolfe+Construction%2C+Inc.!8m2!3d29.9434611!4d-90.07712149999999!16s%2Fg%2F11ckvg1dmb!3m7!1s0x8620a5d91fb438f9:0x7c7d3b50793b60f6!8m2!3d29.9434611!4d-90.07712149999999!9m1!1b1!16s%2Fg%2F11ckvg1dmb?entry=ttu",ChIJ-Ti0H9mlIIYR9mA7eVA7fXw,0x8620a5d91fb438f9:0x7c7d3b50793b60f6,8970391249609253110,/g/11c5_142fr,8970391249609253110,,mike@robertwolfeinc.com,RECEIVING,SMTP validated,Mike Simon,Mike,Simon,Project Manager,,robert@robertwolfeinc.com,RECEIVING,SMTP validated,Robert Wolfe,Robert,Wolfe,Real Estate Agent,,stacey@robertwolfeinc.com,INVALID,Cannot validate,Stacey St Pierre,Stacey,St Pierre,Project Manager,,15043932445,landline,,,,,,,,,,,https://www.facebook.com/RobertWolfeInc,,,,,,,,,,,,,,,Construction and Real Estate | Robert Wolfe Companies,Powered by WPBakery Page Builder - drag and drop page builder for WordPress.,"Robert Wolfe Companies provides commercial and residential construction, historic renovation, and real estate services in and around New Orleans. Call us today.",,,
"custom home builder, 70184, New Orleans, LA, US",Home Resolution LLC,Home Resolution,https://www.homeresolutionllc.com/,"General contractor, Bathroom remodeler, Kitchen remodeler, Remodeler",General contractor,General contractor,+1 504-358-0770,fixed line,"BANDWIDTH.COM CLEC, LLC - LA",,"650 Poydras St Suite 1400, New Orleans, LA 70130",Warehouse District,650 Poydras St Suite 1400,New Orleans,70130,Louisiana,Louisiana,United States of America,US,29.948958299999997,-90.0701416,894446420b3ffff,America/Chicago,,False,4.8,48.0,https://search.google.com/local/reviews?placeid=ChIJyWUY3u-mJoYRXu2HP63Q_iA&q=*&authuser=0&hl=en&gl=US,,,2.0,0.0,0.0,2.0,44.0,56.0,https://lh3.googleusercontent.com/p/AF1QipMzCi2uOT4VWIfbMoqZPslGJRI7DkcClHWxizQn=w800-h500-k-no,https://lh3.googleusercontent.com/p/AF1QipMzCi2uOT4VWIfbMoqZPslGJRI7DkcClHWxizQn=w1600-h1000-k-no,,"{""Sunday"": ""Closed"", ""Monday"": ""8AM-6PM"", ""Tuesday"": ""8AM-6PM"", ""Wednesday"": ""8AM-6PM"", ""Thursday"": ""8AM-6PM"", ""Friday"": ""8AM-6PM"", ""Saturday"": ""8AM-6PM""}","Sunday,|Monday,8AM,6PM|Tuesday,8AM,6PM|Wednesday,8AM,6PM|Thursday,8AM,6PM|Friday,8AM,6PM|Saturday,8AM,6PM",Sunday:Closed|Monday:8AM-6PM|Tuesday:8AM-6PM|Wednesday:8AM-6PM|Thursday:8AM-6PM|Friday:8AM-6PM|Saturday:8AM-6PM,,,OPERATIONAL,"{""Service options"": {""Language assistance"": ""English""}}",,,,https://lh5.googleusercontent.com/-NeFY_ObWIjs/AAAAAAAAAAI/AAAAAAAAAAA/CZTfuYzCdv0/s44-p-k-no-ns-nd/photo.jpg,,,True,103557140853262429193,Home Resolution LLC,https://www.google.com/maps/contrib/103557140853262429193,,,,,"https://www.google.com/maps/place/Home+Resolution+LLC/@29.948958299999997,-90.0701416,14z/data=!4m8!1m2!2m1!1sHome+Resolution+LLC!3m4!1s0x8626a6efde1865c9:0x20fed0ad3f87ed5e!8m2!3d29.948958299999997!4d-90.0701416","https://www.google.com/maps/place/Home+Resolution+LLC/@29.948958299999997,-90.0701416,13.99z/data=!4m16!1m7!3m6!1s0x8626a6efde1865c9:0x20fed0ad3f87ed5e!2sHome+Resolution+LLC!8m2!3d29.948958299999997!4d-90.0701416!16s%2Fg%2F11ckvg1dmb!3m7!1s0x8626a6efde1865c9:0x20fed0ad3f87ed5e!8m2!3d29.948958299999997!4d-90.0701416!9m1!1b1!16s%2Fg%2F11ckvg1dmb?entry=ttu",ChIJyWUY3u-mJoYRXu2HP63Q_iA,0x8626a6efde1865c9:0x20fed0ad3f87ed5e,2377567095811992926,/g/1q2_dc1_d,2377567095811992926,,benjamin@homeresolutionllc.com,RECEIVING,SMTP validated,,,,,,,,,,,,,,,,,,,,,,2253687112,landline,,,5043580770,fixed line,"BANDWIDTH.COM CLEC, LLC - LA",,,,,,,,,,,,,,,,https://www.twitter.com/_HomeResolution,,,,,"Renovate, Remodel, Repair, & Build with Home Resolution LLC",WordPress 6.1.1,"We are licensed local contractor based in Baton Rouge, LA that renovates, remodels, repairs, & builds homes.",,False,False
"custom home builder, 70184, New Orleans, LA, US",Woodward Design Group LLC,Woodward Design Group,,Construction company,Construction company,Construction company,+1 504-826-1131,landline,,,"1019 S Dupre St, New Orleans, LA 70125",Gert Town,1019 S Dupre St,New Orleans,70125,Louisiana,Louisiana,United States of America,US,29.9572637,-90.0983759,8944465521bffff,America/Chicago,,False,5.0,2.0,https://search.google.com/local/reviews?placeid=ChIJ18bnUJGlIIYROvnuRFZ8Mms&q=*&authuser=0&hl=en&gl=US,,,0.0,0.0,0.0,0.0,2.0,1.0,https://streetviewpixels-pa.googleapis.com/v1/thumbnail?panoid=xjBpZ4UP0q_ioojaS-3EbQ&cb_client=search.gws-prod.gps&w=800&h=500&yaw=347.906&pitch=0&thumbfov=100,https://streetviewpixels-pa.googleapis.com/v1/thumbnail?panoid=xjBpZ4UP0q_ioojaS-3EbQ&cb_client=search.gws-prod.gps&w=1600&h=1000&yaw=347.906&pitch=0&thumbfov=100,,"{""Sunday"": ""Closed"", ""Monday"": ""Open 24 hours"", ""Tuesday"": ""Open 24 hours"", ""Wednesday"": ""Open 24 hours"", ""Thursday"": ""Open 24 hours"", ""Friday"": ""Open 24 hours"", ""Saturday"": ""Open 24 hours""}","Sunday,|Monday,Open 24 hours|Tuesday,Open 24 hours|Wednesday,Open 24 hours|Thursday,Open 24 hours|Friday,Open 24 hours|Saturday,Open 24 hours",Sunday:Closed|Monday:Open 24 hours|Tuesday:Open 24 hours|Wednesday:Open 24 hours|Thursday:Open 24 hours|Friday:Open 24 hours|Saturday:Open 24 hours,,,OPERATIONAL,{},,,,,,,False,None,Woodward Design Group LLC,,,,,,"https://www.google.com/maps/place/Woodward+Design+Group+LLC/@29.9572637,-90.0983759,14z/data=!4m8!1m2!2m1!1sWoodward+Design+Group+LLC!3m4!1s0x8620a59150e7c6d7:0x6b327c5644eef93a!8m2!3d29.9572637!4d-90.0983759","https://www.google.com/maps/place/Woodward+Design+Group+LLC/@29.9572637,-90.0983759,13.99z/data=!4m16!1m7!3m6!1s0x8620a59150e7c6d7:0x6b327c5644eef93a!2sWoodward+Design+Group+LLC!8m2!3d29.9572637!4d-90.0983759!16s%2Fg%2F11ckvg1dmb!3m7!1s0x8620a59150e7c6d7:0x6b327c5644eef93a!8m2!3d29.9572637!4d-90.0983759!9m1!1b1!16s%2Fg%2F11ckvg1dmb?entry=ttu",ChIJ18bnUJGlIIYROvnuRFZ8Mms,0x8620a59150e7c6d7:0x6b327c5644eef93a,7724373020859365690,/g/1262n8b05,7724373020859365690,,,,,,,,,,,,,,,,,,,,,,,,,,,,,,,,,,,,,,,,,,,,,,,,,,,,,,,,,,
"custom home builder, 70184, New Orleans, LA, US",Tiny Homes Bay St. Louis,Tiny Homes Bay St Louis,https://tinyhomesbsl.com/,"Modular home builder, Service establishment",Modular home builder,Modular home builder,+1 504-421-2440,mobile,CELLCO PARTNERSHIP DBA VERIZON WIRELESS - LA,,,,,,,,,,,32.567972,-89.8764485,89445c62d37ffff,America/Chicago,,True,,,,,,,,,,,,,,,"{""Sunday"": ""12-6AM"", ""Monday"": ""8AM-12AM"", ""Tuesday"": ""12-6AM"", ""Wednesday"": ""12-6AM"", ""Thursday"": ""12-6AM"", ""Friday"": ""12-6AM"", ""Saturday"": ""12-6AM""}","Sunday,12,6AM|Monday,8AM,12AM|Tuesday,12,6AM|Wednesday,12,6AM|Thursday,12,6AM|Friday,12,6AM|Saturday,12,6AM",Sunday:12-6AM|Monday:8AM-12AM|Tuesday:12-6AM|Wednesday:12-6AM|Thursday:12-6AM|Friday:12-6AM|Saturday:12-6AM,,,OPERATIONAL,{},,,,https://lh3.googleusercontent.com/-fkiN_ZCrU1U/AAAAAAAAAAI/AAAAAAAAAAA/QryHo0da7vE/s44-p-k-no-ns-nd/photo.jpg,,,True,101044852017851113832,Tiny Homes Bay St. Louis,https://www.google.com/maps/contrib/101044852017851113832,,,,,"https://www.google.com/maps/place/Tiny+Homes+Bay+St.+Louis/@32.567972,-89.8764485,14z/data=!4m8!1m2!2m1!1sTiny+Homes+Bay+St.+Louis!3m4!1s0x61b3a22e3888969:0x8a632e4a6e2c278e!8m2!3d32.567972!4d-89.8764485","https://www.google.com/maps/place/Tiny+Homes+Bay+St.+Louis/@32.567972,-89.8764485,13.99z/data=!4m16!1m7!3m6!1s0x61b3a22e3888969:0x8a632e4a6e2c278e!2sTiny+Homes+Bay+St.+Louis!8m2!3d32.567972!4d-89.8764485!16s%2Fg%2F11ckvg1dmb!3m7!1s0x61b3a22e3888969:0x8a632e4a6e2c278e!8m2!3d32.567972!4d-89.8764485!9m1!1b1!16s%2Fg%2F11ckvg1dmb?entry=ttu",ChIJaYmI4yI6GwYRjicsbkouY4o,0x61b3a22e3888969:0x8a632e4a6e2c278e,9971864897139255182,/g/11ydrd71vm,None,,tinyhomesbsl@gmail.com,RECEIVING,SMTP validated,,,,,,,,,,,,,,,,,,,,,,2282640208,mobile,CELLCO PARTNERSHIP DBA VERIZON WIRELESS - MS,,,,,,,,,,,,,,,,,,,,,,,,,Custom Tiny Homes for Resorts & Investors | Bay St. Louis,WordPress 6.8.1,"Elevate your resort or investment property with luxury tiny homes, cottages, and casitas. Discover relocatable, high-ROI builds in Bay St. Louis.",,False,False
"custom home builder, 70184, New Orleans, LA, US",Built Collaborative,Built Collaborative,,Construction company,Construction company,Construction company,+1 504-892-3046,landline,,,"3529 Marigny St, New Orleans, LA 70122",Gentilly,3529 Marigny St,New Orleans,70122,Louisiana,Louisiana,United States of America,US,29.994710899999998,-90.0573493,894446405b3ffff,America/Chicago,,False,,,,,,,,,,,1.0,https://streetviewpixels-pa.googleapis.com/v1/thumbnail?panoid=yewMOt8YHIzDjZ-EsKnyOA&cb_client=search.gws-prod.gps&w=800&h=500&yaw=84.80002&pitch=0&thumbfov=100,https://streetviewpixels-pa.googleapis.com/v1/thumbnail?panoid=yewMOt8YHIzDjZ-EsKnyOA&cb_client=search.gws-prod.gps&w=1600&h=1000&yaw=84.80002&pitch=0&thumbfov=100,,"{""Sunday"": ""Closed"", ""Monday"": ""8AM-4PM"", ""Tuesday"": ""8AM-4PM"", ""Wednesday"": ""8AM-4PM"", ""Thursday"": ""8AM-4PM"", ""Friday"": ""Closed"", ""Saturday"": ""Closed""}","Sunday,|Monday,8AM,4PM|Tuesday,8AM,4PM|Wednesday,8AM,4PM|Thursday,8AM,4PM|Friday,|Saturday,",Sunday:Closed|Monday:8AM-4PM|Tuesday:8AM-4PM|Wednesday:8AM-4PM|Thursday:8AM-4PM|Friday:Closed|Saturday:Closed,,,OPERATIONAL,{},,,,https://lh6.googleusercontent.com/-ykUiLtqHjH0/AAAAAAAAAAI/AAAAAAAAAAA/4DsURKt1xHY/s44-p-k-no-ns-nd/photo.jpg,,,True,100732891399937945226,Built Collaborative,https://www.google.com/maps/contrib/100732891399937945226,,,,,"https://www.google.com/maps/place/Built+Collaborative/@29.994710899999998,-90.0573493,14z/data=!4m8!1m2!2m1!1sBuilt+Collaborative!3m4!1s0x8620a9e642c66b7d:0xdafb9b44316b43da!8m2!3d29.994710899999998!4d-90.0573493","https://www.google.com/maps/place/Built+Collaborative/@29.994710899999998,-90.0573493,13.99z/data=!4m16!1m7!3m6!1s0x8620a9e642c66b7d:0xdafb9b44316b43da!2sBuilt+Collaborative!8m2!3d29.994710899999998!4d-90.0573493!16s%2Fg%2F11ckvg1dmb!3m7!1s0x8620a9e642c66b7d:0xdafb9b44316b43da!8m2!3d29.994710899999998!4d-90.0573493!9m1!1b1!16s%2Fg%2F11ckvg1dmb?entry=ttu",ChIJfWvGQuapIIYR2kNrMUSb-9o,0x8620a9e642c66b7d:0xdafb9b44316b43da,15779376436611859418,/g/11xt41hly3,None,,,,,,,,,,,,,,,,,,,,,,,,,,,,,,,,,,,,,,,,,,,,,,,,,,,,,,,,,,
"custom home builder, 70184, New Orleans, LA, US",Forshag Construction,Forshag Construction,https://www.forshagconstruction.com/contact/,Contractor,Contractor,Contractor,+1 504-908-7412,mobile,"NEW CINGULAR WIRELESS PCS, LLC",,"401 Rue St Ann, Metairie, LA 70005",None,401 Rue St Ann,Metairie,70005,Louisiana,Louisiana,United States of America,US,29.9923936,-90.1314113,89444655e43ffff,America/Chicago,,False,4.6,10.0,https://search.google.com/local/reviews?placeid=ChIJAQDkReuvIIYRkp6qkXYjcVo&q=*&authuser=0&hl=en&gl=US,,,1.0,0.0,0.0,0.0,9.0,18.0,https://lh3.googleusercontent.com/gps-cs-s/AG0ilSwry1VVF4bSSETBKI3ZNC0WtoaUQFFr470_ridS541HyKYFYzQ83LR0MBkW31MIZeY2J4M3t37pe7Ff7PDE0YRcm80asjG8gRpWRXZm9hbpBdGUkWnX6RR7ep9hJMQU5vaMExE86w=w800-h500-k-no,https://lh3.googleusercontent.com/gps-cs-s/AG0ilSwry1VVF4bSSETBKI3ZNC0WtoaUQFFr470_ridS541HyKYFYzQ83LR0MBkW31MIZeY2J4M3t37pe7Ff7PDE0YRcm80asjG8gRpWRXZm9hbpBdGUkWnX6RR7ep9hJMQU5vaMExE86w=w1600-h1000-k-no,,"{""Sunday"": ""Closed"", ""Monday"": ""8AM-4PM"", ""Tuesday"": ""8AM-4PM"", ""Wednesday"": ""8AM-4PM"", ""Thursday"": ""8AM-4PM"", ""Friday"": ""8AM-3PM"", ""Saturday"": ""Closed""}","Sunday,|Monday,8AM,4PM|Tuesday,8AM,4PM|Wednesday,8AM,4PM|Thursday,8AM,4PM|Friday,8AM,3PM|Saturday,",Sunday:Closed|Monday:8AM-4PM|Tuesday:8AM-4PM|Wednesday:8AM-4PM|Thursday:8AM-4PM|Friday:8AM-3PM|Saturday:Closed,,,OPERATIONAL,"{""Accessibility"": {""Wheelchair accessible parking lot"": true}, ""Parking"": {""On-site parking"": true}}",,,,,,,False,None,Forshag Construction,,,,,,"https://www.google.com/maps/place/Forshag+Construction/@29.9923936,-90.1314113,14z/data=!4m8!1m2!2m1!1sForshag+Construction!3m4!1s0x8620afeb45e40001:0x5a71237691aa9e92!8m2!3d29.9923936!4d-90.1314113","https://www.google.com/maps/place/Forshag+Construction/@29.9923936,-90.1314113,13.99z/data=!4m16!1m7!3m6!1s0x8620afeb45e40001:0x5a71237691aa9e92!2sForshag+Construction!8m2!3d29.9923936!4d-90.1314113!16s%2Fg%2F11ckvg1dmb!3m7!1s0x8620afeb45e40001:0x5a71237691aa9e92!8m2!3d29.9923936!4d-90.1314113!9m1!1b1!16s%2Fg%2F11ckvg1dmb?entry=ttu",ChIJAQDkReuvIIYRkp6qkXYjcVo,0x8620afeb45e40001:0x5a71237691aa9e92,6517029127938809490,/g/11s6b2pv13,6517029127938809490,,casey@forshagconstruction.com,RECEIVING,SMTP validated,,,,,,,,,,,,,,,,,,,,,,5049087412,mobile,"NEW CINGULAR WIRELESS PCS, LLC",,,,,,,,,,,,,,,,,,,,,,,,,"Forshag Construction | New Orleans, Louisiana",WordPress 3.3.1,,,,
"custom home builder, 70184, New Orleans, LA, US",MAC Design I Build LLC,Mac Design I Build,https://mac-design-build.com/,"Architect, General contractor, Real estate developer",Architect,Architect,+1 617-335-8568,mobile,"NEW CINGULAR WIRELESS PCS, LLC - DC",,"1919 Burgundy St suite c, New Orleans, LA 70116",Marigny,1919 Burgundy St suite c,New Orleans,70116,Louisiana,Louisiana,United States of America,US,29.966634,-90.05976199999999,89444642383ffff,America/Chicago,,False,5.0,2.0,https://search.google.com/local/reviews?placeid=ChIJp9YsahmmIIYR9ZcYRPd96g0&q=*&authuser=0&hl=en&gl=US,,,0.0,0.0,0.0,0.0,2.0,13.0,https://lh3.googleusercontent.com/p/AF1QipPV3p1eX3lZ44Vnq6BqXSXBoQ2-KiLiRtIkCsNq=w800-h500-k-no,https://lh3.googleusercontent.com/p/AF1QipPV3p1eX3lZ44Vnq6BqXSXBoQ2-KiLiRtIkCsNq=w1600-h1000-k-no,,"{""Sunday"": ""Closed"", ""Monday"": ""8AM-5PM"", ""Tuesday"": ""8AM-5PM"", ""Wednesday"": ""8AM-5PM"", ""Thursday"": ""8AM-5PM"", ""Friday"": ""8AM-5PM"", ""Saturday"": ""Closed""}","Sunday,|Monday,8AM,5PM|Tuesday,8AM,5PM|Wednesday,8AM,5PM|Thursday,8AM,5PM|Friday,8AM,5PM|Saturday,",Sunday:Closed|Monday:8AM-5PM|Tuesday:8AM-5PM|Wednesday:8AM-5PM|Thursday:8AM-5PM|Friday:8AM-5PM|Saturday:Closed,,,OPERATIONAL,"{""From the business"": {""Identifies as Latino-owned"": true, ""Identifies as women-owned"": true}, ""Planning"": {""Appointment required"": true}, ""Other"": {""Identifies as women-owned"": true, ""Identifies as Latino-owned"": true}}",,,,https://lh6.googleusercontent.com/-OvsUAM19DwA/AAAAAAAAAAI/AAAAAAAAAAA/CEL6nOQaSkw/s44-p-k-no-ns-nd/photo.jpg,,,True,106153330436095437316,MAC Design I Build LLC,https://www.google.com/maps/contrib/106153330436095437316,,,,,"https://www.google.com/maps/place/MAC+Design+I+Build+LLC/@29.966634,-90.05976199999999,14z/data=!4m8!1m2!2m1!1sMAC+Design+I+Build+LLC!3m4!1s0x8620a6196a2cd6a7:0xdea7df7441897f5!8m2!3d29.966634!4d-90.05976199999999","https://www.google.com/maps/place/MAC+Design+I+Build+LLC/@29.966634,-90.05976199999999,13.99z/data=!4m16!1m7!3m6!1s0x8620a6196a2cd6a7:0xdea7df7441897f5!2sMAC+Design+I+Build+LLC!8m2!3d29.966634!4d-90.05976199999999!16s%2Fg%2F11ckvg1dmb!3m7!1s0x8620a6196a2cd6a7:0xdea7df7441897f5!8m2!3d29.966634!4d-90.05976199999999!9m1!1b1!16s%2Fg%2F11ckvg1dmb?entry=ttu",ChIJp9YsahmmIIYR9ZcYRPd96g0,0x8620a6196a2cd6a7:0xdea7df7441897f5,1002752367996213237,/g/11c5863ttk,1002752367996213237,,macdbllc@gmail.com,RECEIVING,SMTP validated,,,,,,,,,,,,,,,,,,,,,,,,,,,,,,,,,,https://facebook.com/1919Burgundy/,https://instagram.com/modernmarignysuites,https://www.linkedin.com/company/macdesignbuild,,,,,,,,,,,,,"MAC Design Build LLC - Architecture, Development, Construction",,"MAC Design Build is an Architecture Firm, Development Consultant, and Construction Company offering its services to the New Orleans area.","Architect, Architects, Architectural Design, Design, LSU, New Orleans, NewOrleans, NOLA, Development, Building, Construction, Design-Build, DesignBuild, Design-Build, MacDonald, 1919 Burgundy, Burgundy, Marigny, Marigny Suites, Real Estate Development, STR, Short Term Rental, AirBNB, VRBO, HomeAway, Hotel, Modern Design, Modern, Style, David, Irelis, Arelis, Abandoned, Blight, Blighted, adaptive, reuse,",,
"custom home builder, 70184, New Orleans, LA, US",JUST IN CASE HANDYMAN SERVICES LLC,Just In Case Handyman Services,,"Handyman/Handywoman/Handyperson, Carpenter, Fence contractor, Masonry contractor, Painting, Roofing contractor, Water damage restoration service",Handyman/Handywoman/Handyperson,Handyman/Handywoman/Handyperson,+1 504-415-2513,mobile,T-Mobile USA Inc.,,"6269 Colbert St, New Orleans, LA 70124",Lakeview,6269 Colbert St,New Orleans,70124,Louisiana,Louisiana,United States of America,US,30.0044443,-90.11114189999999,89444642d73ffff,America/Chicago,,False,1.0,1.0,https://search.google.com/local/reviews?placeid=ChIJGaLybAWvIIYRlmzEzGBdc90&q=*&authuser=0&hl=en&gl=US,,,1.0,0.0,0.0,0.0,0.0,1.0,https://streetviewpixels-pa.googleapis.com/v1/thumbnail?panoid=81SEJNyZ7QmaNUNVFxN30g&cb_client=search.gws-prod.gps&w=800&h=500&yaw=95.52117&pitch=0&thumbfov=100,https://streetviewpixels-pa.googleapis.com/v1/thumbnail?panoid=81SEJNyZ7QmaNUNVFxN30g&cb_client=search.gws-prod.gps&w=1600&h=1000&yaw=95.52117&pitch=0&thumbfov=100,,"{""Sunday"": ""Closed"", ""Monday"": ""8AM-5PM"", ""Tuesday"": ""8AM-5PM"", ""Wednesday"": ""8AM-5PM"", ""Thursday"": ""8AM-5PM"", ""Friday"": ""8AM-5PM"", ""Saturday"": ""Closed""}","Sunday,|Monday,8AM,5PM|Tuesday,8AM,5PM|Wednesday,8AM,5PM|Thursday,8AM,5PM|Friday,8AM,5PM|Saturday,",Sunday:Closed|Monday:8AM-5PM|Tuesday:8AM-5PM|Wednesday:8AM-5PM|Thursday:8AM-5PM|Friday:8AM-5PM|Saturday:Closed,,,OPERATIONAL,"{""Service options"": {""Online estimates"": false, ""Onsite services"": false}}",,,,https://lh4.googleusercontent.com/-LzjgOG8Ce44/AAAAAAAAAAI/AAAAAAAAAAA/_4ks6Fr5NWQ/s44-p-k-no-ns-nd/photo.jpg,,,True,100326412078421242157,JUST IN CASE HANDYMAN SERVICES LLC,https://www.google.com/maps/contrib/100326412078421242157,,,,,"https://www.google.com/maps/place/JUST+IN+CASE+HANDYMAN+SERVICES+LLC/@30.0044443,-90.11114189999999,14z/data=!4m8!1m2!2m1!1sJUST+IN+CASE+HANDYMAN+SERVICES+LLC!3m4!1s0x8620af056cf2a219:0xdd735d60ccc46c96!8m2!3d30.0044443!4d-90.11114189999999","https://www.google.com/maps/place/JUST+IN+CASE+HANDYMAN+SERVICES+LLC/@30.0044443,-90.11114189999999,13.99z/data=!4m16!1m7!3m6!1s0x8620af056cf2a219:0xdd735d60ccc46c96!2sJUST+IN+CASE+HANDYMAN+SERVICES+LLC!8m2!3d30.0044443!4d-90.11114189999999!16s%2Fg%2F11ckvg1dmb!3m7!1s0x8620af056cf2a219:0xdd735d60ccc46c96!8m2!3d30.0044443!4d-90.11114189999999!9m1!1b1!16s%2Fg%2F11ckvg1dmb?entry=ttu",ChIJGaLybAWvIIYRlmzEzGBdc90,0x8620af056cf2a219:0xdd735d60ccc46c96,15957200575037467798,/g/11jrck3ybl,-2489543498672083818,,,,,,,,,,,,,,,,,,,,,,,,,,,,,,,,,,,,,,,,,,,,,,,,,,,,,,,,,,
"custom home builder, 70184, New Orleans, LA, US",Sunlight Contractors,Sunlight Contractors,https://www.sunlightcontractors.com/%3Futm_source%3Dgoogle%26utm_medium%3Dorganic%26utm_term%3Dgbp-listing-sun-nola,"Insulation contractor, Contractor",Insulation contractor,Insulation contractor,+1 504-919-9993,mobile,"NEW CINGULAR WIRELESS PCS, LLC - GA",,"650 Poydras St Suite 1400 Rm 33, New Orleans, LA 70130",Warehouse District,650 Poydras St Suite 1400 Rm 33,New Orleans,70130,Louisiana,Louisiana,United States of America,US,29.9488746,-90.0701146,894446420b3ffff,America/Chicago,,False,5.0,593.0,https://search.google.com/local/reviews?placeid=ChIJ79MiCaCoIIYR8KFGND6KkvM&q=*&authuser=0&hl=en&gl=US,,,4.0,0.0,0.0,1.0,588.0,408.0,https://lh3.googleusercontent.com/gps-cs-s/AG0ilSxXlZA3GNCXnGO9lY6KFBPf_oR8XLPOntu8Kfb-rEskuISUYy8-J4DHJ-dX_tJ_rP1wZUh49mbBHscxUknJHYMbotx-43DIcXdfB8CJT4i6SqnaCf5HY4P0x8VMvvQZiUlVhRVF=w800-h500-k-no,https://lh3.googleusercontent.com/gps-cs-s/AG0ilSxXlZA3GNCXnGO9lY6KFBPf_oR8XLPOntu8Kfb-rEskuISUYy8-J4DHJ-dX_tJ_rP1wZUh49mbBHscxUknJHYMbotx-43DIcXdfB8CJT4i6SqnaCf5HY4P0x8VMvvQZiUlVhRVF=w1600-h1000-k-no,,"{""Sunday"": ""Closed"", ""Monday"": ""7AM-5PM"", ""Tuesday"": ""7AM-5PM"", ""Wednesday"": ""7AM-5PM"", ""Thursday"": ""7AM-5PM"", ""Friday"": ""7AM-5PM"", ""Saturday"": ""Closed""}","Sunday,|Monday,7AM,5PM|Tuesday,7AM,5PM|Wednesday,7AM,5PM|Thursday,7AM,5PM|Friday,7AM,5PM|Saturday,",Sunday:Closed|Monday:7AM-5PM|Tuesday:7AM-5PM|Wednesday:7AM-5PM|Thursday:7AM-5PM|Friday:7AM-5PM|Saturday:Closed,,,OPERATIONAL,"{""From the business"": {""Identifies as women-owned"": true}, ""Service options"": {""Online estimates"": true, ""Onsite services"": true}, ""Other"": {""Identifies as women-owned"": true}}",,,,https://lh4.googleusercontent.com/-9Djcti6of_8/AAAAAAAAAAI/AAAAAAAAAAA/DHCsFmdu9Gs/s44-p-k-no-ns-nd/photo.jpg,,,True,118053225336884909496,Sunlight Contractors,https://www.google.com/maps/contrib/118053225336884909496,,http://www.sunlightcontractors.com/contact/,,http://www.sunlightcontractors.com/contact/,"https://www.google.com/maps/place/Sunlight+Contractors/@29.9488746,-90.0701146,14z/data=!4m8!1m2!2m1!1sSunlight+Contractors!3m4!1s0x8620a8a00922d3ef:0xf3928a3e3446a1f0!8m2!3d29.9488746!4d-90.0701146","https://www.google.com/maps/place/Sunlight+Contractors/@29.9488746,-90.0701146,13.99z/data=!4m16!1m7!3m6!1s0x8620a8a00922d3ef:0xf3928a3e3446a1f0!2sSunlight+Contractors!8m2!3d29.9488746!4d-90.0701146!16s%2Fg%2F11ckvg1dmb!3m7!1s0x8620a8a00922d3ef:0xf3928a3e3446a1f0!8m2!3d29.9488746!4d-90.0701146!9m1!1b1!16s%2Fg%2F11ckvg1dmb?entry=ttu",ChIJ79MiCaCoIIYR8KFGND6KkvM,0x8620a8a00922d3ef:0xf3928a3e3446a1f0,17551242697585893872,/g/11bw61rvb7,-895501376123657744,,pimpmenob5@yahoo.es,INVALID,Undeliverable,Oscar Barrera,Oscar,Barrera,Digital Media And Logistic Manager,,jsabet@sunlightcontractors.com,RECEIVING,SMTP validated,Justin Sabet-Peyman,Justin,Sabet-Peyman,Principal Private Equity,,cyates@sunlightcontractors.com,RECEIVING,SMTP validated,Corey Yates,Corey,Yates,Owner,15042222082,15049199993,mobile,"NEW CINGULAR WIRELESS PCS, LLC - GA",,15042222082,mobile,T-Mobile USA Inc.,,,,,,https://www.facebook.com/SunlightContractorsLLC/,,http://www.linkedin.com/company/5219378,,,,,,,,https://twitter.com/sprayfoamnola,,https://www.youtube.com/user/SunlightContractors,,,Spray Foam Insulation New Orleans - Baton Rouge - Louisiana,,"Sunlight Contractors are the New Orleans spray foam insulation experts for residential and commercial buildings, serving all Southern Louisiana.",,,
"custom home builder, 70184, New Orleans, LA, US",Fidelis Builds LLC,Fidelis Builds,https://www.fidelisnola.com/,"General contractor, Bathroom remodeler, Building designer, Flooring contractor, Interior designer, Roofing contractor",General contractor,General contractor,+1 985-237-2180,mobile,"NEW CINGULAR WIRELESS PCS, LLC - GA",,"727 S Salcedo St, New Orleans, LA 70119",Mid-City,727 S Salcedo St,New Orleans,70119,Louisiana,Louisiana,United States of America,US,29.9624153,-90.0969143,8944465520bffff,America/Chicago,,False,,,,,,,,,,,126.0,https://lh3.googleusercontent.com/p/AF1QipOa6CrUrdzM_3-ycahsTSzyy-VjsIh6ZAffMEW_=w800-h500-k-no,https://lh3.googleusercontent.com/p/AF1QipOa6CrUrdzM_3-ycahsTSzyy-VjsIh6ZAffMEW_=w1600-h1000-k-no,,"{""Sunday"": ""Closed"", ""Monday"": ""7AM-5PM"", ""Tuesday"": ""7AM-5PM"", ""Wednesday"": ""7AM-5PM"", ""Thursday"": ""7AM-5PM"", ""Friday"": ""7AM-5PM"", ""Saturday"": ""Closed""}","Sunday,|Monday,7AM,5PM|Tuesday,7AM,5PM|Wednesday,7AM,5PM|Thursday,7AM,5PM|Friday,7AM,5PM|Saturday,",Sunday:Closed|Monday:7AM-5PM|Tuesday:7AM-5PM|Wednesday:7AM-5PM|Thursday:7AM-5PM|Friday:7AM-5PM|Saturday:Closed,,,OPERATIONAL,"{""Service options"": {""Online estimates"": true, ""Onsite services"": true, ""Language assistance"": ""English, Spanish""}}",,,,https://lh3.googleusercontent.com/-f_LZs9q6whs/AAAAAAAAAAI/AAAAAAAAAAA/c_izhrEEQyQ/s44-p-k-no-ns-nd/photo.jpg,,,True,112896036040236645874,Fidelis Builds LLC,https://www.google.com/maps/contrib/112896036040236645874,,,,,"https://www.google.com/maps/place/Fidelis+Builds+LLC/@29.9624153,-90.0969143,14z/data=!4m8!1m2!2m1!1sFidelis+Builds+LLC!3m4!1s0x8620a588f44372cb:0xd3b583753b981264!8m2!3d29.9624153!4d-90.0969143","https://www.google.com/maps/place/Fidelis+Builds+LLC/@29.9624153,-90.0969143,13.99z/data=!4m16!1m7!3m6!1s0x8620a588f44372cb:0xd3b583753b981264!2sFidelis+Builds+LLC!8m2!3d29.9624153!4d-90.0969143!16s%2Fg%2F11ckvg1dmb!3m7!1s0x8620a588f44372cb:0xd3b583753b981264!8m2!3d29.9624153!4d-90.0969143!9m1!1b1!16s%2Fg%2F11ckvg1dmb?entry=ttu",ChIJy3JD9IilIIYRZBKYO3WDtdM,0x8620a588f44372cb:0xd3b583753b981264,15255243852321657444,/g/11yhtff_1d,None,,james@fidelisnola.com,RECEIVING,Verified,,,,,,,,,,,,,,,,,,,,,,9852372180,mobile,"NEW CINGULAR WIRELESS PCS, LLC - GA",,9853773871,landline,,,,,,,https://www.facebook.com/Fidelis-662372127513218,https://www.instagram.com/fidelisbuilds/,,,,,,,,,,,,,,Projects — Fidelis,,,,False,False
"custom home builder, 70185, New Orleans, LA, US",Fitzgerald Custom Homes,Fitzgerald Custom Homes,https://tjfitz.com/,Custom home builder,Custom home builder,Custom home builder,+1 774-684-2135,landline,,,"90 Cranberry Hwy, Orleans, MA 02653",Orleans,90 Cranberry Hwy,Orleans,02653,Massachusetts,Massachusetts,United States of America,US,41.789774099999995,-69.9901374,892a310288bffff,America/New_York,,False,5.0,19.0,https://search.google.com/local/reviews?placeid=ChIJkdGZTYbsU4cRsv1gdK_G86o&q=*&authuser=0&hl=en&gl=US,,,0.0,0.0,0.0,0.0,19.0,54.0,https://lh3.googleusercontent.com/p/AF1QipP0tNClX3GYpVP8MYWsKrnT6mxYqi8U9WS43u0V=w800-h500-k-no,https://lh3.googleusercontent.com/p/AF1QipP0tNClX3GYpVP8MYWsKrnT6mxYqi8U9WS43u0V=w1600-h1000-k-no,,"{""Monday"": ""8AM-5PM"", ""Tuesday"": ""8AM-5PM"", ""Wednesday"": ""8AM-5PM"", ""Thursday"": ""8AM-5PM"", ""Friday"": ""8AM-5PM"", ""Saturday"": ""Closed"", ""Sunday"": ""Closed""}","Sunday,|Monday,8AM,5PM|Tuesday,8AM,5PM|Wednesday,8AM,5PM|Thursday,8AM,5PM|Friday,8AM,5PM|Saturday,",Monday:8AM-5PM|Tuesday:8AM-5PM|Wednesday:8AM-5PM|Thursday:8AM-5PM|Friday:8AM-5PM|Saturday:Closed|Sunday:Closed,,,OPERATIONAL,{},,,,https://lh6.googleusercontent.com/-EUScnDI5zRQ/AAAAAAAAAAI/AAAAAAAAAAA/8lvTdhHQTyc/s44-p-k-no-ns-nd/photo.jpg,,,True,112446004472454445577,Fitzgerald Custom Homes,https://www.google.com/maps/contrib/112446004472454445577,,,,,"https://www.google.com/maps/place/Fitzgerald+Custom+Homes/@41.789774099999995,-69.9901374,14z/data=!4m8!1m2!2m1!1sFitzgerald+Custom+Homes!3m4!1s0x8753ec864d99d191:0xaaf3c6af7460fdb2!8m2!3d41.789774099999995!4d-69.9901374","https://www.google.com/maps/place/Fitzgerald+Custom+Homes/@41.789774099999995,-69.9901374,13.99z/data=!4m16!1m7!3m6!1s0x8753ec864d99d191:0xaaf3c6af7460fdb2!2sFitzgerald+Custom+Homes!8m2!3d41.789774099999995!4d-69.9901374!16s%2Fg%2F11ckvg1dmb!3m7!1s0x8753ec864d99d191:0xaaf3c6af7460fdb2!8m2!3d41.789774099999995!4d-69.9901374!9m1!1b1!16s%2Fg%2F11ckvg1dmb?entry=ttu",ChIJkdGZTYbsU4cRsv1gdK_G86o,0x8753ec864d99d191:0xaaf3c6af7460fdb2,12318407862662528434,/g/11t74dbt1w,-6128336211047023182,,info@tjfitz.com,RECEIVING,SMTP validated,,,,,,webtech@paracletepress.com,RECEIVING,SMTP validated,,,,,,careers@tjfitz.com,RECEIVING,Role,,,,,,5082571474,fixed line,"BANDWIDTH.COM CLEC, LLC - MA",,17746842135,landline,,,,,,,https://www.facebook.com/fitzgeraldcustomhomes,https://www.instagram.com/fitzgeraldcustomhomes,https://www.linkedin.com/company/fitzgerald-custom-homes/,,,,,,,,,,,,,Custom Homes — Fitzgerald Custom Homes,T.J. Fitzgerald v.1.0,"Fitzgerald Custom Homes specializes in building personalized, high-quality 
custom homes on Cape Cod. With over 30 years of experience, we craft 
luxurious spaces tailored to your lifestyle, blending timeless design with 
the finest materials. Explore our commitment to exceptional craftsmanship 
and schedule a consultation today.",,False,False
"custom home builder, 70185, New Orleans, LA, US",Bonomolo Builders,Bonomolo Builders,https://www.bonomolobuilders.com/,Home builder,Home builder,Home builder,+1 504-231-8685,mobile,,,"712 L and A Rd, Metairie, LA 70001",None,712 L and A Rd,Metairie,70001,Louisiana,Louisiana,United States of America,US,29.970101099999997,-90.1340695,8944465514bffff,America/Chicago,,False,5.0,18.0,https://search.google.com/local/reviews?placeid=ChIJ__8Hz8Et8wMR4G_ruDwjB7E&q=*&authuser=0&hl=en&gl=US,,,0.0,0.0,0.0,0.0,18.0,50.0,https://lh3.googleusercontent.com/p/AF1QipMQTDGHrLw-kZ9BqJtlX_BNm_0o4pQmTvV0n2i-=w800-h500-k-no,https://lh3.googleusercontent.com/p/AF1QipMQTDGHrLw-kZ9BqJtlX_BNm_0o4pQmTvV0n2i-=w1600-h1000-k-no,,"{""Sunday"": ""Closed"", ""Monday"": ""8AM-5PM"", ""Tuesday"": ""8AM-5PM"", ""Wednesday"": ""8AM-5PM"", ""Thursday"": ""8AM-5PM"", ""Friday"": ""8AM-5PM"", ""Saturday"": ""Closed""}","Sunday,|Monday,8AM,5PM|Tuesday,8AM,5PM|Wednesday,8AM,5PM|Thursday,8AM,5PM|Friday,8AM,5PM|Saturday,",Sunday:Closed|Monday:8AM-5PM|Tuesday:8AM-5PM|Wednesday:8AM-5PM|Thursday:8AM-5PM|Friday:8AM-5PM|Saturday:Closed,,,OPERATIONAL,{},,,,https://lh6.googleusercontent.com/-JaFsn8iQAjc/AAAAAAAAAAI/AAAAAAAAAAA/Ryrnm91wPUo/s44-p-k-no-ns-nd/photo.jpg,,,True,115276001198614623953,Bonomolo Builders,https://www.google.com/maps/contrib/115276001198614623953,,,,,"https://www.google.com/maps/place/Bonomolo+Builders/@29.970101099999997,-90.1340695,14z/data=!4m8!1m2!2m1!1sBonomolo+Builders!3m4!1s0x3f32dc1cf07ffff:0xb107233cb8eb6fe0!8m2!3d29.970101099999997!4d-90.1340695","https://www.google.com/maps/place/Bonomolo+Builders/@29.970101099999997,-90.1340695,13.99z/data=!4m16!1m7!3m6!1s0x3f32dc1cf07ffff:0xb107233cb8eb6fe0!2sBonomolo+Builders!8m2!3d29.970101099999997!4d-90.1340695!16s%2Fg%2F11ckvg1dmb!3m7!1s0x3f32dc1cf07ffff:0xb107233cb8eb6fe0!8m2!3d29.970101099999997!4d-90.1340695!9m1!1b1!16s%2Fg%2F11ckvg1dmb?entry=ttu",ChIJ__8Hz8Et8wMR4G_ruDwjB7E,0x3f32dc1cf07ffff:0xb107233cb8eb6fe0,12756203213257666528,/g/11vrhz7s3g,-5690540860451885088,,info@bonomolobuilders.com,INVALID,Cannot validate,,,,,,,,,,,,,,,,,,,,,,,,,,,,,,,,,,,,,,,,,,,,,,,,,Home | bonomolobuilders,Wix.com Website Builder,,,False,False
"custom home builder, 70185, New Orleans, LA, US",Terry Tedesco Modular Homes,Terry Tedesco Modular Homes,,Contractor,Contractor,Contractor,+1 504-250-4771,mobile,CELLCO PARTNERSHIP DBA VERIZON WIRELESS - LA,,"8015 St Charles Ave, New Orleans, LA 70118",Uptown/Carrollton,8015 St Charles Ave,New Orleans,70118,Louisiana,Louisiana,United States of America,US,29.942861399999998,-90.1334445,8944465542fffff,America/Chicago,,False,4.5,2.0,https://search.google.com/local/reviews?placeid=ChIJ2_UAUjylIIYRyiFJ6Ws_7Tg&q=*&authuser=0&hl=en&gl=US,,,0.0,0.0,0.0,1.0,1.0,3.0,https://lh3.googleusercontent.com/gps-cs-s/AG0ilSw4_tNyKjQd1hGQR1tZ4kXC1zAgJUwXV12MzJIPfyDRbzHT8DoiUnxh03biLSr9fWIg5vr-x6XEnd-DCb-6ulFSkYteiVmW07ZBy64jqU7scxPyvfZ2VKNoX-Bu6JmwnWVzW5fnsw=w800-h500-k-no,https://lh3.googleusercontent.com/gps-cs-s/AG0ilSw4_tNyKjQd1hGQR1tZ4kXC1zAgJUwXV12MzJIPfyDRbzHT8DoiUnxh03biLSr9fWIg5vr-x6XEnd-DCb-6ulFSkYteiVmW07ZBy64jqU7scxPyvfZ2VKNoX-Bu6JmwnWVzW5fnsw=w1600-h1000-k-no,,"{""Sunday"": ""Closed"", ""Monday"": ""9AM-3PM"", ""Tuesday"": ""9AM-3PM"", ""Wednesday"": ""9AM-3PM"", ""Thursday"": ""9AM-3PM"", ""Friday"": ""9AM-3PM"", ""Saturday"": ""Closed""}","Sunday,|Monday,9AM,3PM|Tuesday,9AM,3PM|Wednesday,9AM,3PM|Thursday,9AM,3PM|Friday,9AM,3PM|Saturday,",Sunday:Closed|Monday:9AM-3PM|Tuesday:9AM-3PM|Wednesday:9AM-3PM|Thursday:9AM-3PM|Friday:9AM-3PM|Saturday:Closed,,,OPERATIONAL,{},,,,,,,False,None,Terry Tedesco Modular Homes,,,,,,"https://www.google.com/maps/place/Terry+Tedesco+Modular+Homes/@29.942861399999998,-90.1334445,14z/data=!4m8!1m2!2m1!1sTerry+Tedesco+Modular+Homes!3m4!1s0x8620a53c5200f5db:0x38ed3f6be94921ca!8m2!3d29.942861399999998!4d-90.1334445","https://www.google.com/maps/place/Terry+Tedesco+Modular+Homes/@29.942861399999998,-90.1334445,13.99z/data=!4m16!1m7!3m6!1s0x8620a53c5200f5db:0x38ed3f6be94921ca!2sTerry+Tedesco+Modular+Homes!8m2!3d29.942861399999998!4d-90.1334445!16s%2Fg%2F11ckvg1dmb!3m7!1s0x8620a53c5200f5db:0x38ed3f6be94921ca!8m2!3d29.942861399999998!4d-90.1334445!9m1!1b1!16s%2Fg%2F11ckvg1dmb?entry=ttu",ChIJ2_UAUjylIIYRyiFJ6Ws_7Tg,0x8620a53c5200f5db:0x38ed3f6be94921ca,4102004568312324554,/g/1tfzmpwh,4102004568312324554,,,,,,,,,,,,,,,,,,,,,,,,,,,,,,,,,,,,,,,,,,,,,,,,,,,,,,,,,,
"custom home builder, 70185, New Orleans, LA, US",Andersen Design Build,Andersen Design Build,http://andersendesignbuild.com/,General contractor,General contractor,General contractor,+1 504-264-3833,landline,,,"8829 Hickory St, New Orleans, LA 70118",Leonidas,8829 Hickory St,New Orleans,70118,Louisiana,Louisiana,United States of America,US,29.956849499999997,-90.1315685,89444655033ffff,America/Chicago,,False,3.9,11.0,https://search.google.com/local/reviews?placeid=ChIJiQNMHEKlIIYR_EgJbb14kQY&q=*&authuser=0&hl=en&gl=US,,,3.0,0.0,0.0,0.0,8.0,4.0,https://lh3.googleusercontent.com/gps-cs-s/AG0ilSx24oLlrQV-fLwOXU8DGKiLnBYhjl-v5ziuEeoIBgqLyiNU82Xl7yspwl8AK8d9xhWM7K0tv3mzIpBiec_5KAqzbHnj_qcu8xgEUF2Yplu5ct7VEyAZcwA7iZsnnw1wBIRafI_b=w800-h500-k-no,https://lh3.googleusercontent.com/gps-cs-s/AG0ilSx24oLlrQV-fLwOXU8DGKiLnBYhjl-v5ziuEeoIBgqLyiNU82Xl7yspwl8AK8d9xhWM7K0tv3mzIpBiec_5KAqzbHnj_qcu8xgEUF2Yplu5ct7VEyAZcwA7iZsnnw1wBIRafI_b=w1600-h1000-k-no,,"{""Sunday"": ""Closed"", ""Monday"": ""9AM-5PM"", ""Tuesday"": ""9AM-5PM"", ""Wednesday"": ""9AM-5PM"", ""Thursday"": ""9AM-5PM"", ""Friday"": ""9AM-5PM"", ""Saturday"": ""Closed""}","Sunday,|Monday,9AM,5PM|Tuesday,9AM,5PM|Wednesday,9AM,5PM|Thursday,9AM,5PM|Friday,9AM,5PM|Saturday,",Sunday:Closed|Monday:9AM-5PM|Tuesday:9AM-5PM|Wednesday:9AM-5PM|Thursday:9AM-5PM|Friday:9AM-5PM|Saturday:Closed,,,OPERATIONAL,"{""Service options"": {""Online estimates"": true, ""Onsite services"": true}, ""Accessibility"": {""Wheelchair accessible parking lot"": true}}",,,,https://lh5.googleusercontent.com/-gOOpSViCS_0/AAAAAAAAAAI/AAAAAAAAAAA/9nwK0id8XpA/s44-p-k-no-ns-nd/photo.jpg,,,True,103004678191650883118,Andersen Design Build,https://www.google.com/maps/contrib/103004678191650883118,,,,,"https://www.google.com/maps/place/Andersen+Design+Build/@29.956849499999997,-90.1315685,14z/data=!4m8!1m2!2m1!1sAndersen+Design+Build!3m4!1s0x8620a5421c4c0389:0x69178bd6d0948fc!8m2!3d29.956849499999997!4d-90.1315685","https://www.google.com/maps/place/Andersen+Design+Build/@29.956849499999997,-90.1315685,13.99z/data=!4m16!1m7!3m6!1s0x8620a5421c4c0389:0x69178bd6d0948fc!2sAndersen+Design+Build!8m2!3d29.956849499999997!4d-90.1315685!16s%2Fg%2F11ckvg1dmb!3m7!1s0x8620a5421c4c0389:0x69178bd6d0948fc!8m2!3d29.956849499999997!4d-90.1315685!9m1!1b1!16s%2Fg%2F11ckvg1dmb?entry=ttu",ChIJiQNMHEKlIIYR_EgJbb14kQY,0x8620a5421c4c0389:0x69178bd6d0948fc,473292190824089852,/g/11hy9nh4lg,473292190824089852,,jonandersen@gmail.com,RECEIVING,Confirmed,,,,,,,,,,,,,,,,,,,,,,,,,,,,,,,,,,https://www.facebook.com/Andersen-Design-Build-1511034065848116/,,,,,,,,,,,,,,,Andersen | D&B,,,,,
"custom home builder, 70185, New Orleans, LA, US","Lowe's Construction, LLC",Lowes Construction,http://www.lowesconstruction.net/,General contractor,General contractor,General contractor,+1 504-415-5010,mobile,"NEW CINGULAR WIRELESS PCS, LLC",,"6221 S Claiborne Ave #605, New Orleans, LA 70125",Uptown/Carrollton,6221 S Claiborne Ave #605,New Orleans,70125,Louisiana,Louisiana,United States of America,US,29.946302499999998,-90.1129315,89444655623ffff,America/Chicago,,False,3.7,3.0,https://search.google.com/local/reviews?placeid=ChIJqSaJEwqlIIYRkIVeWLwKzPo&q=*&authuser=0&hl=en&gl=US,,,1.0,0.0,0.0,0.0,2.0,1.0,https://streetviewpixels-pa.googleapis.com/v1/thumbnail?panoid=ks-uUCNpWHlqyeqNgOvSFw&cb_client=search.gws-prod.gps&w=800&h=500&yaw=29.198605&pitch=0&thumbfov=100,https://streetviewpixels-pa.googleapis.com/v1/thumbnail?panoid=ks-uUCNpWHlqyeqNgOvSFw&cb_client=search.gws-prod.gps&w=1600&h=1000&yaw=29.198605&pitch=0&thumbfov=100,,,,,,,OPERATIONAL,{},,,,https://lh6.googleusercontent.com/-ylow0VwbBtw/AAAAAAAAAAI/AAAAAAAAAAA/OfSAzRkR7do/s44-p-k-no-ns-nd/photo.jpg,,,True,117029896534898709698,"Lowe's Construction, LLC",https://www.google.com/maps/contrib/117029896534898709698,,,,,"https://www.google.com/maps/place/Lowe%27s+Construction%2C+LLC/@29.946302499999998,-90.1129315,14z/data=!4m8!1m2!2m1!1sLowe%27s+Construction%2C+LLC!3m4!1s0x8620a50a138926a9:0xfacc0abc585e8590!8m2!3d29.946302499999998!4d-90.1129315","https://www.google.com/maps/place/Lowe%27s+Construction%2C+LLC/@29.946302499999998,-90.1129315,13.99z/data=!4m16!1m7!3m6!1s0x8620a50a138926a9:0xfacc0abc585e8590!2sLowe%27s+Construction%2C+LLC!8m2!3d29.946302499999998!4d-90.1129315!16s%2Fg%2F11ckvg1dmb!3m7!1s0x8620a50a138926a9:0xfacc0abc585e8590!8m2!3d29.946302499999998!4d-90.1129315!9m1!1b1!16s%2Fg%2F11ckvg1dmb?entry=ttu",ChIJqSaJEwqlIIYRkIVeWLwKzPo,0x8620a50a138926a9:0xfacc0abc585e8590,18071831208783676816,/g/11b73r46d8,-374912864925874800,,ottosci@yahoo.com,RECEIVING,SMTP validated,,,,,,,,,,,,,,,,,,,,,,15044155010,mobile,"NEW CINGULAR WIRELESS PCS, LLC",,5044155010,mobile,"NEW CINGULAR WIRELESS PCS, LLC",,,,,,,,,,,,,,,,,,,,,New Orleans Home Elevations | Home Elevation Contractors in New Orleans | Lowe's Construction,,"Trust the New Orleans home elevations pros at Lowe's Construction, local house lifters providing professional house raising, new construction and remodeling services through Southeast Louisiana.","New Orleans home elevations, New Orleans home elevation company, house raising, elevations of home, house lifters, house lifters near me, home elevation designs, home elevation contractors in New Orleans, home elevation specialists, home elevation contractors, home elevation services, custom home elevations, repairs, New Orleans patios, home elevation pros, New Orleans veneer demolition, New Orleans new construction, staircases, gutters, New Orleans home inspections, New Orleans doors, home elevation services, New Orleans plumbing, home elevation specialists, New Orleans patios, staircases, New Orleans decks, New Orleans flooring, home elevation companies, gutters, New Orleans home inspections, home elevation company, New Orleans flooring",False,False
"custom home builder, 70185, New Orleans, LA, US",Christian Shane Development,Christian Shane Development,http://www.christianshane.com/,General contractor,General contractor,General contractor,+1 504-208-5688,fixed line,"AIRUS, INC. - LA",,"2125 St Charles Ave, New Orleans, LA 70130",Faubourg Lafayette,2125 St Charles Ave,New Orleans,70130,Louisiana,Louisiana,United States of America,US,29.9346829,-90.0804804,894446425d3ffff,America/Chicago,,False,1.0,1.0,https://search.google.com/local/reviews?placeid=ChIJZ1yGMgalIIYR8fYerYVGEuw&q=*&authuser=0&hl=en&gl=US,,,1.0,0.0,0.0,0.0,0.0,28.0,https://lh3.googleusercontent.com/p/AF1QipNc4-u7-_X40YHqSGjdqMbOK4cJCww63km6lf_4=w800-h500-k-no,https://lh3.googleusercontent.com/p/AF1QipNc4-u7-_X40YHqSGjdqMbOK4cJCww63km6lf_4=w1600-h1000-k-no,,"{""Sunday"": ""Closed"", ""Monday"": ""9AM-5PM"", ""Tuesday"": ""9AM-5PM"", ""Wednesday"": ""9AM-5PM"", ""Thursday"": ""9AM-5PM"", ""Friday"": ""9AM-5PM"", ""Saturday"": ""Closed""}","Sunday,|Monday,9AM,5PM|Tuesday,9AM,5PM|Wednesday,9AM,5PM|Thursday,9AM,5PM|Friday,9AM,5PM|Saturday,",Sunday:Closed|Monday:9AM-5PM|Tuesday:9AM-5PM|Wednesday:9AM-5PM|Thursday:9AM-5PM|Friday:9AM-5PM|Saturday:Closed,,,OPERATIONAL,"{""Service options"": {""Online estimates"": true, ""Onsite services"": true}, ""Accessibility"": {""Wheelchair accessible parking lot"": true}, ""Amenities"": {""Gender-neutral restroom"": true}, ""Crowd"": {""LGBTQ+ friendly"": true, ""Transgender safespace"": true}, ""Other"": {""LGBTQ+ friendly"": true}}",,,,https://lh3.googleusercontent.com/-2JH_dswNT1o/AAAAAAAAAAI/AAAAAAAAAAA/ysMjz3RKzug/s44-p-k-no-ns-nd/photo.jpg,,,True,105973752838074903278,Christian Shane Development,https://www.google.com/maps/contrib/105973752838074903278,,,,,"https://www.google.com/maps/place/Christian+Shane+Development/@29.9346829,-90.0804804,14z/data=!4m8!1m2!2m1!1sChristian+Shane+Development!3m4!1s0x8620a50632865c67:0xec124685ad1ef6f1!8m2!3d29.9346829!4d-90.0804804","https://www.google.com/maps/place/Christian+Shane+Development/@29.9346829,-90.0804804,13.99z/data=!4m16!1m7!3m6!1s0x8620a50632865c67:0xec124685ad1ef6f1!2sChristian+Shane+Development!8m2!3d29.9346829!4d-90.0804804!16s%2Fg%2F11ckvg1dmb!3m7!1s0x8620a50632865c67:0xec124685ad1ef6f1!8m2!3d29.9346829!4d-90.0804804!9m1!1b1!16s%2Fg%2F11ckvg1dmb?entry=ttu",ChIJZ1yGMgalIIYR8fYerYVGEuw,0x8620a50632865c67:0xec124685ad1ef6f1,17010736282480867057,/g/11t4x54dss,-1436007791228684559,,josh@christianshane.com,INVALID,Invalid DNS,,,,,,properties@christianshane.com,RECEIVING,SMTP validated,,,,,,jamie@christianshane.com,RECEIVING,Verified,,,,,,15042520455,landline,,,15043334622,mobile,T-Mobile USA Inc.,,5042085688,fixed line,"AIRUS, INC. - LA",,https://www.facebook.com/christianshaneproperties/,https://www.instagram.com/christianshaneinternational,,,,,,,,,,,,,,Homepage | Christian Shane International,Site Kit by Google 1.124.0,Create. Inspire. Live.,,False,True
"custom home builder, 70185, New Orleans, LA, US",Archez Construction LLC,Archez Construction,https://www.archezconstruction.com/,"Custom home builder, Bathroom remodeler, Carpenter, Contractor, Service establishment, Flooring contractor, Handyman/Handywoman/Handyperson, Kitchen remodeler, Painter, Remodeler",Contractor,Custom home builder,+1 504-975-6567,mobile,CELLCO PARTNERSHIP DBA VERIZON,,,,,,,,,,,30.026535,-89.9526745,89444641303ffff,America/Chicago,,True,5.0,12.0,https://search.google.com/local/reviews?placeid=ChIJRb8MsjehIIYRhSyE9MYUoMI&q=*&authuser=0&hl=en&gl=US,,,0.0,0.0,0.0,0.0,12.0,152.0,https://lh3.googleusercontent.com/p/AF1QipNZEta_OHqsLaW4zjUhlvd0yXVywkPi6llTWFfL=w800-h500-k-no,https://lh3.googleusercontent.com/p/AF1QipNZEta_OHqsLaW4zjUhlvd0yXVywkPi6llTWFfL=w1600-h1000-k-no,,"{""Sunday"": ""Closed"", ""Monday"": ""6AM-9PM"", ""Tuesday"": ""6AM-9PM"", ""Wednesday"": ""6AM-9PM"", ""Thursday"": ""6AM-9PM"", ""Friday"": ""6AM-9PM"", ""Saturday"": ""6AM-9PM""}","Sunday,|Monday,6AM,9PM|Tuesday,6AM,9PM|Wednesday,6AM,9PM|Thursday,6AM,9PM|Friday,6AM,9PM|Saturday,6AM,9PM",Sunday:Closed|Monday:6AM-9PM|Tuesday:6AM-9PM|Wednesday:6AM-9PM|Thursday:6AM-9PM|Friday:6AM-9PM|Saturday:6AM-9PM,,,OPERATIONAL,"{""From the business"": {""Identifies as women-owned"": true}, ""Service options"": {""Online estimates"": true, ""Language assistance"": ""English, Spanish""}, ""Other"": {""Identifies as women-owned"": true}}",,,,https://lh6.googleusercontent.com/-YM77kQLjRBc/AAAAAAAAAAI/AAAAAAAAAAA/3TZ2btESdHs/s44-p-k-no-ns-nd/photo.jpg,,,True,117683870749740417027,Archez Construction LLC,https://www.google.com/maps/contrib/117683870749740417027,,,,,"https://www.google.com/maps/place/Archez+Construction+LLC/@30.026535,-89.9526745,14z/data=!4m8!1m2!2m1!1sArchez+Construction+LLC!3m4!1s0x8620a137b20cbf45:0xc2a014c6f4842c85!8m2!3d30.026535!4d-89.9526745","https://www.google.com/maps/place/Archez+Construction+LLC/@30.026535,-89.9526745,13.99z/data=!4m16!1m7!3m6!1s0x8620a137b20cbf45:0xc2a014c6f4842c85!2sArchez+Construction+LLC!8m2!3d30.026535!4d-89.9526745!16s%2Fg%2F11ckvg1dmb!3m7!1s0x8620a137b20cbf45:0xc2a014c6f4842c85!8m2!3d30.026535!4d-89.9526745!9m1!1b1!16s%2Fg%2F11ckvg1dmb?entry=ttu",ChIJRb8MsjehIIYRhSyE9MYUoMI,0x8620a137b20cbf45:0xc2a014c6f4842c85,14024232084370107525,/g/11h6w9hk1b,-4422511989339444091,,zpaintco@hotmail.com,RECEIVING,SMTP validated,,,,,,archezconstruction@gmail.com,RECEIVING,Verified,,,,,,,,,,,,,,5049756567,mobile,CELLCO PARTNERSHIP DBA VERIZON,,,,,,,,,,,,,,,,,,,,,,,,,Remodeling Construction New Orleans | Painting | Flooring  | 2024,,"Archez Construction LLC is a complete construction company based in Louisiana. We specialize in roofing, flooring, tile, stucco, remodeling, painting, framing, commercial painting, interior painting, and drywall. Allow us to meet your construction and demolition needs today.  We handle residential and commercial projects.","construction work, commercial construction work, excavation contractors LA, commercial demolition,
residential  demolition, residential excavation, industrial excavation, industrial demolition, construction and demolition, construction company, demolition company, industrial cons, commercial construction, construction company, general contractor, general contractor new orleans, general contractors new orleans, new orleans construction companies, new orleans construction company, roofing, flooring ,tile, stucco, remodeling, painting, framing, commercial painting, interior painting, drywall",False,False
"custom home builder, 70185, New Orleans, LA, US","Sweeney Restoration, LLC",Sweeney Restoration,https://www.sweeneyrestoration.com/%3Futm_source%3Dgbp%26utm_medium%3Dorganic%26utm_campaign%3Dgbp-listing,General contractor,General contractor,General contractor,+1 504-533-0007,landline,,,"4333 Washington Ave, New Orleans, LA 70125",Gert Town,4333 Washington Ave,New Orleans,70125,Louisiana,Louisiana,United States of America,US,29.9547489,-90.102074,8944465528bffff,America/Chicago,,False,5.0,34.0,https://search.google.com/local/reviews?placeid=ChIJPcmLWG2lIIYR2Dw5zK-biSA&q=*&authuser=0&hl=en&gl=US,,,0.0,0.0,0.0,0.0,34.0,38.0,https://lh3.googleusercontent.com/p/AF1QipN1ADWFo4nsVcMA_akcKaXp1WvZuhHN9EgDCyHR=w800-h500-k-no,https://lh3.googleusercontent.com/p/AF1QipN1ADWFo4nsVcMA_akcKaXp1WvZuhHN9EgDCyHR=w1600-h1000-k-no,,"{""Sunday"": ""Closed"", ""Monday"": ""7:30AM-5PM"", ""Tuesday"": ""7:30AM-5PM"", ""Wednesday"": ""7:30AM-5PM"", ""Thursday"": ""7:30AM-5PM"", ""Friday"": ""7:30AM-5PM"", ""Saturday"": ""Closed""}","Sunday,|Monday,7:30AM,5PM|Tuesday,7:30AM,5PM|Wednesday,7:30AM,5PM|Thursday,7:30AM,5PM|Friday,7:30AM,5PM|Saturday,",Sunday:Closed|Monday:7:30AM-5PM|Tuesday:7:30AM-5PM|Wednesday:7:30AM-5PM|Thursday:7:30AM-5PM|Friday:7:30AM-5PM|Saturday:Closed,,,OPERATIONAL,"{""Service options"": {""Onsite services"": true}}",,,,https://lh5.googleusercontent.com/-CnFhRvbUSmY/AAAAAAAAAAI/AAAAAAAAAAA/B6vSbeKwASQ/s44-p-k-no-ns-nd/photo.jpg,,,True,103187400509969976677,"Sweeney Restoration, LLC",https://www.google.com/maps/contrib/103187400509969976677,,,,,"https://www.google.com/maps/place/Sweeney+Restoration%2C+LLC/@29.9547489,-90.102074,14z/data=!4m8!1m2!2m1!1sSweeney+Restoration%2C+LLC!3m4!1s0x8620a56d588bc93d:0x20899bafcc393cd8!8m2!3d29.9547489!4d-90.102074","https://www.google.com/maps/place/Sweeney+Restoration%2C+LLC/@29.9547489,-90.102074,13.99z/data=!4m16!1m7!3m6!1s0x8620a56d588bc93d:0x20899bafcc393cd8!2sSweeney+Restoration%2C+LLC!8m2!3d29.9547489!4d-90.102074!16s%2Fg%2F11ckvg1dmb!3m7!1s0x8620a56d588bc93d:0x20899bafcc393cd8!8m2!3d29.9547489!4d-90.102074!9m1!1b1!16s%2Fg%2F11ckvg1dmb?entry=ttu",ChIJPcmLWG2lIIYR2Dw5zK-biSA,0x8620a56d588bc93d:0x20899bafcc393cd8,2344576260370939096,/g/11b6cm5vqk,2344576260370939096,,info@sweeneyrestoration.com,RECEIVING,SMTP validated,,,,,,,,,,,,,,,,,,,,,,5045330007,landline,,,,,,,,,,,https://www.facebook.com/SweeneyRestoration,https://www.instagram.com/sweeneyrestoration,https://www.linkedin.com/company/sweeney-restoration,https://www.tiktok.com/@syds_garage,,,,,,,https://twitter.com/SweeneyLLC,,,,,"About Us | Sweeney Restoration Services, New Orleans",,Sweeney Restoration offers expert custom construction & remodeling services. Request a quote today for your home transformation!,"sweeney restoration, full, service, residential, new construction, contractor, historic, home renovation, bathroom renovation, kitchen remodel, remodeling, new orleans, fern street, sweeney, louisiana, hvac, home remodel, doors, paint, subcontractor, devon",False,False
"custom home builder, 70186, New Orleans, LA, US",E&E Custom Homes llc,E And E Custom Homes,http://eecustomhomesllc.org/%3Futm_source%3Dgmb%26utm_medium%3Dreferral,Custom home builder,Custom home builder,Custom home builder,+1 504-532-4896,,,,"6637 Harbourview Dr, New Orleans, LA 70126",West Lake Forest,6637 Harbourview Dr,New Orleans,70126,Louisiana,Louisiana,United States of America,US,30.0225372,-90.0113933,89444640353ffff,America/Chicago,,False,5.0,2.0,https://search.google.com/local/reviews?placeid=ChIJ-xIJtvSpIIYRwBb8mp1LlYw&q=*&authuser=0&hl=en&gl=US,,,0.0,0.0,0.0,0.0,2.0,718.0,https://lh3.googleusercontent.com/p/AF1QipNGoDnQYQtWFnUFAAXxW2gnswwZMULG0j-C7Jup=w800-h500-k-no,https://lh3.googleusercontent.com/p/AF1QipNGoDnQYQtWFnUFAAXxW2gnswwZMULG0j-C7Jup=w1600-h1000-k-no,,"{""Sunday"": ""7AM-5PM"", ""Monday"": ""6AM-5:30PM"", ""Tuesday"": ""6AM-5:30PM"", ""Wednesday"": ""6AM-5:30PM"", ""Thursday"": ""6AM-5:30PM"", ""Friday"": ""6AM-5:30PM"", ""Saturday"": ""7AM-5PM""}","Sunday,7AM,5PM|Monday,6AM,5:30PM|Tuesday,6AM,5:30PM|Wednesday,6AM,5:30PM|Thursday,6AM,5:30PM|Friday,6AM,5:30PM|Saturday,7AM,5PM",Sunday:7AM-5PM|Monday:6AM-5:30PM|Tuesday:6AM-5:30PM|Wednesday:6AM-5:30PM|Thursday:6AM-5:30PM|Friday:6AM-5:30PM|Saturday:7AM-5PM,,,OPERATIONAL,"{""Service options"": {""Online estimates"": true, ""Onsite services"": true}, ""Accessibility"": {""Wheelchair accessible entrance"": true, ""Wheelchair accessible restroom"": true, ""Wheelchair accessible seating"": true}}",,,,https://lh4.googleusercontent.com/-pjvWfzduhms/AAAAAAAAAAI/AAAAAAAAAAA/MwL_lg-hnuI/s44-p-k-no-ns-nd/photo.jpg,,,True,112970791431044425421,E&E Custom Homes llc,https://www.google.com/maps/contrib/112970791431044425421,,,,,"https://www.google.com/maps/place/E%26E+Custom+Homes+llc/@30.0225372,-90.0113933,14z/data=!4m8!1m2!2m1!1sE%26E+Custom+Homes+llc!3m4!1s0x8620a9f4b60912fb:0x8c954b9d9afc16c0!8m2!3d30.0225372!4d-90.0113933","https://www.google.com/maps/place/E%26E+Custom+Homes+llc/@30.0225372,-90.0113933,13.99z/data=!4m16!1m7!3m6!1s0x8620a9f4b60912fb:0x8c954b9d9afc16c0!2sE%26E+Custom+Homes+llc!8m2!3d30.0225372!4d-90.0113933!16s%2Fg%2F11ckvg1dmb!3m7!1s0x8620a9f4b60912fb:0x8c954b9d9afc16c0!8m2!3d30.0225372!4d-90.0113933!9m1!1b1!16s%2Fg%2F11ckvg1dmb?entry=ttu",ChIJ-xIJtvSpIIYRwBb8mp1LlYw,0x8620a9f4b60912fb:0x8c954b9d9afc16c0,10130086077121959616,/g/11rv5c5dsx,-8316657996587592000,,,,,,,,,,,,,,,,,,,,,,,,,,15044787027,mobile,T-Mobile USA Inc.,,,,,,,,,,,,,,,,,,,,,,,,,E&E Custom Homes llc - Custom Home Builder in New Orleans,,,,False,False
"custom home builder, 70186, New Orleans, LA, US",Custom Construction & Renovations,Custom Construction And Renovations,,Contractor,Contractor,Contractor,+1 504-609-4662,mobile,T-Mobile USA Inc.,,"4851 Eunice St, New Orleans, LA 70127",New Orleans East Area,4851 Eunice St,New Orleans,70127,Louisiana,Louisiana,United States of America,US,30.0236664,-89.9755017,89444641177ffff,America/Chicago,,False,1.0,2.0,https://search.google.com/local/reviews?placeid=ChIJ8cE8g_oDnogRyZ7I-BtxH4U&q=*&authuser=0&hl=en&gl=US,,,2.0,0.0,0.0,0.0,0.0,1.0,https://streetviewpixels-pa.googleapis.com/v1/thumbnail?panoid=_7rGUb2xN5l5P7rTa3zvHQ&cb_client=search.gws-prod.gps&w=800&h=500&yaw=87.438095&pitch=0&thumbfov=100,https://streetviewpixels-pa.googleapis.com/v1/thumbnail?panoid=_7rGUb2xN5l5P7rTa3zvHQ&cb_client=search.gws-prod.gps&w=1600&h=1000&yaw=87.438095&pitch=0&thumbfov=100,,"{""Sunday"": ""Closed"", ""Monday"": ""9AM-5PM"", ""Tuesday"": ""9AM-5PM"", ""Wednesday"": ""9AM-5PM"", ""Thursday"": ""9AM-5PM"", ""Friday"": ""9AM-5PM"", ""Saturday"": ""Closed""}","Sunday,|Monday,9AM,5PM|Tuesday,9AM,5PM|Wednesday,9AM,5PM|Thursday,9AM,5PM|Friday,9AM,5PM|Saturday,",Sunday:Closed|Monday:9AM-5PM|Tuesday:9AM-5PM|Wednesday:9AM-5PM|Thursday:9AM-5PM|Friday:9AM-5PM|Saturday:Closed,,,OPERATIONAL,{},,,,https://lh5.googleusercontent.com/-ZWs67rOAeis/AAAAAAAAAAI/AAAAAAAAAAA/pTRQygwb4Lw/s44-p-k-no-ns-nd/photo.jpg,,,True,110020072590981380818,Custom Construction & Renovations,https://www.google.com/maps/contrib/110020072590981380818,,,,,"https://www.google.com/maps/place/Custom+Construction+%26+Renovations/@30.0236664,-89.9755017,14z/data=!4m8!1m2!2m1!1sCustom+Construction+%26+Renovations!3m4!1s0x889e03fa833cc1f1:0x851f711bf8c89ec9!8m2!3d30.0236664!4d-89.9755017","https://www.google.com/maps/place/Custom+Construction+%26+Renovations/@30.0236664,-89.9755017,13.99z/data=!4m16!1m7!3m6!1s0x889e03fa833cc1f1:0x851f711bf8c89ec9!2sCustom+Construction+%26+Renovations!8m2!3d30.0236664!4d-89.9755017!16s%2Fg%2F11ckvg1dmb!3m7!1s0x889e03fa833cc1f1:0x851f711bf8c89ec9!8m2!3d30.0236664!4d-89.9755017!9m1!1b1!16s%2Fg%2F11ckvg1dmb?entry=ttu",ChIJ8cE8g_oDnogRyZ7I-BtxH4U,0x889e03fa833cc1f1:0x851f711bf8c89ec9,9592510096274398921,/g/11j6c0mxdl,-8854233977435152695,,,,,,,,,,,,,,,,,,,,,,,,,,,,,,,,,,,,,,,,,,,,,,,,,,,,,,,,,,
"custom home builder, 70186, New Orleans, LA, US",Live from Home 2 Live 4 Home,Live From Home 2 Live 4 Home,,Custom home builder,Custom home builder,Custom home builder,+1 225-421-7099,mobile,"NEW CINGULAR WIRELESS PCS, LLC - GA",,"7225 W Tamaron Blvd, New Orleans, LA 70128",Little Woods,7225 W Tamaron Blvd,New Orleans,70128,Louisiana,Louisiana,United States of America,US,30.0587992,-89.9517626,8944464ad2fffff,America/Chicago,,False,5.0,1.0,https://search.google.com/local/reviews?placeid=ChIJ4-G0sksDnogRtHhgkqiTfPY&q=*&authuser=0&hl=en&gl=US,,,0.0,0.0,0.0,0.0,1.0,1.0,https://streetviewpixels-pa.googleapis.com/v1/thumbnail?panoid=9BThT6hQiNafyR_OJjU25w&cb_client=search.gws-prod.gps&w=800&h=500&yaw=42.84688&pitch=0&thumbfov=100,https://streetviewpixels-pa.googleapis.com/v1/thumbnail?panoid=9BThT6hQiNafyR_OJjU25w&cb_client=search.gws-prod.gps&w=1600&h=1000&yaw=42.84688&pitch=0&thumbfov=100,,"{""Sunday"": ""4AM-4PM"", ""Monday"": ""4AM-4PM"", ""Tuesday"": ""4AM-4PM"", ""Wednesday"": ""4AM-4:30PM"", ""Thursday"": ""4AM-4PM"", ""Friday"": ""4AM-4PM"", ""Saturday"": ""4AM-4PM""}","Sunday,4AM,4PM|Monday,4AM,4PM|Tuesday,4AM,4PM|Wednesday,4AM,4:30PM|Thursday,4AM,4PM|Friday,4AM,4PM|Saturday,4AM,4PM",Sunday:4AM-4PM|Monday:4AM-4PM|Tuesday:4AM-4PM|Wednesday:4AM-4:30PM|Thursday:4AM-4PM|Friday:4AM-4PM|Saturday:4AM-4PM,,,OPERATIONAL,"{""From the business"": {""Identifies as Black-owned"": true, ""Identifies as women-owned"": true}, ""Other"": {""Identifies as Black-owned"": true, ""Identifies as women-owned"": true}}",,,,,,,False,None,Live from Home 2 Live 4 Home,,,,,,"https://www.google.com/maps/place/Live+from+Home+2+Live+4+Home/@30.0587992,-89.9517626,14z/data=!4m8!1m2!2m1!1sLive+from+Home+2+Live+4+Home!3m4!1s0x889e034bb2b4e1e3:0xf67c93a8926078b4!8m2!3d30.0587992!4d-89.9517626","https://www.google.com/maps/place/Live+from+Home+2+Live+4+Home/@30.0587992,-89.9517626,13.99z/data=!4m16!1m7!3m6!1s0x889e034bb2b4e1e3:0xf67c93a8926078b4!2sLive+from+Home+2+Live+4+Home!8m2!3d30.0587992!4d-89.9517626!16s%2Fg%2F11ckvg1dmb!3m7!1s0x889e034bb2b4e1e3:0xf67c93a8926078b4!8m2!3d30.0587992!4d-89.9517626!9m1!1b1!16s%2Fg%2F11ckvg1dmb?entry=ttu",ChIJ4-G0sksDnogRtHhgkqiTfPY,0x889e034bb2b4e1e3:0xf67c93a8926078b4,17761233382661978292,/g/11ppzcy6c_,-685510691047573324,,,,,,,,,,,,,,,,,,,,,,,,,,,,,,,,,,,,,,,,,,,,,,,,,,,,,,,,,,
"custom home builder, 70187, New Orleans, LA, US",V3 Custom Builders,V3 Custom Builders,https://www.v3custombuilders.com/,"Construction company, Service establishment",Construction company,Construction company,+1 504-307-5050,mobile,,,,,,,,,,,,29.8186066,-89.7529388,8944732c32bffff,America/Chicago,,True,5.0,1.0,https://search.google.com/local/reviews?placeid=ChIJyxL9a4Ir_6ARVIpzyRXOe9s&q=*&authuser=0&hl=en&gl=US,,,0.0,0.0,0.0,0.0,1.0,35.0,https://lh3.googleusercontent.com/p/AF1QipN6zDCXaEpNm_1E3xMK8b5E-_iYLOJ0fcPSQ45c=w800-h500-k-no,https://lh3.googleusercontent.com/p/AF1QipN6zDCXaEpNm_1E3xMK8b5E-_iYLOJ0fcPSQ45c=w1600-h1000-k-no,,"{""Sunday"": ""Closed"", ""Monday"": ""7AM-6PM"", ""Tuesday"": ""7AM-6PM"", ""Wednesday"": ""7AM-6PM"", ""Thursday"": ""7AM-6PM"", ""Friday"": ""7AM-6PM"", ""Saturday"": ""8AM-12PM""}","Sunday,|Monday,7AM,6PM|Tuesday,7AM,6PM|Wednesday,7AM,6PM|Thursday,7AM,6PM|Friday,7AM,6PM|Saturday,8AM,12PM",Sunday:Closed|Monday:7AM-6PM|Tuesday:7AM-6PM|Wednesday:7AM-6PM|Thursday:7AM-6PM|Friday:7AM-6PM|Saturday:8AM-12PM,,,OPERATIONAL,{},,,,https://lh4.googleusercontent.com/-3bRkVGvCmJc/AAAAAAAAAAI/AAAAAAAAAAA/G0cmAcvz1pw/s44-p-k-no-ns-nd/photo.jpg,,,True,103101146828299413110,V3 Custom Builders,https://www.google.com/maps/contrib/103101146828299413110,,https://app.acuityscheduling.com/schedule.php?owner=30474366,,https://app.acuityscheduling.com/schedule.php?owner=30474366,"https://www.google.com/maps/place/V3+Custom+Builders/@29.8186066,-89.7529388,14z/data=!4m8!1m2!2m1!1sV3+Custom+Builders!3m4!1s0xa0ff2b826bfd12cb:0xdb7bce15c9738a54!8m2!3d29.8186066!4d-89.7529388","https://www.google.com/maps/place/V3+Custom+Builders/@29.8186066,-89.7529388,13.99z/data=!4m16!1m7!3m6!1s0xa0ff2b826bfd12cb:0xdb7bce15c9738a54!2sV3+Custom+Builders!8m2!3d29.8186066!4d-89.7529388!16s%2Fg%2F11ckvg1dmb!3m7!1s0xa0ff2b826bfd12cb:0xdb7bce15c9738a54!8m2!3d29.8186066!4d-89.7529388!9m1!1b1!16s%2Fg%2F11ckvg1dmb?entry=ttu",ChIJyxL9a4Ir_6ARVIpzyRXOe9s,0xa0ff2b826bfd12cb:0xdb7bce15c9738a54,15815461109411056212,/g/11vqr14q0j,-2631282964298495404,,,,,,,,,,,,,,,,,,,,,,,,,,,,,,,,,,,,,,,,,,,,,,,,,,,,,About | V3 Custom Builders,Webflow,"V3 Custom Builder specializes in designing, building and renovating homes in the New Orleans area with both a classic touch and modern twist.",,False,False
"custom home builder, 70187, New Orleans, LA, US","Southern Builders of Louisiana, Inc",Southern Builders Of Louisiana,https://www.southernbuildersofla.com/,"Custom home builder, Carpenter, General contractor, Home builder, Siding contractor",General contractor,Custom home builder,+1 504-834-1002,landline,,,"3004 E St Bernard Hwy, Meraux, LA 70075",None,3004 E St Bernard Hwy,Meraux,70075,Louisiana,Louisiana,United States of America,US,29.9298297,-89.9356093,89444658cafffff,America/Chicago,,False,4.6,11.0,https://search.google.com/local/reviews?placeid=ChIJp7br_1alIIYR23tjWLng908&q=*&authuser=0&hl=en&gl=US,,,1.0,0.0,0.0,0.0,10.0,48.0,https://lh3.googleusercontent.com/p/AF1QipO0z3xrOvFUj4e9yka1MPbUFzoXhDbsIbbDWmU=w800-h500-k-no,https://lh3.googleusercontent.com/p/AF1QipO0z3xrOvFUj4e9yka1MPbUFzoXhDbsIbbDWmU=w1600-h1000-k-no,,"{""Sunday"": ""Closed"", ""Monday"": ""8AM-5PM"", ""Tuesday"": ""8AM-5PM"", ""Wednesday"": ""8AM-5PM"", ""Thursday"": ""8AM-5PM"", ""Friday"": ""8AM-5PM"", ""Saturday"": ""Closed""}","Sunday,|Monday,8AM,5PM|Tuesday,8AM,5PM|Wednesday,8AM,5PM|Thursday,8AM,5PM|Friday,8AM,5PM|Saturday,",Sunday:Closed|Monday:8AM-5PM|Tuesday:8AM-5PM|Wednesday:8AM-5PM|Thursday:8AM-5PM|Friday:8AM-5PM|Saturday:Closed,,,OPERATIONAL,"{""Accessibility"": {""Wheelchair accessible entrance"": true, ""Wheelchair accessible parking lot"": true}}",,,,https://lh6.googleusercontent.com/-ix5KKlIl0T4/AAAAAAAAAAI/AAAAAAAAAAA/hjjgH3-HDkM/s44-p-k-no-ns-nd/photo.jpg,,,True,108264272980084570200,"Southern Builders of Louisiana, Inc",https://www.google.com/maps/contrib/108264272980084570200,,,,,"https://www.google.com/maps/place/Southern+Builders+of+Louisiana%2C+Inc/@29.9298297,-89.9356093,14z/data=!4m8!1m2!2m1!1sSouthern+Builders+of+Louisiana%2C+Inc!3m4!1s0x8620a556ffebb6a7:0x4ff7e0b958637bdb!8m2!3d29.9298297!4d-89.9356093","https://www.google.com/maps/place/Southern+Builders+of+Louisiana%2C+Inc/@29.9298297,-89.9356093,13.99z/data=!4m16!1m7!3m6!1s0x8620a556ffebb6a7:0x4ff7e0b958637bdb!2sSouthern+Builders+of+Louisiana%2C+Inc!8m2!3d29.9298297!4d-89.9356093!16s%2Fg%2F11ckvg1dmb!3m7!1s0x8620a556ffebb6a7:0x4ff7e0b958637bdb!8m2!3d29.9298297!4d-89.9356093!9m1!1b1!16s%2Fg%2F11ckvg1dmb?entry=ttu",ChIJp7br_1alIIYR23tjWLng908,0x8620a556ffebb6a7:0x4ff7e0b958637bdb,5762321334900325339,/g/1261my52d,5762321334900325339,,rebecca.goodman@southernbuildersofla.com,INVALID,Invalid SMTP,Rebecca Goodman,Rebecca,Goodman,Business Manager,,info@sbofla.com,RECEIVING,SMTP validated,,,,,,,,,,,,,,15048341002,landline,,,,,,,,,,,https://www.facebook.com/SouthernBuildersofLouisiana/,,,,,,,,,,,,,,,"Residential Contractors | Southern Builders of Louisiana, Inc",Wix.com Website Builder,Southern Builders is a commercial and residential builder located in the New Orleans area. We also specialize in Custom Homes and Renovations/Remodeling.,"New Construction, Spec Homes, Residential, Renovations, Commericial",,
"custom home builder, 70187, New Orleans, LA, US",Morse Homes Inc,Morse Homes,https://www.morsehomesinc.com/,Home builder,Home builder,Home builder,+1 504-393-7777,mobile,,,"110 Keating Dr, Belle Chasse, LA 70037",None,110 Keating Dr,Belle Chasse,70037,Louisiana,Louisiana,United States of America,US,29.9003476,-89.9856363,8944465ad2fffff,America/Chicago,,False,5.0,1.0,https://search.google.com/local/reviews?placeid=ChIJD0rR7-sdnogR4QdhOixUKZo&q=*&authuser=0&hl=en&gl=US,,,0.0,0.0,0.0,0.0,1.0,1.0,https://streetviewpixels-pa.googleapis.com/v1/thumbnail?panoid=6JxpXTrD25CuiXVbh4aYMw&cb_client=search.gws-prod.gps&w=800&h=500&yaw=85.4393&pitch=0&thumbfov=100,https://streetviewpixels-pa.googleapis.com/v1/thumbnail?panoid=6JxpXTrD25CuiXVbh4aYMw&cb_client=search.gws-prod.gps&w=1600&h=1000&yaw=85.4393&pitch=0&thumbfov=100,,,,,,,OPERATIONAL,{},,,,,,,False,None,Morse Homes Inc,,,,,,"https://www.google.com/maps/place/Morse+Homes+Inc/@29.9003476,-89.9856363,14z/data=!4m8!1m2!2m1!1sMorse+Homes+Inc!3m4!1s0x889e1debefd14a0f:0x9a29542c3a6107e1!8m2!3d29.9003476!4d-89.9856363","https://www.google.com/maps/place/Morse+Homes+Inc/@29.9003476,-89.9856363,13.99z/data=!4m16!1m7!3m6!1s0x889e1debefd14a0f:0x9a29542c3a6107e1!2sMorse+Homes+Inc!8m2!3d29.9003476!4d-89.9856363!16s%2Fg%2F11ckvg1dmb!3m7!1s0x889e1debefd14a0f:0x9a29542c3a6107e1!8m2!3d29.9003476!4d-89.9856363!9m1!1b1!16s%2Fg%2F11ckvg1dmb?entry=ttu",ChIJD0rR7-sdnogR4QdhOixUKZo,0x889e1debefd14a0f:0x9a29542c3a6107e1,11108502504820770785,/g/1tdwwgnp,-7338241568888780831,,info@morsehomesinc.com,RECEIVING,SMTP validated,,,,,,,,,,,,,,,,,,,,,,5043937777,mobile,,,,,,,,,,,,,,,,,,,,,,,,,,Morse Homes Inc. | Residential and Commercial Builders,wordpress,,,False,False
"custom home builder, 70187, New Orleans, LA, US",BV Builders LLC - NOLA,Bv Builders Llc Nola,https://bv-builders.com/,Construction company,Construction company,Construction company,+1 504-952-6136,mobile,"NEW CINGULAR WIRELESS PCS, LLC - GA",,"2716 Marietta St, Chalmette, LA 70043",None,2716 Marietta St,Chalmette,70043,Louisiana,Louisiana,United States of America,US,29.9420872,-89.9572282,89444658da3ffff,America/Chicago,,False,5.0,8.0,https://search.google.com/local/reviews?placeid=ChIJ6a1U4ExRbKUR8FFbiGsreWI&q=*&authuser=0&hl=en&gl=US,,,0.0,0.0,0.0,0.0,8.0,5.0,https://lh3.googleusercontent.com/p/AF1QipOzxGeBmTYooxRuU77Tc3OFJ15L9axlJjcMaRFE=w800-h500-k-no,https://lh3.googleusercontent.com/p/AF1QipOzxGeBmTYooxRuU77Tc3OFJ15L9axlJjcMaRFE=w1600-h1000-k-no,,"{""Sunday"": ""Closed"", ""Monday"": ""8AM-6PM"", ""Tuesday"": ""8AM-6PM"", ""Wednesday"": ""8AM-6PM"", ""Thursday"": ""8AM-6PM"", ""Friday"": ""8AM-6PM"", ""Saturday"": ""9AM-5PM""}","Sunday,|Monday,8AM,6PM|Tuesday,8AM,6PM|Wednesday,8AM,6PM|Thursday,8AM,6PM|Friday,8AM,6PM|Saturday,9AM,5PM",Sunday:Closed|Monday:8AM-6PM|Tuesday:8AM-6PM|Wednesday:8AM-6PM|Thursday:8AM-6PM|Friday:8AM-6PM|Saturday:9AM-5PM,,,OPERATIONAL,"{""Service options"": {""Online estimates"": true, ""Language assistance"": ""English, Portuguese, Spanish""}}",,,,https://lh5.googleusercontent.com/-9o6j20W5stI/AAAAAAAAAAI/AAAAAAAAAAA/LJomRgwuapM/s44-p-k-no-ns-nd/photo.jpg,,,True,100709421374566673714,BV Builders LLC - NOLA,https://www.google.com/maps/contrib/100709421374566673714,,,,,"https://www.google.com/maps/place/BV+Builders+LLC+-+NOLA/@29.9420872,-89.9572282,14z/data=!4m8!1m2!2m1!1sBV+Builders+LLC+-+NOLA!3m4!1s0xa56c514ce054ade9:0x62792b6b885b51f0!8m2!3d29.9420872!4d-89.9572282","https://www.google.com/maps/place/BV+Builders+LLC+-+NOLA/@29.9420872,-89.9572282,13.99z/data=!4m16!1m7!3m6!1s0xa56c514ce054ade9:0x62792b6b885b51f0!2sBV+Builders+LLC+-+NOLA!8m2!3d29.9420872!4d-89.9572282!16s%2Fg%2F11ckvg1dmb!3m7!1s0xa56c514ce054ade9:0x62792b6b885b51f0!8m2!3d29.9420872!4d-89.9572282!9m1!1b1!16s%2Fg%2F11ckvg1dmb?entry=ttu",ChIJ6a1U4ExRbKUR8FFbiGsreWI,0xa56c514ce054ade9:0x62792b6b885b51f0,7095750428748108272,/g/11y2hrx5s6,7095750428748108272,,contact@bv-builders.com,RECEIVING,SMTP validated,,,,,,info@bv-builders.com,INVALID,Undeliverable,,,,,,,,,,,,,,5047172505,landline,,,15047172505,landline,,,,,,,https://www.facebook.com/bvbuildersusa,https://www.instagram.com/bvbuildersusa,,,,,,,,,,,,,,About – Construction Company New Orleans | BV Builders LLC,WordPress 6.8.1,"Top Construction Company New Orleans LA: Turning dreams into reality with excellence, innovation, and quality construction.",,False,False
"custom home builder, 70187, New Orleans, LA, US",Bryant Brothers Construction LLC,Bryant Brothers Construction,http://bryantbrothersconstruction.com/,"Custom home builder, Service establishment",Custom home builder,Custom home builder,+1 504-344-4674,mobile,,,,,,,,,,,,30.0326605,-89.88256349999999,8944464a367ffff,America/Chicago,,True,1.0,3.0,https://search.google.com/local/reviews?placeid=ChIJq6qqqvoCnogR44gSlxcungo&q=*&authuser=0&hl=en&gl=US,,,3.0,0.0,0.0,0.0,0.0,1.0,https://lh3.googleusercontent.com/gps-cs-s/AG0ilSzKiLgV0tDEI9_wMwVBh9M9xaBKcjly890E7YOQYDPAqZPgCZA7mOejj4msD4bV5LvzsI_TZqzGsANRnFN41Ca39KfgRfsbKBm65HAi0DqeLlYU3H4SVVmT3UBCqujveeYgDQk=w800-h500-k-no,https://lh3.googleusercontent.com/gps-cs-s/AG0ilSzKiLgV0tDEI9_wMwVBh9M9xaBKcjly890E7YOQYDPAqZPgCZA7mOejj4msD4bV5LvzsI_TZqzGsANRnFN41Ca39KfgRfsbKBm65HAi0DqeLlYU3H4SVVmT3UBCqujveeYgDQk=w1600-h1000-k-no,,"{""Sunday"": ""Closed"", ""Monday"": ""8AM-5PM"", ""Tuesday"": ""8AM-5PM"", ""Wednesday"": ""8AM-5PM"", ""Thursday"": ""8AM-5PM"", ""Friday"": ""8AM-5PM"", ""Saturday"": ""Closed""}","Sunday,|Monday,8AM,5PM|Tuesday,8AM,5PM|Wednesday,8AM,5PM|Thursday,8AM,5PM|Friday,8AM,5PM|Saturday,",Sunday:Closed|Monday:8AM-5PM|Tuesday:8AM-5PM|Wednesday:8AM-5PM|Thursday:8AM-5PM|Friday:8AM-5PM|Saturday:Closed,,,OPERATIONAL,{},,,,https://lh3.googleusercontent.com/-2p8Mr9qign8/AAAAAAAAAAI/AAAAAAAAAAA/pecE0RPiTjk/s44-p-k-no-ns-nd/photo.jpg,,,True,117546151008819102730,Bryant Brothers Construction LLC,https://www.google.com/maps/contrib/117546151008819102730,,,,,"https://www.google.com/maps/place/Bryant+Brothers+Construction+LLC/@30.0326605,-89.88256349999999,14z/data=!4m8!1m2!2m1!1sBryant+Brothers+Construction+LLC!3m4!1s0x889e02faaaaaaaab:0xa9e2e17971288e3!8m2!3d30.0326605!4d-89.88256349999999","https://www.google.com/maps/place/Bryant+Brothers+Construction+LLC/@30.0326605,-89.88256349999999,13.99z/data=!4m16!1m7!3m6!1s0x889e02faaaaaaaab:0xa9e2e17971288e3!2sBryant+Brothers+Construction+LLC!8m2!3d30.0326605!4d-89.88256349999999!16s%2Fg%2F11ckvg1dmb!3m7!1s0x889e02faaaaaaaab:0xa9e2e17971288e3!8m2!3d30.0326605!4d-89.88256349999999!9m1!1b1!16s%2Fg%2F11ckvg1dmb?entry=ttu",ChIJq6qqqvoCnogR44gSlxcungo,0x889e02faaaaaaaab:0xa9e2e17971288e3,765099665553262819,/g/11b7791_5x,765099665553262819,,bryant_troy@yahoo.com,RECEIVING,SMTP validated,,,,,,,,,,,,,,,,,,,,,,8326127990,landline,,,,,,,,,,,https://www.facebook.com/213891266132487,https://www.instagram.com/bryantbrothersllc,,,,,,,,,https://www.twitter.com/bryant_troy,,,https://github.com/EbenSorkin/,,"Bryant Brothers Construction, LLC in Kingwood, Texas",Starfield Technologies; Go Daddy Website Builder 8.0.0000,"Bryant Brothers Construction has worked in Houston and the surrounding areas for 41 years, specializing in commercial, residential, and remodeling project.",,False,False
"custom home builder, 70187, New Orleans, LA, US","Interface Construction Services, LLC",Interface Construction Services,http://www.interfacenola.com/,Construction company,Construction company,Construction company,+1 504-400-1985,mobile,"NEW CINGULAR WIRELESS PCS, LLC - GA",,"4480 General De Gaulle Dr Suite 115, New Orleans, LA 70131",Old Aurora,4480 General De Gaulle Dr Suite 115,New Orleans,70131,Louisiana,Louisiana,United States of America,US,29.918159,-90.0091137,89444651b5bffff,America/Chicago,,False,5.0,22.0,https://search.google.com/local/reviews?placeid=ChIJz1tGM16jIIYRt2Nbf_9fdnE&q=*&authuser=0&hl=en&gl=US,,,0.0,0.0,0.0,0.0,22.0,38.0,https://lh3.googleusercontent.com/p/AF1QipNDgMu824nMlPMPD9guhPbGGDalzFPCtduHJ_Xh=w800-h500-k-no,https://lh3.googleusercontent.com/p/AF1QipNDgMu824nMlPMPD9guhPbGGDalzFPCtduHJ_Xh=w1600-h1000-k-no,,"{""Sunday"": ""Closed"", ""Monday"": ""8AM-5PM"", ""Tuesday"": ""8AM-5PM"", ""Wednesday"": ""8AM-5PM"", ""Thursday"": ""8AM-5PM"", ""Friday"": ""8AM-5PM"", ""Saturday"": ""Closed""}","Sunday,|Monday,8AM,5PM|Tuesday,8AM,5PM|Wednesday,8AM,5PM|Thursday,8AM,5PM|Friday,8AM,5PM|Saturday,",Sunday:Closed|Monday:8AM-5PM|Tuesday:8AM-5PM|Wednesday:8AM-5PM|Thursday:8AM-5PM|Friday:8AM-5PM|Saturday:Closed,,,OPERATIONAL,"{""From the business"": {""Identifies as veteran-owned"": true}, ""Crowd"": {""LGBTQ+ friendly"": true, ""Transgender safespace"": true}, ""Other"": {""LGBTQ+ friendly"": true, ""Identifies as veteran-owned"": true}}",,,,https://lh4.googleusercontent.com/-VKstVK4RiRk/AAAAAAAAAAI/AAAAAAAAAAA/La3sUByt_Uw/s44-p-k-no-ns-nd/photo.jpg,,,True,102412596338516251890,"Interface Construction Services, LLC",https://www.google.com/maps/contrib/102412596338516251890,,,,,"https://www.google.com/maps/place/Interface+Construction+Services%2C+LLC/@29.918159,-90.0091137,14z/data=!4m8!1m2!2m1!1sInterface+Construction+Services%2C+LLC!3m4!1s0x8620a35e33465bcf:0x71765fff7f5b63b7!8m2!3d29.918159!4d-90.0091137","https://www.google.com/maps/place/Interface+Construction+Services%2C+LLC/@29.918159,-90.0091137,13.99z/data=!4m16!1m7!3m6!1s0x8620a35e33465bcf:0x71765fff7f5b63b7!2sInterface+Construction+Services%2C+LLC!8m2!3d29.918159!4d-90.0091137!16s%2Fg%2F11ckvg1dmb!3m7!1s0x8620a35e33465bcf:0x71765fff7f5b63b7!8m2!3d29.918159!4d-90.0091137!9m1!1b1!16s%2Fg%2F11ckvg1dmb?entry=ttu",ChIJz1tGM16jIIYRt2Nbf_9fdnE,0x8620a35e33465bcf:0x71765fff7f5b63b7,8175827724495709111,/g/11gfnh93tp,8175827724495709111,,info@interfacenola.com,RECEIVING,SMTP validated,,,,,,,,,,,,,,,,,,,,,,5044001985,mobile,"NEW CINGULAR WIRELESS PCS, LLC - GA",,5043724579,voip,Comcast,True,,,,,,https://www.instagram.com/interface_construction,,,,,,,,,,,,,,Construction Management —             Interface Construction Services,,Louisiana State Licensed Residential and Commercial General Contractor,,False,False
"custom home builder, 70187, New Orleans, LA, US",AD Construction Management,Ad Construction Management,https://adconstructionmanagement.com/,"Construction company, Service establishment",Construction company,Construction company,+1 504-509-9599,mobile,T-Mobile USA Inc.,,,,,,,,,,,30.0519331,-90.42997849999999,8944460ad87ffff,America/Chicago,,True,4.0,4.0,https://search.google.com/local/reviews?placeid=ChIJ13wKoYTWv6cRtf1aJvJGL3E&q=*&authuser=0&hl=en&gl=US,,,1.0,0.0,0.0,0.0,3.0,26.0,https://lh3.googleusercontent.com/p/AF1QipP-cTmrrCbarJxFeATW9C07u0_N6rWqbZlUxAS3=w800-h500-k-no,https://lh3.googleusercontent.com/p/AF1QipP-cTmrrCbarJxFeATW9C07u0_N6rWqbZlUxAS3=w1600-h1000-k-no,,"{""Sunday"": ""Open 24 hours"", ""Monday"": ""Open 24 hours"", ""Tuesday"": ""Open 24 hours"", ""Wednesday"": ""Open 24 hours"", ""Thursday"": ""Open 24 hours"", ""Friday"": ""Open 24 hours"", ""Saturday"": ""Open 24 hours""}","Sunday,Open 24 hours|Monday,Open 24 hours|Tuesday,Open 24 hours|Wednesday,Open 24 hours|Thursday,Open 24 hours|Friday,Open 24 hours|Saturday,Open 24 hours",Sunday:Open 24 hours|Monday:Open 24 hours|Tuesday:Open 24 hours|Wednesday:Open 24 hours|Thursday:Open 24 hours|Friday:Open 24 hours|Saturday:Open 24 hours,,,OPERATIONAL,{},,,,https://lh5.googleusercontent.com/-CIpF7xmsWxA/AAAAAAAAAAI/AAAAAAAAAAA/SNDXjSRr-wI/s44-p-k-no-ns-nd/photo.jpg,,,True,102814429869141539225,AD Construction Management,https://www.google.com/maps/contrib/102814429869141539225,,,,,"https://www.google.com/maps/place/AD+Construction+Management/@30.0519331,-90.42997849999999,14z/data=!4m8!1m2!2m1!1sAD+Construction+Management!3m4!1s0xa7bfd684a10a7cd7:0x712f46f2265afdb5!8m2!3d30.0519331!4d-90.42997849999999","https://www.google.com/maps/place/AD+Construction+Management/@30.0519331,-90.42997849999999,13.99z/data=!4m16!1m7!3m6!1s0xa7bfd684a10a7cd7:0x712f46f2265afdb5!2sAD+Construction+Management!8m2!3d30.0519331!4d-90.42997849999999!16s%2Fg%2F11ckvg1dmb!3m7!1s0xa7bfd684a10a7cd7:0x712f46f2265afdb5!8m2!3d30.0519331!4d-90.42997849999999!9m1!1b1!16s%2Fg%2F11ckvg1dmb?entry=ttu",ChIJ13wKoYTWv6cRtf1aJvJGL3E,0xa7bfd684a10a7cd7:0x712f46f2265afdb5,8155815456030784949,/g/11k3q5tx9j,8155815456030784949,,alex@adconstructionmanagement.com,INVALID,Invalid SMTP,,,,,,,,,,,,,,,,,,,,,,5044968662,mobile,,,5045099599,mobile,T-Mobile USA Inc.,,,,,,https://www.facebook.com/people/,https://www.instagram.com/invites,,,,,,,,,,,,,,"Custom Design and Build of Residential Home - AD Construction Management, LLC. Building, Renovation and Custom Design in New Orleans",WordPress 6.4.2,"AD Construction Management, LLC is Louisiana State Licensed General Contractor. The company is specialized in Custom Home Build and Renovations. We are One Stop Shop for all your construction needs. We can execute any size of projects, for example, from simply building a fence, renovating a bathroom or all the way to building a custom home for your comfortable stay.",,False,False
"custom home builder, 70187, New Orleans, LA, US",General Contracting Co,General Contracting,http://buildno.com/,Construction company,Construction company,Construction company,+1 504-491-4898,mobile,"NEW CINGULAR WIRELESS PCS, LLC - GA",,"4539 Downman Rd, New Orleans, LA 70126",New Orleans East Area,4539 Downman Rd,New Orleans,70126,Louisiana,Louisiana,United States of America,US,30.0158755,-90.0211456,8944464039bffff,America/Chicago,,False,5.0,9.0,https://search.google.com/local/reviews?placeid=ChIJS96LyUuoIIYRa1wdh8bXW74&q=*&authuser=0&hl=en&gl=US,,,0.0,0.0,0.0,0.0,9.0,48.0,https://lh3.googleusercontent.com/p/AF1QipPnnOCa5kNpqIyfEQ4nWkMvpxF27CF95_YL--bL=w800-h500-k-no,https://lh3.googleusercontent.com/p/AF1QipPnnOCa5kNpqIyfEQ4nWkMvpxF27CF95_YL--bL=w1600-h1000-k-no,,"{""Sunday"": ""Closed"", ""Monday"": ""8:30AM-4:30PM"", ""Tuesday"": ""8:30AM-4:30PM"", ""Wednesday"": ""8:30AM-4:30PM"", ""Thursday"": ""8:30AM-4:30PM"", ""Friday"": ""8:30AM-4:30PM"", ""Saturday"": ""Closed""}","Sunday,|Monday,8:30AM,4:30PM|Tuesday,8:30AM,4:30PM|Wednesday,8:30AM,4:30PM|Thursday,8:30AM,4:30PM|Friday,8:30AM,4:30PM|Saturday,",Sunday:Closed|Monday:8:30AM-4:30PM|Tuesday:8:30AM-4:30PM|Wednesday:8:30AM-4:30PM|Thursday:8:30AM-4:30PM|Friday:8:30AM-4:30PM|Saturday:Closed,,,OPERATIONAL,{},,,,https://lh5.googleusercontent.com/-0LYfCmRzgQ0/AAAAAAAAAAI/AAAAAAAAAAA/f8an2sidoZM/s44-p-k-no-ns-nd/photo.jpg,,,True,118333449957767084358,General Contracting Co,https://www.google.com/maps/contrib/118333449957767084358,,,,,"https://www.google.com/maps/place/General+Contracting+Co/@30.0158755,-90.0211456,14z/data=!4m8!1m2!2m1!1sGeneral+Contracting+Co!3m4!1s0x8620a84bc98bde4b:0xbe5bd7c6871d5c6b!8m2!3d30.0158755!4d-90.0211456","https://www.google.com/maps/place/General+Contracting+Co/@30.0158755,-90.0211456,13.99z/data=!4m16!1m7!3m6!1s0x8620a84bc98bde4b:0xbe5bd7c6871d5c6b!2sGeneral+Contracting+Co!8m2!3d30.0158755!4d-90.0211456!16s%2Fg%2F11ckvg1dmb!3m7!1s0x8620a84bc98bde4b:0xbe5bd7c6871d5c6b!8m2!3d30.0158755!4d-90.0211456!9m1!1b1!16s%2Fg%2F11ckvg1dmb?entry=ttu",ChIJS96LyUuoIIYRa1wdh8bXW74,0x8620a84bc98bde4b:0xbe5bd7c6871d5c6b,13716794337757322347,/g/1tf8tg4x,-4729949735952229269,,,,,,,,,,,,,,,,,,,,,,,,,,,,,,,,,,,,,,,,,,,,,,,,,,,,,Build New Orleans,,,,False,False
"custom home builder, 70187, New Orleans, LA, US",Baldwin Construction LLC,Baldwin Construction,,"Construction company, Service establishment",Construction company,Construction company,+1 504-314-1013,landline,,,,,,,,,,,,30.0326605,-89.88256349999999,8944464a367ffff,America/Chicago,,True,3.0,2.0,https://search.google.com/local/reviews?placeid=ChIJT88r5Qlg6CURvrskwj7kWXA&q=*&authuser=0&hl=en&gl=US,,,1.0,0.0,0.0,0.0,1.0,26.0,https://lh3.googleusercontent.com/p/AF1QipNogh5QLa5MZSI1njCkCL2vo-h_m1drs-reAu-e=w800-h500-k-no,https://lh3.googleusercontent.com/p/AF1QipNogh5QLa5MZSI1njCkCL2vo-h_m1drs-reAu-e=w1600-h1000-k-no,,"{""Sunday"": ""Closed"", ""Monday"": ""7:30AM-3:30PM"", ""Tuesday"": ""7:30AM-3:30PM"", ""Wednesday"": ""7:30AM-3:30PM"", ""Thursday"": ""7:30AM-3:30PM"", ""Friday"": ""7:30AM-3:30PM"", ""Saturday"": ""Closed""}","Sunday,|Monday,7:30AM,3:30PM|Tuesday,7:30AM,3:30PM|Wednesday,7:30AM,3:30PM|Thursday,7:30AM,3:30PM|Friday,7:30AM,3:30PM|Saturday,",Sunday:Closed|Monday:7:30AM-3:30PM|Tuesday:7:30AM-3:30PM|Wednesday:7:30AM-3:30PM|Thursday:7:30AM-3:30PM|Friday:7:30AM-3:30PM|Saturday:Closed,,,OPERATIONAL,{},,,,https://lh3.googleusercontent.com/-8ZDuWkF2OvQ/AAAAAAAAAAI/AAAAAAAAAAA/mWsVUf1NIOU/s44-p-k-no-ns-nd/photo.jpg,,,True,107776567872823364971,Baldwin Construction LLC,https://www.google.com/maps/contrib/107776567872823364971,,,,,"https://www.google.com/maps/place/Baldwin+Construction+LLC/@30.0326605,-89.88256349999999,14z/data=!4m8!1m2!2m1!1sBaldwin+Construction+LLC!3m4!1s0x25e86009e52bcf4f:0x7059e43ec224bbbe!8m2!3d30.0326605!4d-89.88256349999999","https://www.google.com/maps/place/Baldwin+Construction+LLC/@30.0326605,-89.88256349999999,13.99z/data=!4m16!1m7!3m6!1s0x25e86009e52bcf4f:0x7059e43ec224bbbe!2sBaldwin+Construction+LLC!8m2!3d30.0326605!4d-89.88256349999999!16s%2Fg%2F11ckvg1dmb!3m7!1s0x25e86009e52bcf4f:0x7059e43ec224bbbe!8m2!3d30.0326605!4d-89.88256349999999!9m1!1b1!16s%2Fg%2F11ckvg1dmb?entry=ttu",ChIJT88r5Qlg6CURvrskwj7kWXA,0x25e86009e52bcf4f:0x7059e43ec224bbbe,8095752763371469758,/g/11tc8vw9cw,8095752763371469758,,,,,,,,,,,,,,,,,,,,,,,,,,,,,,,,,,,,,,,,,,,,,,,,,,,,,,,,,,
"custom home builder, 70187, New Orleans, LA, US",Ed's Sheds,Eds Sheds,https://www.edsshedsnola.com/,Shed builder,Shed builder,Shed builder,+1 504-358-5310,mobile,T-Mobile,True,"510 W Genie St, Chalmette, LA 70043",None,510 W Genie St,Chalmette,70043,Louisiana,Louisiana,United States of America,US,29.9539987,-89.96398789999999,894446432c7ffff,America/Chicago,,False,5.0,4.0,https://search.google.com/local/reviews?placeid=ChIJVRBTyhIdnogRIVJPq2Bzn4g&q=*&authuser=0&hl=en&gl=US,,,0.0,0.0,0.0,0.0,4.0,27.0,https://lh3.googleusercontent.com/p/AF1QipM-ZR_jGw43SQ52eyybwB4pZS63wfaFYQxaB0o1=w800-h500-k-no,https://lh3.googleusercontent.com/p/AF1QipM-ZR_jGw43SQ52eyybwB4pZS63wfaFYQxaB0o1=w1600-h1000-k-no,,"{""Sunday"": ""Open 24 hours"", ""Monday"": ""Open 24 hours"", ""Tuesday"": ""Open 24 hours"", ""Wednesday"": ""Open 24 hours"", ""Thursday"": ""Open 24 hours"", ""Friday"": ""Open 24 hours"", ""Saturday"": ""Open 24 hours""}","Sunday,Open 24 hours|Monday,Open 24 hours|Tuesday,Open 24 hours|Wednesday,Open 24 hours|Thursday,Open 24 hours|Friday,Open 24 hours|Saturday,Open 24 hours",Sunday:Open 24 hours|Monday:Open 24 hours|Tuesday:Open 24 hours|Wednesday:Open 24 hours|Thursday:Open 24 hours|Friday:Open 24 hours|Saturday:Open 24 hours,,,OPERATIONAL,{},,,,https://lh6.googleusercontent.com/-xHANIz_8YVY/AAAAAAAAAAI/AAAAAAAAAAA/rFippEHuIPM/s44-p-k-no-ns-nd/photo.jpg,,,True,106351226014220249211,Ed's Sheds,https://www.google.com/maps/contrib/106351226014220249211,,,,,"https://www.google.com/maps/place/Ed%27s+Sheds/@29.9539987,-89.96398789999999,14z/data=!4m8!1m2!2m1!1sEd%27s+Sheds!3m4!1s0x889e1d12ca531055:0x889f7360ab4f5221!8m2!3d29.9539987!4d-89.96398789999999","https://www.google.com/maps/place/Ed%27s+Sheds/@29.9539987,-89.96398789999999,13.99z/data=!4m16!1m7!3m6!1s0x889e1d12ca531055:0x889f7360ab4f5221!2sEd%27s+Sheds!8m2!3d29.9539987!4d-89.96398789999999!16s%2Fg%2F11ckvg1dmb!3m7!1s0x889e1d12ca531055:0x889f7360ab4f5221!8m2!3d29.9539987!4d-89.96398789999999!9m1!1b1!16s%2Fg%2F11ckvg1dmb?entry=ttu",ChIJVRBTyhIdnogRIVJPq2Bzn4g,0x889e1d12ca531055:0x889f7360ab4f5221,9844714169483350561,/g/11mkl48yf_,-8602029904226201055,,edsshedsnola@gmail.com,RECEIVING,Verified,,,,,,,,,,,,,,,,,,,,,,5043585310,mobile,T-Mobile,True,,,,,,,,,,,,,,,,,,,,,,,,Book Online | Edwin kivell II,Wix.com Website Builder,Ed's sheds offers quality built sheds at affordable prices. We build on site to accommodate small yards and hard to access areas. Ed's sheds builds across the southeastern part of the United States.,,False,False
"custom home builder, 70187, New Orleans, LA, US","Gravel Road Builders Construction Services, LLC",Gravel Road Builders Construction Services,http://www.buildwithgravel.com/,"Construction company, Building restoration service, Contractor, Fence contractor, General contractor, Handyman/Handywoman/Handyperson, Sand & gravel supplier",Construction company,Construction company,+1 504-233-8139,landline,,,"2511 Flood St, New Orleans, LA 70117",Lower Ninth Ward,2511 Flood St,New Orleans,70117,Louisiana,Louisiana,United States of America,US,29.9761553,-90.01197669999999,8944464312bffff,America/Chicago,,False,5.0,12.0,https://search.google.com/local/reviews?placeid=ChIJIT-dswmoIIYRMMMu9t0lZho&q=*&authuser=0&hl=en&gl=US,,,0.0,0.0,0.0,0.0,12.0,35.0,https://lh3.googleusercontent.com/gps-cs-s/AG0ilSy7HiLbC8tHgmgIbakeL3mRoiNoUZhd0ZTO1R46jkbp3SP50yuSozR46SMMujahZLqvwg7cMQrIvyaZr8UdHi_qmM7s_6c93ZFJlYjoMhRztLnv4j_WXxKB9uNbPvFPoNKw8ZHg=w800-h500-k-no,https://lh3.googleusercontent.com/gps-cs-s/AG0ilSy7HiLbC8tHgmgIbakeL3mRoiNoUZhd0ZTO1R46jkbp3SP50yuSozR46SMMujahZLqvwg7cMQrIvyaZr8UdHi_qmM7s_6c93ZFJlYjoMhRztLnv4j_WXxKB9uNbPvFPoNKw8ZHg=w1600-h1000-k-no,,"{""Sunday"": ""Closed"", ""Monday"": ""9AM-5PM"", ""Tuesday"": ""9AM-5PM"", ""Wednesday"": ""9AM-5PM"", ""Thursday"": ""9AM-5PM"", ""Friday"": ""9AM-5PM"", ""Saturday"": ""Closed""}","Sunday,|Monday,9AM,5PM|Tuesday,9AM,5PM|Wednesday,9AM,5PM|Thursday,9AM,5PM|Friday,9AM,5PM|Saturday,",Sunday:Closed|Monday:9AM-5PM|Tuesday:9AM-5PM|Wednesday:9AM-5PM|Thursday:9AM-5PM|Friday:9AM-5PM|Saturday:Closed,,,OPERATIONAL,"{""From the business"": {""Identifies as Black-owned"": true}, ""Service options"": {""Onsite services"": true}, ""Other"": {""Identifies as Black-owned"": true}}",,,,https://lh5.googleusercontent.com/-yFavJ-aIHMA/AAAAAAAAAAI/AAAAAAAAAAA/8LNQy4FMauY/s44-p-k-no-ns-nd/photo.jpg,,,True,112219915236800962649,"Gravel Road Builders Construction Services, LLC",https://www.google.com/maps/contrib/112219915236800962649,,,,,"https://www.google.com/maps/place/Gravel+Road+Builders+Construction+Services%2C+LLC/@29.9761553,-90.01197669999999,14z/data=!4m8!1m2!2m1!1sGravel+Road+Builders+Construction+Services%2C+LLC!3m4!1s0x8620a809b39d3f21:0x1a6625ddf62ec330!8m2!3d29.9761553!4d-90.01197669999999","https://www.google.com/maps/place/Gravel+Road+Builders+Construction+Services%2C+LLC/@29.9761553,-90.01197669999999,13.99z/data=!4m16!1m7!3m6!1s0x8620a809b39d3f21:0x1a6625ddf62ec330!2sGravel+Road+Builders+Construction+Services%2C+LLC!8m2!3d29.9761553!4d-90.01197669999999!16s%2Fg%2F11ckvg1dmb!3m7!1s0x8620a809b39d3f21:0x1a6625ddf62ec330!8m2!3d29.9761553!4d-90.01197669999999!9m1!1b1!16s%2Fg%2F11ckvg1dmb?entry=ttu",ChIJIT-dswmoIIYRMMMu9t0lZho,0x8620a809b39d3f21:0x1a6625ddf62ec330,1902249527858873136,/g/11hblgmvw_,1902249527858873136,,buildwithgravel@gmail.com,RECEIVING,SMTP validated,,,,,,,,,,,,,,,,,,,,,,15042338139,landline,,,,,,,,,,,https://www.facebook.com/BuildWithGravel/,https://www.instagram.com/buildwithgravel,https://www.linkedin.com/company/11303852/,,,,,,,,https://twitter.com/Buildwithgrav1,,,,,"Project Management - WELCOME TO GRAVEL ROAD BUILDERS AND CONSTRUCTION SERVICES, LLC",WordPress 6.8.3,,,False,False
"custom home builder, 70187, New Orleans, LA, US",Custom Interior Exterior Design,Custom Interior Exterior Design,,"Construction company, Deck builder, Service establishment, General contractor",Construction company,Construction company,+1 504-710-6609,mobile,,,,,,,,,,,,29.946121599999998,-89.963906,894446432d3ffff,America/Chicago,,True,,,,,,,,,,,5.0,https://lh3.googleusercontent.com/p/AF1QipNgZ0jpSba2fdnXGAcsbNvHHC6qxE-02ad5CYer=w800-h500-k-no,https://lh3.googleusercontent.com/p/AF1QipNgZ0jpSba2fdnXGAcsbNvHHC6qxE-02ad5CYer=w1600-h1000-k-no,,"{""Sunday"": ""Closed"", ""Monday"": ""8AM-6PM"", ""Tuesday"": ""8AM-6PM"", ""Wednesday"": ""8AM-6PM"", ""Thursday"": ""8AM-6PM"", ""Friday"": ""8AM-6PM"", ""Saturday"": ""Closed""}","Sunday,|Monday,8AM,6PM|Tuesday,8AM,6PM|Wednesday,8AM,6PM|Thursday,8AM,6PM|Friday,8AM,6PM|Saturday,",Sunday:Closed|Monday:8AM-6PM|Tuesday:8AM-6PM|Wednesday:8AM-6PM|Thursday:8AM-6PM|Friday:8AM-6PM|Saturday:Closed,,,OPERATIONAL,{},,,,https://lh3.googleusercontent.com/-8Ap9W4o0iKI/AAAAAAAAAAI/AAAAAAAAAAA/fk2Ldj3ZClw/s44-p-k-no-ns-nd/photo.jpg,,,True,105275913494790191513,Custom Interior Exterior Design,https://www.google.com/maps/contrib/105275913494790191513,,,,,"https://www.google.com/maps/place/Custom+Interior+Exterior+Design/@29.946121599999998,-89.963906,14z/data=!4m8!1m2!2m1!1sCustom+Interior+Exterior+Design!3m4!1s0x889e1d3c0bdf84d9:0x37679978f154229!8m2!3d29.946121599999998!4d-89.963906","https://www.google.com/maps/place/Custom+Interior+Exterior+Design/@29.946121599999998,-89.963906,13.99z/data=!4m16!1m7!3m6!1s0x889e1d3c0bdf84d9:0x37679978f154229!2sCustom+Interior+Exterior+Design!8m2!3d29.946121599999998!4d-89.963906!16s%2Fg%2F11ckvg1dmb!3m7!1s0x889e1d3c0bdf84d9:0x37679978f154229!8m2!3d29.946121599999998!4d-89.963906!9m1!1b1!16s%2Fg%2F11ckvg1dmb?entry=ttu",ChIJ2YTfCzwdnogRKUIVj5d5dgM,0x889e1d3c0bdf84d9:0x37679978f154229,249520521213198889,/g/11bwwqgx8p,None,,,,,,,,,,,,,,,,,,,,,,,,,,,,,,,,,,,,,,,,,,,,,,,,,,,,,,,,,,
"custom home builder, 70187, New Orleans, LA, US",HiQuality Home Improvements,Hiquality Home Improvements,https://www.hiqualityhomeimprovement.com/,"General contractor, Service establishment",General contractor,General contractor,+1 504-441-2969,landline,,,,,,,,,,,,30.0326605,-89.88256349999999,8944464a367ffff,America/Chicago,,True,5.0,2.0,https://search.google.com/local/reviews?placeid=ChIJ38z3_IIWZqcRsilo7et7wUY&q=*&authuser=0&hl=en&gl=US,,,0.0,0.0,0.0,0.0,2.0,13.0,https://lh3.googleusercontent.com/p/AF1QipND7S4sWY9-0HfId4rknDjRxLbTqJ9YpZkOkuxc=w800-h500-k-no,https://lh3.googleusercontent.com/p/AF1QipND7S4sWY9-0HfId4rknDjRxLbTqJ9YpZkOkuxc=w1600-h1000-k-no,,"{""Sunday"": ""Closed"", ""Monday"": ""7AM-5PM"", ""Tuesday"": ""7AM-5PM"", ""Wednesday"": ""7AM-5PM"", ""Thursday"": ""7AM-5PM"", ""Friday"": ""7AM-5PM"", ""Saturday"": ""Closed""}","Sunday,|Monday,7AM,5PM|Tuesday,7AM,5PM|Wednesday,7AM,5PM|Thursday,7AM,5PM|Friday,7AM,5PM|Saturday,",Sunday:Closed|Monday:7AM-5PM|Tuesday:7AM-5PM|Wednesday:7AM-5PM|Thursday:7AM-5PM|Friday:7AM-5PM|Saturday:Closed,,,OPERATIONAL,{},,,,https://lh5.googleusercontent.com/-MUHsRolyPtc/AAAAAAAAAAI/AAAAAAAAAAA/ZSLN79hVbh0/s44-p-k-no-ns-nd/photo.jpg,,,True,117969391420022801752,HiQuality Home Improvements,https://www.google.com/maps/contrib/117969391420022801752,,,,,"https://www.google.com/maps/place/HiQuality+Home+Improvements/@30.0326605,-89.88256349999999,14z/data=!4m8!1m2!2m1!1sHiQuality+Home+Improvements!3m4!1s0xa7661682fcf7ccdf:0x46c17bebed6829b2!8m2!3d30.0326605!4d-89.88256349999999","https://www.google.com/maps/place/HiQuality+Home+Improvements/@30.0326605,-89.88256349999999,13.99z/data=!4m16!1m7!3m6!1s0xa7661682fcf7ccdf:0x46c17bebed6829b2!2sHiQuality+Home+Improvements!8m2!3d30.0326605!4d-89.88256349999999!16s%2Fg%2F11ckvg1dmb!3m7!1s0xa7661682fcf7ccdf:0x46c17bebed6829b2!8m2!3d30.0326605!4d-89.88256349999999!9m1!1b1!16s%2Fg%2F11ckvg1dmb?entry=ttu",ChIJ38z3_IIWZqcRsilo7et7wUY,0xa7661682fcf7ccdf:0x46c17bebed6829b2,5098492506390669746,/g/11vr485gms,5098492506390669746,,contracts@hqhome.info,RECEIVING,SMTP validated,,,,,,,,,,,,,,,,,,,,,,15044412969,landline,,,,,,,,,,,https://www.facebook.com/people/,,,,,,,,,,,,,,,Contact Us — HiQuality Home Improvement,,"HiQuality Home Improvement offers a wide range of general contractor 
services to New Orleans homeowners looking to renovate or update their 
living spaces. Contact us today.",,False,False
"custom home builder, 70187, New Orleans, LA, US",M E C Construction LLC of New Orleans,M E C Construction Llc Of New Orleans,https://concretecontractorneworleansla.com/,"Concrete contractor, Service establishment",Concrete contractor,Concrete contractor,+1 985-332-8725,landline,,,,,,,,,,,,30.032089499999998,-89.90136299999999,8944464aec7ffff,America/Chicago,,True,,,,,,,,,,,5.0,https://lh3.googleusercontent.com/p/AF1QipNcGmqfzRtqZOLCTinbSvxtU651xzFVjlD37nwG=w800-h500-k-no,https://lh3.googleusercontent.com/p/AF1QipNcGmqfzRtqZOLCTinbSvxtU651xzFVjlD37nwG=w1600-h1000-k-no,,"{""Sunday"": ""Open 24 hours"", ""Monday"": ""Open 24 hours"", ""Tuesday"": ""Open 24 hours"", ""Wednesday"": ""Open 24 hours"", ""Thursday"": ""Open 24 hours"", ""Friday"": ""Open 24 hours"", ""Saturday"": ""Open 24 hours""}","Sunday,Open 24 hours|Monday,Open 24 hours|Tuesday,Open 24 hours|Wednesday,Open 24 hours|Thursday,Open 24 hours|Friday,Open 24 hours|Saturday,Open 24 hours",Sunday:Open 24 hours|Monday:Open 24 hours|Tuesday:Open 24 hours|Wednesday:Open 24 hours|Thursday:Open 24 hours|Friday:Open 24 hours|Saturday:Open 24 hours,,,OPERATIONAL,{},,,,https://lh6.googleusercontent.com/-oObrGnyMh68/AAAAAAAAAAI/AAAAAAAAAAA/edrfQ_4I1fY/s44-p-k-no-ns-nd/photo.jpg,,,True,101780544931277833827,M E C Construction LLC of New Orleans,https://www.google.com/maps/contrib/101780544931277833827,,,,,"https://www.google.com/maps/place/M+E+C+Construction+LLC+of+New+Orleans/@30.032089499999998,-89.90136299999999,14z/data=!4m8!1m2!2m1!1sM+E+C+Construction+LLC+of+New+Orleans!3m4!1s0xa33a6a7225f9580d:0xcb76d5a7fdabc0bb!8m2!3d30.032089499999998!4d-89.90136299999999","https://www.google.com/maps/place/M+E+C+Construction+LLC+of+New+Orleans/@30.032089499999998,-89.90136299999999,13.99z/data=!4m16!1m7!3m6!1s0xa33a6a7225f9580d:0xcb76d5a7fdabc0bb!2sM+E+C+Construction+LLC+of+New+Orleans!8m2!3d30.032089499999998!4d-89.90136299999999!16s%2Fg%2F11ckvg1dmb!3m7!1s0xa33a6a7225f9580d:0xcb76d5a7fdabc0bb!8m2!3d30.032089499999998!4d-89.90136299999999!9m1!1b1!16s%2Fg%2F11ckvg1dmb?entry=ttu",ChIJDVj5JXJqOqMRu8Cr_afVdss,0xa33a6a7225f9580d:0xcb76d5a7fdabc0bb,14661140554443374779,/g/11stj9gdvk,None,,primahengkiki@gmail.com,RECEIVING,Verified,,,,,,,,,,,,,,,,,,,,,,5045045810,landline,,,5049096757,mobile,"NEW CINGULAR WIRELESS PCS, LLC - GA",,9853328725,landline,,,,,,,,,,,,,,,,,,X888 Apk - Instal Terbaru (24 Jam Nonstop) Stream 11.04,wordpress,Pelajari teknik-teknik lanjutan dan cara menguasai bonus Depo 25 To 5x melalui artikel ini. Artikel ini memberikan wawasan tentang cara terbaik untuk menang.,,False,False
"custom home builder, 70187, New Orleans, LA, US",MRT Construction,Mrt Construction,http://mrtconstructionla.com/,Construction company,Construction company,Construction company,+1 504-505-5088,mobile,T-Mobile USA Inc.,,"3609 Palmisano Blvd, Chalmette, LA 70043",None,3609 Palmisano Blvd,Chalmette,70043,Louisiana,Louisiana,United States of America,US,29.9487776,-89.94665859999999,89444658d77ffff,America/Chicago,,False,5.0,11.0,https://search.google.com/local/reviews?placeid=ChIJjYdbwQwdnogRtH86JIrA31g&q=*&authuser=0&hl=en&gl=US,,,0.0,0.0,0.0,0.0,11.0,34.0,https://lh3.googleusercontent.com/p/AF1QipPAos2oHgeSz-B2BLR4D78fPSNhLBq7GDpXgdwo=w800-h500-k-no,https://lh3.googleusercontent.com/p/AF1QipPAos2oHgeSz-B2BLR4D78fPSNhLBq7GDpXgdwo=w1600-h1000-k-no,,"{""Sunday"": ""Closed"", ""Monday"": ""8AM-5PM"", ""Tuesday"": ""8AM-5PM"", ""Wednesday"": ""8AM-5PM"", ""Thursday"": ""8AM-5PM"", ""Friday"": ""8AM-5PM"", ""Saturday"": ""Closed""}","Sunday,|Monday,8AM,5PM|Tuesday,8AM,5PM|Wednesday,8AM,5PM|Thursday,8AM,5PM|Friday,8AM,5PM|Saturday,",Sunday:Closed|Monday:8AM-5PM|Tuesday:8AM-5PM|Wednesday:8AM-5PM|Thursday:8AM-5PM|Friday:8AM-5PM|Saturday:Closed,,,OPERATIONAL,"{""Service options"": {""Onsite services"": true}, ""Accessibility"": {""Wheelchair accessible entrance"": true, ""Wheelchair accessible parking lot"": true}}",,,,https://lh4.googleusercontent.com/-Gz94EVfSuvA/AAAAAAAAAAI/AAAAAAAAAAA/MU4A743Hz1s/s44-p-k-no-ns-nd/photo.jpg,,,True,102794268813463268657,MRT Construction,https://www.google.com/maps/contrib/102794268813463268657,,,,,"https://www.google.com/maps/place/MRT+Construction/@29.9487776,-89.94665859999999,14z/data=!4m8!1m2!2m1!1sMRT+Construction!3m4!1s0x889e1d0cc15b878d:0x58dfc08a243a7fb4!8m2!3d29.9487776!4d-89.94665859999999","https://www.google.com/maps/place/MRT+Construction/@29.9487776,-89.94665859999999,13.99z/data=!4m16!1m7!3m6!1s0x889e1d0cc15b878d:0x58dfc08a243a7fb4!2sMRT+Construction!8m2!3d29.9487776!4d-89.94665859999999!16s%2Fg%2F11ckvg1dmb!3m7!1s0x889e1d0cc15b878d:0x58dfc08a243a7fb4!8m2!3d29.9487776!4d-89.94665859999999!9m1!1b1!16s%2Fg%2F11ckvg1dmb?entry=ttu",ChIJjYdbwQwdnogRtH86JIrA31g,0x889e1d0cc15b878d:0x58dfc08a243a7fb4,6404048894689968052,/g/11qmr4dfrv,6404048894689968052,,mrtconstructionla@gmail.com,RECEIVING,SMTP validated,,,,,,,,,,,,,,,,,,,,,,5045055088,mobile,T-Mobile USA Inc.,,,,,,,,,,https://www.facebook.com/MRTConstructionLA/,https://www.instagram.com/mrtconstruction,,,,,,,,,,,,,,MRT Construction - Residential and Commercial Construction - Louisiana's Professional Luxury Home Builder,,,,False,True
"custom home builder, 70190, New Orleans, LA, US",Crane Builders of New Orleans,Crane Builders Of New Orleans,http://cranebuildersno.com/,General contractor,General contractor,General contractor,+1 504-891-5461,fixed line,"LEVEL 3 COMMUNICATIONS, LLC - ",,"3970 Tchoupitoulas St, New Orleans, LA 70115",East Riverside,3970 Tchoupitoulas St,New Orleans,70115,Louisiana,Louisiana,United States of America,US,29.917358,-90.0959915,89444650b87ffff,America/Chicago,,False,4.5,4.0,https://search.google.com/local/reviews?placeid=ChIJe0b0i0ikIIYRyW1pfsP5-tc&q=*&authuser=0&hl=en&gl=US,,,0.0,0.0,1.0,0.0,3.0,1.0,https://streetviewpixels-pa.googleapis.com/v1/thumbnail?panoid=0nUyzpdHaKXfUpd6zLC69Q&cb_client=search.gws-prod.gps&w=800&h=500&yaw=191.15251&pitch=0&thumbfov=100,https://streetviewpixels-pa.googleapis.com/v1/thumbnail?panoid=0nUyzpdHaKXfUpd6zLC69Q&cb_client=search.gws-prod.gps&w=1600&h=1000&yaw=191.15251&pitch=0&thumbfov=100,,"{""Sunday"": ""Closed"", ""Monday"": ""8AM-4PM"", ""Tuesday"": ""8AM-4PM"", ""Wednesday"": ""8AM-4PM"", ""Thursday"": ""8AM-4PM"", ""Friday"": ""8AM-4PM"", ""Saturday"": ""8AM-5PM""}","Sunday,|Monday,8AM,4PM|Tuesday,8AM,4PM|Wednesday,8AM,4PM|Thursday,8AM,4PM|Friday,8AM,4PM|Saturday,8AM,5PM",Sunday:Closed|Monday:8AM-4PM|Tuesday:8AM-4PM|Wednesday:8AM-4PM|Thursday:8AM-4PM|Friday:8AM-4PM|Saturday:8AM-5PM,,,OPERATIONAL,{},,,,https://lh3.googleusercontent.com/-MWg9QrNlarc/AAAAAAAAAAI/AAAAAAAAAAA/TR27hE5lBA8/s44-p-k-no-ns-nd/photo.jpg,,,True,106726750836715157859,Crane Builders of New Orleans,https://www.google.com/maps/contrib/106726750836715157859,,,,,"https://www.google.com/maps/place/Crane+Builders+of+New+Orleans/@29.917358,-90.0959915,14z/data=!4m8!1m2!2m1!1sCrane+Builders+of+New+Orleans!3m4!1s0x8620a4488bf4467b:0xd7faf9c37e696dc9!8m2!3d29.917358!4d-90.0959915","https://www.google.com/maps/place/Crane+Builders+of+New+Orleans/@29.917358,-90.0959915,13.99z/data=!4m16!1m7!3m6!1s0x8620a4488bf4467b:0xd7faf9c37e696dc9!2sCrane+Builders+of+New+Orleans!8m2!3d29.917358!4d-90.0959915!16s%2Fg%2F11ckvg1dmb!3m7!1s0x8620a4488bf4467b:0xd7faf9c37e696dc9!8m2!3d29.917358!4d-90.0959915!9m1!1b1!16s%2Fg%2F11ckvg1dmb?entry=ttu",ChIJe0b0i0ikIIYRyW1pfsP5-tc,0x8620a4488bf4467b:0xd7faf9c37e696dc9,15563026080366947785,/g/1vd71pcm,-2883717993342603831,,james.crane@dc.gov,RECEIVING,Catch All,"Crane, James","Crane,",James,"Owner, President",,r.dupaquier@cranebuildersno.com,INVALID,Cannot validate,Rene Dupaquier,Rene,Dupaquier,,,cbno@cranebuildersno.com,RECEIVING,SMTP validated,,,,,,,,,,,,,,,,,,,,,,,,,,,,,,,,,Crane Builders Incorporated,,,,,
"custom home builder, 70190, New Orleans, LA, US",Big Easy Renovations,Big Easy Renovations,https://www.bigeasyrenovations.com/%3Futm_source%3DGBP%26utm_medium%3DGBPh%26utm_campaign%3DNOLA,Home builder,Home builder,Home builder,+1 504-470-0455,mobile,CELLCO PARTNERSHIP DBA VERIZON WIRELESS - LA,,"3436 Magazine St #120-D, New Orleans, LA 70115",Faubourg Delachaise,3436 Magazine St #120-D,New Orleans,70115,Louisiana,Louisiana,United States of America,US,29.922500399999997,-90.0898084,89444650b17ffff,America/Chicago,,False,4.8,24.0,https://search.google.com/local/reviews?placeid=ChIJgXxx9JylIIYRtHkyjc9MyfE&q=*&authuser=0&hl=en&gl=US,,,1.0,0.0,0.0,0.0,23.0,2.0,https://streetviewpixels-pa.googleapis.com/v1/thumbnail?panoid=8OKayCrAwXwqwEuUN5LO-g&cb_client=search.gws-prod.gps&w=800&h=500&yaw=160.13536&pitch=0&thumbfov=100,https://lh3.googleusercontent.com/p/AF1QipMNduMpPsqrfuafV20cEHI7HDytX6T2YzGGMGNe=w1600-h1000-k-no,,"{""Sunday"": ""Closed"", ""Monday"": ""8AM-5PM"", ""Tuesday"": ""8AM-5PM"", ""Wednesday"": ""8AM-5PM"", ""Thursday"": ""8AM-5PM"", ""Friday"": ""8AM-5PM"", ""Saturday"": ""Closed""}","Sunday,|Monday,8AM,5PM|Tuesday,8AM,5PM|Wednesday,8AM,5PM|Thursday,8AM,5PM|Friday,8AM,5PM|Saturday,",Sunday:Closed|Monday:8AM-5PM|Tuesday:8AM-5PM|Wednesday:8AM-5PM|Thursday:8AM-5PM|Friday:8AM-5PM|Saturday:Closed,,,OPERATIONAL,{},,,,https://lh6.googleusercontent.com/-q_JUX1yB2HE/AAAAAAAAAAI/AAAAAAAAAAA/sP8cyJmRsAs/s44-p-k-no-ns-nd/photo.jpg,,,True,114267298733904852718,Big Easy Renovations,https://www.google.com/maps/contrib/114267298733904852718,,,,,"https://www.google.com/maps/place/Big+Easy+Renovations/@29.922500399999997,-90.0898084,14z/data=!4m8!1m2!2m1!1sBig+Easy+Renovations!3m4!1s0x8620a59cf4717c81:0xf1c94ccf8d3279b4!8m2!3d29.922500399999997!4d-90.0898084","https://www.google.com/maps/place/Big+Easy+Renovations/@29.922500399999997,-90.0898084,13.99z/data=!4m16!1m7!3m6!1s0x8620a59cf4717c81:0xf1c94ccf8d3279b4!2sBig+Easy+Renovations!8m2!3d29.922500399999997!4d-90.0898084!16s%2Fg%2F11ckvg1dmb!3m7!1s0x8620a59cf4717c81:0xf1c94ccf8d3279b4!8m2!3d29.922500399999997!4d-90.0898084!9m1!1b1!16s%2Fg%2F11ckvg1dmb?entry=ttu",ChIJgXxx9JylIIYRtHkyjc9MyfE,0x8620a59cf4717c81:0xf1c94ccf8d3279b4,17422541087770311092,/g/11h91ksm0n,-1024202985939240524,,,,,,,,,,,,,,,,,,,,,,,,,,5044700455,mobile,CELLCO PARTNERSHIP DBA VERIZON WIRELESS - LA,,,,,,,,,,https://www.facebook.com/people/,https://www.instagram.com/renovationsbigeasy,https://www.linkedin.com/company/big-easy-renovations/,,,,,,,,https://twitter.com/BErenovations,,https://www.youtube.com/channel/UCf6tU0VdFw8SD6h6XFY86Og,,,Home Remodeling Services in New Orleans | Big Easy Renovations,WordPress 6.8.3,Are you considering remodeling your home in the New Orleans area? Big Easy Renovations offers professional home remodeling services that will exceed your expectations. Call us today for more information about our services!,,False,False
"custom home builder, 70190, New Orleans, LA, US",Small Buildings & Cottages,Small Buildings And Cottages,https://www.smallbuildcottage.com/,"Construction company, Building firm",Building firm,Construction company,+1 504-521-6997,fixed line,"BANDWIDTH.COM CLEC, LLC - LA",,"1121 Margaret Pl, New Orleans, LA 70130",Lower Garden District,1121 Margaret Pl,New Orleans,70130,Louisiana,Louisiana,United States of America,US,29.941022,-90.0723278,89444642553ffff,America/Chicago,,False,,,,,,,,,,,89.0,https://lh3.googleusercontent.com/p/AF1QipNMIy9y8NuG9ltJbf-bTUkXzAHDdr_pWRmyeYxK=w800-h500-k-no,https://lh3.googleusercontent.com/p/AF1QipNMIy9y8NuG9ltJbf-bTUkXzAHDdr_pWRmyeYxK=w1600-h1000-k-no,,"{""Sunday"": ""Closed"", ""Monday"": ""8AM-6PM"", ""Tuesday"": ""8AM-6PM"", ""Wednesday"": ""8AM-6PM"", ""Thursday"": ""8AM-6PM"", ""Friday"": ""8AM-6PM"", ""Saturday"": ""Closed""}","Sunday,|Monday,8AM,6PM|Tuesday,8AM,6PM|Wednesday,8AM,6PM|Thursday,8AM,6PM|Friday,8AM,6PM|Saturday,",Sunday:Closed|Monday:8AM-6PM|Tuesday:8AM-6PM|Wednesday:8AM-6PM|Thursday:8AM-6PM|Friday:8AM-6PM|Saturday:Closed,,,OPERATIONAL,{},,,,https://lh5.googleusercontent.com/-3Ds8Ohw1wr8/AAAAAAAAAAI/AAAAAAAAAAA/cI1FNuL7dqI/s44-p-k-no-ns-nd/photo.jpg,,,True,102750096172439116502,Small Buildings & Cottages,https://www.google.com/maps/contrib/102750096172439116502,,,,,"https://www.google.com/maps/place/Small+Buildings+%26+Cottages/@29.941022,-90.0723278,14z/data=!4m8!1m2!2m1!1sSmall+Buildings+%26+Cottages!3m4!1s0x8620a6770a709ff5:0xc7aa221c27c8464!8m2!3d29.941022!4d-90.0723278","https://www.google.com/maps/place/Small+Buildings+%26+Cottages/@29.941022,-90.0723278,13.99z/data=!4m16!1m7!3m6!1s0x8620a6770a709ff5:0xc7aa221c27c8464!2sSmall+Buildings+%26+Cottages!8m2!3d29.941022!4d-90.0723278!16s%2Fg%2F11ckvg1dmb!3m7!1s0x8620a6770a709ff5:0xc7aa221c27c8464!8m2!3d29.941022!4d-90.0723278!9m1!1b1!16s%2Fg%2F11ckvg1dmb?entry=ttu",ChIJ9Z9wCnemIIYRZIR8wiGiegw,0x8620a6770a709ff5:0xc7aa221c27c8464,899209341494396004,/g/11b826p9v5,None,,info@endirectusa.com,RECEIVING,Confirmed,,,,,,,,,,,,,,,,,,,,,,15045216997,fixed line,"BANDWIDTH.COM CLEC, LLC - LA",,,,,,,,,,https://www.facebook.com/smallbuildcottage/,https://www.instagram.com/smallbuildcottage&h=AT0tk2wcKyfRDW8w8VxFlRqbY8K6PbxiNp44hPFanGmHdVRlQkXtf1pf9Wrl3dBP5wDh_vxp6FGY9pTXIF4ekY1A8iecTcPUQ2qbqQJweEgaLtjXKCGVCTjAdyoQX3nbfFsnEGFzSG7k-g,,,,,,,,,,,,,,Small Buildings & Cottages,,Discover architectural small buildings and cottages for your property.,"Pool House, Mother-in-Law Apartment, Outdoor Entertainment Center, Airbnb Rental, Guest Bedroom. Artist Studio, Business Office, Barbecue Area, Pool House, Family Room, Greenhouse, Outside Addition, small buildings, cottages",False,False
"custom home builder, 70190, New Orleans, LA, US","Dixie Construction, LLC",Dixie Construction,http://www.dixieconstructionnola.com/,"Home builder, Contractor, Remodeler",Contractor,Home builder,+1 504-881-1850,mobile,CELLCO PARTNERSHIP DBA VERIZON WIRELESS - LA,,"5113 Magazine St, New Orleans, LA 70115",Uptown/Carrollton,5113 Magazine St,New Orleans,70115,Louisiana,Louisiana,United States of America,US,29.9204747,-90.1105223,8944465090fffff,America/Chicago,,False,5.0,16.0,https://search.google.com/local/reviews?placeid=ChIJfzGWLUEbnogR_iN-SOyE1HA&q=*&authuser=0&hl=en&gl=US,,,0.0,0.0,0.0,0.0,16.0,51.0,https://lh3.googleusercontent.com/p/AF1QipNW619HoH8EVlvhcMEwZ47V4PLWvl7cW8t847Nx=w800-h500-k-no,https://lh3.googleusercontent.com/p/AF1QipNW619HoH8EVlvhcMEwZ47V4PLWvl7cW8t847Nx=w1600-h1000-k-no,,"{""Sunday"": ""11AM-2PM"", ""Monday"": ""7AM-6PM"", ""Tuesday"": ""7AM-6PM"", ""Wednesday"": ""7AM-6PM"", ""Thursday"": ""7AM-6PM"", ""Friday"": ""7AM-6PM"", ""Saturday"": ""9AM-2PM""}","Sunday,11AM,2PM|Monday,7AM,6PM|Tuesday,7AM,6PM|Wednesday,7AM,6PM|Thursday,7AM,6PM|Friday,7AM,6PM|Saturday,9AM,2PM",Sunday:11AM-2PM|Monday:7AM-6PM|Tuesday:7AM-6PM|Wednesday:7AM-6PM|Thursday:7AM-6PM|Friday:7AM-6PM|Saturday:9AM-2PM,,,OPERATIONAL,{},,,,https://lh6.googleusercontent.com/-Wy57VUqHl8g/AAAAAAAAAAI/AAAAAAAAAAA/UyLtbS2pBLo/s44-p-k-no-ns-nd/photo.jpg,,,True,112991961271715813134,"Dixie Construction, LLC",https://www.google.com/maps/contrib/112991961271715813134,,,,,"https://www.google.com/maps/place/Dixie+Construction%2C+LLC/@29.9204747,-90.1105223,14z/data=!4m8!1m2!2m1!1sDixie+Construction%2C+LLC!3m4!1s0x889e1b412d96317f:0x70d484ec487e23fe!8m2!3d29.9204747!4d-90.1105223","https://www.google.com/maps/place/Dixie+Construction%2C+LLC/@29.9204747,-90.1105223,13.99z/data=!4m16!1m7!3m6!1s0x889e1b412d96317f:0x70d484ec487e23fe!2sDixie+Construction%2C+LLC!8m2!3d29.9204747!4d-90.1105223!16s%2Fg%2F11ckvg1dmb!3m7!1s0x889e1b412d96317f:0x70d484ec487e23fe!8m2!3d29.9204747!4d-90.1105223!9m1!1b1!16s%2Fg%2F11ckvg1dmb?entry=ttu",ChIJfzGWLUEbnogR_iN-SOyE1HA,0x889e1b412d96317f:0x70d484ec487e23fe,8130269377673962494,/g/11fkllt2r0,8130269377673962494,,dixieconstructionnola@gmail.com,RECEIVING,SMTP validated,,,,,,,,,,,,,,,,,,,,,,,,,,,,,,,,,,,,,,,,,,,,,,,,,Portfolio | Dixie Construction,Wix.com Website Builder,"Dixie Construction, LLC is your general contractor of fine homes and commercial projects in the greater New Orleans area. We take great pride in our projects and can't wait to show off yours on our growing portfolio page. Give us a call and tell us about your project!",,False,False
"custom home builder, 70190, New Orleans, LA, US",Inhab,Inhab,https://www.inhabgroup.com/,Real estate developer,Real estate developer,Real estate developer,+1 504-232-1934,mobile,CELLCO PARTNERSHIP DBA VERIZON WIRELESS - LA,,"1229 St Thomas St Suite A, New Orleans, LA 70130",Lower Garden District,1229 St Thomas St Suite A,New Orleans,70130,Louisiana,Louisiana,United States of America,US,29.9381816,-90.06821719999999,89444642423ffff,America/Chicago,,False,5.0,7.0,https://search.google.com/local/reviews?placeid=ChIJUWlq-3inIIYRBTXAeIoj3QM&q=*&authuser=0&hl=en&gl=US,,,0.0,0.0,0.0,0.0,7.0,30.0,https://lh3.googleusercontent.com/p/AF1QipPu4QEof4Adv5RfGWJBPL7AQspYiVrfLkklPVer=w800-h500-k-no,https://lh3.googleusercontent.com/p/AF1QipPu4QEof4Adv5RfGWJBPL7AQspYiVrfLkklPVer=w1600-h1000-k-no,,,,,,,OPERATIONAL,"{""Service options"": {""Onsite services"": true}}",,,,https://lh5.googleusercontent.com/-80DAq4rzI0k/AAAAAAAAAAI/AAAAAAAAAAA/Unb6KqDB9uI/s44-p-k-no-ns-nd/photo.jpg,,,True,103486023922881399600,Inhab,https://www.google.com/maps/contrib/103486023922881399600,,,,,"https://www.google.com/maps/place/Inhab/@29.9381816,-90.06821719999999,14z/data=!4m8!1m2!2m1!1sInhab!3m4!1s0x8620a778fb6a6951:0x3dd238a78c03505!8m2!3d29.9381816!4d-90.06821719999999","https://www.google.com/maps/place/Inhab/@29.9381816,-90.06821719999999,13.99z/data=!4m16!1m7!3m6!1s0x8620a778fb6a6951:0x3dd238a78c03505!2sInhab!8m2!3d29.9381816!4d-90.06821719999999!16s%2Fg%2F11ckvg1dmb!3m7!1s0x8620a778fb6a6951:0x3dd238a78c03505!8m2!3d29.9381816!4d-90.06821719999999!9m1!1b1!16s%2Fg%2F11ckvg1dmb?entry=ttu",ChIJUWlq-3inIIYRBTXAeIoj3QM,0x8620a778fb6a6951:0x3dd238a78c03505,278417829605160197,/g/11g6w52t98,278417829605160197,,mike@inhabgroup.com,RECEIVING,SMTP validated,Mike Bertel,Mike,Bertel,,15049082750,emery@inhabgroup.com,RECEIVING,SMTP validated,Emery Finegan,Emery,Finegan,Assistant Business And Marketing Director,,jamie@inhabgroup.com,INVALID,Cannot validate,Jamie Solock,Jamie,Solock,,,5042321934,mobile,CELLCO PARTNERSHIP DBA VERIZON WIRELESS - LA,,15049082750,mobile,"NEW CINGULAR WIRELESS PCS, LLC - GA",,,,,,https://www.facebook.com/Inhab/,https://www.instagram.com/inhabgroup,https://www.linkedin.com/company/inhab,,,,,,,,,,,,,Design + Build & Custom Millworks|Inhab Group,Webflow,"Historic restoration and renovation design + build firm and custom millworks offering new construction, restoration, renovation, & fabrication in New Orleans.",,,
"custom home builder, 70190, New Orleans, LA, US",Gulf States Construction,Gulf States Construction,http://www.gscla.com/contact/,Construction company,Construction company,Construction company,+1 504-881-1910,mobile,CELLCO PARTNERSHIP DBA VERIZON WIRELESS - LA,,"1929 Sophie Wright Pl, New Orleans, LA 70130",Lower Garden District,1929 Sophie Wright Pl,New Orleans,70130,Louisiana,Louisiana,United States of America,US,29.931476399999998,-90.0746671,894446424a7ffff,America/Chicago,,False,5.0,1.0,https://search.google.com/local/reviews?placeid=ChIJAQAw_zCkIIYRhw05ZhsGqIc&q=*&authuser=0&hl=en&gl=US,,,0.0,0.0,0.0,0.0,1.0,1.0,https://streetviewpixels-pa.googleapis.com/v1/thumbnail?panoid=ZLz3IkGZcsrSjn_kiua3zQ&cb_client=search.gws-prod.gps&w=800&h=500&yaw=268.62744&pitch=0&thumbfov=100,https://streetviewpixels-pa.googleapis.com/v1/thumbnail?panoid=ZLz3IkGZcsrSjn_kiua3zQ&cb_client=search.gws-prod.gps&w=1600&h=1000&yaw=268.62744&pitch=0&thumbfov=100,,"{""Sunday"": ""Closed"", ""Monday"": ""7AM-4PM"", ""Tuesday"": ""7AM-4PM"", ""Wednesday"": ""7AM-4PM"", ""Thursday"": ""7AM-4PM"", ""Friday"": ""7AM-4PM"", ""Saturday"": ""Closed""}","Sunday,|Monday,7AM,4PM|Tuesday,7AM,4PM|Wednesday,7AM,4PM|Thursday,7AM,4PM|Friday,7AM,4PM|Saturday,",Sunday:Closed|Monday:7AM-4PM|Tuesday:7AM-4PM|Wednesday:7AM-4PM|Thursday:7AM-4PM|Friday:7AM-4PM|Saturday:Closed,,,OPERATIONAL,"{""Service options"": {""Online estimates"": true, ""Onsite services"": true}, ""Accessibility"": {""Wheelchair accessible parking lot"": true}}",,,,https://lh3.googleusercontent.com/-Ol1Yie0N7u4/AAAAAAAAAAI/AAAAAAAAAAA/pwzhHFlc3Ls/s44-p-k-no-ns-nd/photo.jpg,,,True,100937502940101195660,Gulf States Construction,https://www.google.com/maps/contrib/100937502940101195660,,,,,"https://www.google.com/maps/place/Gulf+States+Construction/@29.931476399999998,-90.0746671,14z/data=!4m8!1m2!2m1!1sGulf+States+Construction!3m4!1s0x8620a430ff300001:0x87a8061b66390d87!8m2!3d29.931476399999998!4d-90.0746671","https://www.google.com/maps/place/Gulf+States+Construction/@29.931476399999998,-90.0746671,13.99z/data=!4m16!1m7!3m6!1s0x8620a430ff300001:0x87a8061b66390d87!2sGulf+States+Construction!8m2!3d29.931476399999998!4d-90.0746671!16s%2Fg%2F11ckvg1dmb!3m7!1s0x8620a430ff300001:0x87a8061b66390d87!8m2!3d29.931476399999998!4d-90.0746671!9m1!1b1!16s%2Fg%2F11ckvg1dmb?entry=ttu",ChIJAQAw_zCkIIYRhw05ZhsGqIc,0x8620a430ff300001:0x87a8061b66390d87,9775069705956560263,/g/11f63x_fwq,-8671674367752991353,,gulfstatesoffice@gmail.com,RECEIVING,SMTP validated,,,,,,,,,,,,,,,,,,,,,,,,,,,,,,,,,,,http://instagram.com/gulfstatesconstruction,,,,,,,,,,,,,,Gulf States Construction,,New Orleans Baton Rouge custom home builder.,,False,False
"custom home builder, 70112, New Orleans, LA, US",US Custom House,Us Custom House,,"Historical landmark, Tourist attraction",attractions,Historical landmark,+1 504-670-2404,landline,,,"423 Canal St, New Orleans, LA 70130",Central Business District,423 Canal St,New Orleans,70130,Louisiana,Louisiana,United States of America,US,29.951803199999997,-90.0665003,894446420bbffff,America/Chicago,,False,4.6,331.0,https://search.google.com/local/reviews?placeid=ChIJT6BqUg2mIIYRs61P5PIOGFs&q=*&authuser=0&hl=en&gl=US,,,7.0,4.0,21.0,61.0,238.0,1673.0,https://lh3.googleusercontent.com/gps-cs-s/AG0ilSyBz9d37KvTnuaI_zvXK6_MJNYjYmwy3OYiZN7wy8x_pFcRBVMZq18OonDveSQWo6Y1p56mNI-8wb8Ggx2f1vUmGWDtUhkdlBpXQ9tyO0AwHeWC8vfS2A9QhCcOVqjnq8q-ZtlUxQ=w800-h500-k-no,https://lh3.googleusercontent.com/gps-cs-s/AG0ilSyBz9d37KvTnuaI_zvXK6_MJNYjYmwy3OYiZN7wy8x_pFcRBVMZq18OonDveSQWo6Y1p56mNI-8wb8Ggx2f1vUmGWDtUhkdlBpXQ9tyO0AwHeWC8vfS2A9QhCcOVqjnq8q-ZtlUxQ=w1600-h1000-k-no,,,,,,,OPERATIONAL,"{""Accessibility"": {""Wheelchair accessible entrance"": true}}",,,,,,,False,None,US Custom House,,,,,,"https://www.google.com/maps/place/US+Custom+House/@29.951803199999997,-90.0665003,14z/data=!4m8!1m2!2m1!1sUS+Custom+House!3m4!1s0x8620a60d526aa04f:0x5b180ef2e44fadb3!8m2!3d29.951803199999997!4d-90.0665003","https://www.google.com/maps/place/US+Custom+House/@29.951803199999997,-90.0665003,13.99z/data=!4m16!1m7!3m6!1s0x8620a60d526aa04f:0x5b180ef2e44fadb3!2sUS+Custom+House!8m2!3d29.951803199999997!4d-90.0665003!16s%2Fg%2F11ckvg1dmb!3m7!1s0x8620a60d526aa04f:0x5b180ef2e44fadb3!8m2!3d29.951803199999997!4d-90.0665003!9m1!1b1!16s%2Fg%2F11ckvg1dmb?entry=ttu",ChIJT6BqUg2mIIYRs61P5PIOGFs,0x8620a60d526aa04f:0x5b180ef2e44fadb3,6564012893267799475,/m/03md9hz,6564012893267799475,,,,,,,,,,,,,,,,,,,,,,,,,,,,,,,,,,,,,,,,,,,,,,,,,,,,,,,,,,
"custom home builder, 70112, New Orleans, LA, US",Carimi Construction and Development LLC,Carimi Construction And Development,http://www.carimiconstruction.com/,"General contractor, Building restoration service, Demolition contractor",General contractor,General contractor,+1 504-524-5990,fixed line,"COMCAST PHONE OF LOUISIANA, LL",,"530 S Norman C. Francis Pkwy Suite 101, New Orleans, LA 70119",Mid-City,530 S Norman C. Francis Pkwy Suite 101,New Orleans,70119,Louisiana,Louisiana,United States of America,US,29.965674,-90.0971386,89444655273ffff,America/Chicago,,False,4.0,12.0,https://search.google.com/local/reviews?placeid=ChIJrc1XMXGmIIYRosb3VOFdKKk&q=*&authuser=0&hl=en&gl=US,,,3.0,0.0,0.0,0.0,9.0,22.0,https://lh3.googleusercontent.com/p/AF1QipPG95MIC50nMgrStVPoduKzwa3UhYBCNPJ2WrM-=w800-h500-k-no,https://lh3.googleusercontent.com/p/AF1QipPG95MIC50nMgrStVPoduKzwa3UhYBCNPJ2WrM-=w1600-h1000-k-no,,"{""Sunday"": ""Closed"", ""Monday"": ""7AM-5PM"", ""Tuesday"": ""7AM-5PM"", ""Wednesday"": ""7AM-5PM"", ""Thursday"": ""7AM-5PM"", ""Friday"": ""7AM-5PM"", ""Saturday"": ""7AM-5PM""}","Sunday,|Monday,7AM,5PM|Tuesday,7AM,5PM|Wednesday,7AM,5PM|Thursday,7AM,5PM|Friday,7AM,5PM|Saturday,7AM,5PM",Sunday:Closed|Monday:7AM-5PM|Tuesday:7AM-5PM|Wednesday:7AM-5PM|Thursday:7AM-5PM|Friday:7AM-5PM|Saturday:7AM-5PM,,,OPERATIONAL,{},,,,https://lh3.googleusercontent.com/-wMp7XF_SpAY/AAAAAAAAAAI/AAAAAAAAAAA/d5WNjzVKQjQ/s44-p-k-no-ns-nd/photo.jpg,,,True,107500186970956578388,Carimi Construction and Development LLC,https://www.google.com/maps/contrib/107500186970956578388,,,,,"https://www.google.com/maps/place/Carimi+Construction+and+Development+LLC/@29.965674,-90.0971386,14z/data=!4m8!1m2!2m1!1sCarimi+Construction+and+Development+LLC!3m4!1s0x8620a6713157cdad:0xa9285de154f7c6a2!8m2!3d29.965674!4d-90.0971386","https://www.google.com/maps/place/Carimi+Construction+and+Development+LLC/@29.965674,-90.0971386,13.99z/data=!4m16!1m7!3m6!1s0x8620a6713157cdad:0xa9285de154f7c6a2!2sCarimi+Construction+and+Development+LLC!8m2!3d29.965674!4d-90.0971386!16s%2Fg%2F11ckvg1dmb!3m7!1s0x8620a6713157cdad:0xa9285de154f7c6a2!8m2!3d29.965674!4d-90.0971386!9m1!1b1!16s%2Fg%2F11ckvg1dmb?entry=ttu",ChIJrc1XMXGmIIYRosb3VOFdKKk,0x8620a6713157cdad:0xa9285de154f7c6a2,12189095613852796578,/g/1ptxgl_gj,-6257648459856755038,,fritz@carimiconstruction.com,RECEIVING,SMTP validated,Fritz Hyacinthe,Fritz,Hyacinthe,Principal,,t.taylor@carimiconstruction.com,RECEIVING,SMTP validated,Teri Taylor,Teri,Taylor,,,chad@eatfatboyspizza.com,RECEIVING,SMTP validated,Chad Collura,Chad,Collura,Director Of Operations,,18502212524,mobile,"ELISKA WIRELESS VENTURES SUBSIDIARY I, LLC",,,,,,,,,,,,https://www.linkedin.com/company/carimi-construction-&-development-llc,,,,,,,,,,,,,,,,,,
"custom home builder, 70112, New Orleans, LA, US",Cordova Modern Construction LLC,Cordova Modern Construction,http://cordovamodernconstruction.com/,"Construction company, Service establishment",Construction company,Construction company,+1 504-460-5434,mobile,"NEW CINGULAR WIRELESS PCS, LLC - GA",,,,,,,,,,,30.937373599999997,-91.40087,8944400c20fffff,America/Chicago,,True,5.0,11.0,https://search.google.com/local/reviews?placeid=ChIJS7lA4w2jWwgRK7GF3O9mFv8&q=*&authuser=0&hl=en&gl=US,,,0.0,0.0,0.0,0.0,11.0,2.0,https://lh3.googleusercontent.com/p/AF1QipOLX61q488q5my9bY2ov1uMnHtMnuRHMftxzBif=w800-h500-k-no,https://lh3.googleusercontent.com/p/AF1QipOLX61q488q5my9bY2ov1uMnHtMnuRHMftxzBif=w1600-h1000-k-no,,"{""Sunday"": ""Closed"", ""Monday"": ""8AM-5PM"", ""Tuesday"": ""8AM-5PM"", ""Wednesday"": ""8AM-5PM"", ""Thursday"": ""8AM-5PM"", ""Friday"": ""8AM-5PM"", ""Saturday"": ""8AM-5PM""}","Sunday,|Monday,8AM,5PM|Tuesday,8AM,5PM|Wednesday,8AM,5PM|Thursday,8AM,5PM|Friday,8AM,5PM|Saturday,8AM,5PM",Sunday:Closed|Monday:8AM-5PM|Tuesday:8AM-5PM|Wednesday:8AM-5PM|Thursday:8AM-5PM|Friday:8AM-5PM|Saturday:8AM-5PM,,,OPERATIONAL,"{""From the business"": {""Identifies as Latino-owned"": true}, ""Service options"": {""Language assistance"": ""English, Spanish""}, ""Other"": {""Identifies as Latino-owned"": true}}",,,,https://lh6.googleusercontent.com/-9_6eZy2LsxU/AAAAAAAAAAI/AAAAAAAAAAA/kMZ3uytGLGY/s44-p-k-no-ns-nd/photo.jpg,,,True,100605800584828541896,Cordova Modern Construction LLC,https://www.google.com/maps/contrib/100605800584828541896,,https://app.squareup.com/appointments/book/ot0ckrih3fylc0/L8G9P9CENTR6T/start,,https://app.squareup.com/appointments/book/ot0ckrih3fylc0/L8G9P9CENTR6T/start,"https://www.google.com/maps/place/Cordova+Modern+Construction+LLC/@30.937373599999997,-91.40087,14z/data=!4m8!1m2!2m1!1sCordova+Modern+Construction+LLC!3m4!1s0x85ba30de340b94b:0xff1666efdc85b12b!8m2!3d30.937373599999997!4d-91.40087","https://www.google.com/maps/place/Cordova+Modern+Construction+LLC/@30.937373599999997,-91.40087,13.99z/data=!4m16!1m7!3m6!1s0x85ba30de340b94b:0xff1666efdc85b12b!2sCordova+Modern+Construction+LLC!8m2!3d30.937373599999997!4d-91.40087!16s%2Fg%2F11ckvg1dmb!3m7!1s0x85ba30de340b94b:0xff1666efdc85b12b!8m2!3d30.937373599999997!4d-91.40087!9m1!1b1!16s%2Fg%2F11ckvg1dmb?entry=ttu",ChIJS7lA4w2jWwgRK7GF3O9mFv8,0x85ba30de340b94b:0xff1666efdc85b12b,18380992109542224171,/g/11pvdhyrtm,-65751964167327445,,eben@eyebytes.com,RECEIVING,Verified,,,,,,cordovamc.llc@gmail.com,RECEIVING,Verified,,,,,,info@ndiscovered.com,INVALID,Invalid DNS,,,,,,15044605434,mobile,"NEW CINGULAR WIRELESS PCS, LLC - GA",,5044605434,mobile,"NEW CINGULAR WIRELESS PCS, LLC - GA",,5049197834,mobile,"NEW CINGULAR WIRELESS PCS, LLC - GA",,https://www.facebook.com/104260822186691,https://www.instagram.com/cordovamcllc,,,,,,,,,,,,https://github.com/FAlthausen/,,Contact | Cordova Modern Construction LLC,Starfield Technologies; Go Daddy Website Builder 8.0.0000,Cordova Modern Construction LLC is a leading construction company specializing in residential construction and general contracting services.,,False,False
"custom home builder, 70114, New Orleans, LA, US",Nsight Kitchen & Bath Design,Nsight Kitchen And Bath Design,http://www.nsightdesignsnola.com/,"Kitchen remodeler, Bathroom remodeler, Interior designer",Kitchen remodeler,Kitchen remodeler,+1 504-618-3638,mobile,"NEW CINGULAR WIRELESS PCS, LLC",,"2901 General De Gaulle Dr #102, New Orleans, LA 70131",Algiers,2901 General De Gaulle Dr #102,New Orleans,70131,Louisiana,Louisiana,United States of America,US,29.927569199999997,-90.0289962,89444651b37ffff,America/Chicago,,False,5.0,2.0,https://search.google.com/local/reviews?placeid=ChIJk3-fHPOhIIYRAeHF2eCcx9s&q=*&authuser=0&hl=en&gl=US,,,0.0,0.0,0.0,0.0,2.0,24.0,https://lh3.googleusercontent.com/p/AF1QipN8gWhBTmV9dLB9nCVJfZRLUrWvXZHcOXf13O9t=w800-h500-k-no,https://lh3.googleusercontent.com/p/AF1QipN8gWhBTmV9dLB9nCVJfZRLUrWvXZHcOXf13O9t=w1600-h1000-k-no,,"{""Sunday"": ""Closed"", ""Monday"": ""8AM-6PM"", ""Tuesday"": ""8AM-6PM"", ""Wednesday"": ""8AM-6PM"", ""Thursday"": ""8AM-6PM"", ""Friday"": ""8AM-6PM"", ""Saturday"": ""10AM-4PM""}","Sunday,|Monday,8AM,6PM|Tuesday,8AM,6PM|Wednesday,8AM,6PM|Thursday,8AM,6PM|Friday,8AM,6PM|Saturday,10AM,4PM",Sunday:Closed|Monday:8AM-6PM|Tuesday:8AM-6PM|Wednesday:8AM-6PM|Thursday:8AM-6PM|Friday:8AM-6PM|Saturday:10AM-4PM,,,OPERATIONAL,"{""From the business"": {""Identifies as Black-owned"": true, ""Identifies as disabled-owned"": true, ""Identifies as women-owned"": true}, ""Service options"": {""Online estimates"": true, ""Delivery"": true}, ""Payments"": {""Credit cards"": true, ""Debit cards"": true}, ""Other"": {""Identifies as Black-owned"": true, ""Identifies as women-owned"": true, ""Identifies as disabled-owned"": true}}",,,,https://lh6.googleusercontent.com/-OsRfcXlWaKQ/AAAAAAAAAAI/AAAAAAAAAAA/m7nMdMkUjsk/s44-p-k-no-ns-nd/photo.jpg,,,True,118379683599323969451,Nsight Kitchen & Bath Design,https://www.google.com/maps/contrib/118379683599323969451,,,,,"https://www.google.com/maps/place/Nsight+Kitchen+%26+Bath+Design/@29.927569199999997,-90.0289962,14z/data=!4m8!1m2!2m1!1sNsight+Kitchen+%26+Bath+Design!3m4!1s0x8620a1f31c9f7f93:0xdbc79ce0d9c5e101!8m2!3d29.927569199999997!4d-90.0289962","https://www.google.com/maps/place/Nsight+Kitchen+%26+Bath+Design/@29.927569199999997,-90.0289962,13.99z/data=!4m16!1m7!3m6!1s0x8620a1f31c9f7f93:0xdbc79ce0d9c5e101!2sNsight+Kitchen+%26+Bath+Design!8m2!3d29.927569199999997!4d-90.0289962!16s%2Fg%2F11ckvg1dmb!3m7!1s0x8620a1f31c9f7f93:0xdbc79ce0d9c5e101!8m2!3d29.927569199999997!4d-90.0289962!9m1!1b1!16s%2Fg%2F11ckvg1dmb?entry=ttu",ChIJk3-fHPOhIIYRAeHF2eCcx9s,0x8620a1f31c9f7f93:0xdbc79ce0d9c5e101,15836799104211869953,/g/11hkncc794,-2609944969497681663,,nsightknb@gmail.com,RECEIVING,SMTP validated,,,,,,,,,,,,,,,,,,,,,,5046183638,mobile,"NEW CINGULAR WIRELESS PCS, LLC",,,,,,,,,,,https://www.instagram.com/nsightknb,,https://www.tiktok.com/@nsightdesignsnola,,,,,,,,,,,,Design Process,,"I am a Certified Kitchen and Bath designer with a Specialty in Remodel and Renovation.  I started NSIGHT Kitchen and Bath because I am passionate about design and construction. My services are from concept to completion.  I am dedicated to giving my clients the function they need, in the style that they want within the budget that they can afford.",,False,False
"custom home builder, 70114, New Orleans, LA, US",Allen Paint & Construction LLC,Allen Paint And Construction,,"General contractor, Service establishment",General contractor,General contractor,+1 504-214-6674,mobile,"NEW CINGULAR WIRELESS PCS, LLC - GA",,,,,,,,,,,30.0326605,-89.88256349999999,8944464a367ffff,America/Chicago,,True,5.0,1.0,https://search.google.com/local/reviews?placeid=ChIJMyxtj34-i2MRybDYpmrpbH0&q=*&authuser=0&hl=en&gl=US,,,0.0,0.0,0.0,0.0,1.0,81.0,https://lh3.googleusercontent.com/p/AF1QipMOKQBZ3J3T8G0IWHe0at4MoqcefFIvNnhM6K0d=w800-h500-k-no,https://lh3.googleusercontent.com/p/AF1QipMOKQBZ3J3T8G0IWHe0at4MoqcefFIvNnhM6K0d=w1600-h1000-k-no,,"{""Sunday"": ""9:30AM-5PM"", ""Monday"": ""8AM-5PM"", ""Tuesday"": ""8AM-5PM"", ""Wednesday"": ""8AM-5PM"", ""Thursday"": ""8AM-5PM"", ""Friday"": ""8AM-5PM"", ""Saturday"": ""8:30AM-5AM""}","Sunday,9:30AM,5PM|Monday,8AM,5PM|Tuesday,8AM,5PM|Wednesday,8AM,5PM|Thursday,8AM,5PM|Friday,8AM,5PM|Saturday,8:30AM,5AM",Sunday:9:30AM-5PM|Monday:8AM-5PM|Tuesday:8AM-5PM|Wednesday:8AM-5PM|Thursday:8AM-5PM|Friday:8AM-5PM|Saturday:8:30AM-5AM,,,OPERATIONAL,{},,,,https://lh5.googleusercontent.com/-8Dk352JvUCM/AAAAAAAAAAI/AAAAAAAAAAA/3N2MLTRTSSQ/s44-p-k-no-ns-nd/photo.jpg,,,True,116195273114434691401,Allen Paint & Construction LLC,https://www.google.com/maps/contrib/116195273114434691401,,,,,"https://www.google.com/maps/place/Allen+Paint+%26+Construction+LLC/@30.0326605,-89.88256349999999,14z/data=!4m8!1m2!2m1!1sAllen+Paint+%26+Construction+LLC!3m4!1s0x638b3e7e8f6d2c33:0x7d6ce96aa6d8b0c9!8m2!3d30.0326605!4d-89.88256349999999","https://www.google.com/maps/place/Allen+Paint+%26+Construction+LLC/@30.0326605,-89.88256349999999,13.99z/data=!4m16!1m7!3m6!1s0x638b3e7e8f6d2c33:0x7d6ce96aa6d8b0c9!2sAllen+Paint+%26+Construction+LLC!8m2!3d30.0326605!4d-89.88256349999999!16s%2Fg%2F11ckvg1dmb!3m7!1s0x638b3e7e8f6d2c33:0x7d6ce96aa6d8b0c9!8m2!3d30.0326605!4d-89.88256349999999!9m1!1b1!16s%2Fg%2F11ckvg1dmb?entry=ttu",ChIJMyxtj34-i2MRybDYpmrpbH0,0x638b3e7e8f6d2c33:0x7d6ce96aa6d8b0c9,9037855196500766921,/g/11swp3lvr6,9037855196500766921,,,,,,,,,,,,,,,,,,,,,,,,,,,,,,,,,,,,,,,,,,,,,,,,,,,,,,,,,,
"custom home builder, 70115, New Orleans, LA, US",Demoran Custom Homes,Demoran Custom Homes,,Home builder,Home builder,Home builder,,,,,"714 Arabella St, New Orleans, LA 70115",Uptown/Carrollton,714 Arabella St,New Orleans,70115,Louisiana,Louisiana,United States of America,US,29.920869099999997,-90.1184035,89444650933ffff,America/Chicago,,False,,,,,,,,,,,1.0,https://streetviewpixels-pa.googleapis.com/v1/thumbnail?panoid=SNUulXtI1PW3qT2vZCHJQQ&cb_client=search.gws-prod.gps&w=800&h=500&yaw=284.2931&pitch=0&thumbfov=100,https://streetviewpixels-pa.googleapis.com/v1/thumbnail?panoid=SNUulXtI1PW3qT2vZCHJQQ&cb_client=search.gws-prod.gps&w=1600&h=1000&yaw=284.2931&pitch=0&thumbfov=100,,,,,,,CLOSED_PERMANENTLY,{},,,,,,,False,None,Demoran Custom Homes,,,,,,"https://www.google.com/maps/place/Demoran+Custom+Homes/@29.920869099999997,-90.1184035,14z/data=!4m8!1m2!2m1!1sDemoran+Custom+Homes!3m4!1s0x8620a4fb94185c25:0x8da23ecc8c5db439!8m2!3d29.920869099999997!4d-90.1184035","https://www.google.com/maps/place/Demoran+Custom+Homes/@29.920869099999997,-90.1184035,13.99z/data=!4m16!1m7!3m6!1s0x8620a4fb94185c25:0x8da23ecc8c5db439!2sDemoran+Custom+Homes!8m2!3d29.920869099999997!4d-90.1184035!16s%2Fg%2F11ckvg1dmb!3m7!1s0x8620a4fb94185c25:0x8da23ecc8c5db439!8m2!3d29.920869099999997!4d-90.1184035!9m1!1b1!16s%2Fg%2F11ckvg1dmb?entry=ttu",ChIJJVwYlPukIIYRObRdjMw-oo0,0x8620a4fb94185c25:0x8da23ecc8c5db439,10205788753824166969,/g/11r_vn2ljy,None,,,,,,,,,,,,,,,,,,,,,,,,,,,,,,,,,,,,,,,,,,,,,,,,,,,,,,,,,,
"custom home builder, 70116, New Orleans, LA, US",Gresham Woodworks,Gresham Woodworks,http://greshamwoodworks.com/,Cabinet maker,Cabinet maker,Cabinet maker,+1 504-931-6969,mobile,T-Mobile USA Inc.,,"1950 Abundance St, New Orleans, LA 70122",St. Roch,1950 Abundance St,New Orleans,70122,Louisiana,Louisiana,United States of America,US,29.9878583,-90.06409339999999,89444642e53ffff,America/Chicago,,False,5.0,23.0,https://search.google.com/local/reviews?placeid=ChIJ1Ry_LNGnIIYROR-0CsNATj4&q=*&authuser=0&hl=en&gl=US,,,0.0,0.0,0.0,0.0,23.0,60.0,https://lh3.googleusercontent.com/p/AF1QipPWLlZG6NWyrnC0qE65oJd0Rp6sIk8Xncm17Klt=w800-h500-k-no,https://lh3.googleusercontent.com/p/AF1QipPWLlZG6NWyrnC0qE65oJd0Rp6sIk8Xncm17Klt=w1600-h1000-k-no,,"{""Sunday"": ""Closed"", ""Monday"": ""9AM-5PM"", ""Tuesday"": ""9AM-5PM"", ""Wednesday"": ""9AM-5PM"", ""Thursday"": ""9AM-5PM"", ""Friday"": ""9AM-5PM"", ""Saturday"": ""Closed""}","Sunday,|Monday,9AM,5PM|Tuesday,9AM,5PM|Wednesday,9AM,5PM|Thursday,9AM,5PM|Friday,9AM,5PM|Saturday,",Sunday:Closed|Monday:9AM-5PM|Tuesday:9AM-5PM|Wednesday:9AM-5PM|Thursday:9AM-5PM|Friday:9AM-5PM|Saturday:Closed,,,OPERATIONAL,{},,,,https://lh3.googleusercontent.com/-J3XXy1uG7A8/AAAAAAAAAAI/AAAAAAAAAAA/0ltj6OZZVO8/s44-p-k-no-ns-nd/photo.jpg,,,True,110452964590324308714,Gresham Woodworks,https://www.google.com/maps/contrib/110452964590324308714,,,,,"https://www.google.com/maps/place/Gresham+Woodworks/@29.9878583,-90.06409339999999,14z/data=!4m8!1m2!2m1!1sGresham+Woodworks!3m4!1s0x8620a7d12cbf1cd5:0x3e4e40c30ab41f39!8m2!3d29.9878583!4d-90.06409339999999","https://www.google.com/maps/place/Gresham+Woodworks/@29.9878583,-90.06409339999999,13.99z/data=!4m16!1m7!3m6!1s0x8620a7d12cbf1cd5:0x3e4e40c30ab41f39!2sGresham+Woodworks!8m2!3d29.9878583!4d-90.06409339999999!16s%2Fg%2F11ckvg1dmb!3m7!1s0x8620a7d12cbf1cd5:0x3e4e40c30ab41f39!8m2!3d29.9878583!4d-90.06409339999999!9m1!1b1!16s%2Fg%2F11ckvg1dmb?entry=ttu",ChIJ1Ry_LNGnIIYROR-0CsNATj4,0x8620a7d12cbf1cd5:0x3e4e40c30ab41f39,4489597084977340217,/g/11cn6llgzk,4489597084977340217,,jmgresham@gmail.com,RECEIVING,Verified,,,,,,,,,,,,,,,,,,,,,,,,,,,,,,,,,,,,,,,,,,,,,,,,,Gresham Woodworks | Expert Cabinet Maker in New Orleans,Wix.com Website Builder,"Gresham Woodworks specializes in custom cabinetry, including kitchens, bathrooms, built-ins, closets, and more!","kitchen, kitchen cabinets, cabinets, bathroom, kitchen cabinets new orleans, bathroom cabinets, kitchens, kitchen design, cabinet, designs kitchen, kitchen cabinet, stoves, granite, kitchen islands, cabinet hardware, kitchen pictures, closet, kitchen",False,False
"custom home builder, 70116, New Orleans, LA, US",Professional Designs Group Inc.,Professional Designs Group,https://www.professionaldesignsgroup.com/,"Design engineer, Architecture firm, Building consultant, Drafting service",Design engineer,Design engineer,+1 504-613-0636,voip,"VONAGE AMERICA, LLC",,"400 Magazine St #150, New Orleans, LA 70130",Central Business District,400 Magazine St #150,New Orleans,70130,Louisiana,Louisiana,United States of America,US,29.949513,-90.067724,894446420b3ffff,America/Chicago,,False,4.9,78.0,https://search.google.com/local/reviews?placeid=ChIJ6bQQIHOmIIYRfGycfzdmhIY&q=*&authuser=0&hl=en&gl=US,,,1.0,0.0,0.0,1.0,76.0,17.0,https://lh3.googleusercontent.com/p/AF1QipMUqPW0wGOjH_39ikyK7bgwvZOaZapzX4i7QDdl=w800-h500-k-no,https://lh3.googleusercontent.com/p/AF1QipMUqPW0wGOjH_39ikyK7bgwvZOaZapzX4i7QDdl=w1600-h1000-k-no,,"{""Sunday"": ""Closed"", ""Monday"": ""9AM-5PM"", ""Tuesday"": ""9AM-5PM"", ""Wednesday"": ""9AM-5PM"", ""Thursday"": ""9AM-5PM"", ""Friday"": ""9AM-3PM"", ""Saturday"": ""Closed""}","Sunday,|Monday,9AM,5PM|Tuesday,9AM,5PM|Wednesday,9AM,5PM|Thursday,9AM,5PM|Friday,9AM,3PM|Saturday,",Sunday:Closed|Monday:9AM-5PM|Tuesday:9AM-5PM|Wednesday:9AM-5PM|Thursday:9AM-5PM|Friday:9AM-3PM|Saturday:Closed,,,OPERATIONAL,"{""Accessibility"": {""Wheelchair accessible entrance"": true, ""Wheelchair accessible parking lot"": true}}",,,,https://lh6.googleusercontent.com/-4sX1tCuoKro/AAAAAAAAAAI/AAAAAAAAAAA/jNeEQ7zQQ0U/s44-p-k-no-ns-nd/photo.jpg,,,True,108016353910335250439,Professional Designs Group Inc.,https://www.google.com/maps/contrib/108016353910335250439,,,,,"https://www.google.com/maps/place/Professional+Designs+Group+Inc./@29.949513,-90.067724,14z/data=!4m8!1m2!2m1!1sProfessional+Designs+Group+Inc.!3m4!1s0x8620a6732010b4e9:0x868466377f9c6c7c!8m2!3d29.949513!4d-90.067724","https://www.google.com/maps/place/Professional+Designs+Group+Inc./@29.949513,-90.067724,13.99z/data=!4m16!1m7!3m6!1s0x8620a6732010b4e9:0x868466377f9c6c7c!2sProfessional+Designs+Group+Inc.!8m2!3d29.949513!4d-90.067724!16s%2Fg%2F11ckvg1dmb!3m7!1s0x8620a6732010b4e9:0x868466377f9c6c7c!8m2!3d29.949513!4d-90.067724!9m1!1b1!16s%2Fg%2F11ckvg1dmb?entry=ttu",ChIJ6bQQIHOmIIYRfGycfzdmhIY,0x8620a6732010b4e9:0x868466377f9c6c7c,9692984686558342268,/g/1q62md4wf,-8753759387151209348,,info@prof-designs.com,UNKNOWN,Cannot validate,,,,,,,,,,,,,,,,,,,,,,,,,,,,,,,,,,,,,,,,,,,,,,,,,Contact | Professional Designs Group,Wix.com Website Builder,,,False,False
"custom home builder, 70116, New Orleans, LA, US",Rando’s Custom Woodworks,Rando’S Custom Woodworks,https://www.youtube.com/%40RandoWoodworksNOLA,"Cabinet maker, Wood supplier, Woodworker",Cabinet maker,Cabinet maker,+1 504-710-6609,mobile,,,"530 Johnny Jackson Jr Blvd, New Orleans, LA 70117",Bywater,530 Johnny Jackson Jr Blvd,New Orleans,70117,Louisiana,Louisiana,United States of America,US,29.9618421,-90.04417459999999,894446422afffff,America/Chicago,,False,4.1,8.0,https://search.google.com/local/reviews?placeid=ChIJmSdjMK-nIIYRAW-H_RfB-d4&q=*&authuser=0&hl=en&gl=US,,,1.0,1.0,0.0,0.0,6.0,100.0,https://lh3.googleusercontent.com/p/AF1QipPQltq3K4wwolK3CHuibnFxy6QNfK3BV7efYlM_=w800-h500-k-no,https://lh3.googleusercontent.com/p/AF1QipPQltq3K4wwolK3CHuibnFxy6QNfK3BV7efYlM_=w1600-h1000-k-no,,"{""Sunday"": ""Closed"", ""Monday"": ""8AM-4:30PM"", ""Tuesday"": ""8AM-4:30PM"", ""Wednesday"": ""8AM-4:30PM"", ""Thursday"": ""8AM-4:30PM"", ""Friday"": ""8AM-4:30PM"", ""Saturday"": ""10AM-2PM""}","Sunday,|Monday,8AM,4:30PM|Tuesday,8AM,4:30PM|Wednesday,8AM,4:30PM|Thursday,8AM,4:30PM|Friday,8AM,4:30PM|Saturday,10AM,2PM",Sunday:Closed|Monday:8AM-4:30PM|Tuesday:8AM-4:30PM|Wednesday:8AM-4:30PM|Thursday:8AM-4:30PM|Friday:8AM-4:30PM|Saturday:10AM-2PM,,,OPERATIONAL,"{""From the business"": {""Identifies as women-owned"": true, ""Small business"": true}, ""Service options"": {""Online estimates"": true, ""Onsite services"": true, ""Language assistance"": ""Spanish""}, ""Payments"": {""Credit cards"": true, ""Debit cards"": true}, ""Other"": {""Identifies as women-owned"": true}}",,,,https://lh3.googleusercontent.com/-zO6M_eFG1O4/AAAAAAAAAAI/AAAAAAAAAAA/IoWzy7tXJrM/s44-p-k-no-ns-nd/photo.jpg,,,True,110195806672407759237,Rando’s Custom Woodworks,https://www.google.com/maps/contrib/110195806672407759237,,,,,"https://www.google.com/maps/place/Rando%E2%80%99s+Custom+Woodworks/@29.9618421,-90.04417459999999,14z/data=!4m8!1m2!2m1!1sRando%E2%80%99s+Custom+Woodworks!3m4!1s0x8620a7af30632799:0xdef9c117fd876f01!8m2!3d29.9618421!4d-90.04417459999999","https://www.google.com/maps/place/Rando%E2%80%99s+Custom+Woodworks/@29.9618421,-90.04417459999999,13.99z/data=!4m16!1m7!3m6!1s0x8620a7af30632799:0xdef9c117fd876f01!2sRando%E2%80%99s+Custom+Woodworks!8m2!3d29.9618421!4d-90.04417459999999!16s%2Fg%2F11ckvg1dmb!3m7!1s0x8620a7af30632799:0xdef9c117fd876f01!8m2!3d29.9618421!4d-90.04417459999999!9m1!1b1!16s%2Fg%2F11ckvg1dmb?entry=ttu",ChIJmSdjMK-nIIYRAW-H_RfB-d4,0x8620a7af30632799:0xdef9c117fd876f01,16067085454402875137,/g/11vq170xxz,-2379658619306676479,,lucian@promax.tv,UNKNOWN,Cannot validate,Lucian Cojescu,Lucian,Cojescu,Senior Vice President Of Global Information Systems And Chief Information Officer,13107891552,sgamel@google.com,INVALID,Invalid format,Scott Gamel,Scott,Gamel,Talent Acquisition Consultant,18776879209,cristianbaquedano0905@gmail.com,RECEIVING,Verified,Cristian Baquedano,Cristian,Baquedano,,18169158293,18777639810,tollfree,,,16159722299,mobile,"NEW CINGULAR WIRELESS PCS, LLC",,13302570042,mobile,"NEW CINGULAR WIRELESS PCS, LLC",,https://www.facebook.com/people/Xpress-Builders-Roofing-Siding-LLC/100093909830324/,https://www.instagram.com/xpress_builders_llc/,https://www.linkedin.com/company/prompt-services,,,,,,,,https://x.com/belgian_tree,,https://www.youtube.com/channel/UCqVDpXKLmKeBU_yyt_QkItQ,,,Get Creator Tips - YouTube Help,,Find everything you need to grow your channel on YouTube,"video, sharing, camera phone, video phone, free, upload",False,False
"custom home builder, 70116, New Orleans, LA, US",Genesis Construction,Genesis Construction,http://genesisconstructionbr.com/,"Bathroom remodeler, Carpenter, Countertop contractor, Service establishment, Flooring contractor, Kitchen remodeler, Painter, Roofing contractor, Siding contractor, Stucco contractor, Tile contractor",Bathroom remodeler,Bathroom remodeler,+1 225-978-7418,mobile,"NEW CINGULAR WIRELESS PCS, LLC - GA",,,,,,,,,,,30.459122599999997,-91.064833,894440c8113ffff,America/Chicago,,True,5.0,13.0,https://search.google.com/local/reviews?placeid=ChIJ4TGNuiTTBG8R9uKJbedxgbg&q=*&authuser=0&hl=en&gl=US,,,0.0,0.0,0.0,0.0,13.0,30.0,https://lh3.googleusercontent.com/p/AF1QipOYWmnafAgS--07NCwFjxo5FnGk73WHdcZBO8LI=w800-h500-k-no,https://lh3.googleusercontent.com/p/AF1QipOYWmnafAgS--07NCwFjxo5FnGk73WHdcZBO8LI=w1600-h1000-k-no,,"{""Sunday"": ""7AM-6PM"", ""Monday"": ""7AM-6PM"", ""Tuesday"": ""7AM-6PM"", ""Wednesday"": ""7AM-6PM"", ""Thursday"": ""7AM-6PM"", ""Friday"": ""7AM-6PM"", ""Saturday"": ""7AM-6PM""}","Sunday,7AM,6PM|Monday,7AM,6PM|Tuesday,7AM,6PM|Wednesday,7AM,6PM|Thursday,7AM,6PM|Friday,7AM,6PM|Saturday,7AM,6PM",Sunday:7AM-6PM|Monday:7AM-6PM|Tuesday:7AM-6PM|Wednesday:7AM-6PM|Thursday:7AM-6PM|Friday:7AM-6PM|Saturday:7AM-6PM,,,OPERATIONAL,"{""Service options"": {""Online estimates"": true, ""Language assistance"": ""English, Spanish""}}",,,,https://lh3.googleusercontent.com/-_PrVRvYceW0/AAAAAAAAAAI/AAAAAAAAAAA/VSDDQiTC3cQ/s44-p-k-no-ns-nd/photo.jpg,,,True,115207046841554793164,Genesis Construction,https://www.google.com/maps/contrib/115207046841554793164,,,,,"https://www.google.com/maps/place/Genesis+Construction/@30.459122599999997,-91.064833,14z/data=!4m8!1m2!2m1!1sGenesis+Construction!3m4!1s0x6f04d324ba8d31e1:0xb88171e76d89e2f6!8m2!3d30.459122599999997!4d-91.064833","https://www.google.com/maps/place/Genesis+Construction/@30.459122599999997,-91.064833,13.99z/data=!4m16!1m7!3m6!1s0x6f04d324ba8d31e1:0xb88171e76d89e2f6!2sGenesis+Construction!8m2!3d30.459122599999997!4d-91.064833!16s%2Fg%2F11ckvg1dmb!3m7!1s0x6f04d324ba8d31e1:0xb88171e76d89e2f6!8m2!3d30.459122599999997!4d-91.064833!9m1!1b1!16s%2Fg%2F11ckvg1dmb?entry=ttu",ChIJ4TGNuiTTBG8R9uKJbedxgbg,0x6f04d324ba8d31e1:0xb88171e76d89e2f6,13295032813763551990,/g/11vxx4fjk4,-5151711259945999626,,matt@genesisconstructionbr.com,RECEIVING,Verified,,,,,,,,,,,,,,,,,,,,,,2256105752,landline,,,,,,,,,,,,https://www.instagram.com/genesisconstructionbr,,,,,,,,,,,,,,Genesis Construction | Where Beautiful Homes Begin,,"Genesis Construction specializes in painting, kitchen and bathroom 
remodeling, and flooring installation in Baton Rouge. Let us bring your 
vision to life with exceptional craftsmanship—because beautiful homes begin 
with Genesis. Contact us today!",,False,False
"custom home builder, 70118, New Orleans, LA, US",Oliva Construction & Custom Home,Oliva Construction And Custom Home,https://olivaconstruction.carrd.co/,Construction company,Construction company,Construction company,+1 504-351-9591,mobile,T-Mobile,True,"6401 4th St, Marrero, LA 70072",None,6401 4th St,Marrero,70072,Louisiana,Louisiana,United States of America,US,29.899784999999998,-90.11550799999999,89444650d77ffff,America/Chicago,,False,,,,,,,,,,,6.0,https://lh3.googleusercontent.com/p/AF1QipMGLBUYop-0KTJbdG1PO-HaFoAutgy32lBjLR4i=w800-h500-k-no,https://lh3.googleusercontent.com/p/AF1QipMGLBUYop-0KTJbdG1PO-HaFoAutgy32lBjLR4i=w1600-h1000-k-no,,"{""Sunday"": ""Closed"", ""Monday"": ""8AM-6PM"", ""Tuesday"": ""8AM-6PM"", ""Wednesday"": ""8AM-6PM"", ""Thursday"": ""8AM-6PM"", ""Friday"": ""8AM-6PM"", ""Saturday"": ""8AM-6PM""}","Sunday,|Monday,8AM,6PM|Tuesday,8AM,6PM|Wednesday,8AM,6PM|Thursday,8AM,6PM|Friday,8AM,6PM|Saturday,8AM,6PM",Sunday:Closed|Monday:8AM-6PM|Tuesday:8AM-6PM|Wednesday:8AM-6PM|Thursday:8AM-6PM|Friday:8AM-6PM|Saturday:8AM-6PM,,,OPERATIONAL,{},,,,https://lh6.googleusercontent.com/-4hAy1bPxzWY/AAAAAAAAAAI/AAAAAAAAAAA/F8SZWlIduEk/s44-p-k-no-ns-nd/photo.jpg,,,True,107581354174204127978,Oliva Construction & Custom Home,https://www.google.com/maps/contrib/107581354174204127978,,,,,"https://www.google.com/maps/place/Oliva+Construction+%26+Custom+Home/@29.899784999999998,-90.11550799999999,14z/data=!4m8!1m2!2m1!1sOliva+Construction+%26+Custom+Home!3m4!1s0x8620a510cdc7664d:0xda4b3912e99cbee3!8m2!3d29.899784999999998!4d-90.11550799999999","https://www.google.com/maps/place/Oliva+Construction+%26+Custom+Home/@29.899784999999998,-90.11550799999999,13.99z/data=!4m16!1m7!3m6!1s0x8620a510cdc7664d:0xda4b3912e99cbee3!2sOliva+Construction+%26+Custom+Home!8m2!3d29.899784999999998!4d-90.11550799999999!16s%2Fg%2F11ckvg1dmb!3m7!1s0x8620a510cdc7664d:0xda4b3912e99cbee3!8m2!3d29.899784999999998!4d-90.11550799999999!9m1!1b1!16s%2Fg%2F11ckvg1dmb?entry=ttu",ChIJTWbHzRClIIYR476c6RI5S9o,0x8620a510cdc7664d:0xda4b3912e99cbee3,15729728876913147619,/g/11ykxq4js1,None,,,,,,,,,,,,,,,,,,,,,,,,,,5043519591,mobile,T-Mobile,True,,,,,,,,,,https://www.instagram.com/olivaconstructionllc,,,,,,,,,,,,,,Email Protection | Cloudflare,,Scan. Call. Build. Haul. Full-service contracting and debris removal from Oliva Construction Services.,,False,False
"custom home builder, 70122, New Orleans, LA, US",ct custom home builder,Ct Custom Home Builder,,"Home builder, Carpenter, Excavating contractor, Masonry contractor, Roofing contractor",Home builder,Home builder,+1 203-942-6045,mobile,"OMNIPOINT COMMUNICATIONS, INC.",,"36 Washington Ave, Danbury, CT 06810",None,36 Washington Ave,Danbury,06810,Connecticut,Connecticut,United States of America,US,41.3837918,-73.45653109999999,892a14653a3ffff,America/New_York,,False,4.7,23.0,https://search.google.com/local/reviews?placeid=ChIJQVNMFvL_54kRzRJml9Kn1iI&q=*&authuser=0&hl=en&gl=US,,,1.0,0.0,0.0,2.0,20.0,2882.0,https://lh3.googleusercontent.com/p/AF1QipOMBA0ZWHn_kgdVmVJj0pUVz2n8xDxKHiMb1JZ5=w800-h500-k-no,https://lh3.googleusercontent.com/p/AF1QipOMBA0ZWHn_kgdVmVJj0pUVz2n8xDxKHiMb1JZ5=w1600-h1000-k-no,,"{""Monday"": ""7:30AM-7:30PM"", ""Tuesday"": ""7AM-7:30PM"", ""Wednesday"": ""7:30AM-7:30PM"", ""Thursday"": ""7:30AM-7:30PM"", ""Friday"": ""7:30AM-6PM"", ""Saturday"": ""7:30AM-4PM"", ""Sunday"": ""Closed""}","Sunday,|Monday,7:30AM,7:30PM|Tuesday,7AM,7:30PM|Wednesday,7:30AM,7:30PM|Thursday,7:30AM,7:30PM|Friday,7:30AM,6PM|Saturday,7:30AM,4PM",Monday:7:30AM-7:30PM|Tuesday:7AM-7:30PM|Wednesday:7:30AM-7:30PM|Thursday:7:30AM-7:30PM|Friday:7:30AM-6PM|Saturday:7:30AM-4PM|Sunday:Closed,,,OPERATIONAL,"{""From the business"": {""Identifies as Black-owned"": true, ""Identifies as veteran-owned"": true, ""Identifies as women-owned"": true}, ""Service options"": {""Onsite services"": true, ""Language assistance"": ""English, Spanish""}, ""Accessibility"": {""Wheelchair accessible entrance"": true, ""Wheelchair accessible parking lot"": true, ""Wheelchair accessible restroom"": true, ""Wheelchair accessible seating"": true}, ""Amenities"": {""Gender-neutral restroom"": true}, ""Other"": {""Identifies as Black-owned"": true, ""Identifies as veteran-owned"": true, ""Identifies as women-owned"": true}}",,,,https://lh3.googleusercontent.com/-3vs8XsfP6mQ/AAAAAAAAAAI/AAAAAAAAAAA/U9561ELo00s/s44-p-k-no-ns-nd/photo.jpg,,,True,110975901366835676183,ct custom home builder,https://www.google.com/maps/contrib/110975901366835676183,,https://ctcustomhomebuider.com/,,https://ctcustomhomebuider.com/,"https://www.google.com/maps/place/ct+custom+home+builder/@41.3837918,-73.45653109999999,14z/data=!4m8!1m2!2m1!1sct+custom+home+builder!3m4!1s0x89e7fff2164c5341:0x22d6a7d2976612cd!8m2!3d41.3837918!4d-73.45653109999999","https://www.google.com/maps/place/ct+custom+home+builder/@41.3837918,-73.45653109999999,13.99z/data=!4m16!1m7!3m6!1s0x89e7fff2164c5341:0x22d6a7d2976612cd!2sct+custom+home+builder!8m2!3d41.3837918!4d-73.45653109999999!16s%2Fg%2F11ckvg1dmb!3m7!1s0x89e7fff2164c5341:0x22d6a7d2976612cd!8m2!3d41.3837918!4d-73.45653109999999!9m1!1b1!16s%2Fg%2F11ckvg1dmb?entry=ttu",ChIJQVNMFvL_54kRzRJml9Kn1iI,0x89e7fff2164c5341:0x22d6a7d2976612cd,2510378365230650061,/g/11fn1dnpfm,2510378365230650061,,,,,,,,,,,,,,,,,,,,,,,,,,,,,,,,,,,,,,,,,,,,,,,,,,,,,,,,,,
"custom home builder, 70123, New Orleans, LA, US",P. O. P Builders Group,P O P Builders Group,http://www.popbuildersgroup.com/,"Contractor, Service establishment",Contractor,Contractor,+1 504-533-8708,fixed line,"BANDWIDTH.COM CLEC, LLC - LA",,,,,,,,,,,29.7263505,-90.2363736,894446ce6cfffff,America/Chicago,,True,4.3,6.0,https://search.google.com/local/reviews?placeid=ChIJm4gpIBa7IIYRrk03WyH0D7k&q=*&authuser=0&hl=en&gl=US,,,1.0,0.0,0.0,0.0,5.0,24.0,https://lh3.googleusercontent.com/gps-cs-s/AG0ilSxCPlXt8gsnT_rKC1HSIJ85b5IZoW5HIrueiqRiyuszOyRRsDsjWRRzwCvfgiriyh3P7lHXP0LINPT1eb-1268YTiEEFmKagWfapYXnBLwTiTwtnCQOMLg6pXLYC4aw2oYtxm1P=w800-h500-k-no,https://lh3.googleusercontent.com/gps-cs-s/AG0ilSxCPlXt8gsnT_rKC1HSIJ85b5IZoW5HIrueiqRiyuszOyRRsDsjWRRzwCvfgiriyh3P7lHXP0LINPT1eb-1268YTiEEFmKagWfapYXnBLwTiTwtnCQOMLg6pXLYC4aw2oYtxm1P=w1600-h1000-k-no,,"{""Sunday"": ""Closed"", ""Monday"": ""9AM-5PM"", ""Tuesday"": ""9AM-5PM"", ""Wednesday"": ""9AM-5PM"", ""Thursday"": ""9AM-5PM"", ""Friday"": ""9AM-5PM"", ""Saturday"": ""Closed""}","Sunday,|Monday,9AM,5PM|Tuesday,9AM,5PM|Wednesday,9AM,5PM|Thursday,9AM,5PM|Friday,9AM,5PM|Saturday,",Sunday:Closed|Monday:9AM-5PM|Tuesday:9AM-5PM|Wednesday:9AM-5PM|Thursday:9AM-5PM|Friday:9AM-5PM|Saturday:Closed,,,OPERATIONAL,"{""Service options"": {""Online estimates"": false}}",,,,https://lh4.googleusercontent.com/-sP7J5_mVu2A/AAAAAAAAAAI/AAAAAAAAAAA/IywWynAe410/s44-p-k-no-ns-nd/photo.jpg,,,True,113571678287652225635,P. O. P Builders Group,https://www.google.com/maps/contrib/113571678287652225635,,,,,"https://www.google.com/maps/place/P.+O.+P+Builders+Group/@29.7263505,-90.2363736,14z/data=!4m8!1m2!2m1!1sP.+O.+P+Builders+Group!3m4!1s0x8620bb162029889b:0xb90ff4215b374dae!8m2!3d29.7263505!4d-90.2363736","https://www.google.com/maps/place/P.+O.+P+Builders+Group/@29.7263505,-90.2363736,13.99z/data=!4m16!1m7!3m6!1s0x8620bb162029889b:0xb90ff4215b374dae!2sP.+O.+P+Builders+Group!8m2!3d29.7263505!4d-90.2363736!16s%2Fg%2F11ckvg1dmb!3m7!1s0x8620bb162029889b:0xb90ff4215b374dae!8m2!3d29.7263505!4d-90.2363736!9m1!1b1!16s%2Fg%2F11ckvg1dmb?entry=ttu",ChIJm4gpIBa7IIYRrk03WyH0D7k,0x8620bb162029889b:0xb90ff4215b374dae,13335145445768777134,/g/11grprdvnn,-5111598627940774482,,contact@popbuildersgroup.com,RECEIVING,SMTP validated,,,,,,,,,,,,,,,,,,,,,,,,,,,,,,,,,,https://www.facebook.com/dialog/,https://www.instagram.com/popbuildersgroup,,,,,,,,,http://twitter.com/intent/,,,,,Redirecting...,wordpress,#1 River Ridge and New Orleans home remodeling company | budget friendly | fast service | need ideas? We can help with layout and design,,False,False
"custom home builder, 70123, New Orleans, LA, US",Lauricella & Sons,Lauricella And Sons,https://remodelerneworleans.com/,"General contractor, Contractor, Service establishment, Foundation, Millwork shop",General contractor,General contractor,+1 504-222-2854,mobile,T-Mobile USA Inc.,,,,,,,,,,,30.2578356,-90.090605,894446795b3ffff,America/Chicago,,True,4.9,15.0,https://search.google.com/local/reviews?placeid=ChIJ18l5Fm26IIYRD-m8Vu0-XAo&q=*&authuser=0&hl=en&gl=US,,,0.0,0.0,0.0,1.0,14.0,212.0,https://lh3.googleusercontent.com/p/AF1QipNsKB4SuRfaDnsaZfpHKnnP5PJOtGNG8IL2FOrH=w800-h500-k-no,https://lh3.googleusercontent.com/p/AF1QipNsKB4SuRfaDnsaZfpHKnnP5PJOtGNG8IL2FOrH=w1600-h1000-k-no,,"{""Sunday"": ""Closed"", ""Monday"": ""7AM-7PM"", ""Tuesday"": ""7AM-7PM"", ""Wednesday"": ""7AM-7PM"", ""Thursday"": ""7AM-7PM"", ""Friday"": ""7AM-7PM"", ""Saturday"": ""Closed""}","Sunday,|Monday,7AM,7PM|Tuesday,7AM,7PM|Wednesday,7AM,7PM|Thursday,7AM,7PM|Friday,7AM,7PM|Saturday,",Sunday:Closed|Monday:7AM-7PM|Tuesday:7AM-7PM|Wednesday:7AM-7PM|Thursday:7AM-7PM|Friday:7AM-7PM|Saturday:Closed,,,OPERATIONAL,"{""Service options"": {""Language assistance"": ""English""}}",,,,https://lh4.googleusercontent.com/-zwI5FywIjDM/AAAAAAAAAAI/AAAAAAAAAAA/wpjEnrkGjPU/s44-p-k-no-ns-nd/photo.jpg,,,True,101308690645247049594,Lauricella & Sons,https://www.google.com/maps/contrib/101308690645247049594,,,,,"https://www.google.com/maps/place/Lauricella+%26+Sons/@30.2578356,-90.090605,14z/data=!4m8!1m2!2m1!1sLauricella+%26+Sons!3m4!1s0x8620ba6d1679c9d7:0xa5c3eed56bce90f!8m2!3d30.2578356!4d-90.090605","https://www.google.com/maps/place/Lauricella+%26+Sons/@30.2578356,-90.090605,13.99z/data=!4m16!1m7!3m6!1s0x8620ba6d1679c9d7:0xa5c3eed56bce90f!2sLauricella+%26+Sons!8m2!3d30.2578356!4d-90.090605!16s%2Fg%2F11ckvg1dmb!3m7!1s0x8620ba6d1679c9d7:0xa5c3eed56bce90f!8m2!3d30.2578356!4d-90.090605!9m1!1b1!16s%2Fg%2F11ckvg1dmb?entry=ttu",ChIJ18l5Fm26IIYRD-m8Vu0-XAo,0x8620ba6d1679c9d7:0xa5c3eed56bce90f,746540827320051983,/g/1tgf841z,746540827320051983,,privacy@web.com,RECEIVING,Role,,,,,,,,,,,,,,,,,,,,,,5042222854,mobile,T-Mobile USA Inc.,,5047371114,,AT&T Southeast,True,9854291430,landline,,,http://www.facebook.com/1573950179536400,,,,,,,,,,,,,,,"Rotten Wood Repair for Historic Homes in New Orleans, LA | Free Estimates",,"Call Lauricella & Sons at 504-222-2854 now for expert Rotting Wood Repair & Restoration services for  historic homes in New Orleans, LA! Est. in 1974. Licensed & Insured.",,False,False
"custom home builder, 70123, New Orleans, LA, US","DiGiovanni Construction Co., LLC",Digiovanni Construction,http://digiovannibuilds.com/,General contractor,General contractor,General contractor,+1 504-264-7394,fixed line,"BANDWIDTH.COM CLEC, LLC - LA",,"824 Elmwood Park Blvd Suite 204, Harahan, LA 70123",None,824 Elmwood Park Blvd Suite 204,Harahan,70123,Louisiana,Louisiana,United States of America,US,29.9559452,-90.18747119999999,89444654047ffff,America/Chicago,,False,3.5,2.0,https://search.google.com/local/reviews?placeid=ChIJK87iQMq7IIYRKFlwa6iwdqY&q=*&authuser=0&hl=en&gl=US,,,0.0,1.0,0.0,0.0,1.0,6.0,https://lh3.googleusercontent.com/gps-cs-s/AG0ilSxBtcNTGMYuTsQiUBireoWao6KhaWFuOxtypJRiopwnPkmlJlbKXB56-UkCngNaZw-c2GnECSZQpW0kUZ40bIlMZVfv3SpBmaDquTVmNj21gRztzv46a1vmIAytV9I6P-jwoEc=w800-h500-k-no,https://lh3.googleusercontent.com/gps-cs-s/AG0ilSxBtcNTGMYuTsQiUBireoWao6KhaWFuOxtypJRiopwnPkmlJlbKXB56-UkCngNaZw-c2GnECSZQpW0kUZ40bIlMZVfv3SpBmaDquTVmNj21gRztzv46a1vmIAytV9I6P-jwoEc=w1600-h1000-k-no,,"{""Sunday"": ""Closed"", ""Monday"": ""8AM-5PM"", ""Tuesday"": ""8AM-5PM"", ""Wednesday"": ""8AM-5PM"", ""Thursday"": ""8AM-5PM"", ""Friday"": ""8AM-5PM"", ""Saturday"": ""Closed""}","Sunday,|Monday,8AM,5PM|Tuesday,8AM,5PM|Wednesday,8AM,5PM|Thursday,8AM,5PM|Friday,8AM,5PM|Saturday,",Sunday:Closed|Monday:8AM-5PM|Tuesday:8AM-5PM|Wednesday:8AM-5PM|Thursday:8AM-5PM|Friday:8AM-5PM|Saturday:Closed,,,OPERATIONAL,"{""Accessibility"": {""Wheelchair accessible parking lot"": true}}",,,,https://lh6.googleusercontent.com/-6UVKAlYcgYc/AAAAAAAAAAI/AAAAAAAAAAA/DDJZzoevYYk/s44-p-k-no-ns-nd/photo.jpg,,,True,116696109315268048924,"DiGiovanni Construction Co., LLC",https://www.google.com/maps/contrib/116696109315268048924,,,,,"https://www.google.com/maps/place/DiGiovanni+Construction+Co.%2C+LLC/@29.9559452,-90.18747119999999,14z/data=!4m8!1m2!2m1!1sDiGiovanni+Construction+Co.%2C+LLC!3m4!1s0x8620bbca40e2ce2b:0xa676b0a86b705928!8m2!3d29.9559452!4d-90.18747119999999","https://www.google.com/maps/place/DiGiovanni+Construction+Co.%2C+LLC/@29.9559452,-90.18747119999999,13.99z/data=!4m16!1m7!3m6!1s0x8620bbca40e2ce2b:0xa676b0a86b705928!2sDiGiovanni+Construction+Co.%2C+LLC!8m2!3d29.9559452!4d-90.18747119999999!16s%2Fg%2F11ckvg1dmb!3m7!1s0x8620bbca40e2ce2b:0xa676b0a86b705928!8m2!3d29.9559452!4d-90.18747119999999!9m1!1b1!16s%2Fg%2F11ckvg1dmb?entry=ttu",ChIJK87iQMq7IIYRKFlwa6iwdqY,0x8620bbca40e2ce2b:0xa676b0a86b705928,11994968894951414056,/g/11q4jm1rn6,-6451775178758137560,,,,,,,,,,,,,,,,,,,,,,,,,,,,,,,,,,,,,,,https://www.instagram.com/digiovanni_construction,,,,,,,,,,,,https://github.com/newrelic/,,Remodels | Digiovanni Construction,Digio v.1.0,,,False,False
"custom home builder, 70123, New Orleans, LA, US",D&M King General Contractor LLC,D And M King General Contractor,http://dmkingcontractor.com/,"General contractor, Service establishment",General contractor,General contractor,+1 504-517-4540,landline,,,,,,,,,,,,30.2064721,-90.1843409,8944467a513ffff,America/Chicago,,True,5.0,16.0,https://search.google.com/local/reviews?placeid=ChIJS387kxz57QsRuN-7DcOA2g4&q=*&authuser=0&hl=en&gl=US,,,0.0,0.0,0.0,0.0,16.0,123.0,https://lh3.googleusercontent.com/p/AF1QipMoysFqjoOvNxcAYGYfG6c-Au6x8frFEDC03qQ6=w800-h500-k-no,https://lh3.googleusercontent.com/p/AF1QipMoysFqjoOvNxcAYGYfG6c-Au6x8frFEDC03qQ6=w1600-h1000-k-no,,"{""Sunday"": ""Closed"", ""Monday"": ""Open 24 hours"", ""Tuesday"": ""Open 24 hours"", ""Wednesday"": ""Open 24 hours"", ""Thursday"": ""Open 24 hours"", ""Friday"": ""Open 24 hours"", ""Saturday"": ""10AM-2PM""}","Sunday,|Monday,Open 24 hours|Tuesday,Open 24 hours|Wednesday,Open 24 hours|Thursday,Open 24 hours|Friday,Open 24 hours|Saturday,10AM,2PM",Sunday:Closed|Monday:Open 24 hours|Tuesday:Open 24 hours|Wednesday:Open 24 hours|Thursday:Open 24 hours|Friday:Open 24 hours|Saturday:10AM-2PM,,,OPERATIONAL,{},,,,https://lh3.googleusercontent.com/-ZmJv2ph8qUw/AAAAAAAAAAI/AAAAAAAAAAA/rBlmn39PCak/s44-p-k-no-ns-nd/photo.jpg,,,True,103638705216069612046,D&M King General Contractor LLC,https://www.google.com/maps/contrib/103638705216069612046,,,,,"https://www.google.com/maps/place/D%26M+King+General+Contractor+LLC/@30.2064721,-90.1843409,14z/data=!4m8!1m2!2m1!1sD%26M+King+General+Contractor+LLC!3m4!1s0xbedf91c933b7f4b:0xeda80c30dbbdfb8!8m2!3d30.2064721!4d-90.1843409","https://www.google.com/maps/place/D%26M+King+General+Contractor+LLC/@30.2064721,-90.1843409,13.99z/data=!4m16!1m7!3m6!1s0xbedf91c933b7f4b:0xeda80c30dbbdfb8!2sD%26M+King+General+Contractor+LLC!8m2!3d30.2064721!4d-90.1843409!16s%2Fg%2F11ckvg1dmb!3m7!1s0xbedf91c933b7f4b:0xeda80c30dbbdfb8!8m2!3d30.2064721!4d-90.1843409!9m1!1b1!16s%2Fg%2F11ckvg1dmb?entry=ttu",ChIJS387kxz57QsRuN-7DcOA2g4,0xbedf91c933b7f4b:0xeda80c30dbbdfb8,1070309436691308472,/g/11w9xw6h0m,1070309436691308472,,dmkingcontractor@gmail.com,RECEIVING,Verified,,,,,,,,,,,,,,,,,,,,,,5045174540,landline,,,,,,,,,,,,https://www.instagram.com/dmking_gc_llc,,,,,,,,,,,,,,D&M,,,,False,False
"custom home builder, 70123, New Orleans, LA, US","PEC Builders, LLC",Pec Builders,http://www.pecbuilders.com/,"General contractor, Service establishment",General contractor,General contractor,+1 504-500-9115,landline,,,,,,,,,,,,30.1805055,-90.085819,8944464e9afffff,America/Chicago,,True,3.7,3.0,https://search.google.com/local/reviews?placeid=ChIJn4SIbwWvIIYR7GVTuNRlR9g&q=*&authuser=0&hl=en&gl=US,,,1.0,0.0,0.0,0.0,2.0,98.0,https://lh3.googleusercontent.com/p/AF1QipPRo7ioGuFS9W7dPp5WdjEPPgpqcczKb3DVk3pX=w800-h500-k-no,https://lh3.googleusercontent.com/p/AF1QipPRo7ioGuFS9W7dPp5WdjEPPgpqcczKb3DVk3pX=w1600-h1000-k-no,,"{""Sunday"": ""Closed"", ""Monday"": ""7AM-6PM"", ""Tuesday"": ""7AM-6PM"", ""Wednesday"": ""7AM-6PM"", ""Thursday"": ""7AM-6PM"", ""Friday"": ""7AM-6PM"", ""Saturday"": ""7AM-6PM""}","Sunday,|Monday,7AM,6PM|Tuesday,7AM,6PM|Wednesday,7AM,6PM|Thursday,7AM,6PM|Friday,7AM,6PM|Saturday,7AM,6PM",Sunday:Closed|Monday:7AM-6PM|Tuesday:7AM-6PM|Wednesday:7AM-6PM|Thursday:7AM-6PM|Friday:7AM-6PM|Saturday:7AM-6PM,,,OPERATIONAL,"{""Service options"": {""Online estimates"": true}}",,,,https://lh5.googleusercontent.com/-fwf8m5xf8Ik/AAAAAAAAAAI/AAAAAAAAAAA/AHJakSCt2Rg/s44-p-k-no-ns-nd/photo.jpg,,,True,108660854154758161465,"PEC Builders, LLC",https://www.google.com/maps/contrib/108660854154758161465,,http://www.pecbuilders.com/,,http://www.pecbuilders.com/,"https://www.google.com/maps/place/PEC+Builders%2C+LLC/@30.1805055,-90.085819,14z/data=!4m8!1m2!2m1!1sPEC+Builders%2C+LLC!3m4!1s0x8620af056f88849f:0xd84765d4b85365ec!8m2!3d30.1805055!4d-90.085819","https://www.google.com/maps/place/PEC+Builders%2C+LLC/@30.1805055,-90.085819,13.99z/data=!4m16!1m7!3m6!1s0x8620af056f88849f:0xd84765d4b85365ec!2sPEC+Builders%2C+LLC!8m2!3d30.1805055!4d-90.085819!16s%2Fg%2F11ckvg1dmb!3m7!1s0x8620af056f88849f:0xd84765d4b85365ec!8m2!3d30.1805055!4d-90.085819!9m1!1b1!16s%2Fg%2F11ckvg1dmb?entry=ttu",ChIJn4SIbwWvIIYR7GVTuNRlR9g,0x8620af056f88849f:0xd84765d4b85365ec,15584536999838836204,/g/11fk3cm30l,-2862207073870715412,,pecbuildersnola@gmail.com,RECEIVING,SMTP validated,,,,,,,,,,,,,,,,,,,,,,,,,,,,,,,,,,,,,,,,,,,,,,,,,"General Contractor | Pec Builders, LLC | United States",Wix.com Website Builder,Full Service General Contractor,"Residential, commercial, foundation, new construction, plans",,
"custom home builder, 70123, New Orleans, LA, US",Fleur De Lis Construction,Fleur De Lis Construction,http://www.fdlconstruction.com/,General contractor,General contractor,General contractor,+1 504-305-1242,fixed line,"COMCAST PHONE OF LOUISIANA, LL",,"1509 Hickory Ave, New Orleans, LA 70123",None,1509 Hickory Ave,New Orleans,70123,Louisiana,Louisiana,United States of America,US,29.9600083,-90.2040014,894446541dbffff,America/Chicago,,False,4.3,3.0,https://search.google.com/local/reviews?placeid=ChIJ-yT7GW26IIYR1lGAzP0wTos&q=*&authuser=0&hl=en&gl=US,,,0.0,0.0,0.0,2.0,1.0,2.0,https://streetviewpixels-pa.googleapis.com/v1/thumbnail?panoid=o8ghquFqPPwTsT-5VXiF6g&cb_client=search.gws-prod.gps&w=800&h=500&yaw=51.757374&pitch=0&thumbfov=100,https://lh3.googleusercontent.com/p/AF1QipMaFW3fo1qsq0VXYzkWxYbHxGaUnqriVCibZ_fM=w1600-h1000-k-no,,"{""Sunday"": ""Closed"", ""Monday"": ""8AM-4PM"", ""Tuesday"": ""8AM-4PM"", ""Wednesday"": ""8AM-4PM"", ""Thursday"": ""8AM-4PM"", ""Friday"": ""8AM-4PM"", ""Saturday"": ""Closed""}","Sunday,|Monday,8AM,4PM|Tuesday,8AM,4PM|Wednesday,8AM,4PM|Thursday,8AM,4PM|Friday,8AM,4PM|Saturday,",Sunday:Closed|Monday:8AM-4PM|Tuesday:8AM-4PM|Wednesday:8AM-4PM|Thursday:8AM-4PM|Friday:8AM-4PM|Saturday:Closed,,,OPERATIONAL,"{""Accessibility"": {""Wheelchair accessible parking lot"": true}}",,,,https://lh6.googleusercontent.com/-CokUFaov9qU/AAAAAAAAAAI/AAAAAAAAAAA/xm27QWhCzmA/s44-p-k-no-ns-nd/photo.jpg,,,True,115242644258813012255,Fleur De Lis Construction,https://www.google.com/maps/contrib/115242644258813012255,,,,,"https://www.google.com/maps/place/Fleur+De+Lis+Construction/@29.9600083,-90.2040014,14z/data=!4m8!1m2!2m1!1sFleur+De+Lis+Construction!3m4!1s0x8620ba6d19fb24fb:0x8b4e30fdcc8051d6!8m2!3d29.9600083!4d-90.2040014","https://www.google.com/maps/place/Fleur+De+Lis+Construction/@29.9600083,-90.2040014,13.99z/data=!4m16!1m7!3m6!1s0x8620ba6d19fb24fb:0x8b4e30fdcc8051d6!2sFleur+De+Lis+Construction!8m2!3d29.9600083!4d-90.2040014!16s%2Fg%2F11ckvg1dmb!3m7!1s0x8620ba6d19fb24fb:0x8b4e30fdcc8051d6!8m2!3d29.9600083!4d-90.2040014!9m1!1b1!16s%2Fg%2F11ckvg1dmb?entry=ttu",ChIJ-yT7GW26IIYR1lGAzP0wTos,0x8620ba6d19fb24fb:0x8b4e30fdcc8051d6,10038014486071235030,/g/1tf9nm9x,-8408729587638316586,,kelly@fdlconstruction.com,RECEIVING,SMTP validated,,,,,,tommy@fdlconstruction.com,INVALID,Cannot validate,,,,,,timmy@fdlconstruction.com,RECEIVING,SMTP validated,,,,,,5043051242,fixed line,"COMCAST PHONE OF LOUISIANA, LL",,,,,,,,,,,,,,,,,,,,,,,,,Fleur de Lis Construction | Delivering top quality construction services at reasonable pricing since 2005.,WordPress 5.8.1,,,,
"custom home builder, 70123, New Orleans, LA, US",AM Home Improvements,Am Home Improvements,http://www.amhomela.com/,"Custom home builder, Bathroom remodeler, Construction company, Contractor, Service establishment, General contractor, Home improvement store, Kitchen remodeler, Remodeler",Contractor,Custom home builder,+1 504-222-2965,mobile,T-Mobile USA Inc.,,,,,,,,,,,29.8186066,-89.7529388,8944732c32bffff,America/Chicago,,True,5.0,3.0,https://search.google.com/local/reviews?placeid=ChIJWUwWy3ZTLGoR0kfLkINeSc0&q=*&authuser=0&hl=en&gl=US,,,0.0,0.0,0.0,0.0,3.0,39.0,https://lh3.googleusercontent.com/p/AF1QipNizqUoeMTgkgSn2w_I3K54wzOWIcpi77vxO4AX=w800-h500-k-no,https://lh3.googleusercontent.com/p/AF1QipNizqUoeMTgkgSn2w_I3K54wzOWIcpi77vxO4AX=w1600-h1000-k-no,,"{""Sunday"": ""Closed"", ""Monday"": ""9AM-6PM"", ""Tuesday"": ""9AM-6PM"", ""Wednesday"": ""9AM-6PM"", ""Thursday"": ""9AM-6PM"", ""Friday"": ""9AM-6PM"", ""Saturday"": ""9AM-5PM""}","Sunday,|Monday,9AM,6PM|Tuesday,9AM,6PM|Wednesday,9AM,6PM|Thursday,9AM,6PM|Friday,9AM,6PM|Saturday,9AM,5PM",Sunday:Closed|Monday:9AM-6PM|Tuesday:9AM-6PM|Wednesday:9AM-6PM|Thursday:9AM-6PM|Friday:9AM-6PM|Saturday:9AM-5PM,,,OPERATIONAL,{},,,,https://lh6.googleusercontent.com/-b9N_eGJMzEw/AAAAAAAAAAI/AAAAAAAAAAA/WCOUSOA-nWM/s44-p-k-no-ns-nd/photo.jpg,,,True,116075464837238286102,AM Home Improvements,https://www.google.com/maps/contrib/116075464837238286102,,,,,"https://www.google.com/maps/place/AM+Home+Improvements/@29.8186066,-89.7529388,14z/data=!4m8!1m2!2m1!1sAM+Home+Improvements!3m4!1s0x6a2c5376cb164c59:0xcd495e8390cb47d2!8m2!3d29.8186066!4d-89.7529388","https://www.google.com/maps/place/AM+Home+Improvements/@29.8186066,-89.7529388,13.99z/data=!4m16!1m7!3m6!1s0x6a2c5376cb164c59:0xcd495e8390cb47d2!2sAM+Home+Improvements!8m2!3d29.8186066!4d-89.7529388!16s%2Fg%2F11ckvg1dmb!3m7!1s0x6a2c5376cb164c59:0xcd495e8390cb47d2!8m2!3d29.8186066!4d-89.7529388!9m1!1b1!16s%2Fg%2F11ckvg1dmb?entry=ttu",ChIJWUwWy3ZTLGoR0kfLkINeSc0,0x6a2c5376cb164c59:0xcd495e8390cb47d2,14792458370238072786,/g/11pks2653c,-3654285703471478830,,amhomeimprovementsla@gmail.com,RECEIVING,SMTP validated,,,,,,,,,,,,,,,,,,,,,,,,,,,,,,,,,,,,,,,,,,,,,,,,,Contact | AM Home Improvements,Wix.com Website Builder,"Whether you are looking to build a new fence, bathroom remodel, or deck renovation we got you covered. Contact us today.",,False,False
"custom home builder, 70123, New Orleans, LA, US",Quality Pro Contractors LLC,Quality Pro Contractors,http://qualityprocontractorsllc.com/,"General contractor, Bathroom remodeler, Deck builder, Dry wall contractor, Service establishment, Flooring contractor, Painting, Remodeler",General contractor,General contractor,,,,,,,,,,,,,,29.646653999999998,-89.9526745,894473359bbffff,America/Chicago,,True,5.0,8.0,https://search.google.com/local/reviews?placeid=ChIJDVsoKcu9-AcRxp29GFg-ckg&q=*&authuser=0&hl=en&gl=US,,,0.0,0.0,0.0,0.0,8.0,62.0,https://lh3.googleusercontent.com/p/AF1QipPSLCVbJhZV1rWXlXolvuzMLZoWPpPGxY2mItbs=w800-h500-k-no,https://lh3.googleusercontent.com/p/AF1QipPSLCVbJhZV1rWXlXolvuzMLZoWPpPGxY2mItbs=w1600-h1000-k-no,,"{""Sunday"": ""Closed"", ""Monday"": ""7AM-5PM"", ""Tuesday"": ""7AM-5PM"", ""Wednesday"": ""7AM-5PM"", ""Thursday"": ""7AM-5PM"", ""Friday"": ""7AM-5PM"", ""Saturday"": ""8AM-3:30PM""}","Sunday,|Monday,7AM,5PM|Tuesday,7AM,5PM|Wednesday,7AM,5PM|Thursday,7AM,5PM|Friday,7AM,5PM|Saturday,8AM,3:30PM",Sunday:Closed|Monday:7AM-5PM|Tuesday:7AM-5PM|Wednesday:7AM-5PM|Thursday:7AM-5PM|Friday:7AM-5PM|Saturday:8AM-3:30PM,,,OPERATIONAL,{},,,,https://lh5.googleusercontent.com/-jgIZZO91QTo/AAAAAAAAAAI/AAAAAAAAAAA/x296-pFF01c/s44-p-k-no-ns-nd/photo.jpg,,,True,117475597546414767155,Quality Pro Contractors LLC,https://www.google.com/maps/contrib/117475597546414767155,,,,,"https://www.google.com/maps/place/Quality+Pro+Contractors+LLC/@29.646653999999998,-89.9526745,14z/data=!4m8!1m2!2m1!1sQuality+Pro+Contractors+LLC!3m4!1s0x7f8bdcb29285b0d:0x48723e5818bd9dc6!8m2!3d29.646653999999998!4d-89.9526745","https://www.google.com/maps/place/Quality+Pro+Contractors+LLC/@29.646653999999998,-89.9526745,13.99z/data=!4m16!1m7!3m6!1s0x7f8bdcb29285b0d:0x48723e5818bd9dc6!2sQuality+Pro+Contractors+LLC!8m2!3d29.646653999999998!4d-89.9526745!16s%2Fg%2F11ckvg1dmb!3m7!1s0x7f8bdcb29285b0d:0x48723e5818bd9dc6!8m2!3d29.646653999999998!4d-89.9526745!9m1!1b1!16s%2Fg%2F11ckvg1dmb?entry=ttu",ChIJDVsoKcu9-AcRxp29GFg-ckg,0x7f8bdcb29285b0d:0x48723e5818bd9dc6,5220303466168950214,/g/11xlgh6b15,5220303466168950214,,qualityprocontractorsllc@gmail.com,RECEIVING,Verified,,,,,,,,,,,,,,,,,,,,,,5046061945,mobile,T-Mobile USA Inc.,,,,,,,,,,,https://www.instagram.com/qualityprocontractorsllc,,,,,,,,,,,,,,Privacy Policy - Quality Pro Contractors LLC,WordPress 6.8.3,"Quality Pro Contractors LLC offers drywall installation, interior painting, and general contractor services in Kenner and Jefferson Parish. Call 504-606-1945 for a detailed quote.",,False,True
"custom home builder, 70123, New Orleans, LA, US",DC Home Interiors,Dc Home Interiors,http://www.dchomeinteriors.com/,Interior designer,Interior designer,Interior designer,+1 504-723-3130,mobile,T-Mobile USA Inc.,,"1520 Kuebel St #7, Elmwood, LA 70123",None,1520 Kuebel St #7,Elmwood,70123,Louisiana,Louisiana,United States of America,US,29.9638457,-90.1938289,8944465402bffff,America/Chicago,,False,4.5,31.0,https://search.google.com/local/reviews?placeid=ChIJhxpnDNS2IIYRIVK49BOJWUI&q=*&authuser=0&hl=en&gl=US,,,4.0,0.0,0.0,0.0,27.0,12.0,https://lh3.googleusercontent.com/p/AF1QipMf2qhlGlbldbZyh3JX0Xefyd2qDjkLBUW-zPR3=w800-h500-k-no,https://lh3.googleusercontent.com/p/AF1QipMf2qhlGlbldbZyh3JX0Xefyd2qDjkLBUW-zPR3=w1600-h1000-k-no,,"{""Sunday"": ""Closed"", ""Monday"": ""Closed"", ""Tuesday"": ""9AM-7PM"", ""Wednesday"": ""Closed"", ""Thursday"": ""9AM-2PM"", ""Friday"": ""Closed"", ""Saturday"": ""9AM-3PM""}","Sunday,|Monday,|Tuesday,9AM,7PM|Wednesday,|Thursday,9AM,2PM|Friday,|Saturday,9AM,3PM",Sunday:Closed|Monday:Closed|Tuesday:9AM-7PM|Wednesday:Closed|Thursday:9AM-2PM|Friday:Closed|Saturday:9AM-3PM,,,OPERATIONAL,"{""From the business"": {""Identifies as women-owned"": true}, ""Service options"": {""Online estimates"": true}, ""Accessibility"": {""Wheelchair accessible parking lot"": true}, ""Other"": {""Identifies as women-owned"": true}}",,,,https://lh5.googleusercontent.com/-vZQmVism1-I/AAAAAAAAAAI/AAAAAAAAAAA/d7N8PR_x9lc/s44-p-k-no-ns-nd/photo.jpg,,,True,108470061812264269703,DC Home Interiors,https://www.google.com/maps/contrib/108470061812264269703,,,,,"https://www.google.com/maps/place/DC+Home+Interiors/@29.9638457,-90.1938289,14z/data=!4m8!1m2!2m1!1sDC+Home+Interiors!3m4!1s0x8620b6d40c671a87:0x42598913f4b85221!8m2!3d29.9638457!4d-90.1938289","https://www.google.com/maps/place/DC+Home+Interiors/@29.9638457,-90.1938289,13.99z/data=!4m16!1m7!3m6!1s0x8620b6d40c671a87:0x42598913f4b85221!2sDC+Home+Interiors!8m2!3d29.9638457!4d-90.1938289!16s%2Fg%2F11ckvg1dmb!3m7!1s0x8620b6d40c671a87:0x42598913f4b85221!8m2!3d29.9638457!4d-90.1938289!9m1!1b1!16s%2Fg%2F11ckvg1dmb?entry=ttu",ChIJhxpnDNS2IIYRIVK49BOJWUI,0x8620b6d40c671a87:0x42598913f4b85221,4781003198233596449,/g/1tgtfvyd,4781003198233596449,,dchomeinteriors@yahoo.com,RECEIVING,SMTP validated,,,,,,,,,,,,,,,,,,,,,,5047233130,mobile,T-Mobile USA Inc.,,15047233130,mobile,T-Mobile USA Inc.,,,,,,https://www.facebook.com/dchomeinteriors/,https://www.instagram.com/dchomeinteriors,,,,,,,,,,,,,,DC Home Interiors - Full service interior design firm,WordPress 5.9.3,"DC Home Interiors is a full service interior design firm servicing the Greater New Orleans area. Our projects range from residential to commercial, luxury to casual. Additionally, we offer online services with e-design.",,,
"custom home builder, 70123, New Orleans, LA, US",CPC Premier Residential Remodeling,Cpc Premier Residential Remodeling,https://cpcrez.com/,"Custom home builder, Bathroom remodeler, Carpenter, General contractor, Dry wall contractor, Flooring contractor, Home builder, Kitchen remodeler, Siding contractor, Window installation service",General contractor,Custom home builder,+1 504-481-5678,mobile,"NEW CINGULAR WIRELESS PCS, LLC - GA",,"924 Maria St, Kenner, LA 70062",None,924 Maria St,Kenner,70062,Louisiana,Louisiana,United States of America,US,29.9819723,-90.2485942,89444656b47ffff,America/Chicago,,False,5.0,41.0,https://search.google.com/local/reviews?placeid=ChIJdSzJ0127IIYRSJ967g6S_7o&q=*&authuser=0&hl=en&gl=US,,,0.0,0.0,0.0,0.0,41.0,31.0,https://lh3.googleusercontent.com/gps-cs-s/AG0ilSy4tsufej9Yb_Cz5t1BHb5aPj213HUvhZ3Rqpl8cIUf3bGTbok4zHbC0pZLFUFgQ3SEwFpQaEv-KI-cWwX5qcmsc2HTdxX1plsjrswKDpW4S07b1FwdKGfH5oDaMgfAVsJDGlW6=w800-h500-k-no,https://lh3.googleusercontent.com/gps-cs-s/AG0ilSy4tsufej9Yb_Cz5t1BHb5aPj213HUvhZ3Rqpl8cIUf3bGTbok4zHbC0pZLFUFgQ3SEwFpQaEv-KI-cWwX5qcmsc2HTdxX1plsjrswKDpW4S07b1FwdKGfH5oDaMgfAVsJDGlW6=w1600-h1000-k-no,,"{""Sunday"": ""Closed"", ""Monday"": ""7AM-7PM"", ""Tuesday"": ""7AM-7PM"", ""Wednesday"": ""7AM-7PM"", ""Thursday"": ""7AM-7PM"", ""Friday"": ""7AM-7PM"", ""Saturday"": ""7AM-7PM""}","Sunday,|Monday,7AM,7PM|Tuesday,7AM,7PM|Wednesday,7AM,7PM|Thursday,7AM,7PM|Friday,7AM,7PM|Saturday,7AM,7PM",Sunday:Closed|Monday:7AM-7PM|Tuesday:7AM-7PM|Wednesday:7AM-7PM|Thursday:7AM-7PM|Friday:7AM-7PM|Saturday:7AM-7PM,,,OPERATIONAL,"{""From the business"": {""Identifies as veteran-owned"": true}, ""Service options"": {""Onsite services"": true, ""Language assistance"": ""English""}, ""Accessibility"": {""Wheelchair accessible parking lot"": true}, ""Other"": {""Identifies as veteran-owned"": true}}",,,,https://lh5.googleusercontent.com/-bul_hwbrs_g/AAAAAAAAAAI/AAAAAAAAAAA/zERXiqu7zek/s44-p-k-no-ns-nd/photo.jpg,,,True,105663598162386540411,CPC Premier Residential Remodeling,https://www.google.com/maps/contrib/105663598162386540411,,,,,"https://www.google.com/maps/place/CPC+Premier+Residential+Remodeling/@29.9819723,-90.2485942,14z/data=!4m8!1m2!2m1!1sCPC+Premier+Residential+Remodeling!3m4!1s0x8620bb5dd3c92c75:0xbaff920eee7a9f48!8m2!3d29.9819723!4d-90.2485942","https://www.google.com/maps/place/CPC+Premier+Residential+Remodeling/@29.9819723,-90.2485942,13.99z/data=!4m16!1m7!3m6!1s0x8620bb5dd3c92c75:0xbaff920eee7a9f48!2sCPC+Premier+Residential+Remodeling!8m2!3d29.9819723!4d-90.2485942!16s%2Fg%2F11ckvg1dmb!3m7!1s0x8620bb5dd3c92c75:0xbaff920eee7a9f48!8m2!3d29.9819723!4d-90.2485942!9m1!1b1!16s%2Fg%2F11ckvg1dmb?entry=ttu",ChIJdSzJ0127IIYRSJ967g6S_7o,0x8620bb5dd3c92c75:0xbaff920eee7a9f48,13474649202944024392,/g/11vcl69gjm,-4972094870765527224,,chiefproconsultingllc@gmail.com,RECEIVING,SMTP validated,,,,,,,,,,,,,,,,,,,,,,,,,,,,,,,,,,,,,,,,,,,,,,,,,"Contact | Cpc Premier Residential Remodeling | Jefferson, LA",Wix.com Website Builder,"We are a customer service driven residential remodeling company in the greater Nola area. We strive to turn your visions into your reality. We are veteran owned and operated, licensed and insured.",,False,False
"custom home builder, 70123, New Orleans, LA, US","Above All Construction, LLC",Above All Construction,https://aboveallconstructionllc.com/,"Construction company, Bathroom remodeler, Carpenter, Roofing contractor, Contractor, General contractor, Kitchen remodeler, Painter, Siding contractor",Roofing contractor,Construction company,+1 504-446-3271,mobile,T-Mobile USA Inc.,,"301 Little Farms Ave, River Ridge, LA 70123",None,301 Little Farms Ave,River Ridge,70123,Louisiana,Louisiana,United States of America,US,29.9673913,-90.2217467,894446541b3ffff,America/Chicago,,False,4.9,115.0,https://search.google.com/local/reviews?placeid=ChIJ4xHnL4G7IIYRdCtNMTyLshM&q=*&authuser=0&hl=en&gl=US,,,4.0,0.0,0.0,0.0,111.0,252.0,https://lh3.googleusercontent.com/p/AF1QipOCxVHvGCL-jXRGvwFNORNekwMTT3IwOakPiAKS=w800-h500-k-no,https://lh3.googleusercontent.com/p/AF1QipOCxVHvGCL-jXRGvwFNORNekwMTT3IwOakPiAKS=w1600-h1000-k-no,,"{""Sunday"": ""Closed"", ""Monday"": ""8AM-8PM"", ""Tuesday"": ""8AM-8PM"", ""Wednesday"": ""8AM-8PM"", ""Thursday"": ""8AM-8PM"", ""Friday"": ""8AM-8PM"", ""Saturday"": ""Closed""}","Sunday,|Monday,8AM,8PM|Tuesday,8AM,8PM|Wednesday,8AM,8PM|Thursday,8AM,8PM|Friday,8AM,8PM|Saturday,",Sunday:Closed|Monday:8AM-8PM|Tuesday:8AM-8PM|Wednesday:8AM-8PM|Thursday:8AM-8PM|Friday:8AM-8PM|Saturday:Closed,,,OPERATIONAL,"{""Service options"": {""Onsite services"": true, ""Online estimates"": false, ""Language assistance"": ""English, Russian, Spanish, Ukrainian""}}",,,,https://lh6.googleusercontent.com/-NfGrZTbiVpY/AAAAAAAAAAI/AAAAAAAAAAA/ltLF-1vuB-Y/s44-p-k-no-ns-nd/photo.jpg,,,True,107306567912928883045,"Above All Construction, LLC",https://www.google.com/maps/contrib/107306567912928883045,,https://aboveallconstructionllc.com/contact/,,https://aboveallconstructionllc.com/contact/,"https://www.google.com/maps/place/Above+All+Construction%2C+LLC/@29.9673913,-90.2217467,14z/data=!4m8!1m2!2m1!1sAbove+All+Construction%2C+LLC!3m4!1s0x8620bb812fe711e3:0x13b28b3c314d2b74!8m2!3d29.9673913!4d-90.2217467","https://www.google.com/maps/place/Above+All+Construction%2C+LLC/@29.9673913,-90.2217467,13.99z/data=!4m16!1m7!3m6!1s0x8620bb812fe711e3:0x13b28b3c314d2b74!2sAbove+All+Construction%2C+LLC!8m2!3d29.9673913!4d-90.2217467!16s%2Fg%2F11ckvg1dmb!3m7!1s0x8620bb812fe711e3:0x13b28b3c314d2b74!8m2!3d29.9673913!4d-90.2217467!9m1!1b1!16s%2Fg%2F11ckvg1dmb?entry=ttu",ChIJ4xHnL4G7IIYRdCtNMTyLshM,0x8620bb812fe711e3:0x13b28b3c314d2b74,1419349923216567156,/g/11g1909gr0,1419349923216567156,,pete@aboveallconstructionllc.com,RECEIVING,SMTP validated,,,,,,desiree@aboveallconstructionllc.com,RECEIVING,SMTP validated,,,,,,support@aboveallconstructionllc.com,RECEIVING,Role,,,,,,5044463271,mobile,T-Mobile USA Inc.,,15044463271,mobile,T-Mobile USA Inc.,,,,,,https://www.facebook.com/AboveAllConstruction2020/,,,,,,,,,,,,,,,"Our Work | Roofing and Construction Projects | River Ridge, LA | Above All Contractors LLC",WordPress 6.8.2,Discover our past projects and see the quality of work we deliver. Visit us today to explore our successful construction and remodeling projects!,,False,False
"custom home builder, 70123, New Orleans, LA, US",Hoell Construction,Hoell Construction,https://www.hoellconstruction.com/%3Futm_source%3Dgoogle%26utm_medium%3Dwix_google_business_profile%26utm_campaign%3D9759031854576115245,"General contractor, Service establishment",General contractor,General contractor,+1 508-523-1355,mobile,CELLCO PARTNERSHIP DBA VERIZON WIRELESS - MA,,,,,,,,,,,30.026535,-89.9526745,89444641303ffff,America/Chicago,,True,,,,,,,,,,,5.0,https://lh3.googleusercontent.com/p/AF1QipOXAhVxIY9aovgGl6D8eWwXLi41l6QkJGS1VqyB=w800-h500-k-no,https://lh3.googleusercontent.com/p/AF1QipOXAhVxIY9aovgGl6D8eWwXLi41l6QkJGS1VqyB=w1600-h1000-k-no,,,,,,,OPERATIONAL,{},,,,https://lh6.googleusercontent.com/-K5gf9EKC4AA/AAAAAAAAAAI/AAAAAAAAAAA/F08hWzKSDj0/s44-p-k-no-ns-nd/photo.jpg,,,True,103401757438151607625,Hoell Construction,https://www.google.com/maps/contrib/103401757438151607625,,,,,"https://www.google.com/maps/place/Hoell+Construction/@30.026535,-89.9526745,14z/data=!4m8!1m2!2m1!1sHoell+Construction!3m4!1s0x496a85d0dddb97e5:0xcd3c36201c9eeb2c!8m2!3d30.026535!4d-89.9526745","https://www.google.com/maps/place/Hoell+Construction/@30.026535,-89.9526745,13.99z/data=!4m16!1m7!3m6!1s0x496a85d0dddb97e5:0xcd3c36201c9eeb2c!2sHoell+Construction!8m2!3d30.026535!4d-89.9526745!16s%2Fg%2F11ckvg1dmb!3m7!1s0x496a85d0dddb97e5:0xcd3c36201c9eeb2c!8m2!3d30.026535!4d-89.9526745!9m1!1b1!16s%2Fg%2F11ckvg1dmb?entry=ttu",ChIJ5Zfb3dCFakkRLOueHCA2PM0,0x496a85d0dddb97e5:0xcd3c36201c9eeb2c,14788754787924896556,/g/11x6d5tzk5,None,,thoell@hoellconstruction.com,RECEIVING,SMTP validated,,,,,,,,,,,,,,,,,,,,,,,,,,,,,,,,,,,,,,,,,,,,,,,,,HOME | hoellconstruction,Wix.com Website Builder,,,,
"custom home builder, 70123, New Orleans, LA, US","Deluxe Construction & Handyman, LLC",Deluxe Construction And Handyman,,"Construction company, Service establishment",Construction company,Construction company,+1 504-875-0625,mobile,"NEW CINGULAR WIRELESS PCS, LLC - GA",,,,,,,,,,,30.0326605,-90.01078749999999,8944464037bffff,America/Chicago,,True,,,,,,,,,,,,,,,"{""Sunday"": ""Closed"", ""Monday"": ""7AM-5PM"", ""Tuesday"": ""7AM-5PM"", ""Wednesday"": ""7AM-5PM"", ""Thursday"": ""7AM-5PM"", ""Friday"": ""Open 24 hours"", ""Saturday"": ""8AM-5PM""}","Sunday,|Monday,7AM,5PM|Tuesday,7AM,5PM|Wednesday,7AM,5PM|Thursday,7AM,5PM|Friday,Open 24 hours|Saturday,8AM,5PM",Sunday:Closed|Monday:7AM-5PM|Tuesday:7AM-5PM|Wednesday:7AM-5PM|Thursday:7AM-5PM|Friday:Open 24 hours|Saturday:8AM-5PM,,,OPERATIONAL,{},,,,https://lh3.googleusercontent.com/-nkZdSnQjG_M/AAAAAAAAAAI/AAAAAAAAAAA/MynpcNIZKRs/s44-p-k-no-ns-nd/photo.jpg,,,True,102611615755021963639,"Deluxe Construction & Handyman, LLC",https://www.google.com/maps/contrib/102611615755021963639,,,,,"https://www.google.com/maps/place/Deluxe+Construction+%26+Handyman%2C+LLC/@30.0326605,-90.01078749999999,14z/data=!4m8!1m2!2m1!1sDeluxe+Construction+%26+Handyman%2C+LLC!3m4!1s0x923ac863efe41b3:0xec151f688296fa29!8m2!3d30.0326605!4d-90.01078749999999","https://www.google.com/maps/place/Deluxe+Construction+%26+Handyman%2C+LLC/@30.0326605,-90.01078749999999,13.99z/data=!4m16!1m7!3m6!1s0x923ac863efe41b3:0xec151f688296fa29!2sDeluxe+Construction+%26+Handyman%2C+LLC!8m2!3d30.0326605!4d-90.01078749999999!16s%2Fg%2F11ckvg1dmb!3m7!1s0x923ac863efe41b3:0xec151f688296fa29!8m2!3d30.0326605!4d-90.01078749999999!9m1!1b1!16s%2Fg%2F11ckvg1dmb?entry=ttu",ChIJs0H-PoasIwkRKfqWgmgfFew,0x923ac863efe41b3:0xec151f688296fa29,17011537701189909033,/g/11vbz3sc7v,None,,,,,,,,,,,,,,,,,,,,,,,,,,,,,,,,,,,,,,,,,,,,,,,,,,,,,,,,,,
"custom home builder, 70123, New Orleans, LA, US",JJ Costa Company,Jj Costa Company,http://jjcostacompany.com/,General contractor,General contractor,General contractor,+1 504-834-5594,fixed line,"BANDWIDTH.COM CLEC, LLC - LA",,"2708 L and A Rd, Metairie, LA 70001",None,2708 L and A Rd,Metairie,70001,Louisiana,Louisiana,United States of America,US,29.9726713,-90.15129549999999,89444655133ffff,America/Chicago,,False,5.0,5.0,https://search.google.com/local/reviews?placeid=ChIJn1SB9Kq6IIYRd0-Gh43Wnjw&q=*&authuser=0&hl=en&gl=US,,,0.0,0.0,0.0,0.0,5.0,1.0,https://streetviewpixels-pa.googleapis.com/v1/thumbnail?panoid=I6Mgc6WNiSEgLVmJ6OgzkQ&cb_client=search.gws-prod.gps&w=800&h=500&yaw=357.43634&pitch=0&thumbfov=100,https://streetviewpixels-pa.googleapis.com/v1/thumbnail?panoid=I6Mgc6WNiSEgLVmJ6OgzkQ&cb_client=search.gws-prod.gps&w=1600&h=1000&yaw=357.43634&pitch=0&thumbfov=100,,"{""Sunday"": ""Closed"", ""Monday"": ""8AM-5PM"", ""Tuesday"": ""8AM-5PM"", ""Wednesday"": ""8AM-5PM"", ""Thursday"": ""8AM-5PM"", ""Friday"": ""8AM-5PM"", ""Saturday"": ""Closed""}","Sunday,|Monday,8AM,5PM|Tuesday,8AM,5PM|Wednesday,8AM,5PM|Thursday,8AM,5PM|Friday,8AM,5PM|Saturday,",Sunday:Closed|Monday:8AM-5PM|Tuesday:8AM-5PM|Wednesday:8AM-5PM|Thursday:8AM-5PM|Friday:8AM-5PM|Saturday:Closed,,,OPERATIONAL,"{""Accessibility"": {""Wheelchair accessible parking lot"": true}}",,,,,,,False,None,JJ Costa Company,,,,,,"https://www.google.com/maps/place/JJ+Costa+Company/@29.9726713,-90.15129549999999,14z/data=!4m8!1m2!2m1!1sJJ+Costa+Company!3m4!1s0x8620baaaf481549f:0x3c9ed68d87864f77!8m2!3d29.9726713!4d-90.15129549999999","https://www.google.com/maps/place/JJ+Costa+Company/@29.9726713,-90.15129549999999,13.99z/data=!4m16!1m7!3m6!1s0x8620baaaf481549f:0x3c9ed68d87864f77!2sJJ+Costa+Company!8m2!3d29.9726713!4d-90.15129549999999!16s%2Fg%2F11ckvg1dmb!3m7!1s0x8620baaaf481549f:0x3c9ed68d87864f77!8m2!3d29.9726713!4d-90.15129549999999!9m1!1b1!16s%2Fg%2F11ckvg1dmb?entry=ttu",ChIJn1SB9Kq6IIYRd0-Gh43Wnjw,0x8620baaaf481549f:0x3c9ed68d87864f77,4368164591948418935,/g/1tnjjycd,4368164591948418935,,jjcostaco@gmail.com,RECEIVING,SMTP validated,,,,,,info@jjcostacompany.com,RECEIVING,Role,,,,,,,,,,,,,,15048325597,landline,,,15048345594,fixed line,"BANDWIDTH.COM CLEC, LLC - LA",,5048345594,fixed line,"BANDWIDTH.COM CLEC, LLC - LA",,https://www.facebook.com/jjcostacompanyllc/,,https://www.linkedin.com/company/jjcostacompany.com/,,,,,,,,,,,,,Pittman House - JJ Costa Company,WordPress 5.8.1,,,False,False
"custom home builder, 70123, New Orleans, LA, US",Custom III Paint Services,Custom Iii Paint Services,,"Painter, Service establishment",Painter,Painter,+1 504-321-2755,landline,Centurylink,True,,,,,,,,,,29.6421305,-90.33333999999999,894446c2817ffff,America/Chicago,,True,5.0,1.0,https://search.google.com/local/reviews?placeid=ChIJ2zYFgp_P1yARhkJ1FLUVryU&q=*&authuser=0&hl=en&gl=US,,,0.0,0.0,0.0,0.0,1.0,28.0,https://lh3.googleusercontent.com/p/AF1QipNPhDmeDJKmjVjAJfh-zhLJ7RNz1Uh93CFUknvK=w800-h500-k-no,https://lh3.googleusercontent.com/p/AF1QipNPhDmeDJKmjVjAJfh-zhLJ7RNz1Uh93CFUknvK=w1600-h1000-k-no,,"{""Sunday"": ""Closed"", ""Monday"": ""7AM-3PM"", ""Tuesday"": ""7AM-3PM"", ""Wednesday"": ""7AM-3PM"", ""Thursday"": ""7AM-3PM"", ""Friday"": ""7AM-3PM"", ""Saturday"": ""Closed""}","Sunday,|Monday,7AM,3PM|Tuesday,7AM,3PM|Wednesday,7AM,3PM|Thursday,7AM,3PM|Friday,7AM,3PM|Saturday,",Sunday:Closed|Monday:7AM-3PM|Tuesday:7AM-3PM|Wednesday:7AM-3PM|Thursday:7AM-3PM|Friday:7AM-3PM|Saturday:Closed,,,OPERATIONAL,{},,,,https://lh6.googleusercontent.com/-UIZCnriKur4/AAAAAAAAAAI/AAAAAAAAAAA/UhRe9AJr69U/s44-p-k-no-ns-nd/photo.jpg,,,True,110807924962513357580,Custom III Paint Services,https://www.google.com/maps/contrib/110807924962513357580,,,,,"https://www.google.com/maps/place/Custom+III+Paint+Services/@29.6421305,-90.33333999999999,14z/data=!4m8!1m2!2m1!1sCustom+III+Paint+Services!3m4!1s0x20d7cf9f820536db:0x25af15b514754286!8m2!3d29.6421305!4d-90.33333999999999","https://www.google.com/maps/place/Custom+III+Paint+Services/@29.6421305,-90.33333999999999,13.99z/data=!4m16!1m7!3m6!1s0x20d7cf9f820536db:0x25af15b514754286!2sCustom+III+Paint+Services!8m2!3d29.6421305!4d-90.33333999999999!16s%2Fg%2F11ckvg1dmb!3m7!1s0x20d7cf9f820536db:0x25af15b514754286!8m2!3d29.6421305!4d-90.33333999999999!9m1!1b1!16s%2Fg%2F11ckvg1dmb?entry=ttu",ChIJ2zYFgp_P1yARhkJ1FLUVryU,0x20d7cf9f820536db:0x25af15b514754286,2715412967804191366,/g/11jz5qdrqg,2715412967804191366,,,,,,,,,,,,,,,,,,,,,,,,,,,,,,,,,,,,,,,,,,,,,,,,,,,,,,,,,,
"custom home builder, 70123, New Orleans, LA, US",Mitchell's Home Repairs,Mitchells Home Repairs,https://www.mitchellshomerepairs.net/,"General contractor, Service establishment",General contractor,General contractor,+1 504-261-5646,mobile,CELLCO PARTNERSHIP DBA VERIZON,,,,,,,,,,,29.646653999999998,-89.9526745,894473359bbffff,America/Chicago,,True,,,,,,,,,,,6.0,https://lh3.googleusercontent.com/p/AF1QipM-t-aFb4OP6iSyer0_1uw-Nt13JFTUSJ0vQLbE=w800-h500-k-no,https://lh3.googleusercontent.com/p/AF1QipM-t-aFb4OP6iSyer0_1uw-Nt13JFTUSJ0vQLbE=w1600-h1000-k-no,,"{""Sunday"": ""Closed"", ""Monday"": ""7AM-7PM"", ""Tuesday"": ""7AM-7PM"", ""Wednesday"": ""7AM-7PM"", ""Thursday"": ""7AM-7PM"", ""Friday"": ""7AM-7PM"", ""Saturday"": ""7AM-7PM""}","Sunday,|Monday,7AM,7PM|Tuesday,7AM,7PM|Wednesday,7AM,7PM|Thursday,7AM,7PM|Friday,7AM,7PM|Saturday,7AM,7PM",Sunday:Closed|Monday:7AM-7PM|Tuesday:7AM-7PM|Wednesday:7AM-7PM|Thursday:7AM-7PM|Friday:7AM-7PM|Saturday:7AM-7PM,,,OPERATIONAL,{},,,,https://lh4.googleusercontent.com/-2IMpDKiDNrM/AAAAAAAAAAI/AAAAAAAAAAA/lOcRoi24Fxg/s44-p-k-no-ns-nd/photo.jpg,,,True,110061113545730096687,Mitchell's Home Repairs,https://www.google.com/maps/contrib/110061113545730096687,,,,,"https://www.google.com/maps/place/Mitchell%27s+Home+Repairs/@29.646653999999998,-89.9526745,14z/data=!4m8!1m2!2m1!1sMitchell%27s+Home+Repairs!3m4!1s0x65831272ea61177b:0x88b8e7707e201919!8m2!3d29.646653999999998!4d-89.9526745","https://www.google.com/maps/place/Mitchell%27s+Home+Repairs/@29.646653999999998,-89.9526745,13.99z/data=!4m16!1m7!3m6!1s0x65831272ea61177b:0x88b8e7707e201919!2sMitchell%27s+Home+Repairs!8m2!3d29.646653999999998!4d-89.9526745!16s%2Fg%2F11ckvg1dmb!3m7!1s0x65831272ea61177b:0x88b8e7707e201919!8m2!3d29.646653999999998!4d-89.9526745!9m1!1b1!16s%2Fg%2F11ckvg1dmb?entry=ttu",ChIJexdh6nISg2URGRkgfnDnuIg,0x65831272ea61177b:0x88b8e7707e201919,9851878655211346201,/g/11svq9vbm2,None,,,,,,,,,,,,,,,,,,,,,,,,,,5042615646,mobile,CELLCO PARTNERSHIP DBA VERIZON,,,,,,,,,,,,,,,,,,,,,,,,,,,,,,
"custom home builder, 70123, New Orleans, LA, US",Custom Drywall & Painting,Custom Drywall And Painting,,Dry wall contractor,Dry wall contractor,Dry wall contractor,+1 504-723-4029,mobile,T-Mobile USA Inc.,,"1436 Hickory Ave, Harahan, LA 70123",None,1436 Hickory Ave,Harahan,70123,Louisiana,Louisiana,United States of America,US,29.9592833,-90.2042977,894446540afffff,America/Chicago,,False,2.0,3.0,https://search.google.com/local/reviews?placeid=ChIJWz3k-my6IIYR0PMPkea665Q&q=*&authuser=0&hl=en&gl=US,,,2.0,0.0,0.0,1.0,0.0,1.0,https://streetviewpixels-pa.googleapis.com/v1/thumbnail?panoid=MbyQKl9Q93jXOIEKoJdLaQ&cb_client=search.gws-prod.gps&w=800&h=500&yaw=248.07327&pitch=0&thumbfov=100,https://streetviewpixels-pa.googleapis.com/v1/thumbnail?panoid=MbyQKl9Q93jXOIEKoJdLaQ&cb_client=search.gws-prod.gps&w=1600&h=1000&yaw=248.07327&pitch=0&thumbfov=100,,,,,,,CLOSED_TEMPORARILY,{},,,,,,,False,None,Custom Drywall & Painting,,,,,,"https://www.google.com/maps/place/Custom+Drywall+%26+Painting/@29.9592833,-90.2042977,14z/data=!4m8!1m2!2m1!1sCustom+Drywall+%26+Painting!3m4!1s0x8620ba6cfae43d5b:0x94ebbae6910ff3d0!8m2!3d29.9592833!4d-90.2042977","https://www.google.com/maps/place/Custom+Drywall+%26+Painting/@29.9592833,-90.2042977,13.99z/data=!4m16!1m7!3m6!1s0x8620ba6cfae43d5b:0x94ebbae6910ff3d0!2sCustom+Drywall+%26+Painting!8m2!3d29.9592833!4d-90.2042977!16s%2Fg%2F11ckvg1dmb!3m7!1s0x8620ba6cfae43d5b:0x94ebbae6910ff3d0!8m2!3d29.9592833!4d-90.2042977!9m1!1b1!16s%2Fg%2F11ckvg1dmb?entry=ttu",ChIJWz3k-my6IIYR0PMPkea665Q,0x8620ba6cfae43d5b:0x94ebbae6910ff3d0,10730876036579324880,/g/1tfnyyyw,-7715868037130226736,,,,,,,,,,,,,,,,,,,,,,,,,,,,,,,,,,,,,,,,,,,,,,,,,,,,,,,,,,
"custom home builder, 70124, New Orleans, LA, US",Caledonia Construction LLC,Caledonia Construction,https://caledoniaconstruction.net/,"Construction company, Service establishment",Construction company,Construction company,+1 504-400-5630,mobile,"NEW CINGULAR WIRELESS PCS, LLC - GA",,,,,,,,,,,30.135264,-90.085819,8944464530fffff,America/Chicago,,True,5.0,8.0,https://search.google.com/local/reviews?placeid=ChIJz6ZzNzaI70ARhc4c4m5Na7I&q=*&authuser=0&hl=en&gl=US,,,0.0,0.0,0.0,0.0,8.0,22.0,https://lh3.googleusercontent.com/p/AF1QipNpT00WZ84NKDolCCNgao9gLmpTrzr3rxzp-NCM=w800-h500-k-no,https://lh3.googleusercontent.com/p/AF1QipNpT00WZ84NKDolCCNgao9gLmpTrzr3rxzp-NCM=w1600-h1000-k-no,,"{""Sunday"": ""Closed"", ""Monday"": ""7AM-6PM"", ""Tuesday"": ""7AM-6PM"", ""Wednesday"": ""7AM-6PM"", ""Thursday"": ""7AM-6PM"", ""Friday"": ""7AM-6PM"", ""Saturday"": ""8AM-2PM""}","Sunday,|Monday,7AM,6PM|Tuesday,7AM,6PM|Wednesday,7AM,6PM|Thursday,7AM,6PM|Friday,7AM,6PM|Saturday,8AM,2PM",Sunday:Closed|Monday:7AM-6PM|Tuesday:7AM-6PM|Wednesday:7AM-6PM|Thursday:7AM-6PM|Friday:7AM-6PM|Saturday:8AM-2PM,,,OPERATIONAL,{},,,,https://lh4.googleusercontent.com/-hANWx4nTYnw/AAAAAAAAAAI/AAAAAAAAAAA/4871M3amRuU/s44-p-k-no-ns-nd/photo.jpg,,,True,112736867429330358072,Caledonia Construction LLC,https://www.google.com/maps/contrib/112736867429330358072,,,,,"https://www.google.com/maps/place/Caledonia+Construction+LLC/@30.135264,-90.085819,14z/data=!4m8!1m2!2m1!1sCaledonia+Construction+LLC!3m4!1s0x40ef88363773a6cf:0xb26b4d6ee21cce85!8m2!3d30.135264!4d-90.085819","https://www.google.com/maps/place/Caledonia+Construction+LLC/@30.135264,-90.085819,13.99z/data=!4m16!1m7!3m6!1s0x40ef88363773a6cf:0xb26b4d6ee21cce85!2sCaledonia+Construction+LLC!8m2!3d30.135264!4d-90.085819!16s%2Fg%2F11ckvg1dmb!3m7!1s0x40ef88363773a6cf:0xb26b4d6ee21cce85!8m2!3d30.135264!4d-90.085819!9m1!1b1!16s%2Fg%2F11ckvg1dmb?entry=ttu",ChIJz6ZzNzaI70ARhc4c4m5Na7I,0x40ef88363773a6cf:0xb26b4d6ee21cce85,12856454699894492805,/g/11vjpjyz87,-5590289373815058811,,james@caledoniaconstruction.net,RECEIVING,Verified,,,,,,,,,,,,,,,,,,,,,,5044005630,mobile,"NEW CINGULAR WIRELESS PCS, LLC - GA",,,,,,,,,,https://www.facebook.com/people/Caledonia-Construction/61561424701186/,,,,,,,,,,,,,,,"Caledonia Construction LLC | Renovations | New Orleans, LA, USA",Wix.com Website Builder,Caledonia Construction LLC | Finished Carpentry Specialists / Bathrooms / Kitchens / Decks and Fencing,,False,False
"custom home builder, 70124, New Orleans, LA, US",Borrouso Construction,Borrouso Construction,https://borrousoconstruction.com/,Construction company,Construction company,Construction company,+1 504-228-4601,mobile,CELLCO PARTNERSHIP DBA VERIZON WIRELESS - LA,,"3531 Ridgelake Dr Unit 4, Metairie, LA 70002",None,3531 Ridgelake Dr Unit 4,Metairie,70002,Louisiana,Louisiana,United States of America,US,30.0134609,-90.1529321,8944465587bffff,America/Chicago,,False,5.0,24.0,https://search.google.com/local/reviews?placeid=ChIJzyaPopSxIIYR47rsb-gR6Ec&q=*&authuser=0&hl=en&gl=US,,,0.0,0.0,0.0,0.0,24.0,301.0,https://lh3.googleusercontent.com/p/AF1QipPV-f1ZrK0K0xKKGgfuSNByxxuYxLzD6yqMBzI8=w800-h500-k-no,https://lh3.googleusercontent.com/p/AF1QipPV-f1ZrK0K0xKKGgfuSNByxxuYxLzD6yqMBzI8=w1600-h1000-k-no,,"{""Sunday"": ""9AM-4PM"", ""Monday"": ""8AM-7PM"", ""Tuesday"": ""8AM-7PM"", ""Wednesday"": ""8AM-7PM"", ""Thursday"": ""8AM-7PM"", ""Friday"": ""8AM-7PM"", ""Saturday"": ""8AM-7PM""}","Sunday,9AM,4PM|Monday,8AM,7PM|Tuesday,8AM,7PM|Wednesday,8AM,7PM|Thursday,8AM,7PM|Friday,8AM,7PM|Saturday,8AM,7PM",Sunday:9AM-4PM|Monday:8AM-7PM|Tuesday:8AM-7PM|Wednesday:8AM-7PM|Thursday:8AM-7PM|Friday:8AM-7PM|Saturday:8AM-7PM,,,OPERATIONAL,"{""Service options"": {""Onsite services"": true}}",,,,https://lh4.googleusercontent.com/-csaYCzo2ILU/AAAAAAAAAAI/AAAAAAAAAAA/wJnHWUsz0aQ/s44-p-k-no-ns-nd/photo.jpg,,,True,110776341729213991753,Borrouso Construction,https://www.google.com/maps/contrib/110776341729213991753,,,,,"https://www.google.com/maps/place/Borrouso+Construction/@30.0134609,-90.1529321,14z/data=!4m8!1m2!2m1!1sBorrouso+Construction!3m4!1s0x8620b194a28f26cf:0x47e811e86fecbae3!8m2!3d30.0134609!4d-90.1529321","https://www.google.com/maps/place/Borrouso+Construction/@30.0134609,-90.1529321,13.99z/data=!4m16!1m7!3m6!1s0x8620b194a28f26cf:0x47e811e86fecbae3!2sBorrouso+Construction!8m2!3d30.0134609!4d-90.1529321!16s%2Fg%2F11ckvg1dmb!3m7!1s0x8620b194a28f26cf:0x47e811e86fecbae3!8m2!3d30.0134609!4d-90.1529321!9m1!1b1!16s%2Fg%2F11ckvg1dmb?entry=ttu",ChIJzyaPopSxIIYR47rsb-gR6Ec,0x8620b194a28f26cf:0x47e811e86fecbae3,5181411061297625827,/g/11rzg12k26,5181411061297625827,,info@borrousoconstruction.com,INVALID,Invalid DNS,,,,,,,,,,,,,,,,,,,,,,5042284601,mobile,CELLCO PARTNERSHIP DBA VERIZON WIRELESS - LA,,,,,,,,,,https://www.facebook.com/p/,https://www.instagram.com/borrousoconstruction,,,,,,,,,,,,,,Contact Us - Borrouso Construction | Home Remodeling in New Orleans,wordpress,Borrouso Construction is your go-to home builders in New Orleans. Looking for a new construction home in New Orleans? Call us!,,False,True
"custom home builder, 70124, New Orleans, LA, US",Lakeview Construction & Development,Lakeview Construction And Development,https://lcdnola.com/,Construction company,Construction company,Construction company,+1 504-931-7077,mobile,T-Mobile USA Inc.,,"6138 Vicksburg St, New Orleans, LA 70124",Lakeview,6138 Vicksburg St,New Orleans,70124,Louisiana,Louisiana,United States of America,US,30.001854899999998,-90.1073447,89444642d4fffff,America/Chicago,,False,,,,,,,,,,,1.0,https://streetviewpixels-pa.googleapis.com/v1/thumbnail?panoid=_OMOTCKjngqgjH3tXZkreg&cb_client=search.gws-prod.gps&w=800&h=500&yaw=295.0738&pitch=0&thumbfov=100,https://streetviewpixels-pa.googleapis.com/v1/thumbnail?panoid=_OMOTCKjngqgjH3tXZkreg&cb_client=search.gws-prod.gps&w=1600&h=1000&yaw=295.0738&pitch=0&thumbfov=100,,"{""Sunday"": ""9AM-5PM"", ""Monday"": ""9AM-5PM"", ""Tuesday"": ""9AM-5PM"", ""Wednesday"": ""9AM-5PM"", ""Thursday"": ""9AM-5PM"", ""Friday"": ""9AM-5PM"", ""Saturday"": ""9AM-5PM""}","Sunday,9AM,5PM|Monday,9AM,5PM|Tuesday,9AM,5PM|Wednesday,9AM,5PM|Thursday,9AM,5PM|Friday,9AM,5PM|Saturday,9AM,5PM",Sunday:9AM-5PM|Monday:9AM-5PM|Tuesday:9AM-5PM|Wednesday:9AM-5PM|Thursday:9AM-5PM|Friday:9AM-5PM|Saturday:9AM-5PM,,,OPERATIONAL,"{""Accessibility"": {""Wheelchair accessible parking lot"": true}}",,,,https://lh5.googleusercontent.com/-bl2zfA_nWzo/AAAAAAAAAAI/AAAAAAAAAAA/JF3vthIzyQg/s44-p-k-no-ns-nd/photo.jpg,,,True,109320871638531812717,Lakeview Construction & Development,https://www.google.com/maps/contrib/109320871638531812717,,,,,"https://www.google.com/maps/place/Lakeview+Construction+%26+Development/@30.001854899999998,-90.1073447,14z/data=!4m8!1m2!2m1!1sLakeview+Construction+%26+Development!3m4!1s0x8620af0c09f40001:0x48e918e1bc01458!8m2!3d30.001854899999998!4d-90.1073447","https://www.google.com/maps/place/Lakeview+Construction+%26+Development/@30.001854899999998,-90.1073447,13.99z/data=!4m16!1m7!3m6!1s0x8620af0c09f40001:0x48e918e1bc01458!2sLakeview+Construction+%26+Development!8m2!3d30.001854899999998!4d-90.1073447!16s%2Fg%2F11ckvg1dmb!3m7!1s0x8620af0c09f40001:0x48e918e1bc01458!8m2!3d30.001854899999998!4d-90.1073447!9m1!1b1!16s%2Fg%2F11ckvg1dmb?entry=ttu",ChIJAQD0CQyvIIYRWBTAG46RjgQ,0x8620af0c09f40001:0x48e918e1bc01458,328359862381581400,/g/11hy9nv4d6,None,,mark@lcdnola.com,RECEIVING,SMTP validated,,,,,,beau@lcdnola.com,RECEIVING,SMTP validated,,,,,,owner-peter@lcdnola.com,INVALID,Cannot validate,,,,,,5049317077,mobile,T-Mobile USA Inc.,,,,,,,,,,https://www.facebook.com/lcdnola/,https://www.instagram.com/lcdnola,,,,,,,,,,,,,,Lakeview Construction & Development | Commercial and Residential Construction Services | LCD Nola,,,,False,True
"custom home builder, 70124, New Orleans, LA, US",Big Easy Construction,Big Easy Construction,https://bigeasyconstruction.com/,Construction company,Construction company,Construction company,+1 504-908-5637,mobile,"NEW CINGULAR WIRELESS PCS, LLC - GA",,"4835 Bancroft Dr, New Orleans, LA 70122",Filmore,4835 Bancroft Dr,New Orleans,70122,Louisiana,Louisiana,United States of America,US,30.0065259,-90.0833093,89444642843ffff,America/Chicago,,False,2.3,3.0,https://search.google.com/local/reviews?placeid=ChIJVVVlJNyuIIYRwsbivYKZFok&q=*&authuser=0&hl=en&gl=US,,,2.0,0.0,0.0,0.0,1.0,13.0,https://lh3.googleusercontent.com/p/AF1QipM02hbMqzY-tJVv57DT55syVL-zjkBx3e3WCy8h=w800-h500-k-no,https://lh3.googleusercontent.com/p/AF1QipM02hbMqzY-tJVv57DT55syVL-zjkBx3e3WCy8h=w1600-h1000-k-no,,,,,,,OPERATIONAL,{},,,,https://lh5.googleusercontent.com/-2_2NppFtKiY/AAAAAAAAAAI/AAAAAAAAAAA/-aiNriyxOZE/s44-p-k-no-ns-nd/photo.jpg,,,True,115007912065314918614,Big Easy Construction,https://www.google.com/maps/contrib/115007912065314918614,,,,,"https://www.google.com/maps/place/Big+Easy+Construction/@30.0065259,-90.0833093,14z/data=!4m8!1m2!2m1!1sBig+Easy+Construction!3m4!1s0x8620aedc24655555:0x89169982bde2c6c2!8m2!3d30.0065259!4d-90.0833093","https://www.google.com/maps/place/Big+Easy+Construction/@30.0065259,-90.0833093,13.99z/data=!4m16!1m7!3m6!1s0x8620aedc24655555:0x89169982bde2c6c2!2sBig+Easy+Construction!8m2!3d30.0065259!4d-90.0833093!16s%2Fg%2F11ckvg1dmb!3m7!1s0x8620aedc24655555:0x89169982bde2c6c2!8m2!3d30.0065259!4d-90.0833093!9m1!1b1!16s%2Fg%2F11ckvg1dmb?entry=ttu",ChIJVVVlJNyuIIYRwsbivYKZFok,0x8620aedc24655555:0x89169982bde2c6c2,9878251619494315714,/g/11hy9p2phb,-8568492454215235902,,joe@bigeasyconstruction.com,INVALID,Invalid DNS,,,,,,,,,,,,,,,,,,,,,,15049085637,mobile,"NEW CINGULAR WIRELESS PCS, LLC - GA",,5049085637,mobile,"NEW CINGULAR WIRELESS PCS, LLC - GA",,,,,,https://www.facebook.com/BigEasyConstruction/,https://www.instagram.com/bigeasyconstruction,,,,,,,,,https://twitter.com/bigeasybuilds,,,,,Big Easy Construction - Call Joe for a Consultation at 504.908.5637,"Elementor 3.33.0-dev4; features: additional_custom_breakpoints; settings: css_print_method-external, google_font-enabled, font_display-auto",Schedule a free consultation to learn how Big Easy Construction can help you with your building project.,,False,False
"custom home builder, 70124, New Orleans, LA, US",KD Homes LLC,Kd Homes,,"Custom home builder, Service establishment",Custom home builder,Custom home builder,+1 504-405-1671,mobile,,,,,,,,,,,,30.937373599999997,-91.40087,8944400c20fffff,America/Chicago,,True,,,,,,,,,,,14.0,https://lh3.googleusercontent.com/p/AF1QipNgFFZqNVO-uA-RtoGcM18BnDt0g7upHLEW_JgU=w800-h500-k-no,https://lh3.googleusercontent.com/p/AF1QipNgFFZqNVO-uA-RtoGcM18BnDt0g7upHLEW_JgU=w1600-h1000-k-no,,"{""Sunday"": ""Closed"", ""Monday"": ""8AM-5PM"", ""Tuesday"": ""8AM-5PM"", ""Wednesday"": ""8AM-5PM"", ""Thursday"": ""8AM-5PM"", ""Friday"": ""8AM-5PM"", ""Saturday"": ""Closed""}","Sunday,|Monday,8AM,5PM|Tuesday,8AM,5PM|Wednesday,8AM,5PM|Thursday,8AM,5PM|Friday,8AM,5PM|Saturday,",Sunday:Closed|Monday:8AM-5PM|Tuesday:8AM-5PM|Wednesday:8AM-5PM|Thursday:8AM-5PM|Friday:8AM-5PM|Saturday:Closed,,,OPERATIONAL,{},,,,https://lh6.googleusercontent.com/-_eintg9BOYc/AAAAAAAAAAI/AAAAAAAAAAA/is86NyNDh5s/s44-p-k-no-ns-nd/photo.jpg,,,True,115173505967504154526,KD Homes LLC,https://www.google.com/maps/contrib/115173505967504154526,,,,,"https://www.google.com/maps/place/KD+Homes+LLC/@30.937373599999997,-91.40087,14z/data=!4m8!1m2!2m1!1sKD+Homes+LLC!3m4!1s0xa5db4c3be3f5eb69:0x633a4001c1393bcd!8m2!3d30.937373599999997!4d-91.40087","https://www.google.com/maps/place/KD+Homes+LLC/@30.937373599999997,-91.40087,13.99z/data=!4m16!1m7!3m6!1s0xa5db4c3be3f5eb69:0x633a4001c1393bcd!2sKD+Homes+LLC!8m2!3d30.937373599999997!4d-91.40087!16s%2Fg%2F11ckvg1dmb!3m7!1s0xa5db4c3be3f5eb69:0x633a4001c1393bcd!8m2!3d30.937373599999997!4d-91.40087!9m1!1b1!16s%2Fg%2F11ckvg1dmb?entry=ttu",ChIJaev14ztM26URzTs5wQFAOmM,0xa5db4c3be3f5eb69:0x633a4001c1393bcd,7150097734684982221,/g/11s4gb4pvb,None,,,,,,,,,,,,,,,,,,,,,,,,,,,,,,,,,,,,,,,,,,,,,,,,,,,,,,,,,,
"custom home builder, 70129, New Orleans, LA, US",AG Construction,Ag Construction,http://aghomesla.com/,"Contractor, Service establishment",Contractor,Contractor,+1 504-715-6404,mobile,"NEW CINGULAR WIRELESS PCS, LLC - GA",,,,,,,,,,,30.186631,-90.085819,8944464e937ffff,America/Chicago,,True,5.0,5.0,https://search.google.com/local/reviews?placeid=ChIJp6d7sRO3IIYRmDpFDrC82bk&q=*&authuser=0&hl=en&gl=US,,,0.0,0.0,0.0,0.0,5.0,6.0,https://lh3.googleusercontent.com/p/AF1QipPOATGFpDgwwToLD51qj108AeOLRw4ZVshjA6Yb=w800-h500-k-no,https://lh3.googleusercontent.com/p/AF1QipPOATGFpDgwwToLD51qj108AeOLRw4ZVshjA6Yb=w1600-h1000-k-no,,"{""Sunday"": ""Closed"", ""Monday"": ""8AM-5PM"", ""Tuesday"": ""8AM-5PM"", ""Wednesday"": ""8AM-5PM"", ""Thursday"": ""8AM-5PM"", ""Friday"": ""8AM-5PM"", ""Saturday"": ""Closed""}","Sunday,|Monday,8AM,5PM|Tuesday,8AM,5PM|Wednesday,8AM,5PM|Thursday,8AM,5PM|Friday,8AM,5PM|Saturday,",Sunday:Closed|Monday:8AM-5PM|Tuesday:8AM-5PM|Wednesday:8AM-5PM|Thursday:8AM-5PM|Friday:8AM-5PM|Saturday:Closed,,,OPERATIONAL,{},,,,https://lh3.googleusercontent.com/-iWLMm4bL4I0/AAAAAAAAAAI/AAAAAAAAAAA/9YhhzbPkwi4/s44-p-k-no-ns-nd/photo.jpg,,,True,110413986801059424276,AG Construction,https://www.google.com/maps/contrib/110413986801059424276,,,,,"https://www.google.com/maps/place/AG+Construction/@30.186631,-90.085819,14z/data=!4m8!1m2!2m1!1sAG+Construction!3m4!1s0x8620b713b17ba7a7:0xb9d9bcb00e453a98!8m2!3d30.186631!4d-90.085819","https://www.google.com/maps/place/AG+Construction/@30.186631,-90.085819,13.99z/data=!4m16!1m7!3m6!1s0x8620b713b17ba7a7:0xb9d9bcb00e453a98!2sAG+Construction!8m2!3d30.186631!4d-90.085819!16s%2Fg%2F11ckvg1dmb!3m7!1s0x8620b713b17ba7a7:0xb9d9bcb00e453a98!8m2!3d30.186631!4d-90.085819!9m1!1b1!16s%2Fg%2F11ckvg1dmb?entry=ttu",ChIJp6d7sRO3IIYRmDpFDrC82bk,0x8620b713b17ba7a7:0xb9d9bcb00e453a98,13391942431302564504,/g/11twq30htd,-5054801642406987112,,info@aghomesla.com,RECEIVING,Catch All,,,,,,,,,,,,,,,,,,,,,,15046445600,mobile,"NEW CINGULAR WIRELESS PCS, LLC - GA",,5047156404,mobile,"NEW CINGULAR WIRELESS PCS, LLC - GA",,,,,,https://www.facebook.com/AGConstruction,,,,,,,,,,,,,,,About Us - AG Custom Homes,All in One SEO (AIOSEO) 4.8.4.1,"AG Homes is owned and operated by Charles and Catherine Gatlin, a husband and wife building and renovation team. A native of Old Metairie, Charles founded AG Homes in 2020 as a Residential General Contractor. Prior to creating AG Homes, Charles had worked over 10 years in various residential and commercial construction roles. He personally",,False,False
"custom home builder, 70129, New Orleans, LA, US",Lemoine Custom Homes,Lemoine Custom Homes,,Home builder,Home builder,Home builder,+1 504-655-0885,mobile,CELLCO PARTNERSHIP DBA VERIZON WIRELESS - LA,,"704 Spring Thyme Dr, Belle Chasse, LA 70037",None,704 Spring Thyme Dr,Belle Chasse,70037,Louisiana,Louisiana,United States of America,US,29.8681862,-89.9921672,894446513abffff,America/Chicago,,False,,,,,,,,,,,2.0,https://streetviewpixels-pa.googleapis.com/v1/thumbnail?panoid=5ylkopGPbMv_zruVDr_H9Q&cb_client=search.gws-prod.gps&w=800&h=500&yaw=272.69257&pitch=0&thumbfov=100,https://streetviewpixels-pa.googleapis.com/v1/thumbnail?panoid=5ylkopGPbMv_zruVDr_H9Q&cb_client=search.gws-prod.gps&w=1600&h=1000&yaw=272.69257&pitch=0&thumbfov=100,,"{""Sunday"": ""Closed"", ""Monday"": ""7AM-5PM"", ""Tuesday"": ""7AM-5PM"", ""Wednesday"": ""7AM-5PM"", ""Thursday"": ""7AM-5PM"", ""Friday"": ""7AM-5PM"", ""Saturday"": ""8AM-4PM""}","Sunday,|Monday,7AM,5PM|Tuesday,7AM,5PM|Wednesday,7AM,5PM|Thursday,7AM,5PM|Friday,7AM,5PM|Saturday,8AM,4PM",Sunday:Closed|Monday:7AM-5PM|Tuesday:7AM-5PM|Wednesday:7AM-5PM|Thursday:7AM-5PM|Friday:7AM-5PM|Saturday:8AM-4PM,,,OPERATIONAL,{},,,,https://lh4.googleusercontent.com/-HbjhWdiE3Mo/AAAAAAAAAAI/AAAAAAAAAAA/gRXyvRsoxgI/s44-p-k-no-ns-nd/photo.jpg,,,True,114834921800815324615,Lemoine Custom Homes,https://www.google.com/maps/contrib/114834921800815324615,,,,,"https://www.google.com/maps/place/Lemoine+Custom+Homes/@29.8681862,-89.9921672,14z/data=!4m8!1m2!2m1!1sLemoine+Custom+Homes!3m4!1s0x889e1f31edb83a23:0xf92e3781a687a9fc!8m2!3d29.8681862!4d-89.9921672","https://www.google.com/maps/place/Lemoine+Custom+Homes/@29.8681862,-89.9921672,13.99z/data=!4m16!1m7!3m6!1s0x889e1f31edb83a23:0xf92e3781a687a9fc!2sLemoine+Custom+Homes!8m2!3d29.8681862!4d-89.9921672!16s%2Fg%2F11ckvg1dmb!3m7!1s0x889e1f31edb83a23:0xf92e3781a687a9fc!8m2!3d29.8681862!4d-89.9921672!9m1!1b1!16s%2Fg%2F11ckvg1dmb?entry=ttu",ChIJIzq47TEfnogR_KmHpoE3Lvk,0x889e1f31edb83a23:0xf92e3781a687a9fc,17955349794356963836,/g/11q3p2kwn_,None,,,,,,,,,,,,,,,,,,,,,,,,,,,,,,,,,,,,,,,,,,,,,,,,,,,,,,,,,,
"custom home builder, 70129, New Orleans, LA, US",Next Level Service 504,Next Level Service 504,,"Custom home builder, Service establishment",Custom home builder,Custom home builder,+1 504-276-9186,landline,,,,,,,,,,,,30.0326605,-89.88256349999999,8944464a367ffff,America/Chicago,,True,,,,,,,,,,,,,,,,,,,,OPERATIONAL,{},,,,https://lh3.googleusercontent.com/-R2N2FjtFc2s/AAAAAAAAAAI/AAAAAAAAAAA/qV2XwZ8v4uk/s44-p-k-no-ns-nd/photo.jpg,,,True,100998847439047775804,Next Level Service 504,https://www.google.com/maps/contrib/100998847439047775804,,,,,"https://www.google.com/maps/place/Next+Level+Service+504/@30.0326605,-89.88256349999999,14z/data=!4m8!1m2!2m1!1sNext+Level+Service+504!3m4!1s0x6743bcfcfa45f3a7:0xf7d8ec090e574b00!8m2!3d30.0326605!4d-89.88256349999999","https://www.google.com/maps/place/Next+Level+Service+504/@30.0326605,-89.88256349999999,13.99z/data=!4m16!1m7!3m6!1s0x6743bcfcfa45f3a7:0xf7d8ec090e574b00!2sNext+Level+Service+504!8m2!3d30.0326605!4d-89.88256349999999!16s%2Fg%2F11ckvg1dmb!3m7!1s0x6743bcfcfa45f3a7:0xf7d8ec090e574b00!8m2!3d30.0326605!4d-89.88256349999999!9m1!1b1!16s%2Fg%2F11ckvg1dmb?entry=ttu",ChIJp_NF-vy8Q2cRAEtXDgns2Pc,0x6743bcfcfa45f3a7:0xf7d8ec090e574b00,17859283845977164544,/g/11xk__lfyh,None,,,,,,,,,,,,,,,,,,,,,,,,,,,,,,,,,,,,,,,,,,,,,,,,,,,,,,,,,,
"custom home builder, 70129, New Orleans, LA, US",Crouch Construction,Crouch Construction,,Contractor,Contractor,Contractor,+1 504-553-6872,landline,,,"4563 Werner Dr, New Orleans, LA 70126",New Orleans East Area,4563 Werner Dr,New Orleans,70126,Louisiana,Louisiana,United States of America,US,30.0170693,-89.99314919999999,8944464027bffff,America/Chicago,,False,,,,,,,,,,,1.0,https://streetviewpixels-pa.googleapis.com/v1/thumbnail?panoid=ZvHPBiGcCwLiJ22kXeOWfg&cb_client=search.gws-prod.gps&w=800&h=500&yaw=77.70622&pitch=0&thumbfov=100,https://streetviewpixels-pa.googleapis.com/v1/thumbnail?panoid=ZvHPBiGcCwLiJ22kXeOWfg&cb_client=search.gws-prod.gps&w=1600&h=1000&yaw=77.70622&pitch=0&thumbfov=100,,,,,,,OPERATIONAL,{},,,,,,,False,None,Crouch Construction,,,,,,"https://www.google.com/maps/place/Crouch+Construction/@30.0170693,-89.99314919999999,14z/data=!4m8!1m2!2m1!1sCrouch+Construction!3m4!1s0x889e0286fed7f209:0x918ab6f674fe058a!8m2!3d30.0170693!4d-89.99314919999999","https://www.google.com/maps/place/Crouch+Construction/@30.0170693,-89.99314919999999,13.99z/data=!4m16!1m7!3m6!1s0x889e0286fed7f209:0x918ab6f674fe058a!2sCrouch+Construction!8m2!3d30.0170693!4d-89.99314919999999!16s%2Fg%2F11ckvg1dmb!3m7!1s0x889e0286fed7f209:0x918ab6f674fe058a!8m2!3d30.0170693!4d-89.99314919999999!9m1!1b1!16s%2Fg%2F11ckvg1dmb?entry=ttu",ChIJCfLX_oYCnogRigX-dPa2ipE,0x889e0286fed7f209:0x918ab6f674fe058a,10487395851926635914,/g/11rnb3hhxp,None,,,,,,,,,,,,,,,,,,,,,,,,,,,,,,,,,,,,,,,,,,,,,,,,,,,,,,,,,,
"custom home builder, 70129, New Orleans, LA, US",Hyman L. Bartolo Jr. Contractors Inc.,Hyman L Bartolo Jr Contractors,http://www.hbartolocontractors.com/,Home builder,Home builder,Home builder,+1 504-328-1381,landline,,,"1100 MacArthur Ave, Harvey, LA 70058",None,1100 MacArthur Ave,Harvey,70058,Louisiana,Louisiana,United States of America,US,29.8930564,-90.08440089999999,894446508cbffff,America/Chicago,,False,3.7,7.0,https://search.google.com/local/reviews?placeid=ChIJJUfBbRCkIIYRVDjpPML7Qs8&q=*&authuser=0&hl=en&gl=US,,,2.0,0.0,0.0,1.0,4.0,8.0,https://lh3.googleusercontent.com/p/AF1QipPVPxMAfek-VlF0vU65fHasFjzc-wDdVUOfJt7O=w800-h500-k-no,https://lh3.googleusercontent.com/p/AF1QipPVPxMAfek-VlF0vU65fHasFjzc-wDdVUOfJt7O=w1600-h1000-k-no,,"{""Sunday"": ""Closed"", ""Monday"": ""7AM-4PM"", ""Tuesday"": ""7AM-4PM"", ""Wednesday"": ""7AM-4PM"", ""Thursday"": ""7AM-4PM"", ""Friday"": ""7AM-3PM"", ""Saturday"": ""Closed""}","Sunday,|Monday,7AM,4PM|Tuesday,7AM,4PM|Wednesday,7AM,4PM|Thursday,7AM,4PM|Friday,7AM,3PM|Saturday,",Sunday:Closed|Monday:7AM-4PM|Tuesday:7AM-4PM|Wednesday:7AM-4PM|Thursday:7AM-4PM|Friday:7AM-3PM|Saturday:Closed,,,OPERATIONAL,{},,,,https://lh4.googleusercontent.com/-_RxxrkDlM5A/AAAAAAAAAAI/AAAAAAAAAAA/TgIlAi9ppyg/s44-p-k-no-ns-nd/photo.jpg,,,True,106206811807248728600,Hyman L. Bartolo Jr. Contractors Inc.,https://www.google.com/maps/contrib/106206811807248728600,,,,,"https://www.google.com/maps/place/Hyman+L.+Bartolo+Jr.+Contractors+Inc./@29.8930564,-90.08440089999999,14z/data=!4m8!1m2!2m1!1sHyman+L.+Bartolo+Jr.+Contractors+Inc.!3m4!1s0x8620a4106dc14725:0xcf42fbc23ce93854!8m2!3d29.8930564!4d-90.08440089999999","https://www.google.com/maps/place/Hyman+L.+Bartolo+Jr.+Contractors+Inc./@29.8930564,-90.08440089999999,13.99z/data=!4m16!1m7!3m6!1s0x8620a4106dc14725:0xcf42fbc23ce93854!2sHyman+L.+Bartolo+Jr.+Contractors+Inc.!8m2!3d29.8930564!4d-90.08440089999999!16s%2Fg%2F11ckvg1dmb!3m7!1s0x8620a4106dc14725:0xcf42fbc23ce93854!8m2!3d29.8930564!4d-90.08440089999999!9m1!1b1!16s%2Fg%2F11ckvg1dmb?entry=ttu",ChIJJUfBbRCkIIYRVDjpPML7Qs8,0x8620a4106dc14725:0xcf42fbc23ce93854,14934776125978130516,/g/1tf5k_pf,-3511967947731421100,,hbartolo@hbartolocontractors.com,RECEIVING,SMTP validated,"Bartolo, Hyman","Bartolo,",Hyman,Owner,,gmire@hbartolocontractors.com,RECEIVING,SMTP validated,,,,,,,,,,,,,,5043281381,landline,,,,,,,,,,,https://www.facebook.com/Hyman-L-Bartolo-Jr-Contractors-Inc-264222845838/,,https://www.linkedin.com/company/hyman-bartolo-jr-contractors,,,,,,,,,,,,,Home,,,,,
"custom home builder, 70129, New Orleans, LA, US",Arcadia Construction LA,Arcadia Construction La,https://www.arcadiaconstructionla.com/,"Custom home builder, Architectural designer, Construction company, Home builder, Interior construction contractor",Custom home builder,Custom home builder,+1 504-616-3619,mobile,"NEW CINGULAR WIRELESS PCS, LLC - GA",,"1513 Spanish Oaks Dr, Harvey, LA 70058",None,1513 Spanish Oaks Dr,Harvey,70058,Louisiana,Louisiana,United States of America,US,29.867707,-90.0461555,89444650357ffff,America/Chicago,,False,,,,,,,,,,,10.0,https://lh3.googleusercontent.com/p/AF1QipOAOGd4cB6hKL4g1PrG1idv6IUwrHXlm3Vomguh=w800-h500-k-no,https://lh3.googleusercontent.com/p/AF1QipOAOGd4cB6hKL4g1PrG1idv6IUwrHXlm3Vomguh=w1600-h1000-k-no,,"{""Sunday"": ""Open 24 hours"", ""Monday"": ""Open 24 hours"", ""Tuesday"": ""Open 24 hours"", ""Wednesday"": ""Open 24 hours"", ""Thursday"": ""Open 24 hours"", ""Friday"": ""Open 24 hours"", ""Saturday"": ""Open 24 hours""}","Sunday,Open 24 hours|Monday,Open 24 hours|Tuesday,Open 24 hours|Wednesday,Open 24 hours|Thursday,Open 24 hours|Friday,Open 24 hours|Saturday,Open 24 hours",Sunday:Open 24 hours|Monday:Open 24 hours|Tuesday:Open 24 hours|Wednesday:Open 24 hours|Thursday:Open 24 hours|Friday:Open 24 hours|Saturday:Open 24 hours,,,OPERATIONAL,{},,,,https://lh4.googleusercontent.com/-BfZ_23d6DRY/AAAAAAAAAAI/AAAAAAAAAAA/8FlDQ3q91TM/s44-p-k-no-ns-nd/photo.jpg,,,True,105634310514778948644,Arcadia Construction LA,https://www.google.com/maps/contrib/105634310514778948644,,https://arcadiaconstructionla.com/contact-us/,,https://arcadiaconstructionla.com/contact-us/,"https://www.google.com/maps/place/Arcadia+Construction+LA/@29.867707,-90.0461555,14z/data=!4m8!1m2!2m1!1sArcadia+Construction+LA!3m4!1s0x8620a109d4ed8f6f:0xfddf5faaf564517e!8m2!3d29.867707!4d-90.0461555","https://www.google.com/maps/place/Arcadia+Construction+LA/@29.867707,-90.0461555,13.99z/data=!4m16!1m7!3m6!1s0x8620a109d4ed8f6f:0xfddf5faaf564517e!2sArcadia+Construction+LA!8m2!3d29.867707!4d-90.0461555!16s%2Fg%2F11ckvg1dmb!3m7!1s0x8620a109d4ed8f6f:0xfddf5faaf564517e!8m2!3d29.867707!4d-90.0461555!9m1!1b1!16s%2Fg%2F11ckvg1dmb?entry=ttu",ChIJb4_t1AmhIIYRflFk9apf3_0,0x8620a109d4ed8f6f:0xfddf5faaf564517e,18293445399268315518,/g/11kqcl89rp,None,,info@arcadiaconstructionla.com,RECEIVING,SMTP validated,,,,,,,,,,,,,,,,,,,,,,5046163619,mobile,"NEW CINGULAR WIRELESS PCS, LLC - GA",,5046162848,mobile,"NEW CINGULAR WIRELESS PCS, LLC - GA",,,,,,,,,,,,,,,,,,,,,Arcadia Construction LA,WordPress 6.2.2,,,False,False
"custom home builder, 70129, New Orleans, LA, US","Welbilt Custom Homes, Inc.",Welbilt Custom Homes,http://www.welbiltcustomhomes.com/,"Custom home builder, Construction company, Contractor, Design agency, General contractor, Home builder",Custom home builder,Custom home builder,+1 985-847-2275,landline,,,"571 N Caleb Dr, Slidell, LA 70461",None,571 N Caleb Dr,Slidell,70461,Louisiana,Louisiana,United States of America,US,30.280917,-89.711596,894455bab1bffff,America/Chicago,,False,5.0,4.0,https://search.google.com/local/reviews?placeid=ChIJcSiuPPDjnYgRVEhA5THcfBM&q=*&authuser=0&hl=en&gl=US,,,0.0,0.0,0.0,0.0,4.0,87.0,https://lh3.googleusercontent.com/p/AF1QipNQIrzNBUOGg3NXfFQBpsN98IezzV8zcQQCPri7=w800-h500-k-no,https://lh3.googleusercontent.com/p/AF1QipNQIrzNBUOGg3NXfFQBpsN98IezzV8zcQQCPri7=w1600-h1000-k-no,,"{""Sunday"": ""Closed"", ""Monday"": ""9AM-5PM"", ""Tuesday"": ""9AM-5PM"", ""Wednesday"": ""9AM-5PM"", ""Thursday"": ""9AM-5PM"", ""Friday"": ""9AM-3PM"", ""Saturday"": ""Closed""}","Sunday,|Monday,9AM,5PM|Tuesday,9AM,5PM|Wednesday,9AM,5PM|Thursday,9AM,5PM|Friday,9AM,3PM|Saturday,",Sunday:Closed|Monday:9AM-5PM|Tuesday:9AM-5PM|Wednesday:9AM-5PM|Thursday:9AM-5PM|Friday:9AM-3PM|Saturday:Closed,,,OPERATIONAL,{},,,,https://lh5.googleusercontent.com/-l_ChLcI0k1s/AAAAAAAAAAI/AAAAAAAAAAA/7omEBHaZf48/s44-p-k-no-ns-nd/photo.jpg,,,True,109797903461373067199,"Welbilt Custom Homes, Inc.",https://www.google.com/maps/contrib/109797903461373067199,,,,,"https://www.google.com/maps/place/Welbilt+Custom+Homes%2C+Inc./@30.280917,-89.711596,14z/data=!4m8!1m2!2m1!1sWelbilt+Custom+Homes%2C+Inc.!3m4!1s0x889de3f03cae2871:0x137cdc31e5404854!8m2!3d30.280917!4d-89.711596","https://www.google.com/maps/place/Welbilt+Custom+Homes%2C+Inc./@30.280917,-89.711596,13.99z/data=!4m16!1m7!3m6!1s0x889de3f03cae2871:0x137cdc31e5404854!2sWelbilt+Custom+Homes%2C+Inc.!8m2!3d30.280917!4d-89.711596!16s%2Fg%2F11ckvg1dmb!3m7!1s0x889de3f03cae2871:0x137cdc31e5404854!8m2!3d30.280917!4d-89.711596!9m1!1b1!16s%2Fg%2F11ckvg1dmb?entry=ttu",ChIJcSiuPPDjnYgRVEhA5THcfBM,0x889de3f03cae2871:0x137cdc31e5404854,1404239290690455636,/g/1ts1nf1x,1404239290690455636,,j.lassere@welbiltcustomhomes.com,INVALID,Cannot validate,Jeff Lassere,Jeff,Lassere,,,chnovo7@gmail.com,RECEIVING,Verified,,,,,,info@welbiltcustomhomes.com,RECEIVING,SMTP validated,,,,,,,,,,,,,,,,,,https://www.facebook.com/WelbiltCustomHomes,,,,,,,,,,,,,,,Welbilt Custom Homes,WordPress 5.8.3,"Lorem Ipsum is simply dummy text of the printing and typesetting industry. Lorem Ipsum has been the industry's standard dummy text ever since the 1500s, when an unknown printer took a galley of type and scrambled it to make a type specimen book. It has survived not only five centuries, but also the leap into … Continue reading Home",,,
"custom home builder, 70129, New Orleans, LA, US","Cornerstone Custom Homes, LLC",Cornerstone Custom Homes,https://www.cornerstonebuilthome.com/,"Custom home builder, Construction company, Contractor, Home builder",Contractor,Custom home builder,+1 985-807-4867,mobile,"NEW CINGULAR WIRELESS PCS, LLC - GA",,"70301 LA-1077 Suite 100, Covington, LA 70433",None,70301 LA-1077 Suite 100,Covington,70433,Louisiana,Louisiana,United States of America,US,30.451095499999997,-90.17559609999999,8944466a977ffff,America/Chicago,,False,5.0,1.0,https://search.google.com/local/reviews?placeid=ChIJd-5a_B1DJ4YRhOySAZyBwWs&q=*&authuser=0&hl=en&gl=US,,,0.0,0.0,0.0,0.0,1.0,4.0,https://lh3.googleusercontent.com/p/AF1QipNcuYl76p0kl9p3pYwIgR0_u0iwxFHzJTCfTBI1=w800-h500-k-no,https://lh3.googleusercontent.com/p/AF1QipNcuYl76p0kl9p3pYwIgR0_u0iwxFHzJTCfTBI1=w1600-h1000-k-no,,,,,,,OPERATIONAL,"{""Accessibility"": {""Wheelchair accessible parking lot"": true}, ""Parking"": {""On-site parking"": true}}",,,,https://lh6.googleusercontent.com/-jo--eJJ7UfI/AAAAAAAAAAI/AAAAAAAAAAA/0uLctoWri_o/s44-p-k-no-ns-nd/photo.jpg,,,True,116373451595634905491,"Cornerstone Custom Homes, LLC",https://www.google.com/maps/contrib/116373451595634905491,,,,,"https://www.google.com/maps/place/Cornerstone+Custom+Homes%2C+LLC/@30.451095499999997,-90.17559609999999,14z/data=!4m8!1m2!2m1!1sCornerstone+Custom+Homes%2C+LLC!3m4!1s0x8627431dfc5aee77:0x6bc1819c0192ec84!8m2!3d30.451095499999997!4d-90.17559609999999","https://www.google.com/maps/place/Cornerstone+Custom+Homes%2C+LLC/@30.451095499999997,-90.17559609999999,13.99z/data=!4m16!1m7!3m6!1s0x8627431dfc5aee77:0x6bc1819c0192ec84!2sCornerstone+Custom+Homes%2C+LLC!8m2!3d30.451095499999997!4d-90.17559609999999!16s%2Fg%2F11ckvg1dmb!3m7!1s0x8627431dfc5aee77:0x6bc1819c0192ec84!8m2!3d30.451095499999997!4d-90.17559609999999!9m1!1b1!16s%2Fg%2F11ckvg1dmb?entry=ttu",ChIJd-5a_B1DJ4YRhOySAZyBwWs,0x8627431dfc5aee77:0x6bc1819c0192ec84,7764629739604733060,/g/11ppd15yz7,7764629739604733060,,builtbycornerstone@gmail.com,RECEIVING,SMTP validated,,,,,,,,,,,,,,,,,,,,,,,,,,,,,,,,,,,,,,,,,,,,,,,,,Cornerstone Custom Homes,,,,False,False
"custom home builder, 70129, New Orleans, LA, US",JBL Homes - Louisiana,Jbl Homes Louisiana,http://www.jblhomes.com/,"Custom home builder, Construction company, Home builder",Construction company,Custom home builder,+1 504-347-9130,landline,,,"2439 Manhattan Blvd, Harvey, LA 70058",None,2439 Manhattan Blvd,Harvey,70058,Louisiana,Louisiana,United States of America,US,29.8774931,-90.0485253,89444650363ffff,America/Chicago,,False,,,,,,,,,,,1.0,https://streetviewpixels-pa.googleapis.com/v1/thumbnail?panoid=1gegXh23y4q4B-LJkS_fNg&cb_client=search.gws-prod.gps&w=800&h=500&yaw=326.41324&pitch=0&thumbfov=100,https://streetviewpixels-pa.googleapis.com/v1/thumbnail?panoid=1gegXh23y4q4B-LJkS_fNg&cb_client=search.gws-prod.gps&w=1600&h=1000&yaw=326.41324&pitch=0&thumbfov=100,,"{""Sunday"": ""Closed"", ""Monday"": ""8AM-5PM"", ""Tuesday"": ""8AM-5PM"", ""Wednesday"": ""8AM-5PM"", ""Thursday"": ""8AM-5PM"", ""Friday"": ""8AM-5PM"", ""Saturday"": ""Closed""}","Sunday,|Monday,8AM,5PM|Tuesday,8AM,5PM|Wednesday,8AM,5PM|Thursday,8AM,5PM|Friday,8AM,5PM|Saturday,",Sunday:Closed|Monday:8AM-5PM|Tuesday:8AM-5PM|Wednesday:8AM-5PM|Thursday:8AM-5PM|Friday:8AM-5PM|Saturday:Closed,,,OPERATIONAL,"{""Accessibility"": {""Wheelchair accessible parking lot"": true}}",,,,https://lh5.googleusercontent.com/-Uivl8FY_C1c/AAAAAAAAAAI/AAAAAAAAAAA/DIKNrFDi3F4/s44-p-k-no-ns-nd/photo.jpg,,,True,102197110201721807779,JBL Homes - Louisiana,https://www.google.com/maps/contrib/102197110201721807779,,,,,"https://www.google.com/maps/place/JBL+Homes+-+Louisiana/@29.8774931,-90.0485253,14z/data=!4m8!1m2!2m1!1sJBL+Homes+-+Louisiana!3m4!1s0x8620a133a38cba4b:0xd2b1d9f13f6496d8!8m2!3d29.8774931!4d-90.0485253","https://www.google.com/maps/place/JBL+Homes+-+Louisiana/@29.8774931,-90.0485253,13.99z/data=!4m16!1m7!3m6!1s0x8620a133a38cba4b:0xd2b1d9f13f6496d8!2sJBL+Homes+-+Louisiana!8m2!3d29.8774931!4d-90.0485253!16s%2Fg%2F11ckvg1dmb!3m7!1s0x8620a133a38cba4b:0xd2b1d9f13f6496d8!8m2!3d29.8774931!4d-90.0485253!9m1!1b1!16s%2Fg%2F11ckvg1dmb?entry=ttu",ChIJS7qMozOhIIYR2JZkP_HZsdI,0x8620a133a38cba4b:0xd2b1d9f13f6496d8,15182155449016555224,/g/1264d89sb,None,,chrispickett@clearchannel.com,INVALID,Undeliverable,Chris Pickett,Chris,Pickett,Sales Director,,amrish@da-design.co.uk,RECEIVING,Catch All,Amrish Patel,Amrish,Patel,Sales Director,,fanpfan@aol.com,RECEIVING,Confirmed,Fantasy Pfanenstiel,Fantasy,Pfanenstiel,Sales Director,,15049138010,mobile,CELLCO PARTNERSHIP DBA VERIZON WIRELESS - LA,,,,,,,,,,http://www.facebook.com/pages/,,,,,,,,,,,,,,,"JBL Homes - New Orleans LA, Pensacola FL, and Mobile AL.  New Home construction.",,,,False,False
"custom home builder, 70131, New Orleans, LA, US",Wyman Homes,Wyman Homes,http://wymanhomes.com/,"Construction company, General contractor",General contractor,Construction company,+1 504-393-8656,other,"HARBOR COMMUNICATIONS, LLC - L",,"113 Jarrell Dr, Belle Chasse, LA 70037",None,113 Jarrell Dr,Belle Chasse,70037,Louisiana,Louisiana,United States of America,US,29.901726399999998,-89.98517919999999,8944465ad2fffff,America/Chicago,,False,5.0,2.0,https://search.google.com/local/reviews?placeid=ChIJD9UDP-sdnogRoZRg3gn7zHc&q=*&authuser=0&hl=en&gl=US,,,0.0,0.0,0.0,0.0,2.0,11.0,https://lh3.googleusercontent.com/p/AF1QipNEj4qClvL2TaHIKo0erjLXxxtL7Ho1rIhxjsOd=w800-h500-k-no,https://lh3.googleusercontent.com/p/AF1QipNEj4qClvL2TaHIKo0erjLXxxtL7Ho1rIhxjsOd=w1600-h1000-k-no,,"{""Sunday"": ""Closed"", ""Monday"": ""8:30AM-4:30PM"", ""Tuesday"": ""8:30AM-4:30PM"", ""Wednesday"": ""8:30AM-4:30PM"", ""Thursday"": ""8:30AM-4:30PM"", ""Friday"": ""8:30AM-4:30PM"", ""Saturday"": ""Closed""}","Sunday,|Monday,8:30AM,4:30PM|Tuesday,8:30AM,4:30PM|Wednesday,8:30AM,4:30PM|Thursday,8:30AM,4:30PM|Friday,8:30AM,4:30PM|Saturday,",Sunday:Closed|Monday:8:30AM-4:30PM|Tuesday:8:30AM-4:30PM|Wednesday:8:30AM-4:30PM|Thursday:8:30AM-4:30PM|Friday:8:30AM-4:30PM|Saturday:Closed,,,OPERATIONAL,"{""Accessibility"": {""Wheelchair accessible parking lot"": true}}",,,,https://lh4.googleusercontent.com/--xZnrC9LWV4/AAAAAAAAAAI/AAAAAAAAAAA/GrlLyJE0bAk/s44-p-k-no-ns-nd/photo.jpg,,,True,103454858286160713719,Wyman Homes,https://www.google.com/maps/contrib/103454858286160713719,,,,,"https://www.google.com/maps/place/Wyman+Homes/@29.901726399999998,-89.98517919999999,14z/data=!4m8!1m2!2m1!1sWyman+Homes!3m4!1s0x889e1deb3f03d50f:0x77ccfb09de6094a1!8m2!3d29.901726399999998!4d-89.98517919999999","https://www.google.com/maps/place/Wyman+Homes/@29.901726399999998,-89.98517919999999,13.99z/data=!4m16!1m7!3m6!1s0x889e1deb3f03d50f:0x77ccfb09de6094a1!2sWyman+Homes!8m2!3d29.901726399999998!4d-89.98517919999999!16s%2Fg%2F11ckvg1dmb!3m7!1s0x889e1deb3f03d50f:0x77ccfb09de6094a1!8m2!3d29.901726399999998!4d-89.98517919999999!9m1!1b1!16s%2Fg%2F11ckvg1dmb?entry=ttu",ChIJD9UDP-sdnogRoZRg3gn7zHc,0x889e1deb3f03d50f:0x77ccfb09de6094a1,8632550605566547105,/g/1v6p51zv,8632550605566547105,,donald@wymanhomes.com,RECEIVING,SMTP validated,Donald Snell,Donald,Snell,"Project Manager, Estimator",,info@wymanhomes.com,RECEIVING,SMTP validated,,,,,,,,,,,,,,5043938656,other,"HARBOR COMMUNICATIONS, LLC - L",,15043938656,other,"HARBOR COMMUNICATIONS, LLC - L",,,,,,https://www.facebook.com/wymanhomes,,,,,,,,,,,,,https://github.com/JulietaUla/,,wymanhomes.com,Starfield Technologies,Wyman Homes offers custom-built and modern homes in Belle Chasse and New Orleans designed by expert home builders. Contact us today for your dream home!,,False,True
"custom home builder, 70131, New Orleans, LA, US",Vivid Construction Group,Vivid Construction Group,,"Custom home builder, Service establishment",Custom home builder,Custom home builder,+1 504-232-0203,mobile,CELLCO PARTNERSHIP DBA VERIZON WIRELESS - LA,,,,,,,,,,,29.8186066,-89.7529388,8944732c32bffff,America/Chicago,,True,,,,,,,,,,,1.0,https://lh3.googleusercontent.com/p/AF1QipNNoR_uYmp-UzSt5GnosGuZEMeJmQygKP-y8Bes=w800-h500-k-no,https://lh3.googleusercontent.com/p/AF1QipNNoR_uYmp-UzSt5GnosGuZEMeJmQygKP-y8Bes=w1600-h1000-k-no,,"{""Sunday"": ""Closed"", ""Monday"": ""8:30AM-5PM"", ""Tuesday"": ""8:30AM-5PM"", ""Wednesday"": ""8:30AM-5PM"", ""Thursday"": ""8:30AM-5PM"", ""Friday"": ""8:30AM-5PM"", ""Saturday"": ""Closed""}","Sunday,|Monday,8:30AM,5PM|Tuesday,8:30AM,5PM|Wednesday,8:30AM,5PM|Thursday,8:30AM,5PM|Friday,8:30AM,5PM|Saturday,",Sunday:Closed|Monday:8:30AM-5PM|Tuesday:8:30AM-5PM|Wednesday:8:30AM-5PM|Thursday:8:30AM-5PM|Friday:8:30AM-5PM|Saturday:Closed,,,OPERATIONAL,{},,,,https://lh5.googleusercontent.com/-4BYtaXhq2zU/AAAAAAAAAAI/AAAAAAAAAAA/YCM7P4wul5Y/s44-p-k-no-ns-nd/photo.jpg,,,True,101654014650987281831,Vivid Construction Group,https://www.google.com/maps/contrib/101654014650987281831,,,,,"https://www.google.com/maps/place/Vivid+Construction+Group/@29.8186066,-89.7529388,14z/data=!4m8!1m2!2m1!1sVivid+Construction+Group!3m4!1s0x8e5d2a4714441ce1:0xd67b35fa714653a7!8m2!3d29.8186066!4d-89.7529388","https://www.google.com/maps/place/Vivid+Construction+Group/@29.8186066,-89.7529388,13.99z/data=!4m16!1m7!3m6!1s0x8e5d2a4714441ce1:0xd67b35fa714653a7!2sVivid+Construction+Group!8m2!3d29.8186066!4d-89.7529388!16s%2Fg%2F11ckvg1dmb!3m7!1s0x8e5d2a4714441ce1:0xd67b35fa714653a7!8m2!3d29.8186066!4d-89.7529388!9m1!1b1!16s%2Fg%2F11ckvg1dmb?entry=ttu",ChIJ4RxEFEcqXY4Rp1NGcfo1e9Y,0x8e5d2a4714441ce1:0xd67b35fa714653a7,15455005896010519463,/g/11rxz35kth,None,,,,,,,,,,,,,,,,,,,,,,,,,,,,,,,,,,,,,,,,,,,,,,,,,,,,,,,,,,
"custom home builder, 70131, New Orleans, LA, US",Sigfredo Construction,Sigfredo Construction,http://www.sigfredoconstruction.com/,"Home builder, Service establishment, General contractor",General contractor,Home builder,+1 504-250-7654,mobile,CELLCO PARTNERSHIP DBA VERIZON WIRELESS - LA,,,,,,,,,,,29.7606716,-90.0012574,89447326bb7ffff,America/Chicago,,True,4.0,4.0,https://search.google.com/local/reviews?placeid=ChIJAZ6_WR8enogRVuYPe52leiY&q=*&authuser=0&hl=en&gl=US,,,1.0,0.0,0.0,0.0,3.0,1.0,https://lh3.googleusercontent.com/p/AF1QipNPFK3r1LqA78NfeZTZ7tbWHhP5mdYlxG_CYRwM=w800-h500-k-no,https://lh3.googleusercontent.com/p/AF1QipNPFK3r1LqA78NfeZTZ7tbWHhP5mdYlxG_CYRwM=w1600-h1000-k-no,,"{""Sunday"": ""Closed"", ""Monday"": ""8AM-5PM"", ""Tuesday"": ""8AM-5PM"", ""Wednesday"": ""8AM-5PM"", ""Thursday"": ""8AM-5PM"", ""Friday"": ""8AM-5PM"", ""Saturday"": ""Closed""}","Sunday,|Monday,8AM,5PM|Tuesday,8AM,5PM|Wednesday,8AM,5PM|Thursday,8AM,5PM|Friday,8AM,5PM|Saturday,",Sunday:Closed|Monday:8AM-5PM|Tuesday:8AM-5PM|Wednesday:8AM-5PM|Thursday:8AM-5PM|Friday:8AM-5PM|Saturday:Closed,,,OPERATIONAL,{},,,,https://lh5.googleusercontent.com/-qruUMrHCX2M/AAAAAAAAAAI/AAAAAAAAAAA/BOgimEacIZU/s44-p-k-no-ns-nd/photo.jpg,,,True,105811822535788910531,Sigfredo Construction,https://www.google.com/maps/contrib/105811822535788910531,,,,,"https://www.google.com/maps/place/Sigfredo+Construction/@29.7606716,-90.0012574,14z/data=!4m8!1m2!2m1!1sSigfredo+Construction!3m4!1s0x889e1e1f59bf9e01:0x267aa59d7b0fe656!8m2!3d29.7606716!4d-90.0012574","https://www.google.com/maps/place/Sigfredo+Construction/@29.7606716,-90.0012574,13.99z/data=!4m16!1m7!3m6!1s0x889e1e1f59bf9e01:0x267aa59d7b0fe656!2sSigfredo+Construction!8m2!3d29.7606716!4d-90.0012574!16s%2Fg%2F11ckvg1dmb!3m7!1s0x889e1e1f59bf9e01:0x267aa59d7b0fe656!8m2!3d29.7606716!4d-90.0012574!9m1!1b1!16s%2Fg%2F11ckvg1dmb?entry=ttu",ChIJAZ6_WR8enogRVuYPe52leiY,0x889e1e1f59bf9e01:0x267aa59d7b0fe656,2772710616393049686,/g/11f01zlcmb,2772710616393049686,,info@sigfredoconstruction.com,RECEIVING,SMTP validated,,,,,,,,,,,,,,,,,,,,,,15042507654,mobile,CELLCO PARTNERSHIP DBA VERIZON WIRELESS - LA,,,,,,,,,,https://www.facebook.com/sigconinc/,https://www.instagram.com/sigfredoconstruction,,,,,,,,,https://twitter.com/intent/,,,,,Who We Are — Sigfredo Construction,,,,False,False
"custom home builder, 70131, New Orleans, LA, US",J & V Home Solutions,J And V Home Solutions,http://www.jandvhome.solutions/,"Construction company, Service establishment",Construction company,Construction company,+1 504-452-2470,mobile,"NEW CINGULAR WIRELESS PCS, LLC - GA",,,,,,,,,,,29.9474916,-90.36442,89444619db3ffff,America/Chicago,,True,5.0,3.0,https://search.google.com/local/reviews?placeid=ChIJ-VkfAF3x3aMROhnPGP_Zfd8&q=*&authuser=0&hl=en&gl=US,,,0.0,0.0,0.0,0.0,3.0,32.0,https://lh3.googleusercontent.com/p/AF1QipNopM5S6tgGnitU4P3Bku-xVF4IDHrsOyYbQUxH=w800-h500-k-no,https://lh3.googleusercontent.com/p/AF1QipNopM5S6tgGnitU4P3Bku-xVF4IDHrsOyYbQUxH=w1600-h1000-k-no,,"{""Sunday"": ""Closed"", ""Monday"": ""6AM-5PM"", ""Tuesday"": ""6AM-5PM"", ""Wednesday"": ""6AM-5PM"", ""Thursday"": ""6AM-5PM"", ""Friday"": ""6AM-5PM"", ""Saturday"": ""Closed""}","Sunday,|Monday,6AM,5PM|Tuesday,6AM,5PM|Wednesday,6AM,5PM|Thursday,6AM,5PM|Friday,6AM,5PM|Saturday,",Sunday:Closed|Monday:6AM-5PM|Tuesday:6AM-5PM|Wednesday:6AM-5PM|Thursday:6AM-5PM|Friday:6AM-5PM|Saturday:Closed,,,OPERATIONAL,{},,,,https://lh4.googleusercontent.com/-bEDm6rIq-rQ/AAAAAAAAAAI/AAAAAAAAAAA/p5d0UUkKO64/s44-p-k-no-ns-nd/photo.jpg,,,True,105971328938658392947,J & V Home Solutions,https://www.google.com/maps/contrib/105971328938658392947,,,,,"https://www.google.com/maps/place/J+%26+V+Home+Solutions/@29.9474916,-90.36442,14z/data=!4m8!1m2!2m1!1sJ+%26+V+Home+Solutions!3m4!1s0xa3ddf15d001f59f9:0xdf7dd9ff18cf193a!8m2!3d29.9474916!4d-90.36442","https://www.google.com/maps/place/J+%26+V+Home+Solutions/@29.9474916,-90.36442,13.99z/data=!4m16!1m7!3m6!1s0xa3ddf15d001f59f9:0xdf7dd9ff18cf193a!2sJ+%26+V+Home+Solutions!8m2!3d29.9474916!4d-90.36442!16s%2Fg%2F11ckvg1dmb!3m7!1s0xa3ddf15d001f59f9:0xdf7dd9ff18cf193a!8m2!3d29.9474916!4d-90.36442!9m1!1b1!16s%2Fg%2F11ckvg1dmb?entry=ttu",ChIJ-VkfAF3x3aMROhnPGP_Zfd8,0xa3ddf15d001f59f9:0xdf7dd9ff18cf193a,16104267532202875194,/g/11vdjtth35,-2342476541506676422,,,,,,,,,,,,,,,,,,,,,,,,,,,,,,,,,,,,,,,,,,,,,,,,,,,,,Portfolio |  J&V Home Solutions,Wix.com Website Builder,"Welcome to our site, where quality meets craftsmanship. We specialize in roofing, flat roof, kitchen designs, sheds, baths, hardwood floors, and both interior and exterior painting. Whether you're renovating or building from scratch, our expert team delivers exceptional results tailored to your needs. Transform your space with us today!",,False,False
"custom home builder, 70131, New Orleans, LA, US",Power-House Construction Services,Power House Construction Services,https://power-houseconstruction.com/,"General contractor, Service establishment",General contractor,General contractor,+1 504-894-4073,landline,,,,,,,,,,,,30.026535,-89.884517,8944464a30fffff,America/Chicago,,True,5.0,10.0,https://search.google.com/local/reviews?placeid=ChIJu3cFbaEtHkoRcJ16bXE2Ces&q=*&authuser=0&hl=en&gl=US,,,0.0,0.0,0.0,0.0,10.0,23.0,https://lh3.googleusercontent.com/p/AF1QipNjAM4VoWjOMaNMbKhH7og9K5KX_L_F7ZZZgqpo=w800-h500-k-no,https://lh3.googleusercontent.com/p/AF1QipNjAM4VoWjOMaNMbKhH7og9K5KX_L_F7ZZZgqpo=w1600-h1000-k-no,,"{""Sunday"": ""Closed"", ""Monday"": ""8AM-4:30PM"", ""Tuesday"": ""8AM-4:30PM"", ""Wednesday"": ""8AM-4:30PM"", ""Thursday"": ""8AM-4:30PM"", ""Friday"": ""8AM-4:30AM"", ""Saturday"": ""8AM-4:30PM""}","Sunday,|Monday,8AM,4:30PM|Tuesday,8AM,4:30PM|Wednesday,8AM,4:30PM|Thursday,8AM,4:30PM|Friday,8AM,4:30AM|Saturday,8AM,4:30PM",Sunday:Closed|Monday:8AM-4:30PM|Tuesday:8AM-4:30PM|Wednesday:8AM-4:30PM|Thursday:8AM-4:30PM|Friday:8AM-4:30AM|Saturday:8AM-4:30PM,,,OPERATIONAL,{},,,,https://lh5.googleusercontent.com/-qDrR4xG8qZ8/AAAAAAAAAAI/AAAAAAAAAAA/Ks28MwUuRYk/s44-p-k-no-ns-nd/photo.jpg,,,True,115304134723651866597,Power-House Construction Services,https://www.google.com/maps/contrib/115304134723651866597,,,,,"https://www.google.com/maps/place/Power-House+Construction+Services/@30.026535,-89.884517,14z/data=!4m8!1m2!2m1!1sPower-House+Construction+Services!3m4!1s0x4a1e2da16d0577bb:0xeb0936716d7a9d70!8m2!3d30.026535!4d-89.884517","https://www.google.com/maps/place/Power-House+Construction+Services/@30.026535,-89.884517,13.99z/data=!4m16!1m7!3m6!1s0x4a1e2da16d0577bb:0xeb0936716d7a9d70!2sPower-House+Construction+Services!8m2!3d30.026535!4d-89.884517!16s%2Fg%2F11ckvg1dmb!3m7!1s0x4a1e2da16d0577bb:0xeb0936716d7a9d70!8m2!3d30.026535!4d-89.884517!9m1!1b1!16s%2Fg%2F11ckvg1dmb?entry=ttu",ChIJu3cFbaEtHkoRcJ16bXE2Ces,0x4a1e2da16d0577bb:0xeb0936716d7a9d70,16936127734499417456,/g/11vy5thwwt,-1510616339210134160,,,,,,,,,,,,,,,,,,,,,,,,,,,,,,,,,,,,,,,,,,,,,,,,,,,,,,,,,,
"custom home builder, 70131, New Orleans, LA, US",Hoskin Homes,Hoskin Homes,http://www.hoskinhomes.com/,"Contractor, Real estate agency",Contractor,Contractor,+1 504-400-7771,mobile,"NEW CINGULAR WIRELESS PCS, LLC - GA",,"8498 LA-23, Belle Chasse, LA 70037",None,8498 LA-23,Belle Chasse,70037,Louisiana,Louisiana,United States of America,US,29.8513441,-89.9879449,89444651073ffff,America/Chicago,,False,4.4,14.0,https://search.google.com/local/reviews?placeid=ChIJ1YcemTsenogRG_1_FQLw91U&q=*&authuser=0&hl=en&gl=US,,,2.0,0.0,0.0,0.0,12.0,2.0,https://lh3.googleusercontent.com/p/AF1QipPb6cePtPr8pT0sgcltP-XQGgMezkD-yjiFyELA=w800-h500-k-no,https://lh3.googleusercontent.com/p/AF1QipPb6cePtPr8pT0sgcltP-XQGgMezkD-yjiFyELA=w1600-h1000-k-no,,"{""Sunday"": ""Closed"", ""Monday"": ""8:30AM-4:30PM"", ""Tuesday"": ""8:30AM-4:30PM"", ""Wednesday"": ""8:30AM-4:30PM"", ""Thursday"": ""8:30AM-4:30PM"", ""Friday"": ""8:30AM-4:30PM"", ""Saturday"": ""Closed""}","Sunday,|Monday,8:30AM,4:30PM|Tuesday,8:30AM,4:30PM|Wednesday,8:30AM,4:30PM|Thursday,8:30AM,4:30PM|Friday,8:30AM,4:30PM|Saturday,",Sunday:Closed|Monday:8:30AM-4:30PM|Tuesday:8:30AM-4:30PM|Wednesday:8:30AM-4:30PM|Thursday:8:30AM-4:30PM|Friday:8:30AM-4:30PM|Saturday:Closed,,,OPERATIONAL,"{""Accessibility"": {""Wheelchair accessible parking lot"": true}, ""Parking"": {""On-site parking"": true}}",,,,https://lh4.googleusercontent.com/-gHz4Bcir1qo/AAAAAAAAAAI/AAAAAAAAAAA/g6EdvjHs17c/s44-p-k-no-ns-nd/photo.jpg,,,True,104271431247188194162,Hoskin Homes,https://www.google.com/maps/contrib/104271431247188194162,,,,,"https://www.google.com/maps/place/Hoskin+Homes/@29.8513441,-89.9879449,14z/data=!4m8!1m2!2m1!1sHoskin+Homes!3m4!1s0x889e1e3b991e87d5:0x55f7f002157ffd1b!8m2!3d29.8513441!4d-89.9879449","https://www.google.com/maps/place/Hoskin+Homes/@29.8513441,-89.9879449,13.99z/data=!4m16!1m7!3m6!1s0x889e1e3b991e87d5:0x55f7f002157ffd1b!2sHoskin+Homes!8m2!3d29.8513441!4d-89.9879449!16s%2Fg%2F11ckvg1dmb!3m7!1s0x889e1e3b991e87d5:0x55f7f002157ffd1b!8m2!3d29.8513441!4d-89.9879449!9m1!1b1!16s%2Fg%2F11ckvg1dmb?entry=ttu",ChIJ1YcemTsenogRG_1_FQLw91U,0x889e1e3b991e87d5:0x55f7f002157ffd1b,6194683704212716827,/g/11f63xbfv7,6194683704212716827,,hoskinhomes@yahoo.com,RECEIVING,SMTP validated,,,,,,,,,,,,,,,,,,,,,,,,,,,,,,,,,,https://www.facebook.com/HoskinHomesLLC/,https://www.instagram.com/hoskin_homes,,,,,,,,,,,,,,hoskin homes,,"Hoskin Homes, LLC has become one of the leading home builders in the market 
that we serve. Hoskin Homes specializes in all general contracting needs.",,False,False
"custom home builder, 70131, New Orleans, LA, US",Golden Hammer Construction Company,Golden Hammer Construction Company,,"Custom home builder, General contractor, Remodeler",General contractor,Custom home builder,+1 504-915-3234,mobile,,,"3536 Lake Kristin Dr, Gretna, LA 70056",None,3536 Lake Kristin Dr,Gretna,70056,Louisiana,Louisiana,United States of America,US,29.857924999999998,-90.02875159999999,89444650273ffff,America/Chicago,,False,4.0,1.0,https://search.google.com/local/reviews?placeid=ChIJl07OSN2gIIYRmvkezNP5Xe0&q=*&authuser=0&hl=en&gl=US,,,0.0,0.0,0.0,1.0,0.0,5.0,https://lh3.googleusercontent.com/p/AF1QipOQMkMIXlGPEu9wieTR8-29e8hPuigmBVPIptuf=w800-h500-k-no,https://lh3.googleusercontent.com/p/AF1QipOQMkMIXlGPEu9wieTR8-29e8hPuigmBVPIptuf=w1600-h1000-k-no,,"{""Sunday"": ""Open 24 hours"", ""Monday"": ""Open 24 hours"", ""Tuesday"": ""Open 24 hours"", ""Wednesday"": ""Open 24 hours"", ""Thursday"": ""Open 24 hours"", ""Friday"": ""Open 24 hours"", ""Saturday"": ""Open 24 hours""}","Sunday,Open 24 hours|Monday,Open 24 hours|Tuesday,Open 24 hours|Wednesday,Open 24 hours|Thursday,Open 24 hours|Friday,Open 24 hours|Saturday,Open 24 hours",Sunday:Open 24 hours|Monday:Open 24 hours|Tuesday:Open 24 hours|Wednesday:Open 24 hours|Thursday:Open 24 hours|Friday:Open 24 hours|Saturday:Open 24 hours,,,OPERATIONAL,"{""Accessibility"": {""Wheelchair accessible parking lot"": true}}",,,,https://lh5.googleusercontent.com/-Kxy-d87z6Xs/AAAAAAAAAAI/AAAAAAAAAAA/XpFlyuq3GDY/s44-p-k-no-ns-nd/photo.jpg,,,True,103428673197492549468,Golden Hammer Construction Company,https://www.google.com/maps/contrib/103428673197492549468,,,,,"https://www.google.com/maps/place/Golden+Hammer+Construction+Company/@29.857924999999998,-90.02875159999999,14z/data=!4m8!1m2!2m1!1sGolden+Hammer+Construction+Company!3m4!1s0x8620a0dd48ce4e97:0xed5df9d3cc1ef99a!8m2!3d29.857924999999998!4d-90.02875159999999","https://www.google.com/maps/place/Golden+Hammer+Construction+Company/@29.857924999999998,-90.02875159999999,13.99z/data=!4m16!1m7!3m6!1s0x8620a0dd48ce4e97:0xed5df9d3cc1ef99a!2sGolden+Hammer+Construction+Company!8m2!3d29.857924999999998!4d-90.02875159999999!16s%2Fg%2F11ckvg1dmb!3m7!1s0x8620a0dd48ce4e97:0xed5df9d3cc1ef99a!8m2!3d29.857924999999998!4d-90.02875159999999!9m1!1b1!16s%2Fg%2F11ckvg1dmb?entry=ttu",ChIJl07OSN2gIIYRmvkezNP5Xe0,0x8620a0dd48ce4e97:0xed5df9d3cc1ef99a,17104101647881009562,/g/1tfddtzs,-1342642425828542054,,,,,,,,,,,,,,,,,,,,,,,,,,,,,,,,,,,,,,,,,,,,,,,,,,,,,,,,,,
"custom home builder, 70131, New Orleans, LA, US",Multi Function LLC,Multi Function,,"Home builder, Service establishment",Home builder,Home builder,+1 225-447-9043,mobile,AT&T,True,,,,,,,,,,46.423669,-129.9427086,8928e9c8573ffff,America/Detroit,,True,,,,,,,,,,,,,,,,,,,,OPERATIONAL,{},,,,https://lh5.googleusercontent.com/-tKqPDmx0isU/AAAAAAAAAAI/AAAAAAAAAAA/jESm8qdbTQ0/s44-p-k-no-ns-nd/photo.jpg,,,True,117573432012434919474,Multi Function LLC,https://www.google.com/maps/contrib/117573432012434919474,,,,,"https://www.google.com/maps/place/Multi+Function+LLC/@46.423669,-129.9427086,14z/data=!4m8!1m2!2m1!1sMulti+Function+LLC!3m4!1s0x9d72e8f4d74aa49:0xd8cf018cb6de11a3!8m2!3d46.423669!4d-129.9427086","https://www.google.com/maps/place/Multi+Function+LLC/@46.423669,-129.9427086,13.99z/data=!4m16!1m7!3m6!1s0x9d72e8f4d74aa49:0xd8cf018cb6de11a3!2sMulti+Function+LLC!8m2!3d46.423669!4d-129.9427086!16s%2Fg%2F11ckvg1dmb!3m7!1s0x9d72e8f4d74aa49:0xd8cf018cb6de11a3!8m2!3d46.423669!4d-129.9427086!9m1!1b1!16s%2Fg%2F11ckvg1dmb?entry=ttu",ChIJSap0TY8u1wkRoxHetowBz9g,0x9d72e8f4d74aa49:0xd8cf018cb6de11a3,15622707336246596003,/g/11mlss0zj5,None,,,,,,,,,,,,,,,,,,,,,,,,,,,,,,,,,,,,,,,,,,,,,,,,,,,,,,,,,,
"custom home builder, 70131, New Orleans, LA, US",D.R.C. Finishing Touch Construction LLC,D R C Finishing Touch Construction,http://www.drcfinishingtouch.com/,Construction company,Construction company,Construction company,+1 504-377-0544,landline,,,"6364 Woodland Hwy, New Orleans, LA 70131",Old Aurora,6364 Woodland Hwy,New Orleans,70131,Louisiana,Louisiana,United States of America,US,29.908459299999997,-89.98781509999999,89444651a4bffff,America/Chicago,,False,4.2,5.0,https://search.google.com/local/reviews?placeid=ChIJiyy2t5MdnogRrZMv4YOiPmE&q=*&authuser=0&hl=en&gl=US,,,1.0,0.0,0.0,0.0,4.0,42.0,https://lh3.googleusercontent.com/gps-cs-s/AG0ilSxmNP-9NSdECaCicQ06QFaD-0c6jrnuyKCQFfZKE7saf7kW0HaijjdRRqfiDrw9CPLBuM8HJAHsrqh29S6giuwLXc7remgRUPGtePTjeQBRyVMeUnfPaaXEfDdOs5y_oJYCEwuR=w800-h500-k-no,https://lh3.googleusercontent.com/gps-cs-s/AG0ilSxmNP-9NSdECaCicQ06QFaD-0c6jrnuyKCQFfZKE7saf7kW0HaijjdRRqfiDrw9CPLBuM8HJAHsrqh29S6giuwLXc7remgRUPGtePTjeQBRyVMeUnfPaaXEfDdOs5y_oJYCEwuR=w1600-h1000-k-no,,"{""Sunday"": ""Closed"", ""Monday"": ""7AM-7PM"", ""Tuesday"": ""7AM-7PM"", ""Wednesday"": ""7AM-7PM"", ""Thursday"": ""7AM-7PM"", ""Friday"": ""7AM-7PM"", ""Saturday"": ""7AM-7PM""}","Sunday,|Monday,7AM,7PM|Tuesday,7AM,7PM|Wednesday,7AM,7PM|Thursday,7AM,7PM|Friday,7AM,7PM|Saturday,7AM,7PM",Sunday:Closed|Monday:7AM-7PM|Tuesday:7AM-7PM|Wednesday:7AM-7PM|Thursday:7AM-7PM|Friday:7AM-7PM|Saturday:7AM-7PM,,,OPERATIONAL,{},,,,https://lh4.googleusercontent.com/--rIx9h53uMY/AAAAAAAAAAI/AAAAAAAAAAA/rLIY2iDnlVk/s44-p-k-no-ns-nd/photo.jpg,,,True,108771024869633792557,D.R.C. Finishing Touch Construction LLC,https://www.google.com/maps/contrib/108771024869633792557,,,,,"https://www.google.com/maps/place/D.R.C.+Finishing+Touch+Construction+LLC/@29.908459299999997,-89.98781509999999,14z/data=!4m8!1m2!2m1!1sD.R.C.+Finishing+Touch+Construction+LLC!3m4!1s0x889e1d93b7b62c8b:0x613ea283e12f93ad!8m2!3d29.908459299999997!4d-89.98781509999999","https://www.google.com/maps/place/D.R.C.+Finishing+Touch+Construction+LLC/@29.908459299999997,-89.98781509999999,13.99z/data=!4m16!1m7!3m6!1s0x889e1d93b7b62c8b:0x613ea283e12f93ad!2sD.R.C.+Finishing+Touch+Construction+LLC!8m2!3d29.908459299999997!4d-89.98781509999999!16s%2Fg%2F11ckvg1dmb!3m7!1s0x889e1d93b7b62c8b:0x613ea283e12f93ad!8m2!3d29.908459299999997!4d-89.98781509999999!9m1!1b1!16s%2Fg%2F11ckvg1dmb?entry=ttu",ChIJiyy2t5MdnogRrZMv4YOiPmE,0x889e1d93b7b62c8b:0x613ea283e12f93ad,7007216757537477549,/g/11df7q3hm1,7007216757537477549,,mail@drcfinishingtouch.com,RECEIVING,SMTP validated,,,,,,,,,,,,,,,,,,,,,,15043770544,landline,,,,,,,,,,,,,,,,,,,,,,,,,,D.R.C Finishing Touch Construction LLC|General Contractor |New Orleans| Services,Wix.com Website Builder,D.R.C Finishing Touch Construction LLC has been in Louisiana since 2007. We tackle everything from complex construction projects to property repairs and restorations.,"Construction Company, New Orleans , Louisiana, Delroy Gardener, Home Improvement, Home Repair, Renovation",False,False
"custom home builder, 70131, New Orleans, LA, US",Flick Homes LLC,Flick Homes,http://flickhomesllc.com/,"Construction company, Service establishment, General contractor",Construction company,Construction company,+1 504-329-9032,mobile,,,,,,,,,,,,29.9205994,-90.02540139999999,89444651b17ffff,America/Chicago,,True,,,,,,,,,,,8.0,https://lh3.googleusercontent.com/p/AF1QipMHpKYupm9ZZK0O4oI3g-io6JGsupuH2is50PdX=w800-h500-k-no,https://lh3.googleusercontent.com/p/AF1QipMHpKYupm9ZZK0O4oI3g-io6JGsupuH2is50PdX=w1600-h1000-k-no,,"{""Sunday"": ""Closed"", ""Monday"": ""7:30AM-5:30PM"", ""Tuesday"": ""7:30AM-5:30PM"", ""Wednesday"": ""7:30AM-5:30PM"", ""Thursday"": ""7:30AM-5:30PM"", ""Friday"": ""7:30AM-5:30PM"", ""Saturday"": ""8:30AM-12PM""}","Sunday,|Monday,7:30AM,5:30PM|Tuesday,7:30AM,5:30PM|Wednesday,7:30AM,5:30PM|Thursday,7:30AM,5:30PM|Friday,7:30AM,5:30PM|Saturday,8:30AM,12PM",Sunday:Closed|Monday:7:30AM-5:30PM|Tuesday:7:30AM-5:30PM|Wednesday:7:30AM-5:30PM|Thursday:7:30AM-5:30PM|Friday:7:30AM-5:30PM|Saturday:8:30AM-12PM,,,OPERATIONAL,{},,,,https://lh3.googleusercontent.com/-vWQ2ZfigMic/AAAAAAAAAAI/AAAAAAAAAAA/3RM_omIX1og/s44-p-k-no-ns-nd/photo.jpg,,,True,116463217706127297132,Flick Homes LLC,https://www.google.com/maps/contrib/116463217706127297132,,,,,"https://www.google.com/maps/place/Flick+Homes+LLC/@29.9205994,-90.02540139999999,14z/data=!4m8!1m2!2m1!1sFlick+Homes+LLC!3m4!1s0x64cf29b80116fe9:0x914a6a2f8c4a5176!8m2!3d29.9205994!4d-90.02540139999999","https://www.google.com/maps/place/Flick+Homes+LLC/@29.9205994,-90.02540139999999,13.99z/data=!4m16!1m7!3m6!1s0x64cf29b80116fe9:0x914a6a2f8c4a5176!2sFlick+Homes+LLC!8m2!3d29.9205994!4d-90.02540139999999!16s%2Fg%2F11ckvg1dmb!3m7!1s0x64cf29b80116fe9:0x914a6a2f8c4a5176!8m2!3d29.9205994!4d-90.02540139999999!9m1!1b1!16s%2Fg%2F11ckvg1dmb?entry=ttu",ChIJ6W8RgJvyTAYRdlFKjC9qSpE,0x64cf29b80116fe9:0x914a6a2f8c4a5176,10469297036225827190,/g/11vwhfzn3r,None,,flickhomes@yahoo.com,RECEIVING,SMTP validated,,,,,,jessica.copous@compass.com,RECEIVING,Verified,,,,,,,,,,,,,,5043299032,mobile,,,,,,,,,,,,,,,,,,,,,,,,,,Project Management | Flick Homes LLC,Wix.com Website Builder,"Nola Realtor, Real Estate, Latter & Blum, Homes For Sale, Realtor",,False,False
"custom home builder, 70131, New Orleans, LA, US",Danos Development,Danos Development,https://www.danosdevelopment.com/contact,Construction company,Construction company,Construction company,+1 504-264-7360,landline,,,"1820 Belle Chasse Hwy, Gretna, LA 70056",None,1820 Belle Chasse Hwy,Gretna,70056,Louisiana,Louisiana,United States of America,US,29.8941262,-90.03954759999999,89444651d4fffff,America/Chicago,,False,5.0,1.0,https://search.google.com/local/reviews?placeid=ChIJYcJlM9imIIYR64Cb3ruy3_M&q=*&authuser=0&hl=en&gl=US,,,0.0,0.0,0.0,0.0,1.0,1.0,https://streetviewpixels-pa.googleapis.com/v1/thumbnail?panoid=NQBjgZpo4InKVU2anmYqog&cb_client=search.gws-prod.gps&w=800&h=500&yaw=218.85783&pitch=0&thumbfov=100,https://streetviewpixels-pa.googleapis.com/v1/thumbnail?panoid=NQBjgZpo4InKVU2anmYqog&cb_client=search.gws-prod.gps&w=1600&h=1000&yaw=218.85783&pitch=0&thumbfov=100,,,,,,,OPERATIONAL,"{""Accessibility"": {""Wheelchair accessible entrance"": true, ""Wheelchair accessible parking lot"": true}}",,,,,,,False,None,Danos Development,,,,,,"https://www.google.com/maps/place/Danos+Development/@29.8941262,-90.03954759999999,14z/data=!4m8!1m2!2m1!1sDanos+Development!3m4!1s0x8620a6d83365c261:0xf3dfb2bbde9b80eb!8m2!3d29.8941262!4d-90.03954759999999","https://www.google.com/maps/place/Danos+Development/@29.8941262,-90.03954759999999,13.99z/data=!4m16!1m7!3m6!1s0x8620a6d83365c261:0xf3dfb2bbde9b80eb!2sDanos+Development!8m2!3d29.8941262!4d-90.03954759999999!16s%2Fg%2F11ckvg1dmb!3m7!1s0x8620a6d83365c261:0xf3dfb2bbde9b80eb!8m2!3d29.8941262!4d-90.03954759999999!9m1!1b1!16s%2Fg%2F11ckvg1dmb?entry=ttu",ChIJYcJlM9imIIYR64Cb3ruy3_M,0x8620a6d83365c261:0xf3dfb2bbde9b80eb,17572960790986326251,/g/11kptdg861,-873783282723225365,,heath@danosdevelopment.com,RECEIVING,SMTP validated,,,,,,,,,,,,,,,,,,,,,,,,,,,,,,,,,,,,,,,,,,,,,,,,,Proof Of Access,,,,False,False
"custom home builder, 70131, New Orleans, LA, US",Nola Build Construction & Design,Nola Build Construction And Design,https://nolabuild.com/,"Home builder, Concrete contractor, Contractor, Deck builder, Fence contractor, Flooring contractor, Garage builder, General contractor, Construction company, Roofing contractor",Construction company,Home builder,+1 504-339-2480,mobile,,,"117 W Genie St, Chalmette, LA 70043",None,117 W Genie St,Chalmette,70043,Louisiana,Louisiana,United States of America,US,29.9527224,-89.9597308,894446432cfffff,America/Chicago,,False,5.0,6.0,https://search.google.com/local/reviews?placeid=ChIJJ55WFd4cnogRS_xggOYEDWA&q=*&authuser=0&hl=en&gl=US,,,0.0,0.0,0.0,0.0,6.0,70.0,https://lh3.googleusercontent.com/p/AF1QipM8PNuNMKoW429ZGtbAAtfnGYyqr05Cc13qC6DV=w800-h500-k-no,https://lh3.googleusercontent.com/p/AF1QipM8PNuNMKoW429ZGtbAAtfnGYyqr05Cc13qC6DV=w1600-h1000-k-no,,"{""Sunday"": ""Closed"", ""Monday"": ""8AM-4PM"", ""Tuesday"": ""8AM-4PM"", ""Wednesday"": ""8AM-4PM"", ""Thursday"": ""8AM-4PM"", ""Friday"": ""8AM-4PM"", ""Saturday"": ""Closed""}","Sunday,|Monday,8AM,4PM|Tuesday,8AM,4PM|Wednesday,8AM,4PM|Thursday,8AM,4PM|Friday,8AM,4PM|Saturday,",Sunday:Closed|Monday:8AM-4PM|Tuesday:8AM-4PM|Wednesday:8AM-4PM|Thursday:8AM-4PM|Friday:8AM-4PM|Saturday:Closed,,,OPERATIONAL,"{""Accessibility"": {""Wheelchair accessible entrance"": true, ""Wheelchair accessible parking lot"": true}}",,,,https://lh6.googleusercontent.com/-KDZDsEyt_Jo/AAAAAAAAAAI/AAAAAAAAAAA/L_gXYJsz36k/s44-p-k-no-ns-nd/photo.jpg,,,True,101185006365780732304,Nola Build Construction & Design,https://www.google.com/maps/contrib/101185006365780732304,,,,,"https://www.google.com/maps/place/Nola+Build+Construction+%26+Design/@29.9527224,-89.9597308,14z/data=!4m8!1m2!2m1!1sNola+Build+Construction+%26+Design!3m4!1s0x889e1cde15569e27:0x600d04e68060fc4b!8m2!3d29.9527224!4d-89.9597308","https://www.google.com/maps/place/Nola+Build+Construction+%26+Design/@29.9527224,-89.9597308,13.99z/data=!4m16!1m7!3m6!1s0x889e1cde15569e27:0x600d04e68060fc4b!2sNola+Build+Construction+%26+Design!8m2!3d29.9527224!4d-89.9597308!16s%2Fg%2F11ckvg1dmb!3m7!1s0x889e1cde15569e27:0x600d04e68060fc4b!8m2!3d29.9527224!4d-89.9597308!9m1!1b1!16s%2Fg%2F11ckvg1dmb?entry=ttu",ChIJJ55WFd4cnogRS_xggOYEDWA,0x889e1cde15569e27:0x600d04e68060fc4b,6921193590381149259,/g/1pp2tvzq9,6921193590381149259,,nolabuild@yahoo.com,RECEIVING,SMTP validated,,,,,,office@nolabuild.com,RECEIVING,Role,,,,,,heather@nolabuild.com,RECEIVING,Verified,,,,,,5043392480,mobile,,,15043392480,mobile,,,,,,,https://www.facebook.com/nolabuild,https://www.instagram.com/nolabuild,,,,,,,,,https://twitter.com/NolaBuild,,,,,How Construction Companies in New Orleans Handle Post-Disaster Commercial Rebuilding - Nola Build - A Construction Company in Chalmette New Orleans,WordPress 6.8.3,"Our team of custom home builders is dedicated to specializing in residential projects, driven by a mission to provide exceptional craftsmanship.",,False,False
"custom home builder, 70131, New Orleans, LA, US",Blue Skies Construction LA LLC,Blue Skies Construction La,https://www.blueskiesla.com/contact/,Construction company,Construction company,Construction company,+1 504-392-0750,landline,,,"149 Keating Dr, Belle Chasse, LA 70037",None,149 Keating Dr,Belle Chasse,70037,Louisiana,Louisiana,United States of America,US,29.9035209,-89.98500609999999,8944465a997ffff,America/Chicago,,False,4.0,4.0,https://search.google.com/local/reviews?placeid=ChIJd9o3QesdnogR_QTByItXW40&q=*&authuser=0&hl=en&gl=US,,,1.0,0.0,0.0,0.0,3.0,39.0,https://lh3.googleusercontent.com/p/AF1QipOE7fBhehDE9klNCOJDIA64U_aaxDx5W_YmigUP=w800-h500-k-no,https://lh3.googleusercontent.com/p/AF1QipOE7fBhehDE9klNCOJDIA64U_aaxDx5W_YmigUP=w1600-h1000-k-no,,"{""Sunday"": ""Closed"", ""Monday"": ""7AM-5PM"", ""Tuesday"": ""7AM-5PM"", ""Wednesday"": ""7AM-5PM"", ""Thursday"": ""7AM-5PM"", ""Friday"": ""9AM-4PM"", ""Saturday"": ""7AM-12PM""}","Sunday,|Monday,7AM,5PM|Tuesday,7AM,5PM|Wednesday,7AM,5PM|Thursday,7AM,5PM|Friday,9AM,4PM|Saturday,7AM,12PM",Sunday:Closed|Monday:7AM-5PM|Tuesday:7AM-5PM|Wednesday:7AM-5PM|Thursday:7AM-5PM|Friday:9AM-4PM|Saturday:7AM-12PM,,,OPERATIONAL,{},,,,https://lh4.googleusercontent.com/-rJKr0kc4qOE/AAAAAAAAAAI/AAAAAAAAAAA/nEut0a36ATI/s44-p-k-no-ns-nd/photo.jpg,,,True,117783510943971867260,Blue Skies Construction LA LLC,https://www.google.com/maps/contrib/117783510943971867260,,,,,"https://www.google.com/maps/place/Blue+Skies+Construction+LA+LLC/@29.9035209,-89.98500609999999,14z/data=!4m8!1m2!2m1!1sBlue+Skies+Construction+LA+LLC!3m4!1s0x889e1deb4137da77:0x8d5b578bc8c104fd!8m2!3d29.9035209!4d-89.98500609999999","https://www.google.com/maps/place/Blue+Skies+Construction+LA+LLC/@29.9035209,-89.98500609999999,13.99z/data=!4m16!1m7!3m6!1s0x889e1deb4137da77:0x8d5b578bc8c104fd!2sBlue+Skies+Construction+LA+LLC!8m2!3d29.9035209!4d-89.98500609999999!16s%2Fg%2F11ckvg1dmb!3m7!1s0x889e1deb4137da77:0x8d5b578bc8c104fd!8m2!3d29.9035209!4d-89.98500609999999!9m1!1b1!16s%2Fg%2F11ckvg1dmb?entry=ttu",ChIJd9o3QesdnogR_QTByItXW40,0x889e1deb4137da77:0x8d5b578bc8c104fd,10185831240108672253,/g/11h5q7_fjz,-8260912833600879363,,philip@blueskiesla.com,RECEIVING,SMTP validated,,,,,,brooke@blueskiesla.com,RECEIVING,SMTP validated,,,,,,info@blueskiesla.com,RECEIVING,Catch All,,,,,,5046287000,mobile,,,5043920750,landline,,,15043920750,landline,,,https://www.facebook.com/blueskiescontruction/,,,,,,,,,,,,,,,"Home - Blue Skies Construction LA, LLC",WordPress 6.6.2,,,False,True
"custom home builder, 70131, New Orleans, LA, US",Dreday barbershop,Dreday Barbershop,,"Custom home builder, Service establishment",Custom home builder,Custom home builder,+1 504-900-9787,landline,,,,,,,,,,,,29.900135,-89.893436,8944465803bffff,America/Chicago,,True,,,,,,,,,,,1.0,https://lh3.googleusercontent.com/p/AF1QipOtxPx-Lk7ba5Fx5V0MpH90EHtEJL-1wRb8awk4=w800-h500-k-no,https://lh3.googleusercontent.com/p/AF1QipOtxPx-Lk7ba5Fx5V0MpH90EHtEJL-1wRb8awk4=w1600-h1000-k-no,,"{""Sunday"": ""Open 24 hours"", ""Monday"": ""Open 24 hours"", ""Tuesday"": ""Open 24 hours"", ""Wednesday"": ""Open 24 hours"", ""Thursday"": ""Open 24 hours"", ""Friday"": ""Open 24 hours"", ""Saturday"": ""Open 24 hours""}","Sunday,Open 24 hours|Monday,Open 24 hours|Tuesday,Open 24 hours|Wednesday,Open 24 hours|Thursday,Open 24 hours|Friday,Open 24 hours|Saturday,Open 24 hours",Sunday:Open 24 hours|Monday:Open 24 hours|Tuesday:Open 24 hours|Wednesday:Open 24 hours|Thursday:Open 24 hours|Friday:Open 24 hours|Saturday:Open 24 hours,,,OPERATIONAL,{},,,,https://lh6.googleusercontent.com/-AiBm5It6ZG8/AAAAAAAAAAI/AAAAAAAAAAA/waUHSSk4QHQ/s44-p-k-no-ns-nd/photo.jpg,,,True,114830435861987398904,Dreday barbershop,https://www.google.com/maps/contrib/114830435861987398904,,,,,"https://www.google.com/maps/place/Dreday+barbershop/@29.900135,-89.893436,14z/data=!4m8!1m2!2m1!1sDreday+barbershop!3m4!1s0x8e27be7a57f19fe5:0x227cfe5674024956!8m2!3d29.900135!4d-89.893436","https://www.google.com/maps/place/Dreday+barbershop/@29.900135,-89.893436,13.99z/data=!4m16!1m7!3m6!1s0x8e27be7a57f19fe5:0x227cfe5674024956!2sDreday+barbershop!8m2!3d29.900135!4d-89.893436!16s%2Fg%2F11ckvg1dmb!3m7!1s0x8e27be7a57f19fe5:0x227cfe5674024956!8m2!3d29.900135!4d-89.893436!9m1!1b1!16s%2Fg%2F11ckvg1dmb?entry=ttu",ChIJ5Z_xV3q-J44RVkkCdFb-fCI,0x8e27be7a57f19fe5:0x227cfe5674024956,2485140741668620630,/g/11m5crx5y3,None,,,,,,,,,,,,,,,,,,,,,,,,,,,,,,,,,,,,,,,,,,,,,,,,,,,,,,,,,,
"custom home builder, 70131, New Orleans, LA, US",Austin Construction LLC,Austin Construction,https://austinconstructionla.com/,"Home builder, Service establishment, General contractor, Remodeler, Roofing contractor",General contractor,Home builder,+1 504-994-8560,mobile,T-Mobile USA Inc.,,,,,,,,,,,29.903546,-89.519342,8944559a9a7ffff,America/Chicago,,True,5.0,1.0,https://search.google.com/local/reviews?placeid=ChIJc7nyEjNBTAoRghc0vs9jyRk&q=*&authuser=0&hl=en&gl=US,,,0.0,0.0,0.0,0.0,1.0,27.0,https://lh3.googleusercontent.com/p/AF1QipPqvbSL_Oq7ZF0fUVEIdUz_R6Z-t2ZDf_UH23YO=w800-h500-k-no,https://lh3.googleusercontent.com/p/AF1QipPqvbSL_Oq7ZF0fUVEIdUz_R6Z-t2ZDf_UH23YO=w1600-h1000-k-no,,"{""Sunday"": ""Closed"", ""Monday"": ""9AM-5:30PM"", ""Tuesday"": ""9AM-5:30PM"", ""Wednesday"": ""9AM-5:30PM"", ""Thursday"": ""9AM-5:30PM"", ""Friday"": ""9AM-5:30PM"", ""Saturday"": ""Closed""}","Sunday,|Monday,9AM,5:30PM|Tuesday,9AM,5:30PM|Wednesday,9AM,5:30PM|Thursday,9AM,5:30PM|Friday,9AM,5:30PM|Saturday,",Sunday:Closed|Monday:9AM-5:30PM|Tuesday:9AM-5:30PM|Wednesday:9AM-5:30PM|Thursday:9AM-5:30PM|Friday:9AM-5:30PM|Saturday:Closed,,,OPERATIONAL,{},,,,https://lh4.googleusercontent.com/-i7BVApVeOD0/AAAAAAAAAAI/AAAAAAAAAAA/lNS-P6X7Qhw/s44-p-k-no-ns-nd/photo.jpg,,,True,117624513955761369942,Austin Construction LLC,https://www.google.com/maps/contrib/117624513955761369942,,,,,"https://www.google.com/maps/place/Austin+Construction+LLC/@29.903546,-89.519342,14z/data=!4m8!1m2!2m1!1sAustin+Construction+LLC!3m4!1s0xa4c413312f2b973:0x19c963cfbe341782!8m2!3d29.903546!4d-89.519342","https://www.google.com/maps/place/Austin+Construction+LLC/@29.903546,-89.519342,13.99z/data=!4m16!1m7!3m6!1s0xa4c413312f2b973:0x19c963cfbe341782!2sAustin+Construction+LLC!8m2!3d29.903546!4d-89.519342!16s%2Fg%2F11ckvg1dmb!3m7!1s0xa4c413312f2b973:0x19c963cfbe341782!8m2!3d29.903546!4d-89.519342!9m1!1b1!16s%2Fg%2F11ckvg1dmb?entry=ttu",ChIJc7nyEjNBTAoRghc0vs9jyRk,0xa4c413312f2b973:0x19c963cfbe341782,1858126065167505282,/g/11yd9j0j3w,1858126065167505282,,r.austinconstruction@gmail.com,RECEIVING,Verified,,,,,,info@austinconstructionllc.com,INVALID,Undeliverable,,,,,,,,,,,,,,,,,,,,,,,,,,https://www.facebook.com/austinconstructionco/,https://www.instagram.com/austin_construction,,,,,,,,,,,,,,New Home Construction – Austin Construction LLC – New Orleans Construction Services,WordPress 6.8.3,,,False,False
"custom home builder, 70131, New Orleans, LA, US","Mark Treadaway Builder, Inc.",Mark Treadaway Builder,http://www.marktreadaway.com/,Home builder,Home builder,Home builder,+1 504-915-5836,mobile,,,"301 Oak Tree Rd, Belle Chasse, LA 70037",None,301 Oak Tree Rd,Belle Chasse,70037,Louisiana,Louisiana,United States of America,US,29.850276899999997,-89.9917995,8944465103bffff,America/Chicago,,False,,,,,,,,,,,2.0,https://streetviewpixels-pa.googleapis.com/v1/thumbnail?panoid=x4ANl2LwM6XcVQgtQ-OfhQ&cb_client=search.gws-prod.gps&w=800&h=500&yaw=138.35234&pitch=0&thumbfov=100,https://lh3.googleusercontent.com/gps-cs-s/AG0ilSygOHECp2n7QyCs56TfSXjC1AOlLwk3exk4KHUhUw7yKpWnzlQbr1F-meTxOw2WsZeRBfazMtomjJCrDYM8Oztwo30wdbxMgTjSDGi9lSJjjO68C5Szm_UDKq8ofRHK0T1WaxET=w1600-h1000-k-no,,,,,,,OPERATIONAL,{},,,,https://lh6.googleusercontent.com/-7hAD6TdRU4k/AAAAAAAAAAI/AAAAAAAAAAA/2YJMiaOkEHA/s44-p-k-no-ns-nd/photo.jpg,,,True,117233173224513220043,"Mark Treadaway Builder, Inc.",https://www.google.com/maps/contrib/117233173224513220043,,,,,"https://www.google.com/maps/place/Mark+Treadaway+Builder%2C+Inc./@29.850276899999997,-89.9917995,14z/data=!4m8!1m2!2m1!1sMark+Treadaway+Builder%2C+Inc.!3m4!1s0x862722bf16066161:0x32ba2585119e67c0!8m2!3d29.850276899999997!4d-89.9917995","https://www.google.com/maps/place/Mark+Treadaway+Builder%2C+Inc./@29.850276899999997,-89.9917995,13.99z/data=!4m16!1m7!3m6!1s0x862722bf16066161:0x32ba2585119e67c0!2sMark+Treadaway+Builder%2C+Inc.!8m2!3d29.850276899999997!4d-89.9917995!16s%2Fg%2F11ckvg1dmb!3m7!1s0x862722bf16066161:0x32ba2585119e67c0!8m2!3d29.850276899999997!4d-89.9917995!9m1!1b1!16s%2Fg%2F11ckvg1dmb?entry=ttu",ChIJYWEGFr8iJ4YRwGeeEYUlujI,0x862722bf16066161:0x32ba2585119e67c0,3655275301021050816,/g/12631qmnf,None,,mark@marktreadaway.com,RECEIVING,SMTP validated,,,,,,,,,,,,,,,,,,,,,,5049155836,mobile,,,,,,,,,,,https://www.facebook.com/Mark-Treadaway-Builder-Inc-204440256247389/,,,,,,,,,,,,,,,Contact – Mark Treadaway Builder,WordPress 6.8.3,"Please fill out the below form detailing the reason for your inquiry and we will get back to you to discuss.
Thank you for visiting our website.",,False,False
"custom home builder, 70131, New Orleans, LA, US",Tregle Construction LLC,Tregle Construction,,"Kitchen remodeler, Building restoration service, Service establishment, General contractor",Kitchen remodeler,Kitchen remodeler,+1 504-201-8041,mobile,AT&T Mobility LLC,,,,,,,,,,,30.062075999999998,-89.519342,89445581b8fffff,America/Chicago,,True,5.0,9.0,https://search.google.com/local/reviews?placeid=ChIJD_4Yt4wZnogRxcCkdg7hWzU&q=*&authuser=0&hl=en&gl=US,,,0.0,0.0,0.0,0.0,9.0,102.0,https://lh3.googleusercontent.com/p/AF1QipPyxzMAvPq-etIwTEGUrx1vikrvk-xLHlLu9deN=w800-h500-k-no,https://lh3.googleusercontent.com/p/AF1QipPyxzMAvPq-etIwTEGUrx1vikrvk-xLHlLu9deN=w1600-h1000-k-no,,"{""Sunday"": ""Closed"", ""Monday"": ""7AM-6PM"", ""Tuesday"": ""7AM-6PM"", ""Wednesday"": ""7AM-6PM"", ""Thursday"": ""7AM-6PM"", ""Friday"": ""7AM-6PM"", ""Saturday"": ""7AM-6PM""}","Sunday,|Monday,7AM,6PM|Tuesday,7AM,6PM|Wednesday,7AM,6PM|Thursday,7AM,6PM|Friday,7AM,6PM|Saturday,7AM,6PM",Sunday:Closed|Monday:7AM-6PM|Tuesday:7AM-6PM|Wednesday:7AM-6PM|Thursday:7AM-6PM|Friday:7AM-6PM|Saturday:7AM-6PM,,,OPERATIONAL,{},,,,https://lh4.googleusercontent.com/-04Es3bZu9I8/AAAAAAAAAAI/AAAAAAAAAAA/XcokLp3DqWk/s44-p-k-no-ns-nd/photo.jpg,,,True,114824610189446690889,Tregle Construction LLC,https://www.google.com/maps/contrib/114824610189446690889,,,,,"https://www.google.com/maps/place/Tregle+Construction+LLC/@30.062075999999998,-89.519342,14z/data=!4m8!1m2!2m1!1sTregle+Construction+LLC!3m4!1s0x889e198cb718fe0f:0x355be10e76a4c0c5!8m2!3d30.062075999999998!4d-89.519342","https://www.google.com/maps/place/Tregle+Construction+LLC/@30.062075999999998,-89.519342,13.99z/data=!4m16!1m7!3m6!1s0x889e198cb718fe0f:0x355be10e76a4c0c5!2sTregle+Construction+LLC!8m2!3d30.062075999999998!4d-89.519342!16s%2Fg%2F11ckvg1dmb!3m7!1s0x889e198cb718fe0f:0x355be10e76a4c0c5!8m2!3d30.062075999999998!4d-89.519342!9m1!1b1!16s%2Fg%2F11ckvg1dmb?entry=ttu",ChIJD_4Yt4wZnogRxcCkdg7hWzU,0x889e198cb718fe0f:0x355be10e76a4c0c5,3844914159127150789,/g/11kjkcbsly,3844914159127150789,,,,,,,,,,,,,,,,,,,,,,,,,,,,,,,,,,,,,,,,,,,,,,,,,,,,,,,,,,
"custom home builder, 70131, New Orleans, LA, US",Havenly PayDirt LLC,Havenly Paydirt,,"Home builder, Service establishment",Home builder,Home builder,+1 504-323-5163,landline,,,,,,,,,,,,30.937373599999997,-91.40087,8944400c20fffff,America/Chicago,,True,,,,,,,,,,,4.0,https://lh3.googleusercontent.com/p/AF1QipN3_NRhroxXjSiEr0Fbc55CihwuW8rGx-SrTKbi=w800-h500-k-no,https://lh3.googleusercontent.com/p/AF1QipN3_NRhroxXjSiEr0Fbc55CihwuW8rGx-SrTKbi=w1600-h1000-k-no,,"{""Sunday"": ""Closed"", ""Monday"": ""9AM-5PM"", ""Tuesday"": ""9AM-5PM"", ""Wednesday"": ""9AM-5PM"", ""Thursday"": ""9AM-5PM"", ""Friday"": ""9AM-5PM"", ""Saturday"": ""Closed""}","Sunday,|Monday,9AM,5PM|Tuesday,9AM,5PM|Wednesday,9AM,5PM|Thursday,9AM,5PM|Friday,9AM,5PM|Saturday,",Sunday:Closed|Monday:9AM-5PM|Tuesday:9AM-5PM|Wednesday:9AM-5PM|Thursday:9AM-5PM|Friday:9AM-5PM|Saturday:Closed,,,OPERATIONAL,{},,,,https://lh6.googleusercontent.com/-4ay1gBmdLRE/AAAAAAAAAAI/AAAAAAAAAAA/9SqwQyyXTZ0/s44-p-k-no-ns-nd/photo.jpg,,,True,108247379412954981865,Havenly PayDirt LLC,https://www.google.com/maps/contrib/108247379412954981865,,,,,"https://www.google.com/maps/place/Havenly+PayDirt+LLC/@30.937373599999997,-91.40087,14z/data=!4m8!1m2!2m1!1sHavenly+PayDirt+LLC!3m4!1s0xa3de0b1e80d1172b:0xc15a74eb2f0072c5!8m2!3d30.937373599999997!4d-91.40087","https://www.google.com/maps/place/Havenly+PayDirt+LLC/@30.937373599999997,-91.40087,13.99z/data=!4m16!1m7!3m6!1s0xa3de0b1e80d1172b:0xc15a74eb2f0072c5!2sHavenly+PayDirt+LLC!8m2!3d30.937373599999997!4d-91.40087!16s%2Fg%2F11ckvg1dmb!3m7!1s0xa3de0b1e80d1172b:0xc15a74eb2f0072c5!8m2!3d30.937373599999997!4d-91.40087!9m1!1b1!16s%2Fg%2F11ckvg1dmb?entry=ttu",ChIJKxfRgB4L3qMRxXIAL-t0WsE,0xa3de0b1e80d1172b:0xc15a74eb2f0072c5,13932576950678745797,/g/11twtsfrrb,None,,,,,,,,,,,,,,,,,,,,,,,,,,,,,,,,,,,,,,,,,,,,,,,,,,,,,,,,,,
"custom home builder, 70131, New Orleans, LA, US","Rick's Carpentry, LLC",Ricks Carpentry,https://rickscarpentryllc.com/,"Carpenter, Fence contractor, Stair contractor, Sunroom contractor",Carpenter,Carpenter,+1 504-388-1430,mobile,"NEW CINGULAR WIRELESS PCS, LLC - GA",,"126 PI St, Belle Chasse, LA 70037",None,126 PI St,Belle Chasse,70037,Louisiana,Louisiana,United States of America,US,29.862738399999998,-90.0111433,89444651103ffff,America/Chicago,,False,4.7,51.0,https://search.google.com/local/reviews?placeid=ChIJF4KzlLygIIYRqDqqcAaGcJg&q=*&authuser=0&hl=en&gl=US,,,4.0,0.0,0.0,1.0,46.0,593.0,https://lh3.googleusercontent.com/p/AF1QipNYVOQBz2xKoKlcBcjD1gJJWp8pXyW5IhxD3GMJ=w800-h500-k-no,https://lh3.googleusercontent.com/p/AF1QipNYVOQBz2xKoKlcBcjD1gJJWp8pXyW5IhxD3GMJ=w1600-h1000-k-no,,"{""Sunday"": ""Closed"", ""Monday"": ""8AM-5PM"", ""Tuesday"": ""8AM-5PM"", ""Wednesday"": ""8AM-5PM"", ""Thursday"": ""8AM-5PM"", ""Friday"": ""8AM-5PM"", ""Saturday"": ""Closed""}","Sunday,|Monday,8AM,5PM|Tuesday,8AM,5PM|Wednesday,8AM,5PM|Thursday,8AM,5PM|Friday,8AM,5PM|Saturday,",Sunday:Closed|Monday:8AM-5PM|Tuesday:8AM-5PM|Wednesday:8AM-5PM|Thursday:8AM-5PM|Friday:8AM-5PM|Saturday:Closed,,,OPERATIONAL,"{""Service options"": {""Online estimates"": true, ""Language assistance"": ""English""}, ""Payments"": {""Credit cards"": true}}",,,,https://lh4.googleusercontent.com/-ViagMMmPxBU/AAAAAAAAAAI/AAAAAAAAAAA/n3gzqUrzMl0/s44-p-k-no-ns-nd/photo.jpg,,,True,101487215102953581970,"Rick's Carpentry, LLC",https://www.google.com/maps/contrib/101487215102953581970,,,,,"https://www.google.com/maps/place/Rick%27s+Carpentry%2C+LLC/@29.862738399999998,-90.0111433,14z/data=!4m8!1m2!2m1!1sRick%27s+Carpentry%2C+LLC!3m4!1s0x8620a0bc94b38217:0x9870860670aa3aa8!8m2!3d29.862738399999998!4d-90.0111433","https://www.google.com/maps/place/Rick%27s+Carpentry%2C+LLC/@29.862738399999998,-90.0111433,13.99z/data=!4m16!1m7!3m6!1s0x8620a0bc94b38217:0x9870860670aa3aa8!2sRick%27s+Carpentry%2C+LLC!8m2!3d29.862738399999998!4d-90.0111433!16s%2Fg%2F11ckvg1dmb!3m7!1s0x8620a0bc94b38217:0x9870860670aa3aa8!8m2!3d29.862738399999998!4d-90.0111433!9m1!1b1!16s%2Fg%2F11ckvg1dmb?entry=ttu",ChIJF4KzlLygIIYRqDqqcAaGcJg,0x8620a0bc94b38217:0x9870860670aa3aa8,10984426853374769832,/g/11dxj1wbcn,-7462317220334781784,,rickscarpentry123@gmail.com,RECEIVING,SMTP validated,,,,,,rickscarpentry123@gmail.com,RECEIVING,SMTP validated,,,,,,rickscarpentry123@gmail.com,RECEIVING,SMTP validated,,,,,,5043881430,mobile,"NEW CINGULAR WIRELESS PCS, LLC - GA",,504203881430,,,,5043881430,mobile,"NEW CINGULAR WIRELESS PCS, LLC - GA",,https://www.facebook.com/rickscarpentryllc/,,,,,,,,,,,,https://www.youtube.com/user/Rickscarpentry123/,,,"Fence and Gate Installation Belle ChasseGate & Fence Installation Company Belle Chasse, New Orleans, Estelle, Bridge City, Kenner",Powered by WPBakery Page Builder - drag and drop page builder for WordPress.,Choose Rick’s Carpentry for a fence or gate that’s more than just a barrier – it’s an expression of you.,"Carpenter, Contractors near me, Contractors in Belle Chasse, Contractors in Gretna, Contractors in Harvey, Contractors in Marrero, Contractors in Westwego, Contractors in Bridge City, Contractors in Elmwood, Contractors in Harahan, Contractors in River Ridge, Contractors in New Orleans, Carpenter in New Orleans, Contractors in Algiers, Bathroom Remodeling, Kitchen Remodeling, Renovations, Wood Works, Decks, Patios, Stairs, Fencing, Termite Damage, Door Repair",False,False
"custom home builder, 70131, New Orleans, LA, US",JBL Homes - Acadiana,Jbl Homes Acadiana,http://www.jblhomes.com/LA/Acadiana/Acadiana.aspx,"Custom home builder, Home builder, Real estate developer",Home builder,Custom home builder,+1 504-347-9130,landline,,,"2757 Acadiana Trce, Marrero, LA 70072",None,2757 Acadiana Trce,Marrero,70072,Louisiana,Louisiana,United States of America,US,29.8139261,-90.1106518,8944465210fffff,America/Chicago,,False,3.8,18.0,https://search.google.com/local/reviews?placeid=ChIJrejSKWmkIIYR6g3v0iEv3ok&q=*&authuser=0&hl=en&gl=US,,,4.0,1.0,1.0,0.0,12.0,6.0,https://lh3.googleusercontent.com/p/AF1QipMjHBm-QhTOazfPQfGJxqFpvKmErr3O4d9I-vDL=w800-h500-k-no,https://lh3.googleusercontent.com/p/AF1QipMjHBm-QhTOazfPQfGJxqFpvKmErr3O4d9I-vDL=w1600-h1000-k-no,,"{""Sunday"": ""12-6PM"", ""Monday"": ""12-6PM"", ""Tuesday"": ""Closed"", ""Wednesday"": ""Closed"", ""Thursday"": ""12-6PM"", ""Friday"": ""12-6PM"", ""Saturday"": ""12-6PM""}","Sunday,12,6PM|Monday,12,6PM|Tuesday,|Wednesday,|Thursday,12,6PM|Friday,12,6PM|Saturday,12,6PM",Sunday:12-6PM|Monday:12-6PM|Tuesday:Closed|Wednesday:Closed|Thursday:12-6PM|Friday:12-6PM|Saturday:12-6PM,,,OPERATIONAL,{},,,,https://lh4.googleusercontent.com/-w6gPjVccQ4c/AAAAAAAAAAI/AAAAAAAAAAA/vU5MsZVubk8/s44-p-k-no-ns-nd/photo.jpg,,,True,100907248737775254805,JBL Homes - Acadiana,https://www.google.com/maps/contrib/100907248737775254805,,,,,"https://www.google.com/maps/place/JBL+Homes+-+Acadiana/@29.8139261,-90.1106518,14z/data=!4m8!1m2!2m1!1sJBL+Homes+-+Acadiana!3m4!1s0x8620a46929d2e8ad:0x89de2f21d2ef0dea!8m2!3d29.8139261!4d-90.1106518","https://www.google.com/maps/place/JBL+Homes+-+Acadiana/@29.8139261,-90.1106518,13.99z/data=!4m16!1m7!3m6!1s0x8620a46929d2e8ad:0x89de2f21d2ef0dea!2sJBL+Homes+-+Acadiana!8m2!3d29.8139261!4d-90.1106518!16s%2Fg%2F11ckvg1dmb!3m7!1s0x8620a46929d2e8ad:0x89de2f21d2ef0dea!8m2!3d29.8139261!4d-90.1106518!9m1!1b1!16s%2Fg%2F11ckvg1dmb?entry=ttu",ChIJrejSKWmkIIYR6g3v0iEv3ok,0x8620a46929d2e8ad:0x89de2f21d2ef0dea,9934429650345201130,/g/1tdfj0ry,-8512314423364350486,,judyp@jblhomes.com,RECEIVING,SMTP validated,,,,,,jfreeman@jblhomes.com,RECEIVING,SMTP validated,,,,,,michele@jblhomes.com,RECEIVING,SMTP validated,,,,,,15049138010,mobile,CELLCO PARTNERSHIP DBA VERIZON WIRELESS - LA,,,,,,,,,,http://www.facebook.com/pages/,,,,,,,,,,,,,,,"JBL Homes - New Orleans LA, Pensacola FL, and Mobile AL.  New Home construction.",,,,False,False
"custom home builder, 70131, New Orleans, LA, US",J&I Construction -Remodeling,J And I Construction Remodeling,,Construction company,Construction company,Construction company,+1 504-930-5736,landline,,,"529 Farmington Pl, Terrytown, LA 70056",None,529 Farmington Pl,Terrytown,70056,Louisiana,Louisiana,United States of America,US,29.9045316,-90.03089399999999,89444651833ffff,America/Chicago,,False,,,,,,,,,,,132.0,https://lh3.googleusercontent.com/p/AF1QipOvyx6799MEPKMXWZID66b6LIwA-JcCmySLNiOa=w800-h500-k-no,https://lh3.googleusercontent.com/p/AF1QipOvyx6799MEPKMXWZID66b6LIwA-JcCmySLNiOa=w1600-h1000-k-no,,,,,,,OPERATIONAL,{},,,,https://lh6.googleusercontent.com/-oHzO7dIZPVg/AAAAAAAAAAI/AAAAAAAAAAA/o1FOZrxZjUk/s44-p-k-no-ns-nd/photo.jpg,,,True,102018927092191094388,J&I Construction -Remodeling,https://www.google.com/maps/contrib/102018927092191094388,,,,,"https://www.google.com/maps/place/J%26I+Construction+-Remodeling/@29.9045316,-90.03089399999999,14z/data=!4m8!1m2!2m1!1sJ%26I+Construction+-Remodeling!3m4!1s0x8620a7a9cc7862f5:0x4d77a84782a4c359!8m2!3d29.9045316!4d-90.03089399999999","https://www.google.com/maps/place/J%26I+Construction+-Remodeling/@29.9045316,-90.03089399999999,13.99z/data=!4m16!1m7!3m6!1s0x8620a7a9cc7862f5:0x4d77a84782a4c359!2sJ%26I+Construction+-Remodeling!8m2!3d29.9045316!4d-90.03089399999999!16s%2Fg%2F11ckvg1dmb!3m7!1s0x8620a7a9cc7862f5:0x4d77a84782a4c359!8m2!3d29.9045316!4d-90.03089399999999!9m1!1b1!16s%2Fg%2F11ckvg1dmb?entry=ttu",ChIJ9WJ4zKmnIIYRWcOkgkeod00,0x8620a7a9cc7862f5:0x4d77a84782a4c359,5582115288236999513,/g/11v4m39vq1,None,,,,,,,,,,,,,,,,,,,,,,,,,,,,,,,,,,,,,,,,,,,,,,,,,,,,,,,,,,
"custom home builder, 70131, New Orleans, LA, US",Brett Lukehart Carpentry & Pnt,Brett Lukehart Carpentry And Pnt,,Painter,Painter,Painter,+1 504-453-9105,mobile,"NEW CINGULAR WIRELESS PCS, LLC - GA",,"5828 Oxford Pl, New Orleans, LA 70131",Old Aurora,5828 Oxford Pl,New Orleans,70131,Louisiana,Louisiana,United States of America,US,29.9228332,-89.9940838,894446434c7ffff,America/Chicago,,False,,,,,,,,,,,1.0,https://streetviewpixels-pa.googleapis.com/v1/thumbnail?panoid=fDm7VuvtbUBZViKwcj2Ibg&cb_client=search.gws-prod.gps&w=800&h=500&yaw=15.568437&pitch=0&thumbfov=100,https://streetviewpixels-pa.googleapis.com/v1/thumbnail?panoid=fDm7VuvtbUBZViKwcj2Ibg&cb_client=search.gws-prod.gps&w=1600&h=1000&yaw=15.568437&pitch=0&thumbfov=100,,,,,,,OPERATIONAL,{},,,,,,,False,None,Brett Lukehart Carpentry & Pnt,,,,,,"https://www.google.com/maps/place/Brett+Lukehart+Carpentry+%26+Pnt/@29.9228332,-89.9940838,14z/data=!4m8!1m2!2m1!1sBrett+Lukehart+Carpentry+%26+Pnt!3m4!1s0x889e1d8392e9231d:0x2be7aee3ac0e6f00!8m2!3d29.9228332!4d-89.9940838","https://www.google.com/maps/place/Brett+Lukehart+Carpentry+%26+Pnt/@29.9228332,-89.9940838,13.99z/data=!4m16!1m7!3m6!1s0x889e1d8392e9231d:0x2be7aee3ac0e6f00!2sBrett+Lukehart+Carpentry+%26+Pnt!8m2!3d29.9228332!4d-89.9940838!16s%2Fg%2F11ckvg1dmb!3m7!1s0x889e1d8392e9231d:0x2be7aee3ac0e6f00!8m2!3d29.9228332!4d-89.9940838!9m1!1b1!16s%2Fg%2F11ckvg1dmb?entry=ttu",ChIJHSPpkoMdnogRAG8OrOOu5ys,0x889e1d8392e9231d:0x2be7aee3ac0e6f00,3163689556118499072,/g/1tzzw8xt,None,,,,,,,,,,,,,,,,,,,,,,,,,,,,,,,,,,,,,,,,,,,,,,,,,,,,,,,,,,
"custom home builder, 70131, New Orleans, LA, US",Flores Gamez Construction Llc,Flores Gamez Construction,http://fgconstructionllc.company/,"Contractor, Deck builder, Fence contractor, House cleaning service, Painting, Pressure washing service, Remodeler, Roofing contractor, Siding contractor, Window cleaning service",Contractor,Contractor,+1 504-205-3641,mobile,T-Mobile USA Inc.,,"3619 Cecil St, New Orleans, LA 70056",None,3619 Cecil St,New Orleans,70056,Louisiana,Louisiana,United States of America,US,29.906745899999997,-90.0296065,89444651823ffff,America/Chicago,,False,5.0,1.0,https://search.google.com/local/reviews?placeid=ChIJgekzL4WvIIYRcKJCnTwMl-Q&q=*&authuser=0&hl=en&gl=US,,,0.0,0.0,0.0,0.0,1.0,265.0,https://lh3.googleusercontent.com/p/AF1QipMO3-ccJ2D8ABtHbgq2wTpxI-2Doghl8rnqzn14=w800-h500-k-no,https://lh3.googleusercontent.com/p/AF1QipMO3-ccJ2D8ABtHbgq2wTpxI-2Doghl8rnqzn14=w1600-h1000-k-no,,"{""Sunday"": ""Open 24 hours"", ""Monday"": ""7AM-5PM"", ""Tuesday"": ""7AM-5PM"", ""Wednesday"": ""7AM-5PM"", ""Thursday"": ""7AM-5PM"", ""Friday"": ""7AM-5PM"", ""Saturday"": ""7AM-5PM""}","Sunday,Open 24 hours|Monday,7AM,5PM|Tuesday,7AM,5PM|Wednesday,7AM,5PM|Thursday,7AM,5PM|Friday,7AM,5PM|Saturday,7AM,5PM",Sunday:Open 24 hours|Monday:7AM-5PM|Tuesday:7AM-5PM|Wednesday:7AM-5PM|Thursday:7AM-5PM|Friday:7AM-5PM|Saturday:7AM-5PM,,,OPERATIONAL,"{""Service options"": {""Online estimates"": true, ""Onsite services"": true}}",,,,https://lh3.googleusercontent.com/-1rKYo5VktFI/AAAAAAAAAAI/AAAAAAAAAAA/6vxxbioANmY/s44-p-k-no-ns-nd/photo.jpg,,,True,113849686351876208008,Flores Gamez Construction Llc,https://www.google.com/maps/contrib/113849686351876208008,,,,,"https://www.google.com/maps/place/Flores+Gamez+Construction+Llc/@29.906745899999997,-90.0296065,14z/data=!4m8!1m2!2m1!1sFlores+Gamez+Construction+Llc!3m4!1s0x8620af852f33e981:0xe4970c3c9d42a270!8m2!3d29.906745899999997!4d-90.0296065","https://www.google.com/maps/place/Flores+Gamez+Construction+Llc/@29.906745899999997,-90.0296065,13.99z/data=!4m16!1m7!3m6!1s0x8620af852f33e981:0xe4970c3c9d42a270!2sFlores+Gamez+Construction+Llc!8m2!3d29.906745899999997!4d-90.0296065!16s%2Fg%2F11ckvg1dmb!3m7!1s0x8620af852f33e981:0xe4970c3c9d42a270!8m2!3d29.906745899999997!4d-90.0296065!9m1!1b1!16s%2Fg%2F11ckvg1dmb?entry=ttu",ChIJgekzL4WvIIYRcKJCnTwMl-Q,0x8620af852f33e981:0xe4970c3c9d42a270,16471647616606839408,/g/11r_gpcyn1,-1975096457102712208,,litogamez27@gmail.com,RECEIVING,SMTP validated,,,,,,pedro86lopez79@gmail.com,RECEIVING,SMTP validated,,,,,,irrigationserviceprofessionals@gmail.com,RECEIVING,Verified,,,,,,14157558180,mobile,"NEW CINGULAR WIRELESS PCS, LLC",,15042053641,mobile,T-Mobile USA Inc.,,,,,,https://www.facebook.com/FloresGamezConstructionLlc/,https://www.instagram.com/floresgamezconstructionllc,,,,,,,,,,,https://www.youtube.com/channel/UCrzz7cVxYGBduSTCEDBDtjg,,,House Cleaning - Flores Gamez Construction LLC,WordPress 6.8.3,"Experience excellence in home cleaning with Flores Gamez Construction LLC. Our comprehensive approach addresses every corner and surface with meticulous attention, using products and techniques that not only eliminate visible dirt but also bacteria and germs. We tailor our services to fit your needs, offering regular, deep, or occasional cleaning according to your preferences. We use state-of-the-art equipment and eco-friendly products to ensure efficient and environmentally responsible results. Trust us to keep your home immaculate and create a healthy and inviting environment for you to fully enjoy.",,False,False
"custom home builder, 70131, New Orleans, LA, US",Isa builder's llc,Isa Builders,,General contractor,General contractor,General contractor,+1 504-710-1274,mobile,"NEW CINGULAR WIRELESS PCS, LLC",,"420 Realty Dr, Gretna, LA 70056",None,420 Realty Dr,Gretna,70056,Louisiana,Louisiana,United States of America,US,29.879531699999998,-90.0299149,89444651c0fffff,America/Chicago,,False,,,,,,,,,,,6.0,https://lh3.googleusercontent.com/p/AF1QipNs9dVaskrypbiPVU9nVB0JfoWGaKnGmUWLRbgC=w800-h500-k-no,https://lh3.googleusercontent.com/p/AF1QipNs9dVaskrypbiPVU9nVB0JfoWGaKnGmUWLRbgC=w1600-h1000-k-no,,"{""Sunday"": ""Closed"", ""Monday"": ""8AM-5PM"", ""Tuesday"": ""8AM-5PM"", ""Wednesday"": ""8AM-5PM"", ""Thursday"": ""8AM-5PM"", ""Friday"": ""8AM-5PM"", ""Saturday"": ""8AM-5PM""}","Sunday,|Monday,8AM,5PM|Tuesday,8AM,5PM|Wednesday,8AM,5PM|Thursday,8AM,5PM|Friday,8AM,5PM|Saturday,8AM,5PM",Sunday:Closed|Monday:8AM-5PM|Tuesday:8AM-5PM|Wednesday:8AM-5PM|Thursday:8AM-5PM|Friday:8AM-5PM|Saturday:8AM-5PM,,,OPERATIONAL,{},,,,https://lh5.googleusercontent.com/-H328w4zUrmQ/AAAAAAAAAAI/AAAAAAAAAAA/_mUpYocL4zg/s44-p-k-no-ns-nd/photo.jpg,,,True,118298555479447277479,Isa builder's llc,https://www.google.com/maps/contrib/118298555479447277479,,,,,"https://www.google.com/maps/place/Isa+builder%27s+llc/@29.879531699999998,-90.0299149,14z/data=!4m8!1m2!2m1!1sIsa+builder%27s+llc!3m4!1s0x8620a12432a0bef3:0x67fb8923a30cb840!8m2!3d29.879531699999998!4d-90.0299149","https://www.google.com/maps/place/Isa+builder%27s+llc/@29.879531699999998,-90.0299149,13.99z/data=!4m16!1m7!3m6!1s0x8620a12432a0bef3:0x67fb8923a30cb840!2sIsa+builder%27s+llc!8m2!3d29.879531699999998!4d-90.0299149!16s%2Fg%2F11ckvg1dmb!3m7!1s0x8620a12432a0bef3:0x67fb8923a30cb840!8m2!3d29.879531699999998!4d-90.0299149!9m1!1b1!16s%2Fg%2F11ckvg1dmb?entry=ttu",ChIJ876gMiShIIYRQLgMoyOJ-2c,0x8620a12432a0bef3:0x67fb8923a30cb840,7492733191213332544,/g/11tj6mth84,None,,,,,,,,,,,,,,,,,,,,,,,,,,,,,,,,,,,,,,,,,,,,,,,,,,,,,,,,,,
"custom home builder, 70131, New Orleans, LA, US",John's Contractor Service LLC,Johns Contractor Service,https://www.johns-cs.org/,Contractor,Contractor,Contractor,+1 504-710-3427,mobile,T-Mobile USA Inc.,,"13335 Curran Blvd, New Orleans, LA 70128",Little Woods,13335 Curran Blvd,New Orleans,70128,Louisiana,Louisiana,United States of America,US,30.061560099999998,-89.9563893,89444641a43ffff,America/Chicago,,False,4.6,37.0,https://search.google.com/local/reviews?placeid=ChIJI6EoxdYDnogRmxrGR19_UUE&q=*&authuser=0&hl=en&gl=US,,,2.0,1.0,0.0,2.0,32.0,119.0,https://lh3.googleusercontent.com/p/AF1QipPTXu9JCH3mNavIvEMJLI4VnnSff-bXfYiltVbe=w800-h500-k-no,https://lh3.googleusercontent.com/p/AF1QipPTXu9JCH3mNavIvEMJLI4VnnSff-bXfYiltVbe=w1600-h1000-k-no,,"{""Sunday"": ""Closed"", ""Monday"": ""7AM-5PM"", ""Tuesday"": ""7AM-5PM"", ""Wednesday"": ""7AM-7PM"", ""Thursday"": ""7AM-5PM"", ""Friday"": ""7AM-5PM"", ""Saturday"": ""8AM-5PM""}","Sunday,|Monday,7AM,5PM|Tuesday,7AM,5PM|Wednesday,7AM,7PM|Thursday,7AM,5PM|Friday,7AM,5PM|Saturday,8AM,5PM",Sunday:Closed|Monday:7AM-5PM|Tuesday:7AM-5PM|Wednesday:7AM-7PM|Thursday:7AM-5PM|Friday:7AM-5PM|Saturday:8AM-5PM,,,OPERATIONAL,{},,,,https://lh4.googleusercontent.com/-qcnxMOm3qzA/AAAAAAAAAAI/AAAAAAAAAAA/uclkJm_gI-4/s44-p-k-no-ns-nd/photo.jpg,,,True,102779810084679093124,John's Contractor Service LLC,https://www.google.com/maps/contrib/102779810084679093124,,,,,"https://www.google.com/maps/place/John%27s+Contractor+Service+LLC/@30.061560099999998,-89.9563893,14z/data=!4m8!1m2!2m1!1sJohn%27s+Contractor+Service+LLC!3m4!1s0x889e03d6c528a123:0x41517f5f47c61a9b!8m2!3d30.061560099999998!4d-89.9563893","https://www.google.com/maps/place/John%27s+Contractor+Service+LLC/@30.061560099999998,-89.9563893,13.99z/data=!4m16!1m7!3m6!1s0x889e03d6c528a123:0x41517f5f47c61a9b!2sJohn%27s+Contractor+Service+LLC!8m2!3d30.061560099999998!4d-89.9563893!16s%2Fg%2F11ckvg1dmb!3m7!1s0x889e03d6c528a123:0x41517f5f47c61a9b!8m2!3d30.061560099999998!4d-89.9563893!9m1!1b1!16s%2Fg%2F11ckvg1dmb?entry=ttu",ChIJI6EoxdYDnogRmxrGR19_UUE,0x889e03d6c528a123:0x41517f5f47c61a9b,4706683132781664923,/g/11ggp8q220,4706683132781664923,,johnscs2006@gmail.com,RECEIVING,SMTP validated,,,,,,,,,,,,,,,,,,,,,,,,,,,,,,,,,,,,,,,,,,,,,,,,,Home,2018.1.1.386,,,False,False
"custom home builder, 70131, New Orleans, LA, US",Landis Construction Co Llc,Landis Construction,http://www.landisllc.com/,"Construction company, General contractor, Contractor",General contractor,Construction company,+1 504-833-6070,fixed line,TELEPORT COMMUNICATIONS AMERIC,,"8300 Earhart Blvd #300, New Orleans, LA 70118",Gert Town,8300 Earhart Blvd #300,New Orleans,70118,Louisiana,Louisiana,United States of America,US,29.962174599999997,-90.11768529999999,8944465506bffff,America/Chicago,,False,4.5,8.0,https://search.google.com/local/reviews?placeid=ChIJWxNcoHClIIYRQFl2kE3nSQ8&q=*&authuser=0&hl=en&gl=US,,,1.0,0.0,0.0,0.0,7.0,2.0,https://streetviewpixels-pa.googleapis.com/v1/thumbnail?panoid=yFD5SNO0EiCOvlporR1EtQ&cb_client=search.gws-prod.gps&w=800&h=500&yaw=235.78331&pitch=0&thumbfov=100,https://lh3.googleusercontent.com/gps-cs-s/AG0ilSzPy0vaz1JJZs457Zm9E6krlj_k_epVPMRQZ49IIOYyM7_fBoeE8IXH1L6LuiITjwsLq-KrLhC_Onfa6lVHwPyb3T_fo6Ba_eZYM3w0bR_UOnzRhVXuKQztkdX0eb4KLLUPjl-_2Q=w1600-h1000-k-no,,"{""Sunday"": ""Closed"", ""Monday"": ""8:30AM-5PM"", ""Tuesday"": ""8:30AM-5PM"", ""Wednesday"": ""8:30AM-5PM"", ""Thursday"": ""8:30AM-5PM"", ""Friday"": ""8:30AM-5PM"", ""Saturday"": ""Closed""}","Sunday,|Monday,8:30AM,5PM|Tuesday,8:30AM,5PM|Wednesday,8:30AM,5PM|Thursday,8:30AM,5PM|Friday,8:30AM,5PM|Saturday,",Sunday:Closed|Monday:8:30AM-5PM|Tuesday:8:30AM-5PM|Wednesday:8:30AM-5PM|Thursday:8:30AM-5PM|Friday:8:30AM-5PM|Saturday:Closed,,,OPERATIONAL,"{""Accessibility"": {""Wheelchair accessible entrance"": true, ""Wheelchair accessible parking lot"": true}}",,,,,,,False,None,Landis Construction Co Llc,,,,,,"https://www.google.com/maps/place/Landis+Construction+Co+Llc/@29.962174599999997,-90.11768529999999,14z/data=!4m8!1m2!2m1!1sLandis+Construction+Co+Llc!3m4!1s0x8620a570a05c135b:0xf49e74d90765940!8m2!3d29.962174599999997!4d-90.11768529999999","https://www.google.com/maps/place/Landis+Construction+Co+Llc/@29.962174599999997,-90.11768529999999,13.99z/data=!4m16!1m7!3m6!1s0x8620a570a05c135b:0xf49e74d90765940!2sLandis+Construction+Co+Llc!8m2!3d29.962174599999997!4d-90.11768529999999!16s%2Fg%2F11ckvg1dmb!3m7!1s0x8620a570a05c135b:0xf49e74d90765940!8m2!3d29.962174599999997!4d-90.11768529999999!9m1!1b1!16s%2Fg%2F11ckvg1dmb?entry=ttu",ChIJWxNcoHClIIYRQFl2kE3nSQ8,0x8620a570a05c135b:0xf49e74d90765940,1101665904190970176,/g/1wz531r3,1101665904190970176,,stevejl2004@yahoo.com,RECEIVING,Verified,Steven Landis,Steven,Landis,Owner,,donlandis@comcast.net,RECEIVING,Confirmed,Don Landis,Don,Landis,General Contractor And Owner,15103156770,ccapps@drhorton.com,RECEIVING,Catch All,Casey Capps,Casey,Capps,Superintendent,,7178983000,landline,Verizon,True,15103156770,landline,,,,,,,https://www.facebook.com/landisconstructionco/,,https://www.linkedin.com/company/landisconstructionco,,,,,,,,,,,,,,,,,,
"custom home builder, 70131, New Orleans, LA, US",Rafael Garcia Construction LLC,Rafael Garcia Construction,,"Construction company, Deck builder, Service establishment, Roofing contractor, Siding contractor",Construction company,Construction company,+1 504-389-1448,landline,,,,,,,,,,,,29.9059015,-90.05447749999999,89444650a5bffff,America/Chicago,,True,2.0,2.0,https://search.google.com/local/reviews?placeid=ChIJd_1Ons2mIIYRUHA9PZkJPLM&q=*&authuser=0&hl=en&gl=US,,,1.0,0.0,1.0,0.0,0.0,22.0,https://lh3.googleusercontent.com/p/AF1QipN-1ePJVlSRDGp7x9NiasD9s3-45yihCb7yUlMj=w800-h500-k-no,https://lh3.googleusercontent.com/p/AF1QipN-1ePJVlSRDGp7x9NiasD9s3-45yihCb7yUlMj=w1600-h1000-k-no,,"{""Sunday"": ""Closed"", ""Monday"": ""8AM-5PM"", ""Tuesday"": ""8AM-5PM"", ""Wednesday"": ""8AM-5PM"", ""Thursday"": ""8AM-5PM"", ""Friday"": ""8AM-5PM"", ""Saturday"": ""8AM-12PM""}","Sunday,|Monday,8AM,5PM|Tuesday,8AM,5PM|Wednesday,8AM,5PM|Thursday,8AM,5PM|Friday,8AM,5PM|Saturday,8AM,12PM",Sunday:Closed|Monday:8AM-5PM|Tuesday:8AM-5PM|Wednesday:8AM-5PM|Thursday:8AM-5PM|Friday:8AM-5PM|Saturday:8AM-12PM,,,OPERATIONAL,{},,,,https://lh3.googleusercontent.com/-D0XOQDhkHEY/AAAAAAAAAAI/AAAAAAAAAAA/KtzQfn_oV1A/s44-p-k-no-ns-nd/photo.jpg,,,True,108277984484120309633,Rafael Garcia Construction LLC,https://www.google.com/maps/contrib/108277984484120309633,,,,,"https://www.google.com/maps/place/Rafael+Garcia+Construction+LLC/@29.9059015,-90.05447749999999,14z/data=!4m8!1m2!2m1!1sRafael+Garcia+Construction+LLC!3m4!1s0x8620a6cd9e4efd77:0xb33c09993d3d7050!8m2!3d29.9059015!4d-90.05447749999999","https://www.google.com/maps/place/Rafael+Garcia+Construction+LLC/@29.9059015,-90.05447749999999,13.99z/data=!4m16!1m7!3m6!1s0x8620a6cd9e4efd77:0xb33c09993d3d7050!2sRafael+Garcia+Construction+LLC!8m2!3d29.9059015!4d-90.05447749999999!16s%2Fg%2F11ckvg1dmb!3m7!1s0x8620a6cd9e4efd77:0xb33c09993d3d7050!8m2!3d29.9059015!4d-90.05447749999999!9m1!1b1!16s%2Fg%2F11ckvg1dmb?entry=ttu",ChIJd_1Ons2mIIYRUHA9PZkJPLM,0x8620a6cd9e4efd77:0xb33c09993d3d7050,12915208385153822800,/g/11bwh5g4pp,-5531535688555728816,,,,,,,,,,,,,,,,,,,,,,,,,,,,,,,,,,,,,,,,,,,,,,,,,,,,,,,,,,
"custom home builder, 70131, New Orleans, LA, US",Parks of Plaquemines,Parks Of Plaquemines,http://www.theparkslifestyle.com/,"Real estate developer, Gated community",Real estate developer,Real estate developer,+1 504-364-2350,fixed line,"COMCAST PHONE OF LOUISIANA, LL",,"102 Green Trails Dr, Belle Chasse, LA 70037",None,102 Green Trails Dr,Belle Chasse,70037,Louisiana,Louisiana,United States of America,US,29.8840866,-89.9931197,89444651e4bffff,America/Chicago,,False,4.6,27.0,https://search.google.com/local/reviews?placeid=ChIJdQQEyf0dnogRvOuM-nxRYwk&q=*&authuser=0&hl=en&gl=US,,,1.0,0.0,1.0,5.0,20.0,33.0,https://lh3.googleusercontent.com/gps-cs-s/AG0ilSzDq4wWT8_E-3ONvN69eb0UVMUPNCWBtXj4KVRlwna1QvZln5RfSFbm_UJxDeKNuokEvGMDcvAsdUaFPTQnRxV7Ltq24SYbZv4-Ru8bzcMjl3HfBz0LWJC6bsJAPP-NN2YVSZo=w800-h500-k-no,https://lh3.googleusercontent.com/gps-cs-s/AG0ilSzDq4wWT8_E-3ONvN69eb0UVMUPNCWBtXj4KVRlwna1QvZln5RfSFbm_UJxDeKNuokEvGMDcvAsdUaFPTQnRxV7Ltq24SYbZv4-Ru8bzcMjl3HfBz0LWJC6bsJAPP-NN2YVSZo=w1600-h1000-k-no,,"{""Sunday"": ""1-4PM"", ""Monday"": ""Closed"", ""Tuesday"": ""Closed"", ""Wednesday"": ""Closed"", ""Thursday"": ""Closed"", ""Friday"": ""Closed"", ""Saturday"": ""Closed""}","Sunday,1,4PM|Monday,|Tuesday,|Wednesday,|Thursday,|Friday,|Saturday,",Sunday:1-4PM|Monday:Closed|Tuesday:Closed|Wednesday:Closed|Thursday:Closed|Friday:Closed|Saturday:Closed,,,OPERATIONAL,"{""Accessibility"": {""Wheelchair accessible entrance"": true, ""Wheelchair accessible parking lot"": true}}",,,,https://lh3.googleusercontent.com/-53q1oAXgT3k/AAAAAAAAAAI/AAAAAAAAAAA/23ytDywiouM/s44-p-k-no-ns-nd/photo.jpg,,,True,117918838738378071984,Parks of Plaquemines,https://www.google.com/maps/contrib/117918838738378071984,,,,,"https://www.google.com/maps/place/Parks+of+Plaquemines/@29.8840866,-89.9931197,14z/data=!4m8!1m2!2m1!1sParks+of+Plaquemines!3m4!1s0x889e1dfdc9040475:0x963517cfa8cebbc!8m2!3d29.8840866!4d-89.9931197","https://www.google.com/maps/place/Parks+of+Plaquemines/@29.8840866,-89.9931197,13.99z/data=!4m16!1m7!3m6!1s0x889e1dfdc9040475:0x963517cfa8cebbc!2sParks+of+Plaquemines!8m2!3d29.8840866!4d-89.9931197!16s%2Fg%2F11ckvg1dmb!3m7!1s0x889e1dfdc9040475:0x963517cfa8cebbc!8m2!3d29.8840866!4d-89.9931197!9m1!1b1!16s%2Fg%2F11ckvg1dmb?entry=ttu",ChIJdQQEyf0dnogRvOuM-nxRYwk,0x889e1dfdc9040475:0x963517cfa8cebbc,676473966257040316,/g/11bz0g0nsd,676473966257040316,,info@theparkslifestyle.com,RECEIVING,SMTP validated,,,,,,,,,,,,,,,,,,,,,,,,,,,,,,,,,,https://www.facebook.com/ParksofPlaquemines/,,,,,,,,,,,,,,,Home - The Parks of Plaquemines,WordPress 6.1,CLICK TO VIEW OUR LOTS FOR SALE Lot 228 Lot 187   Lot 172A Call 504-231-7998 or E-mail Us at Info@TheParksLifestyle.com.   NEW PHASE COMING TO,,False,True
"custom home builder, 70131, New Orleans, LA, US","Gaspar Construction, LLC",Gaspar Construction,https://gasparconstructionco.com/,"General contractor, Bathroom remodeler, Service establishment, Kitchen remodeler",General contractor,General contractor,+1 504-373-5771,mobile,T-Mobile USA Inc.,,,,,,,,,,,30.0326605,-89.88256349999999,8944464a367ffff,America/Chicago,,True,,,,,,,,,,,12.0,https://lh3.googleusercontent.com/p/AF1QipMKUADiEBO8YsdjSHZkW6Bu_DxoqeEphVaRta2e=w800-h500-k-no,https://lh3.googleusercontent.com/p/AF1QipMKUADiEBO8YsdjSHZkW6Bu_DxoqeEphVaRta2e=w1600-h1000-k-no,,"{""Sunday"": ""Closed"", ""Monday"": ""8AM-6PM"", ""Tuesday"": ""8AM-6PM"", ""Wednesday"": ""8AM-6PM"", ""Thursday"": ""8AM-6PM"", ""Friday"": ""8AM-6:30PM"", ""Saturday"": ""9AM-1PM""}","Sunday,|Monday,8AM,6PM|Tuesday,8AM,6PM|Wednesday,8AM,6PM|Thursday,8AM,6PM|Friday,8AM,6:30PM|Saturday,9AM,1PM",Sunday:Closed|Monday:8AM-6PM|Tuesday:8AM-6PM|Wednesday:8AM-6PM|Thursday:8AM-6PM|Friday:8AM-6:30PM|Saturday:9AM-1PM,,,OPERATIONAL,{},,,,https://lh4.googleusercontent.com/-rXR3SqDxkRU/AAAAAAAAAAI/AAAAAAAAAAA/mYzoZYfCtN4/s44-p-k-no-ns-nd/photo.jpg,,,True,101698948292020268405,"Gaspar Construction, LLC",https://www.google.com/maps/contrib/101698948292020268405,,,,,"https://www.google.com/maps/place/Gaspar+Construction%2C+LLC/@30.0326605,-89.88256349999999,14z/data=!4m8!1m2!2m1!1sGaspar+Construction%2C+LLC!3m4!1s0x8ca0f5a70433160f:0xe105a432d1528589!8m2!3d30.0326605!4d-89.88256349999999","https://www.google.com/maps/place/Gaspar+Construction%2C+LLC/@30.0326605,-89.88256349999999,13.99z/data=!4m16!1m7!3m6!1s0x8ca0f5a70433160f:0xe105a432d1528589!2sGaspar+Construction%2C+LLC!8m2!3d30.0326605!4d-89.88256349999999!16s%2Fg%2F11ckvg1dmb!3m7!1s0x8ca0f5a70433160f:0xe105a432d1528589!8m2!3d30.0326605!4d-89.88256349999999!9m1!1b1!16s%2Fg%2F11ckvg1dmb?entry=ttu",ChIJDxYzBKf1oIwRiYVS0TKkBeE,0x8ca0f5a70433160f:0xe105a432d1528589,16214546571584505225,/g/11vz032vsn,None,,,,,,,,,,,,,,,,,,,,,,,,,,5043735771,mobile,T-Mobile USA Inc.,,,,,,,,,,,https://www.instagram.com/gaspar_construction_,,,,,,,,,,,,,,Contact Us - Gaspar Construction,Divi v.4.27.4,Your First Step Towards Building Dreams into Reality.,,False,False
"custom home builder, 70131, New Orleans, LA, US",TurnKey Dry Wall,Turnkey Dry Wall,https://turnkeydrywall.shop/,Dry wall contractor,Dry wall contractor,Dry wall contractor,+1 504-913-2986,mobile,CELLCO PARTNERSHIP DBA VERIZON WIRELESS - LA,,"3101 Somerset Dr, New Orleans, LA 70131",Old Aurora,3101 Somerset Dr,New Orleans,70131,Louisiana,Louisiana,United States of America,US,29.9225264,-90.0022462,89444643487ffff,America/Chicago,,False,,,,,,,,,,,1.0,https://streetviewpixels-pa.googleapis.com/v1/thumbnail?panoid=v3Zs5MNxzry1P__0acqGxA&cb_client=search.gws-prod.gps&w=800&h=500&yaw=287.61322&pitch=0&thumbfov=100,https://streetviewpixels-pa.googleapis.com/v1/thumbnail?panoid=v3Zs5MNxzry1P__0acqGxA&cb_client=search.gws-prod.gps&w=1600&h=1000&yaw=287.61322&pitch=0&thumbfov=100,,"{""Sunday"": ""Closed"", ""Monday"": ""8AM-5PM"", ""Tuesday"": ""8AM-5PM"", ""Wednesday"": ""8AM-5PM"", ""Thursday"": ""8AM-5PM"", ""Friday"": ""8AM-5PM"", ""Saturday"": ""Closed""}","Sunday,|Monday,8AM,5PM|Tuesday,8AM,5PM|Wednesday,8AM,5PM|Thursday,8AM,5PM|Friday,8AM,5PM|Saturday,",Sunday:Closed|Monday:8AM-5PM|Tuesday:8AM-5PM|Wednesday:8AM-5PM|Thursday:8AM-5PM|Friday:8AM-5PM|Saturday:Closed,,,OPERATIONAL,{},,,,https://lh6.googleusercontent.com/-BCTT26nIDds/AAAAAAAAAAI/AAAAAAAAAAA/1Dzh-2GBipE/s44-p-k-no-ns-nd/photo.jpg,,,True,115403619600830043965,TurnKey Dry Wall,https://www.google.com/maps/contrib/115403619600830043965,,,,,"https://www.google.com/maps/place/TurnKey+Dry+Wall/@29.9225264,-90.0022462,14z/data=!4m8!1m2!2m1!1sTurnKey+Dry+Wall!3m4!1s0x8620a77ad451dbfd:0x33f9525b474171b!8m2!3d29.9225264!4d-90.0022462","https://www.google.com/maps/place/TurnKey+Dry+Wall/@29.9225264,-90.0022462,13.99z/data=!4m16!1m7!3m6!1s0x8620a77ad451dbfd:0x33f9525b474171b!2sTurnKey+Dry+Wall!8m2!3d29.9225264!4d-90.0022462!16s%2Fg%2F11ckvg1dmb!3m7!1s0x8620a77ad451dbfd:0x33f9525b474171b!8m2!3d29.9225264!4d-90.0022462!9m1!1b1!16s%2Fg%2F11ckvg1dmb?entry=ttu",ChIJ_dtR1HqnIIYRGxd0tCWVPwM,0x8620a77ad451dbfd:0x33f9525b474171b,234069694820390683,/g/11vymyl4_d,None,,gary@turnkeydrywall.shop,RECEIVING,SMTP validated,,,,,,,,,,,,,,,,,,,,,,,,,,,,,,,,,,,,,,,,,,,,,,,,,"TurnKey Dry Wall | Dry Wall Contractor New Orleans, LA",Divi v.4.24.2,,,False,False
"custom home builder, 70131, New Orleans, LA, US",Keith M Guy Inc,Keith M Guy,https://keithguyinc.net/,Painter,Painter,Painter,+1 504-330-8466,mobile,CELLCO PARTNERSHIP DBA VERIZON WIRELESS - LA,,"8407 Parc Pl, Chalmette, LA 70043",None,8407 Parc Pl,Chalmette,70043,Louisiana,Louisiana,United States of America,US,29.9550567,-89.97334389999999,894446432bbffff,America/Chicago,,False,4.0,2.0,https://search.google.com/local/reviews?placeid=ChIJH4IrwDwdnogRWiZ5uguVG-Y&q=*&authuser=0&hl=en&gl=US,,,0.0,0.0,1.0,0.0,1.0,19.0,https://lh3.googleusercontent.com/p/AF1QipOP9nw_zvli1kiswf4mPpMY8GsXmswBsVuFQpRt=w800-h500-k-no,https://lh3.googleusercontent.com/p/AF1QipOP9nw_zvli1kiswf4mPpMY8GsXmswBsVuFQpRt=w1600-h1000-k-no,,,,,,,OPERATIONAL,{},,,,https://lh5.googleusercontent.com/-pR0t9flVW2E/AAAAAAAAAAI/AAAAAAAAAAA/SqblXHsWeCE/s44-p-k-no-ns-nd/photo.jpg,,,True,102890031631464439323,Keith M Guy Inc,https://www.google.com/maps/contrib/102890031631464439323,,,,,"https://www.google.com/maps/place/Keith+M+Guy+Inc/@29.9550567,-89.97334389999999,14z/data=!4m8!1m2!2m1!1sKeith+M+Guy+Inc!3m4!1s0x889e1d3cc02b821f:0xe61b950bba79265a!8m2!3d29.9550567!4d-89.97334389999999","https://www.google.com/maps/place/Keith+M+Guy+Inc/@29.9550567,-89.97334389999999,13.99z/data=!4m16!1m7!3m6!1s0x889e1d3cc02b821f:0xe61b950bba79265a!2sKeith+M+Guy+Inc!8m2!3d29.9550567!4d-89.97334389999999!16s%2Fg%2F11ckvg1dmb!3m7!1s0x889e1d3cc02b821f:0xe61b950bba79265a!8m2!3d29.9550567!4d-89.97334389999999!9m1!1b1!16s%2Fg%2F11ckvg1dmb?entry=ttu",ChIJH4IrwDwdnogRWiZ5uguVG-Y,0x889e1d3cc02b821f:0xe61b950bba79265a,16581010330700293722,/g/126300nkd,-1865733743009257894,,kguyinc@aol.com,RECEIVING,Verified,,,,,,office@keithguyinc.net,RECEIVING,Role,,,,,,,,,,,,,,15043308466,mobile,CELLCO PARTNERSHIP DBA VERIZON WIRELESS - LA,,15049152427,mobile,,,,,,,,,,,,,,,,,,,,,,Contact – Keith Guy Inc | Luxury House Painters New Orleans,WordPress 6.8.3,,,False,False
"custom home builder, 70131, New Orleans, LA, US",Augusta's Custom Fab and Build Inc.,Augustas Custom Fab And Build,http://augustafab.com/,"Custom home builder, Aluminum welder, Construction company, Welder, Fence contractor, Metal fabricator, Railing contractor, Stainless steel plant, Trailer repair shop",Welder,Custom home builder,+1 504-858-5855,mobile,"NEW CINGULAR WIRELESS PCS, LLC",,"2308 Hero Dr, Gretna, LA 70053",None,2308 Hero Dr,Gretna,70053,Louisiana,Louisiana,United States of America,US,29.8983815,-90.05703369999999,89444651d37ffff,America/Chicago,,False,4.7,75.0,https://search.google.com/local/reviews?placeid=ChIJZYQ2nT4DUqERUK9IeseFbWQ&q=*&authuser=0&hl=en&gl=US,,,5.0,0.0,0.0,1.0,69.0,280.0,https://lh3.googleusercontent.com/p/AF1QipMMD2bubF3P5aJ8nsQ50aduHX_dV_2t1yliB5db=w800-h500-k-no,https://lh3.googleusercontent.com/p/AF1QipMMD2bubF3P5aJ8nsQ50aduHX_dV_2t1yliB5db=w1600-h1000-k-no,,"{""Sunday"": ""9AM-3:30PM"", ""Monday"": ""7AM-5PM"", ""Tuesday"": ""7AM-5PM"", ""Wednesday"": ""7AM-5PM"", ""Thursday"": ""7AM-5PM"", ""Friday"": ""7AM-5PM"", ""Saturday"": ""9AM-5PM""}","Sunday,9AM,3:30PM|Monday,7AM,5PM|Tuesday,7AM,5PM|Wednesday,7AM,5PM|Thursday,7AM,5PM|Friday,7AM,5PM|Saturday,9AM,5PM",Sunday:9AM-3:30PM|Monday:7AM-5PM|Tuesday:7AM-5PM|Wednesday:7AM-5PM|Thursday:7AM-5PM|Friday:7AM-5PM|Saturday:9AM-5PM,,,OPERATIONAL,"{""From the business"": {""Identifies as Black-owned"": true}, ""Service options"": {""Online estimates"": true, ""Onsite services"": true}, ""Other"": {""Identifies as Black-owned"": true}}",,,,https://lh4.googleusercontent.com/-dqF8dB-Cwd4/AAAAAAAAAAI/AAAAAAAAAAA/hjLH-Pmb4cI/s44-p-k-no-ns-nd/photo.jpg,,,True,104477072383294349083,Augusta's Custom Fab and Build Inc.,https://www.google.com/maps/contrib/104477072383294349083,,http://augustafab.com/,,http://augustafab.com/,"https://www.google.com/maps/place/Augusta%27s+Custom+Fab+and+Build+Inc./@29.8983815,-90.05703369999999,14z/data=!4m8!1m2!2m1!1sAugusta%27s+Custom+Fab+and+Build+Inc.!3m4!1s0xa152033e9d368465:0x646d85c77a48af50!8m2!3d29.8983815!4d-90.05703369999999","https://www.google.com/maps/place/Augusta%27s+Custom+Fab+and+Build+Inc./@29.8983815,-90.05703369999999,13.99z/data=!4m16!1m7!3m6!1s0xa152033e9d368465:0x646d85c77a48af50!2sAugusta%27s+Custom+Fab+and+Build+Inc.!8m2!3d29.8983815!4d-90.05703369999999!16s%2Fg%2F11ckvg1dmb!3m7!1s0xa152033e9d368465:0x646d85c77a48af50!8m2!3d29.8983815!4d-90.05703369999999!9m1!1b1!16s%2Fg%2F11ckvg1dmb?entry=ttu",ChIJZYQ2nT4DUqERUK9IeseFbWQ,0xa152033e9d368465:0x646d85c77a48af50,7236587268050825040,/g/11rpd99s5m,7236587268050825040,,jonpinhorn.typedesign@gmail.com,RECEIVING,Verified,,,,,,theo@augustafabandbuild.com,RECEIVING,SMTP validated,,,,,,,,,,,,,,5048585855,mobile,"NEW CINGULAR WIRELESS PCS, LLC",,,,,,,,,,,,,,,,,,,https://wa.me/15048585855,,,,,,"Welding and Fabrication Services - New Orleans, Louisiana",Starfield Technologies; Go Daddy Website Builder 8.0.0000,Total welding and fabrication services. All home improvements. New Orleans and surrounding areas.,,False,False
"custom home builder, 70131, New Orleans, LA, US",Santacruz Const.LLC,Santacruz Const,http://santacruzconst.com/,"Construction company, Service establishment",Construction company,Construction company,+1 504-940-8972,mobile,,,,,,,,,,,,30.105429899999997,-90.02540139999999,8944464e013ffff,America/Chicago,,True,5.0,2.0,,,,0.0,0.0,0.0,0.0,2.0,,,,,"{""Sunday"": ""Closed"", ""Monday"": ""7AM-3PM"", ""Tuesday"": ""7AM-3PM"", ""Wednesday"": ""7AM-3PM"", ""Thursday"": ""7AM-3PM"", ""Friday"": ""7AM-3PM"", ""Saturday"": ""Closed""}","Sunday,|Monday,7AM,3PM|Tuesday,7AM,3PM|Wednesday,7AM,3PM|Thursday,7AM,3PM|Friday,7AM,3PM|Saturday,",Sunday:Closed|Monday:7AM-3PM|Tuesday:7AM-3PM|Wednesday:7AM-3PM|Thursday:7AM-3PM|Friday:7AM-3PM|Saturday:Closed,,,OPERATIONAL,{},,,,https://lh5.googleusercontent.com/--31tP28BSs0/AAAAAAAAAAI/AAAAAAAAAAA/YntGiuz6Yms/s44-p-k-no-ns-nd/photo.jpg,,,True,112684536787093829216,Santacruz Const.LLC,https://www.google.com/maps/contrib/112684536787093829216,,,,,"https://www.google.com/maps/place/Santacruz+Const.LLC/@30.105429899999997,-90.02540139999999,14z/data=!4m8!1m2!2m1!1sSantacruz+Const.LLC!3m4!1s0x8620a7700c22b1e5:0xa56f8ed6618db6cc!8m2!3d30.105429899999997!4d-90.02540139999999","https://www.google.com/maps/place/Santacruz+Const.LLC/@30.105429899999997,-90.02540139999999,13.99z/data=!4m16!1m7!3m6!1s0x8620a7700c22b1e5:0xa56f8ed6618db6cc!2sSantacruz+Const.LLC!8m2!3d30.105429899999997!4d-90.02540139999999!16s%2Fg%2F11ckvg1dmb!3m7!1s0x8620a7700c22b1e5:0xa56f8ed6618db6cc!8m2!3d30.105429899999997!4d-90.02540139999999!9m1!1b1!16s%2Fg%2F11ckvg1dmb?entry=ttu",ChIJ5bEiDHCnIIYRzLaNYdaOb6U,0x8620a7700c22b1e5:0xa56f8ed6618db6cc,11920903790083815116,/g/11vpbt0lz0,None,,santacruzconstllc@gmail.com,RECEIVING,Verified,,,,,,,,,,,,,,,,,,,,,,,,,,,,,,,,,,,,,,,,,,,,,,,https://github.com/clauseggers/,,Fence and Deck Builder - Santa Cruz Construction,WordPress 6.8.3,"Get in touch with Santa Cruz Construction, a trusted fence and deck builder in New Orleans, LA. Contact us today.",,False,False
"custom home builder, 70131, New Orleans, LA, US",Specialty Pools Co LLC,Specialty Pools,,Swimming pool contractor,Swimming pool contractor,Swimming pool contractor,+1 504-391-1917,landline,,,"New Orleans, LA 70131",New Aurora,,New Orleans,70131,Louisiana,Louisiana,United States of America,US,29.8930637,-89.9159785,8944465853bffff,America/Chicago,,False,5.0,4.0,https://search.google.com/local/reviews?placeid=ChIJAQAAAEwcnogRBlhu7PzgkVQ&q=*&authuser=0&hl=en&gl=US,,,0.0,0.0,0.0,0.0,4.0,1.0,https://streetviewpixels-pa.googleapis.com/v1/thumbnail?panoid=yaCEwz7dSUrOe0gjo8emnw&cb_client=search.gws-prod.gps&w=800&h=500&yaw=269.08926&pitch=0&thumbfov=100,https://streetviewpixels-pa.googleapis.com/v1/thumbnail?panoid=yaCEwz7dSUrOe0gjo8emnw&cb_client=search.gws-prod.gps&w=1600&h=1000&yaw=269.08926&pitch=0&thumbfov=100,,"{""Sunday"": ""Closed"", ""Monday"": ""8AM-5PM"", ""Tuesday"": ""8AM-5PM"", ""Wednesday"": ""8AM-5PM"", ""Thursday"": ""8AM-5PM"", ""Friday"": ""8AM-5PM"", ""Saturday"": ""8AM-6PM""}","Sunday,|Monday,8AM,5PM|Tuesday,8AM,5PM|Wednesday,8AM,5PM|Thursday,8AM,5PM|Friday,8AM,5PM|Saturday,8AM,6PM",Sunday:Closed|Monday:8AM-5PM|Tuesday:8AM-5PM|Wednesday:8AM-5PM|Thursday:8AM-5PM|Friday:8AM-5PM|Saturday:8AM-6PM,,,OPERATIONAL,{},,,,,,,False,None,Specialty Pools Co LLC,,,,,,"https://www.google.com/maps/place/Specialty+Pools+Co+LLC/@29.8930637,-89.9159785,14z/data=!4m8!1m2!2m1!1sSpecialty+Pools+Co+LLC!3m4!1s0x889e1c4c00000001:0x5491e0fcec6e5806!8m2!3d29.8930637!4d-89.9159785","https://www.google.com/maps/place/Specialty+Pools+Co+LLC/@29.8930637,-89.9159785,13.99z/data=!4m16!1m7!3m6!1s0x889e1c4c00000001:0x5491e0fcec6e5806!2sSpecialty+Pools+Co+LLC!8m2!3d29.8930637!4d-89.9159785!16s%2Fg%2F11ckvg1dmb!3m7!1s0x889e1c4c00000001:0x5491e0fcec6e5806!8m2!3d29.8930637!4d-89.9159785!9m1!1b1!16s%2Fg%2F11ckvg1dmb?entry=ttu",ChIJAQAAAEwcnogRBlhu7PzgkVQ,0x889e1c4c00000001:0x5491e0fcec6e5806,6093899147712026630,/g/1tkby_rw,6093899147712026630,,,,,,,,,,,,,,,,,,,,,,,,,,,,,,,,,,,,,,,,,,,,,,,,,,,,,,,,,,
"custom home builder, 70131, New Orleans, LA, US",Arbors Estates,Arbors Estates,https://arborsestates.com/,"Real estate developer, Service establishment",Real estate developer,Real estate developer,+1 504-364-2350,fixed line,"COMCAST PHONE OF LOUISIANA, LL",,,,,,,,,,,30.0326605,-89.88256349999999,8944464a367ffff,America/Chicago,,True,,,,,,,,,,,,,,,"{""Sunday"": ""Closed"", ""Monday"": ""9AM-4PM"", ""Tuesday"": ""9AM-4PM"", ""Wednesday"": ""9AM-4PM"", ""Thursday"": ""9AM-4PM"", ""Friday"": ""9AM-4PM"", ""Saturday"": ""Closed""}","Sunday,|Monday,9AM,4PM|Tuesday,9AM,4PM|Wednesday,9AM,4PM|Thursday,9AM,4PM|Friday,9AM,4PM|Saturday,",Sunday:Closed|Monday:9AM-4PM|Tuesday:9AM-4PM|Wednesday:9AM-4PM|Thursday:9AM-4PM|Friday:9AM-4PM|Saturday:Closed,,,OPERATIONAL,{},,,,https://lh5.googleusercontent.com/-I6pYssiJuBo/AAAAAAAAAAI/AAAAAAAAAAA/6gx7NjUw5NY/s44-p-k-no-ns-nd/photo.jpg,,,True,117426173229554601325,Arbors Estates,https://www.google.com/maps/contrib/117426173229554601325,,,,,"https://www.google.com/maps/place/Arbors+Estates/@30.0326605,-89.88256349999999,14z/data=!4m8!1m2!2m1!1sArbors+Estates!3m4!1s0xab5623dd913a184d:0x63898099584047cf!8m2!3d30.0326605!4d-89.88256349999999","https://www.google.com/maps/place/Arbors+Estates/@30.0326605,-89.88256349999999,13.99z/data=!4m16!1m7!3m6!1s0xab5623dd913a184d:0x63898099584047cf!2sArbors+Estates!8m2!3d30.0326605!4d-89.88256349999999!16s%2Fg%2F11ckvg1dmb!3m7!1s0xab5623dd913a184d:0x63898099584047cf!8m2!3d30.0326605!4d-89.88256349999999!9m1!1b1!16s%2Fg%2F11ckvg1dmb?entry=ttu",ChIJTRg6kd0jVqsRz0dAWJmAiWM,0xab5623dd913a184d:0x63898099584047cf,7172405277663184847,/g/11y62ctlsh,None,,,,,,,,,,,,,,,,,,,,,,,,,,,,,,,,,,,,,,https://www.facebook.com/TheArborsEstates/,https://instagram.com/arborsestatesnola,,,,,,,,,https://twitter.com/arborsestates,,,,,Home - The Arbors Estates,WordPress 6.8.2,,,False,True
"custom home builder, 70131, New Orleans, LA, US",Picou Group,Picou Group,https://picougroup.com/,General contractor,General contractor,General contractor,+1 504-875-4562,mobile,"NEW CINGULAR WIRELESS PCS, LLC - GA",,"1001 E St Bernard Hwy, Chalmette, LA 70043",None,1001 E St Bernard Hwy,Chalmette,70043,Louisiana,Louisiana,United States of America,US,29.932851399999997,-89.95836609999999,8944464365bffff,America/Chicago,,False,4.2,5.0,https://search.google.com/local/reviews?placeid=ChIJ_68du_4cnogR-PQ1fxY_hhA&q=*&authuser=0&hl=en&gl=US,,,1.0,0.0,0.0,0.0,4.0,1.0,https://streetviewpixels-pa.googleapis.com/v1/thumbnail?panoid=cKiTEutVW6ZQTx9DWGmAhQ&cb_client=search.gws-prod.gps&w=800&h=500&yaw=94.35684&pitch=0&thumbfov=100,https://streetviewpixels-pa.googleapis.com/v1/thumbnail?panoid=cKiTEutVW6ZQTx9DWGmAhQ&cb_client=search.gws-prod.gps&w=1600&h=1000&yaw=94.35684&pitch=0&thumbfov=100,,,,,,,OPERATIONAL,"{""Accessibility"": {""Wheelchair accessible entrance"": true, ""Wheelchair accessible parking lot"": true}}",,,,,,,False,None,Picou Group,,,,,,"https://www.google.com/maps/place/Picou+Group/@29.932851399999997,-89.95836609999999,14z/data=!4m8!1m2!2m1!1sPicou+Group!3m4!1s0x889e1cfebb1dafff:0x10863f167f35f4f8!8m2!3d29.932851399999997!4d-89.95836609999999","https://www.google.com/maps/place/Picou+Group/@29.932851399999997,-89.95836609999999,13.99z/data=!4m16!1m7!3m6!1s0x889e1cfebb1dafff:0x10863f167f35f4f8!2sPicou+Group!8m2!3d29.932851399999997!4d-89.95836609999999!16s%2Fg%2F11ckvg1dmb!3m7!1s0x889e1cfebb1dafff:0x10863f167f35f4f8!8m2!3d29.932851399999997!4d-89.95836609999999!9m1!1b1!16s%2Fg%2F11ckvg1dmb?entry=ttu",ChIJ_68du_4cnogR-PQ1fxY_hhA,0x889e1cfebb1dafff:0x10863f167f35f4f8,1190708517342147832,/g/11f3v0nxn7,1190708517342147832,,info@picougroup.com,RECEIVING,SMTP validated,,,,,,,,,,,,,,,,,,,,,,15048724562,landline,,,,,,,,,,,https://www.facebook.com/107275988576667,,,,,,,,,,,,,,,Picou Group,,,,,
"custom home builder, 70131, New Orleans, LA, US",Magic Renovations and Repairs,Magic Renovations And Repairs,,"Contractor, Service establishment",Contractor,Contractor,+1 504-612-7765,fixed line,"BANDWIDTH.COM CLEC, LLC - LA",,,,,,,,,,,30.027376999999998,-90.085819,89444642b03ffff,America/Chicago,,True,3.0,2.0,https://search.google.com/local/reviews?placeid=ChIJGzTpfKCbGgMRPSYDdO2Y1vk&q=*&authuser=0&hl=en&gl=US,,,1.0,0.0,0.0,0.0,1.0,22.0,https://lh3.googleusercontent.com/p/AF1QipPj_kLhLCY_ON-RleVc0QsgEV990xC2x83YTYCO=w800-h500-k-no,https://lh3.googleusercontent.com/p/AF1QipPj_kLhLCY_ON-RleVc0QsgEV990xC2x83YTYCO=w1600-h1000-k-no,,"{""Sunday"": ""Closed"", ""Monday"": ""8AM-7PM"", ""Tuesday"": ""8AM-7PM"", ""Wednesday"": ""8AM-7PM"", ""Thursday"": ""8AM-7PM"", ""Friday"": ""8AM-7PM"", ""Saturday"": ""8AM-7PM""}","Sunday,|Monday,8AM,7PM|Tuesday,8AM,7PM|Wednesday,8AM,7PM|Thursday,8AM,7PM|Friday,8AM,7PM|Saturday,8AM,7PM",Sunday:Closed|Monday:8AM-7PM|Tuesday:8AM-7PM|Wednesday:8AM-7PM|Thursday:8AM-7PM|Friday:8AM-7PM|Saturday:8AM-7PM,,,OPERATIONAL,{},,,,https://lh6.googleusercontent.com/-3b2v13MyHos/AAAAAAAAAAI/AAAAAAAAAAA/IsC90q_wlaM/s44-p-k-no-ns-nd/photo.jpg,,,True,111622975037882967207,Magic Renovations and Repairs,https://www.google.com/maps/contrib/111622975037882967207,,,,,"https://www.google.com/maps/place/Magic+Renovations+and+Repairs/@30.027376999999998,-90.085819,14z/data=!4m8!1m2!2m1!1sMagic+Renovations+and+Repairs!3m4!1s0x31a9ba07ce9341b:0xf9d698ed7403263d!8m2!3d30.027376999999998!4d-90.085819","https://www.google.com/maps/place/Magic+Renovations+and+Repairs/@30.027376999999998,-90.085819,13.99z/data=!4m16!1m7!3m6!1s0x31a9ba07ce9341b:0xf9d698ed7403263d!2sMagic+Renovations+and+Repairs!8m2!3d30.027376999999998!4d-90.085819!16s%2Fg%2F11ckvg1dmb!3m7!1s0x31a9ba07ce9341b:0xf9d698ed7403263d!8m2!3d30.027376999999998!4d-90.085819!9m1!1b1!16s%2Fg%2F11ckvg1dmb?entry=ttu",ChIJGzTpfKCbGgMRPSYDdO2Y1vk,0x31a9ba07ce9341b:0xf9d698ed7403263d,18002744706081171005,/g/11ptspdlr3,-443999367628380611,,,,,,,,,,,,,,,,,,,,,,,,,,,,,,,,,,,,,,,,,,,,,,,,,,,,,,,,,,
"custom home builder, 70131, New Orleans, LA, US",Orozco Construction LLC,Orozco Construction,http://constructionharvey.com/,"Construction company, Concrete contractor, Service establishment, Paving contractor",Construction company,Construction company,+1 985-315-7447,landline,,,,,,,,,,,,29.887698999999998,-90.06603199999999,89444650e47ffff,America/Chicago,,True,5.0,2.0,https://search.google.com/local/reviews?placeid=ChIJTVDqx6XG1m8RysCUci4J9gE&q=*&authuser=0&hl=en&gl=US,,,0.0,0.0,0.0,0.0,2.0,74.0,https://lh3.googleusercontent.com/p/AF1QipOQ0DxpKLJGjU9Gu3n2JQ3yKYwgN3tHeniP8dCT=w800-h500-k-no,https://lh3.googleusercontent.com/p/AF1QipOQ0DxpKLJGjU9Gu3n2JQ3yKYwgN3tHeniP8dCT=w1600-h1000-k-no,,"{""Sunday"": ""Closed"", ""Monday"": ""7AM-9PM"", ""Tuesday"": ""7AM-9PM"", ""Wednesday"": ""7AM-9PM"", ""Thursday"": ""7AM-9PM"", ""Friday"": ""7AM-9PM"", ""Saturday"": ""7AM-9PM""}","Sunday,|Monday,7AM,9PM|Tuesday,7AM,9PM|Wednesday,7AM,9PM|Thursday,7AM,9PM|Friday,7AM,9PM|Saturday,7AM,9PM",Sunday:Closed|Monday:7AM-9PM|Tuesday:7AM-9PM|Wednesday:7AM-9PM|Thursday:7AM-9PM|Friday:7AM-9PM|Saturday:7AM-9PM,,,OPERATIONAL,{},,,,https://lh5.googleusercontent.com/-mQbHknUceLQ/AAAAAAAAAAI/AAAAAAAAAAA/bZM4PuDo0ak/s44-p-k-no-ns-nd/photo.jpg,,,True,113335888523091932920,Orozco Construction LLC,https://www.google.com/maps/contrib/113335888523091932920,,,,,"https://www.google.com/maps/place/Orozco+Construction+LLC/@29.887698999999998,-90.06603199999999,14z/data=!4m8!1m2!2m1!1sOrozco+Construction+LLC!3m4!1s0x6fd6c6a5c7ea504d:0x1f6092e7294c0ca!8m2!3d29.887698999999998!4d-90.06603199999999","https://www.google.com/maps/place/Orozco+Construction+LLC/@29.887698999999998,-90.06603199999999,13.99z/data=!4m16!1m7!3m6!1s0x6fd6c6a5c7ea504d:0x1f6092e7294c0ca!2sOrozco+Construction+LLC!8m2!3d29.887698999999998!4d-90.06603199999999!16s%2Fg%2F11ckvg1dmb!3m7!1s0x6fd6c6a5c7ea504d:0x1f6092e7294c0ca!8m2!3d29.887698999999998!4d-90.06603199999999!9m1!1b1!16s%2Fg%2F11ckvg1dmb?entry=ttu",ChIJTVDqx6XG1m8RysCUci4J9gE,0x6fd6c6a5c7ea504d:0x1f6092e7294c0ca,141310533404246218,/g/11v5lzhlf9,141310533404246218,,webmaster@constructionharvey.com,INVALID,Invalid SMTP,,,,,,,,,,,,,,,,,,,,,,9853157447,landline,,,5042724949,mobile,,,,,,,,,,,,,,,,,,,,,,Default Web Site Page,wordpress,"Orozco Construction LLC is an illustrious company that works in Harvey, LA, 70058. Contact us to rely on a trusted construction company!",,False,False
"custom home builder, 70131, New Orleans, LA, US","Ambiance Cabinets & Design - By Appointment, Please.",Ambiance Cabinets And Design By Appointment Please,http://www.ambiancecabinets.com/,"Cabinet store, Kitchen remodeler",Cabinet store,Cabinet store,+1 504-328-2849,fixed line,"COMCAST PHONE OF LOUISIANA, LL",,"2960 Belle Chasse Hwy STE 108, Gretna, LA 70056",None,2960 Belle Chasse Hwy STE 108,Gretna,70056,Louisiana,Louisiana,United States of America,US,29.8796368,-90.01965419999999,89444651c4fffff,America/Chicago,,False,5.0,11.0,https://search.google.com/local/reviews?placeid=ChIJ_XsUG4ijIIYRbY6g8zHuouI&q=*&authuser=0&hl=en&gl=US,,,0.0,0.0,0.0,0.0,11.0,75.0,https://lh3.googleusercontent.com/p/AF1QipNBLwfZHwrjlFWYtOUnacHIg8_b-HE4LjQ-9T-q=w800-h500-k-no,https://lh3.googleusercontent.com/p/AF1QipNBLwfZHwrjlFWYtOUnacHIg8_b-HE4LjQ-9T-q=w1600-h1000-k-no,,"{""Sunday"": ""Closed"", ""Monday"": ""9AM-5:30PM"", ""Tuesday"": ""9AM-5:30PM"", ""Wednesday"": ""9AM-5:30PM"", ""Thursday"": ""9AM-5:30PM"", ""Friday"": ""9AM-4PM"", ""Saturday"": ""Closed""}","Sunday,|Monday,9AM,5:30PM|Tuesday,9AM,5:30PM|Wednesday,9AM,5:30PM|Thursday,9AM,5:30PM|Friday,9AM,4PM|Saturday,",Sunday:Closed|Monday:9AM-5:30PM|Tuesday:9AM-5:30PM|Wednesday:9AM-5:30PM|Thursday:9AM-5:30PM|Friday:9AM-4PM|Saturday:Closed,,,OPERATIONAL,"{""From the business"": {""Identifies as veteran-owned"": true, ""Small business"": true}, ""Service options"": {""Curbside pickup"": true, ""Delivery"": true}, ""Accessibility"": {""Wheelchair accessible entrance"": true, ""Wheelchair accessible parking lot"": true}, ""Offerings"": {""Installation service"": true}, ""Planning"": {""Appointment required"": true}, ""Payments"": {""Credit cards"": true, ""Debit cards"": true}, ""Other"": {""Identifies as veteran-owned"": true}}",,,,https://lh3.googleusercontent.com/-0Xhv4TfJJdw/AAAAAAAAAAI/AAAAAAAAAAA/rTiQienvysg/s44-p-k-no-ns-nd/photo.jpg,,,True,114172051592910638144,"Ambiance Cabinets & Design - By Appointment, Please.",https://www.google.com/maps/contrib/114172051592910638144,,,,,"https://www.google.com/maps/place/Ambiance+Cabinets+%26+Design+-+By+Appointment%2C+Please./@29.8796368,-90.01965419999999,14z/data=!4m8!1m2!2m1!1sAmbiance+Cabinets+%26+Design+-+By+Appointment%2C+Please.!3m4!1s0x8620a3881b147bfd:0xe2a2ee31f3a08e6d!8m2!3d29.8796368!4d-90.01965419999999","https://www.google.com/maps/place/Ambiance+Cabinets+%26+Design+-+By+Appointment%2C+Please./@29.8796368,-90.01965419999999,13.99z/data=!4m16!1m7!3m6!1s0x8620a3881b147bfd:0xe2a2ee31f3a08e6d!2sAmbiance+Cabinets+%26+Design+-+By+Appointment%2C+Please.!8m2!3d29.8796368!4d-90.01965419999999!16s%2Fg%2F11ckvg1dmb!3m7!1s0x8620a3881b147bfd:0xe2a2ee31f3a08e6d!8m2!3d29.8796368!4d-90.01965419999999!9m1!1b1!16s%2Fg%2F11ckvg1dmb?entry=ttu",ChIJ_XsUG4ijIIYRbY6g8zHuouI,0x8620a3881b147bfd:0xe2a2ee31f3a08e6d,16330877097107033709,/g/1vcjmlzp,-2115866976602517907,,p.martin@ambiancecabinets.com,INVALID,Invalid DNS,Paula Martin,Paula,Martin,,,ambiancecabinets@gmail.com,RECEIVING,SMTP validated,,,,,,,,,,,,,,5043282849,fixed line,"COMCAST PHONE OF LOUISIANA, LL",,,,,,,,,,https://www.facebook.com/pages/,,,,,,,,,,,,,,,Kitchen and Bath Cabinet and Countertop Products,,Custom Cabinets Semi-Custom Cabinets Stock Kitchen Cabinets,,False,False
"custom home builder, 70131, New Orleans, LA, US","Platinum, LLC",Platinum,,"Custom home builder, Auto repair shop, Used car dealer",Auto repair shop,Custom home builder,+1 504-258-6413,mobile,CELLCO PARTNERSHIP DBA VERIZON WIRELESS - LA,,"3023 Memorial Park Dr, New Orleans, LA 70114",Algiers,3023 Memorial Park Dr,New Orleans,70114,Louisiana,Louisiana,United States of America,US,29.9220561,-90.0275174,89444651babffff,America/Chicago,,False,,,,,,,,,,,83.0,https://lh3.googleusercontent.com/p/AF1QipO0VR04d78e2Td0bvtjClvcBqKMMMliGEtML2hl=w800-h500-k-no,https://lh3.googleusercontent.com/p/AF1QipO0VR04d78e2Td0bvtjClvcBqKMMMliGEtML2hl=w1600-h1000-k-no,,"{""Sunday"": ""Closed"", ""Monday"": ""9AM-9PM"", ""Tuesday"": ""9AM-9PM"", ""Wednesday"": ""9AM-9PM"", ""Thursday"": ""9AM-9PM"", ""Friday"": ""9AM-9PM"", ""Saturday"": ""9AM-3AM""}","Sunday,|Monday,9AM,9PM|Tuesday,9AM,9PM|Wednesday,9AM,9PM|Thursday,9AM,9PM|Friday,9AM,9PM|Saturday,9AM,3AM",Sunday:Closed|Monday:9AM-9PM|Tuesday:9AM-9PM|Wednesday:9AM-9PM|Thursday:9AM-9PM|Friday:9AM-9PM|Saturday:9AM-3AM,,,OPERATIONAL,"{""From the business"": {""Identifies as veteran-owned"": true}, ""Amenities"": {""Mechanic"": true}, ""Planning"": {""Appointment required"": true}, ""Payments"": {""Credit cards"": true, ""Debit cards"": true}, ""Other"": {""Identifies as veteran-owned"": true}}",,,,https://lh4.googleusercontent.com/-zTNUOt9aDJo/AAAAAAAAAAI/AAAAAAAAAAA/yB50KDOPkHM/s44-p-k-no-ns-nd/photo.jpg,,,True,116490679868874007845,"Platinum, LLC",https://www.google.com/maps/contrib/116490679868874007845,,,,,"https://www.google.com/maps/place/Platinum%2C+LLC/@29.9220561,-90.0275174,14z/data=!4m8!1m2!2m1!1sPlatinum%2C+LLC!3m4!1s0x8620a7b41b9f4819:0xc0416e549061cb6c!8m2!3d29.9220561!4d-90.0275174","https://www.google.com/maps/place/Platinum%2C+LLC/@29.9220561,-90.0275174,13.99z/data=!4m16!1m7!3m6!1s0x8620a7b41b9f4819:0xc0416e549061cb6c!2sPlatinum%2C+LLC!8m2!3d29.9220561!4d-90.0275174!16s%2Fg%2F11ckvg1dmb!3m7!1s0x8620a7b41b9f4819:0xc0416e549061cb6c!8m2!3d29.9220561!4d-90.0275174!9m1!1b1!16s%2Fg%2F11ckvg1dmb?entry=ttu",ChIJGUifG7SnIIYRbMthkFRuQcA,0x8620a7b41b9f4819:0xc0416e549061cb6c,13853475238246992748,/g/11j5mmr3wz,None,,,,,,,,,,,,,,,,,,,,,,,,,,,,,,,,,,,,,,,,,,,,,,,,,,,,,,,,,,
"custom home builder, 70131, New Orleans, LA, US",KEX Design & Build,Kex Design And Build,https://www.kexdesignbuild.com/,"Interior Decorator, Architecture firm, Interior designer",Interior Decorator,Interior Decorator,+1 504-222-2997,mobile,T-Mobile USA Inc.,,"1229 St Thomas St, New Orleans, LA 70130",Lower Garden District,1229 St Thomas St,New Orleans,70130,Louisiana,Louisiana,United States of America,US,29.9381816,-90.06821719999999,89444642423ffff,America/Chicago,,False,,,,,,,,,,,1.0,https://streetviewpixels-pa.googleapis.com/v1/thumbnail?panoid=f38KhOIaG9cQcZX0ho1XDg&cb_client=search.gws-prod.gps&w=800&h=500&yaw=284.30914&pitch=0&thumbfov=100,https://streetviewpixels-pa.googleapis.com/v1/thumbnail?panoid=f38KhOIaG9cQcZX0ho1XDg&cb_client=search.gws-prod.gps&w=1600&h=1000&yaw=284.30914&pitch=0&thumbfov=100,,"{""Sunday"": ""Closed"", ""Monday"": ""9AM-5PM"", ""Tuesday"": ""9AM-5PM"", ""Wednesday"": ""9AM-5PM"", ""Thursday"": ""9AM-5PM"", ""Friday"": ""9AM-5PM"", ""Saturday"": ""Closed""}","Sunday,|Monday,9AM,5PM|Tuesday,9AM,5PM|Wednesday,9AM,5PM|Thursday,9AM,5PM|Friday,9AM,5PM|Saturday,",Sunday:Closed|Monday:9AM-5PM|Tuesday:9AM-5PM|Wednesday:9AM-5PM|Thursday:9AM-5PM|Friday:9AM-5PM|Saturday:Closed,,,OPERATIONAL,{},,,,https://lh4.googleusercontent.com/-G_WZzgihEag/AAAAAAAAAAI/AAAAAAAAAAA/Pk7C32EQtQs/s44-p-k-no-ns-nd/photo.jpg,,,True,115873853114858153976,KEX Design & Build,https://www.google.com/maps/contrib/115873853114858153976,,,,,"https://www.google.com/maps/place/KEX+Design+%26+Build/@29.9381816,-90.06821719999999,14z/data=!4m8!1m2!2m1!1sKEX+Design+%26+Build!3m4!1s0x8620a597cdc6f1f7:0xf65080bd751604b6!8m2!3d29.9381816!4d-90.06821719999999","https://www.google.com/maps/place/KEX+Design+%26+Build/@29.9381816,-90.06821719999999,13.99z/data=!4m16!1m7!3m6!1s0x8620a597cdc6f1f7:0xf65080bd751604b6!2sKEX+Design+%26+Build!8m2!3d29.9381816!4d-90.06821719999999!16s%2Fg%2F11ckvg1dmb!3m7!1s0x8620a597cdc6f1f7:0xf65080bd751604b6!8m2!3d29.9381816!4d-90.06821719999999!9m1!1b1!16s%2Fg%2F11ckvg1dmb?entry=ttu",ChIJ9_HGzZelIIYRtgQWdb2AUPY,0x8620a597cdc6f1f7:0xf65080bd751604b6,17748827682668676278,/g/11pdw1csr8,None,,info@kexdesignbuild.com,RECEIVING,SMTP validated,,,,,,,,,,,,,,,,,,,,,,,,,,,,,,,,,,,http://instagram.com/kexdesignbuild,,,,,,,,,,,,,,Home Remodeling and Renovation Services - Kex Design Build,,"Get gorgeous renovation services and remodel of full home, kitchen, 
bathroom, home offices, and room additions. We are offering interior 
design, architectural service also.",,,
"custom home builder, 70131, New Orleans, LA, US",Robertson Roofing and Siding,Robertson Roofing And Siding,https://robertsonroofinginc.com/,Roofing contractor,Roofing contractor,Roofing contractor,+1 504-394-7200,mobile,CELLCO PARTNERSHIP DBA VERIZON,,"900 Woodland Hwy, Belle Chasse, LA 70037",None,900 Woodland Hwy,Belle Chasse,70037,Louisiana,Louisiana,United States of America,US,29.887757899999997,-89.99489969999999,89444651e4fffff,America/Chicago,,False,4.7,36.0,https://search.google.com/local/reviews?placeid=ChIJdXUsKgcenogRcd4POS3S32A&q=*&authuser=0&hl=en&gl=US,,,3.0,0.0,0.0,0.0,33.0,44.0,https://lh3.googleusercontent.com/p/AF1QipNXaKXy194KS5cVg-ec0kaJlfsKN8qpMRK2gdO9=w800-h500-k-no,https://lh3.googleusercontent.com/p/AF1QipNXaKXy194KS5cVg-ec0kaJlfsKN8qpMRK2gdO9=w1600-h1000-k-no,,"{""Sunday"": ""Closed"", ""Monday"": ""7AM-4PM"", ""Tuesday"": ""7AM-4PM"", ""Wednesday"": ""7AM-4PM"", ""Thursday"": ""7AM-4PM"", ""Friday"": ""7AM-4PM"", ""Saturday"": ""Closed""}","Sunday,|Monday,7AM,4PM|Tuesday,7AM,4PM|Wednesday,7AM,4PM|Thursday,7AM,4PM|Friday,7AM,4PM|Saturday,",Sunday:Closed|Monday:7AM-4PM|Tuesday:7AM-4PM|Wednesday:7AM-4PM|Thursday:7AM-4PM|Friday:7AM-4PM|Saturday:Closed,,,OPERATIONAL,"{""Service options"": {""Onsite services"": true}, ""Accessibility"": {""Wheelchair accessible parking lot"": true}}",,,,https://lh3.googleusercontent.com/-jRPRZVIpjME/AAAAAAAAAAI/AAAAAAAAAAA/Ulh_5kPDd9o/s44-p-k-no-ns-nd/photo.jpg,,,True,117577743638111748117,Robertson Roofing and Siding,https://www.google.com/maps/contrib/117577743638111748117,,,,,"https://www.google.com/maps/place/Robertson+Roofing+and+Siding/@29.887757899999997,-89.99489969999999,14z/data=!4m8!1m2!2m1!1sRobertson+Roofing+and+Siding!3m4!1s0x889e1e072a2c7575:0x60dfd22d390fde71!8m2!3d29.887757899999997!4d-89.99489969999999","https://www.google.com/maps/place/Robertson+Roofing+and+Siding/@29.887757899999997,-89.99489969999999,13.99z/data=!4m16!1m7!3m6!1s0x889e1e072a2c7575:0x60dfd22d390fde71!2sRobertson+Roofing+and+Siding!8m2!3d29.887757899999997!4d-89.99489969999999!16s%2Fg%2F11ckvg1dmb!3m7!1s0x889e1e072a2c7575:0x60dfd22d390fde71!8m2!3d29.887757899999997!4d-89.99489969999999!9m1!1b1!16s%2Fg%2F11ckvg1dmb?entry=ttu",ChIJdXUsKgcenogRcd4POS3S32A,0x889e1e072a2c7575:0x60dfd22d390fde71,6980529039120260721,/g/1tf36r7t,6980529039120260721,,gerard@robertsonroofinginc.com,INVALID,Invalid SMTP,Gerard Robertson,Gerard,Robertson,Project Manager,,tracyr@robertsonroofinginc.com,RECEIVING,Confirmed,Not Provided,Not,Provided,,15043947200,robint@robertsonroofinginc.com,RECEIVING,SMTP validated,,,,,,5043947200,mobile,CELLCO PARTNERSHIP DBA VERIZON,,15043947200,mobile,CELLCO PARTNERSHIP DBA VERIZON,,,,,,https://www.facebook.com/RobertsonRoof/,,https://www.linkedin.com/company/robertson-roofing-&-siding-inc,,,,,,,,,,https://www.youtube.com/channel/UCZRid7_RNJp2s49JfImA4yw/,,,"Roofing Contractor in New Orleans, LA",WordPress 4.9.20,"If you are looking for professional roofing services in New Orleans, LA, visit Robertson Roofing & Siding, Inc. for a strong and durable roof!",,False,True
"custom home builder, 70131, New Orleans, LA, US",Pomar Gutierrez LLC,Pomar Gutierrez,,"Contractor, Service establishment",Contractor,Contractor,+1 504-232-3882,mobile,CELLCO PARTNERSHIP DBA VERIZON WIRELESS - LA,,,,,,,,,,,29.944796999999998,-90.0806856,8944464251bffff,America/Chicago,,True,4.4,7.0,https://search.google.com/local/reviews?placeid=ChIJw23rMFSnIIYRu8yLJfDI590&q=*&authuser=0&hl=en&gl=US,,,1.0,0.0,0.0,0.0,6.0,11.0,https://lh3.googleusercontent.com/p/AF1QipOww4thqWApypITe-1HaF-CAindbz-RRFGOYaM=w800-h500-k-no,https://lh3.googleusercontent.com/p/AF1QipOww4thqWApypITe-1HaF-CAindbz-RRFGOYaM=w1600-h1000-k-no,,"{""Sunday"": ""Closed"", ""Monday"": ""8AM-4:30PM"", ""Tuesday"": ""8AM-4:30PM"", ""Wednesday"": ""8AM-4:30PM"", ""Thursday"": ""8AM-4:30PM"", ""Friday"": ""8AM-4:30PM"", ""Saturday"": ""Closed""}","Sunday,|Monday,8AM,4:30PM|Tuesday,8AM,4:30PM|Wednesday,8AM,4:30PM|Thursday,8AM,4:30PM|Friday,8AM,4:30PM|Saturday,",Sunday:Closed|Monday:8AM-4:30PM|Tuesday:8AM-4:30PM|Wednesday:8AM-4:30PM|Thursday:8AM-4:30PM|Friday:8AM-4:30PM|Saturday:Closed,,,OPERATIONAL,"{""Service options"": {""Online estimates"": false}}",,,,https://lh3.googleusercontent.com/-30jyLaISx90/AAAAAAAAAAI/AAAAAAAAAAA/LBwbmKFYgzw/s44-p-k-no-ns-nd/photo.jpg,,,True,111927764668385164448,Pomar Gutierrez LLC,https://www.google.com/maps/contrib/111927764668385164448,,,,,"https://www.google.com/maps/place/Pomar+Gutierrez+LLC/@29.944796999999998,-90.0806856,14z/data=!4m8!1m2!2m1!1sPomar+Gutierrez+LLC!3m4!1s0x8620a75430eb6dc3:0xdde7c8f0258bccbb!8m2!3d29.944796999999998!4d-90.0806856","https://www.google.com/maps/place/Pomar+Gutierrez+LLC/@29.944796999999998,-90.0806856,13.99z/data=!4m16!1m7!3m6!1s0x8620a75430eb6dc3:0xdde7c8f0258bccbb!2sPomar+Gutierrez+LLC!8m2!3d29.944796999999998!4d-90.0806856!16s%2Fg%2F11ckvg1dmb!3m7!1s0x8620a75430eb6dc3:0xdde7c8f0258bccbb!8m2!3d29.944796999999998!4d-90.0806856!9m1!1b1!16s%2Fg%2F11ckvg1dmb?entry=ttu",ChIJw23rMFSnIIYRu8yLJfDI590,0x8620a75430eb6dc3:0xdde7c8f0258bccbb,15989969935749860539,/g/11hklw9wsh,-2456774137959691077,,,,,,,,,,,,,,,,,,,,,,,,,,,,,,,,,,,,,,,,,,,,,,,,,,,,,,,,,,
"custom home builder, 70131, New Orleans, LA, US",NOLA EASY BUILD LLC,Nola Easy Build,,"Construction company, Demolition contractor, Dirt supplier",Construction company,Construction company,+1 504-259-1782,mobile,CELLCO PARTNERSHIP DBA VERIZON WIRELESS - LA,,"Belle Chasse, LA 70037",None,,Belle Chasse,70037,Louisiana,Louisiana,United States of America,US,29.8627233,-90.0207159,894446511a3ffff,America/Chicago,,False,5.0,4.0,https://search.google.com/local/reviews?placeid=ChIJ111L_CqhIIYRn4d--bn2FWA&q=*&authuser=0&hl=en&gl=US,,,0.0,0.0,0.0,0.0,4.0,46.0,https://lh3.googleusercontent.com/p/AF1QipOBDg2ETlocj5xbc3dU6eA_kBNWF5i3NH2xebTU=w800-h500-k-no,https://lh3.googleusercontent.com/p/AF1QipOBDg2ETlocj5xbc3dU6eA_kBNWF5i3NH2xebTU=w1600-h1000-k-no,,"{""Sunday"": ""7AM-6PM"", ""Monday"": ""7AM-6PM"", ""Tuesday"": ""7AM-6:30PM"", ""Wednesday"": ""7AM-6PM"", ""Thursday"": ""7AM-6PM"", ""Friday"": ""7AM-6PM"", ""Saturday"": ""7AM-6PM""}","Sunday,7AM,6PM|Monday,7AM,6PM|Tuesday,7AM,6:30PM|Wednesday,7AM,6PM|Thursday,7AM,6PM|Friday,7AM,6PM|Saturday,7AM,6PM",Sunday:7AM-6PM|Monday:7AM-6PM|Tuesday:7AM-6:30PM|Wednesday:7AM-6PM|Thursday:7AM-6PM|Friday:7AM-6PM|Saturday:7AM-6PM,,,OPERATIONAL,"{""Service options"": {""Online estimates"": true, ""Onsite services"": true}}",,,,https://lh6.googleusercontent.com/-R9XODX6zy60/AAAAAAAAAAI/AAAAAAAAAAA/PSHlBle7MZQ/s44-p-k-no-ns-nd/photo.jpg,,,True,105674668573287310107,NOLA EASY BUILD LLC,https://www.google.com/maps/contrib/105674668573287310107,,,,,"https://www.google.com/maps/place/NOLA+EASY+BUILD+LLC/@29.8627233,-90.0207159,14z/data=!4m8!1m2!2m1!1sNOLA+EASY+BUILD+LLC!3m4!1s0x8620a12afc4b5dd7:0x6015f6b9f97e879f!8m2!3d29.8627233!4d-90.0207159","https://www.google.com/maps/place/NOLA+EASY+BUILD+LLC/@29.8627233,-90.0207159,13.99z/data=!4m16!1m7!3m6!1s0x8620a12afc4b5dd7:0x6015f6b9f97e879f!2sNOLA+EASY+BUILD+LLC!8m2!3d29.8627233!4d-90.0207159!16s%2Fg%2F11ckvg1dmb!3m7!1s0x8620a12afc4b5dd7:0x6015f6b9f97e879f!8m2!3d29.8627233!4d-90.0207159!9m1!1b1!16s%2Fg%2F11ckvg1dmb?entry=ttu",ChIJ111L_CqhIIYRn4d--bn2FWA,0x8620a12afc4b5dd7:0x6015f6b9f97e879f,6923711280767207327,/g/11ldsx10p7,6923711280767207327,,,,,,,,,,,,,,,,,,,,,,,,,,,,,,,,,,,,,,,,,,,,,,,,,,,,,,,,,,
"custom home builder, 70131, New Orleans, LA, US",John Sun Kitchen & Bath,John Sun Kitchen And Bath,http://www.johnsunkitchen.com/,"Kitchen remodeler, Bathroom remodeler, Cabinet store, Countertop store, Stone supplier",Kitchen remodeler,Kitchen remodeler,+1 504-324-4127,fixed line,AT&T CORP.,,"9000 W Judge Perez Dr, Chalmette, LA 70043",None,9000 W Judge Perez Dr,Chalmette,70043,Louisiana,Louisiana,United States of America,US,29.9495085,-89.97226099999999,89444643283ffff,America/Chicago,,False,4.6,14.0,https://search.google.com/local/reviews?placeid=ChIJe-ZbXOMcnogRDc-qBNjNHW8&q=*&authuser=0&hl=en&gl=US,,,1.0,0.0,0.0,1.0,12.0,18.0,https://lh3.googleusercontent.com/p/AF1QipPEpxoWaN3SVTyqFITc2AAyAxSyr3XZx5Ln0O6s=w800-h500-k-no,https://lh3.googleusercontent.com/p/AF1QipPEpxoWaN3SVTyqFITc2AAyAxSyr3XZx5Ln0O6s=w1600-h1000-k-no,,"{""Sunday"": ""Closed"", ""Monday"": ""9:30AM-5:30PM"", ""Tuesday"": ""9:30AM-5:30PM"", ""Wednesday"": ""9:30AM-5:30PM"", ""Thursday"": ""9:30AM-5:30PM"", ""Friday"": ""9:30AM-5:30PM"", ""Saturday"": ""Closed""}","Sunday,|Monday,9:30AM,5:30PM|Tuesday,9:30AM,5:30PM|Wednesday,9:30AM,5:30PM|Thursday,9:30AM,5:30PM|Friday,9:30AM,5:30PM|Saturday,",Sunday:Closed|Monday:9:30AM-5:30PM|Tuesday:9:30AM-5:30PM|Wednesday:9:30AM-5:30PM|Thursday:9:30AM-5:30PM|Friday:9:30AM-5:30PM|Saturday:Closed,,,OPERATIONAL,"{""Service options"": {""Delivery"": true, ""Onsite services"": true}, ""Accessibility"": {""Wheelchair accessible entrance"": true, ""Wheelchair accessible parking lot"": true}, ""Offerings"": {""Assembly service"": true, ""Installation service"": true}, ""Payments"": {""Credit cards"": true, ""Debit cards"": true}}",,,,https://lh3.googleusercontent.com/-Jy4yEDFSizg/AAAAAAAAAAI/AAAAAAAAAAA/8ToUP7fE320/s44-p-k-no-ns-nd/photo.jpg,,,True,101087100680224656274,John Sun Kitchen & Bath,https://www.google.com/maps/contrib/101087100680224656274,,,,,"https://www.google.com/maps/place/John+Sun+Kitchen+%26+Bath/@29.9495085,-89.97226099999999,14z/data=!4m8!1m2!2m1!1sJohn+Sun+Kitchen+%26+Bath!3m4!1s0x889e1ce35c5be67b:0x6f1dcdd804aacf0d!8m2!3d29.9495085!4d-89.97226099999999","https://www.google.com/maps/place/John+Sun+Kitchen+%26+Bath/@29.9495085,-89.97226099999999,13.99z/data=!4m16!1m7!3m6!1s0x889e1ce35c5be67b:0x6f1dcdd804aacf0d!2sJohn+Sun+Kitchen+%26+Bath!8m2!3d29.9495085!4d-89.97226099999999!16s%2Fg%2F11ckvg1dmb!3m7!1s0x889e1ce35c5be67b:0x6f1dcdd804aacf0d!8m2!3d29.9495085!4d-89.97226099999999!9m1!1b1!16s%2Fg%2F11ckvg1dmb?entry=ttu",ChIJe-ZbXOMcnogRDc-qBNjNHW8,0x889e1ce35c5be67b:0x6f1dcdd804aacf0d,8006782040209542925,/g/1w9y1wrv,8006782040209542925,,johnsunkitchenandbath@gmail.com,RECEIVING,SMTP validated,,,,,,,,,,,,,,,,,,,,,,15043244127,fixed line,AT&T CORP.,,5043244127,fixed line,AT&T CORP.,,,,,,https://www.facebook.com/591869264168251,,,,,,,,,,,,,,,About | johnsunkitchen,Wix.com Website Builder,"We have natural stone counter tops such as granite, marble, quartzite and soapstone. We also carry durable man made quartz.","bath vanities, counter tops, granite, kitchen cabinets, marble, quartz",False,False
"custom home builder, 70131, New Orleans, LA, US",Hercules Sheet Metal & Metal Buildings,Hercules Sheet Metal And Metal Buildings,https://www.corrugated-industries.com/,"Metal supplier, Metal construction company, Shed builder, Sheet metal contractor",Metal supplier,Metal supplier,+1 504-277-7541,fixed line,"COMCAST PHONE OF LOUISIANA, LL",,"205 E Pleasure Dr, Chalmette, LA 70043",None,205 E Pleasure Dr,Chalmette,70043,Louisiana,Louisiana,United States of America,US,29.9658861,-89.9520404,894446589a3ffff,America/Chicago,,False,4.4,62.0,https://search.google.com/local/reviews?placeid=ChIJYR7nCNscnogRONg3no1EDB4&q=*&authuser=0&hl=en&gl=US,,,7.0,0.0,2.0,4.0,49.0,28.0,https://lh3.googleusercontent.com/gps-cs-s/AG0ilSz1uhekTquG4naiDLPt3FF85xk6ck-jyjtCN_TZUYYnPINb6AGReSbDQPvABu4RsyFs1Y36s3Tu9TW_RrbuyabARpHAuVIuVMRjTyPNhypUucIrVz01vJC2jQ0eZarCGQbpdogh=w800-h500-k-no,https://lh3.googleusercontent.com/gps-cs-s/AG0ilSz1uhekTquG4naiDLPt3FF85xk6ck-jyjtCN_TZUYYnPINb6AGReSbDQPvABu4RsyFs1Y36s3Tu9TW_RrbuyabARpHAuVIuVMRjTyPNhypUucIrVz01vJC2jQ0eZarCGQbpdogh=w1600-h1000-k-no,,"{""Sunday"": ""Closed"", ""Monday"": ""8AM-4:30PM"", ""Tuesday"": ""8AM-4:30PM"", ""Wednesday"": ""8AM-4:30PM"", ""Thursday"": ""8AM-4:30PM"", ""Friday"": ""8AM-4:30PM"", ""Saturday"": ""Closed""}","Sunday,|Monday,8AM,4:30PM|Tuesday,8AM,4:30PM|Wednesday,8AM,4:30PM|Thursday,8AM,4:30PM|Friday,8AM,4:30PM|Saturday,",Sunday:Closed|Monday:8AM-4:30PM|Tuesday:8AM-4:30PM|Wednesday:8AM-4:30PM|Thursday:8AM-4:30PM|Friday:8AM-4:30PM|Saturday:Closed,,,OPERATIONAL,"{""From the business"": {""Identifies as women-owned"": true}, ""Accessibility"": {""Wheelchair accessible entrance"": true, ""Wheelchair accessible parking lot"": true}, ""Parking"": {""Free parking lot"": true}, ""Other"": {""Identifies as women-owned"": true}}",,,,https://lh3.googleusercontent.com/-d_j3DGQ2seA/AAAAAAAAAAI/AAAAAAAAAAA/K1piUdStTzo/s44-p-k-no-ns-nd/photo.jpg,,,True,111852150465086012422,Hercules Sheet Metal & Metal Buildings,https://www.google.com/maps/contrib/111852150465086012422,,,,,"https://www.google.com/maps/place/Hercules+Sheet+Metal+%26+Metal+Buildings/@29.9658861,-89.9520404,14z/data=!4m8!1m2!2m1!1sHercules+Sheet+Metal+%26+Metal+Buildings!3m4!1s0x889e1cdb08e71e61:0x1e0c448d9e37d838!8m2!3d29.9658861!4d-89.9520404","https://www.google.com/maps/place/Hercules+Sheet+Metal+%26+Metal+Buildings/@29.9658861,-89.9520404,13.99z/data=!4m16!1m7!3m6!1s0x889e1cdb08e71e61:0x1e0c448d9e37d838!2sHercules+Sheet+Metal+%26+Metal+Buildings!8m2!3d29.9658861!4d-89.9520404!16s%2Fg%2F11ckvg1dmb!3m7!1s0x889e1cdb08e71e61:0x1e0c448d9e37d838!8m2!3d29.9658861!4d-89.9520404!9m1!1b1!16s%2Fg%2F11ckvg1dmb?entry=ttu",ChIJYR7nCNscnogRONg3no1EDB4,0x889e1cdb08e71e61:0x1e0c448d9e37d838,2165180895893903416,/g/1tf5r02w,2165180895893903416,,kevinl@corrugatedind.com,RECEIVING,SMTP validated,,,,,,sales@corrugatedind.com,RECEIVING,Catch All,,,,,,info@corrugatedind.com,RECEIVING,Catch All,,,,,,5042777541,fixed line,"COMCAST PHONE OF LOUISIANA, LL",,,,,,,,,,https://www.facebook.com/CorrugatedIndustries/,,https://www.linkedin.com/company/corrugated-industries/,,,,,,,,,,,,,About - Hercules Sheet Metal & Metal Buildings,WordPress 6.7.1,,,True,True
"custom home builder, 70131, New Orleans, LA, US",RM Concrete LLC,Rm Concrete,http://www.rmconcretela.com/,"Concrete contractor, Construction company, Contractor, Demolition contractor, Service establishment, Foundation, Pressure washing service",Concrete contractor,Concrete contractor,+1 504-231-9512,mobile,,,,,,,,,,,,30.937373599999997,-91.40087,8944400c20fffff,America/Chicago,,True,5.0,30.0,https://search.google.com/local/reviews?placeid=ChIJAVHDX4WnIIYR1CqKSeNuO-Q&q=*&authuser=0&hl=en&gl=US,,,0.0,0.0,0.0,0.0,30.0,435.0,https://lh3.googleusercontent.com/p/AF1QipM6xY08GnMBD4xp2UoSahz8VfK7-t7FaMnmZo_q=w800-h500-k-no,https://lh3.googleusercontent.com/p/AF1QipM6xY08GnMBD4xp2UoSahz8VfK7-t7FaMnmZo_q=w1600-h1000-k-no,,"{""Sunday"": ""Open 24 hours"", ""Monday"": ""Open 24 hours"", ""Tuesday"": ""Open 24 hours"", ""Wednesday"": ""Open 24 hours"", ""Thursday"": ""Open 24 hours"", ""Friday"": ""Open 24 hours"", ""Saturday"": ""Open 24 hours""}","Sunday,Open 24 hours|Monday,Open 24 hours|Tuesday,Open 24 hours|Wednesday,Open 24 hours|Thursday,Open 24 hours|Friday,Open 24 hours|Saturday,Open 24 hours",Sunday:Open 24 hours|Monday:Open 24 hours|Tuesday:Open 24 hours|Wednesday:Open 24 hours|Thursday:Open 24 hours|Friday:Open 24 hours|Saturday:Open 24 hours,,,OPERATIONAL,"{""Service options"": {""Language assistance"": ""English, Spanish""}}",,,,https://lh5.googleusercontent.com/-cD_7UAEqbhw/AAAAAAAAAAI/AAAAAAAAAAA/rp_rnjB2HY4/s44-p-k-no-ns-nd/photo.jpg,,,True,115289663431186723331,RM Concrete LLC,https://www.google.com/maps/contrib/115289663431186723331,,http://www.rmconcretela.com/,,"http://www.rmconcretela.com/, https://www.instagram.com/rmconcretenola/, https://www.facebook.com/RMConcreteNola/","https://www.google.com/maps/place/RM+Concrete+LLC/@30.937373599999997,-91.40087,14z/data=!4m8!1m2!2m1!1sRM+Concrete+LLC!3m4!1s0x8620a7855fc35101:0xe43b6ee3498a2ad4!8m2!3d30.937373599999997!4d-91.40087","https://www.google.com/maps/place/RM+Concrete+LLC/@30.937373599999997,-91.40087,13.99z/data=!4m16!1m7!3m6!1s0x8620a7855fc35101:0xe43b6ee3498a2ad4!2sRM+Concrete+LLC!8m2!3d30.937373599999997!4d-91.40087!16s%2Fg%2F11ckvg1dmb!3m7!1s0x8620a7855fc35101:0xe43b6ee3498a2ad4!8m2!3d30.937373599999997!4d-91.40087!9m1!1b1!16s%2Fg%2F11ckvg1dmb?entry=ttu",ChIJAVHDX4WnIIYR1CqKSeNuO-Q,0x8620a7855fc35101:0xe43b6ee3498a2ad4,16445860386743921364,/g/11j0vdkxlj,-2000883686965630252,,rm_concrete@outlook.com,RECEIVING,SMTP validated,,,,,,,,,,,,,,,,,,,,,,,,,,,,,,,,,,https://www.facebook.com/RMConcreteNola/,https://www.instagram.com/rmconcretenola,,,,,,,,,,,,,,FAQs | Find Answers Here — RM Concrete NOLA,,"Explore our FAQs to learn about RM Concrete NOLA's services, project 
timelines, and procedures. Get detailed answers to your concrete questions.",,False,False
"custom home builder, 70141, New Orleans, LA, US",Project 1 Developments,Project 1 Developments,https://www.project1developments.com/,Construction company,Construction company,Construction company,+1 504-919-9477,mobile,"NEW CINGULAR WIRELESS PCS, LLC - GA",,"824 24th St Suite J, Kenner, LA 70062",None,824 24th St Suite J,Kenner,70062,Louisiana,Louisiana,United States of America,US,30.000580399999997,-90.2570519,89444654dbbffff,America/Chicago,,False,5.0,11.0,https://search.google.com/local/reviews?placeid=ChIJVVVFdwy3IIYRq-qvQRH-Geg&q=*&authuser=0&hl=en&gl=US,,,0.0,0.0,0.0,0.0,11.0,2.0,https://streetviewpixels-pa.googleapis.com/v1/thumbnail?panoid=BVP5MaVaCA3AjsxfYVTySg&cb_client=search.gws-prod.gps&w=800&h=500&yaw=359.79163&pitch=0&thumbfov=100,https://lh3.googleusercontent.com/p/AF1QipMkrthucc_wwbkHj0SiWtSu6P55vpUZ8-mc-tYK=w1600-h1000-k-no,,"{""Sunday"": ""Closed"", ""Monday"": ""7:30AM-4:30PM"", ""Tuesday"": ""7:30AM-4:30PM"", ""Wednesday"": ""7:30AM-4:30PM"", ""Thursday"": ""7:30AM-4:30PM"", ""Friday"": ""7:30AM-4:30PM"", ""Saturday"": ""Closed""}","Sunday,|Monday,7:30AM,4:30PM|Tuesday,7:30AM,4:30PM|Wednesday,7:30AM,4:30PM|Thursday,7:30AM,4:30PM|Friday,7:30AM,4:30PM|Saturday,",Sunday:Closed|Monday:7:30AM-4:30PM|Tuesday:7:30AM-4:30PM|Wednesday:7:30AM-4:30PM|Thursday:7:30AM-4:30PM|Friday:7:30AM-4:30PM|Saturday:Closed,,,OPERATIONAL,"{""Accessibility"": {""Wheelchair accessible parking lot"": true}}",,,,https://lh3.googleusercontent.com/-pz6Fs_LstTI/AAAAAAAAAAI/AAAAAAAAAAA/xtkN1alqX-c/s44-p-k-no-ns-nd/photo.jpg,,,True,116184126773497710387,Project 1 Developments,https://www.google.com/maps/contrib/116184126773497710387,,,,,"https://www.google.com/maps/place/Project+1+Developments/@30.000580399999997,-90.2570519,14z/data=!4m8!1m2!2m1!1sProject+1+Developments!3m4!1s0x8620b70c77455555:0xe819fe1141afeaab!8m2!3d30.000580399999997!4d-90.2570519","https://www.google.com/maps/place/Project+1+Developments/@30.000580399999997,-90.2570519,13.99z/data=!4m16!1m7!3m6!1s0x8620b70c77455555:0xe819fe1141afeaab!2sProject+1+Developments!8m2!3d30.000580399999997!4d-90.2570519!16s%2Fg%2F11ckvg1dmb!3m7!1s0x8620b70c77455555:0xe819fe1141afeaab!8m2!3d30.000580399999997!4d-90.2570519!9m1!1b1!16s%2Fg%2F11ckvg1dmb?entry=ttu",ChIJVVVFdwy3IIYRq-qvQRH-Geg,0x8620b70c77455555:0xe819fe1141afeaab,16724678041286994603,/g/11jsl7j1zv,-1722066032422557013,,contact@project1developments.com,RECEIVING,SMTP validated,,,,,,,,,,,,,,,,,,,,,,5049199477,mobile,"NEW CINGULAR WIRELESS PCS, LLC - GA",,,,,,,,,,,https://www.instagram.com/project1developments,,,,,,,,,,,,,,PROJECT 1 DEVELOPMENTS,,"Contact Project 1 Developments for your Louisiana or Mississippi 
construction project. Free consultations, licensed & insured. Call (504) 
919-9477 or schedule online.",,False,False
"custom home builder, 70141, New Orleans, LA, US",Do It All Remodeling,Do It All Remodeling,,Custom home builder,Custom home builder,Custom home builder,+1 504-390-9137,mobile,"NEW CINGULAR WIRELESS PCS, LLC - GA",,"505 E Loyola Dr, Kenner, LA 70066",None,505 E Loyola Dr,Kenner,70066,Louisiana,Louisiana,United States of America,US,30.0181194,-90.2661329,8944460b20bffff,America/Chicago,,False,5.0,4.0,https://search.google.com/local/reviews?placeid=ChIJsWSMZau3IIYRpjht2jXmt48&q=*&authuser=0&hl=en&gl=US,,,0.0,0.0,0.0,0.0,4.0,1.0,https://streetviewpixels-pa.googleapis.com/v1/thumbnail?panoid=dKvlPeer3wpdjRF0HcQrlA&cb_client=search.gws-prod.gps&w=800&h=500&yaw=131.16093&pitch=0&thumbfov=100,https://streetviewpixels-pa.googleapis.com/v1/thumbnail?panoid=dKvlPeer3wpdjRF0HcQrlA&cb_client=search.gws-prod.gps&w=1600&h=1000&yaw=131.16093&pitch=0&thumbfov=100,,"{""Sunday"": ""6AM-9PM"", ""Monday"": ""6AM-9PM"", ""Tuesday"": ""6AM-9PM"", ""Wednesday"": ""6AM-9PM"", ""Thursday"": ""6AM-9PM"", ""Friday"": ""6AM-9PM"", ""Saturday"": ""6AM-9PM""}","Sunday,6AM,9PM|Monday,6AM,9PM|Tuesday,6AM,9PM|Wednesday,6AM,9PM|Thursday,6AM,9PM|Friday,6AM,9PM|Saturday,6AM,9PM",Sunday:6AM-9PM|Monday:6AM-9PM|Tuesday:6AM-9PM|Wednesday:6AM-9PM|Thursday:6AM-9PM|Friday:6AM-9PM|Saturday:6AM-9PM,,,OPERATIONAL,{},,,,https://lh4.googleusercontent.com/-UBnM_8aTwl4/AAAAAAAAAAI/AAAAAAAAAAA/YkdzKIcC-ww/s44-p-k-no-ns-nd/photo.jpg,,,True,107502705769236952478,Do It All Remodeling,https://www.google.com/maps/contrib/107502705769236952478,,,,,"https://www.google.com/maps/place/Do+It+All+Remodeling/@30.0181194,-90.2661329,14z/data=!4m8!1m2!2m1!1sDo+It+All+Remodeling!3m4!1s0x8620b7ab658c64b1:0x8fb7e635da6d38a6!8m2!3d30.0181194!4d-90.2661329","https://www.google.com/maps/place/Do+It+All+Remodeling/@30.0181194,-90.2661329,13.99z/data=!4m16!1m7!3m6!1s0x8620b7ab658c64b1:0x8fb7e635da6d38a6!2sDo+It+All+Remodeling!8m2!3d30.0181194!4d-90.2661329!16s%2Fg%2F11ckvg1dmb!3m7!1s0x8620b7ab658c64b1:0x8fb7e635da6d38a6!8m2!3d30.0181194!4d-90.2661329!9m1!1b1!16s%2Fg%2F11ckvg1dmb?entry=ttu",ChIJsWSMZau3IIYRpjht2jXmt48,0x8620b7ab658c64b1:0x8fb7e635da6d38a6,10355998987133991078,/g/11b7q5fgh3,-8090745086575560538,,,,,,,,,,,,,,,,,,,,,,,,,,,,,,,,,,,,,,,,,,,,,,,,,,,,,,,,,,
"custom home builder, 70141, New Orleans, LA, US","Quillen Construction Group, LLC",Quillen Construction Group,https://quillenconstructiongroup.com/%3Futm_source%3Dgoogle%26utm_medium%3Dorganic%26utm_term%3Dgbp-listing-qcg,"Construction company, Bathroom remodeler, General contractor, Kitchen remodeler, Remodeler",General contractor,Construction company,+1 504-800-4126,mobile,T-Mobile USA Inc.,,"110 James Dr W STE 100, St Rose, LA 70087",None,110 James Dr W STE 100,St Rose,70087,Louisiana,Louisiana,United States of America,US,29.979726999999997,-90.2848559,89444656923ffff,America/Chicago,,False,4.9,69.0,https://search.google.com/local/reviews?placeid=ChIJaaCOCBSCO4YRBJ7dMYKd_vE&q=*&authuser=0&hl=en&gl=US,,,0.0,1.0,0.0,2.0,66.0,404.0,https://lh3.googleusercontent.com/p/AF1QipNjkc8aTwGMf679in_u-IS1p-3Bcrt1Pn0fG8nD=w800-h500-k-no,https://lh3.googleusercontent.com/p/AF1QipNjkc8aTwGMf679in_u-IS1p-3Bcrt1Pn0fG8nD=w1600-h1000-k-no,,"{""Sunday"": ""Open 24 hours"", ""Monday"": ""Open 24 hours"", ""Tuesday"": ""Open 24 hours"", ""Wednesday"": ""Open 24 hours"", ""Thursday"": ""Open 24 hours"", ""Friday"": ""Open 24 hours"", ""Saturday"": ""Open 24 hours""}","Sunday,Open 24 hours|Monday,Open 24 hours|Tuesday,Open 24 hours|Wednesday,Open 24 hours|Thursday,Open 24 hours|Friday,Open 24 hours|Saturday,Open 24 hours",Sunday:Open 24 hours|Monday:Open 24 hours|Tuesday:Open 24 hours|Wednesday:Open 24 hours|Thursday:Open 24 hours|Friday:Open 24 hours|Saturday:Open 24 hours,,,OPERATIONAL,"{""From the business"": {""Identifies as Latino-owned"": true}, ""Service options"": {""Onsite services"": true}, ""Accessibility"": {""Wheelchair accessible parking lot"": true}, ""Other"": {""Identifies as Latino-owned"": true}}",,,,https://lh4.googleusercontent.com/-Yu47urSTthE/AAAAAAAAAAI/AAAAAAAAAAA/7xLJqufw-yQ/s44-p-k-no-ns-nd/photo.jpg,,,True,106771097448565677416,"Quillen Construction Group, LLC",https://www.google.com/maps/contrib/106771097448565677416,,,,,"https://www.google.com/maps/place/Quillen+Construction+Group%2C+LLC/@29.979726999999997,-90.2848559,14z/data=!4m8!1m2!2m1!1sQuillen+Construction+Group%2C+LLC!3m4!1s0x863b8214088ea069:0xf1fe9d8231dd9e04!8m2!3d29.979726999999997!4d-90.2848559","https://www.google.com/maps/place/Quillen+Construction+Group%2C+LLC/@29.979726999999997,-90.2848559,13.99z/data=!4m16!1m7!3m6!1s0x863b8214088ea069:0xf1fe9d8231dd9e04!2sQuillen+Construction+Group%2C+LLC!8m2!3d29.979726999999997!4d-90.2848559!16s%2Fg%2F11ckvg1dmb!3m7!1s0x863b8214088ea069:0xf1fe9d8231dd9e04!8m2!3d29.979726999999997!4d-90.2848559!9m1!1b1!16s%2Fg%2F11ckvg1dmb?entry=ttu",ChIJaaCOCBSCO4YRBJ7dMYKd_vE,0x863b8214088ea069:0xf1fe9d8231dd9e04,17437547989733056004,/g/1tcw3_dq,-1009196083976495612,,service@qcgnola.com,RECEIVING,SMTP validated,,,,,,info@qcgnola.com,RECEIVING,Catch All,,,,,,,,,,,,,,5048004126,mobile,T-Mobile USA Inc.,,5048004126,mobile,T-Mobile USA Inc.,,5048004126,mobile,T-Mobile USA Inc.,,,,,,,,,,,,,,,,,Contact - Quillen Construction Group,WordPress 6.8.3,"Contact Quillen Construction Group, your trusted general contractor for remodeling, painting, flooring, roofing, and concrete work.",,False,False
"custom home builder, 70143, New Orleans, LA, US",Imperium Builders,Imperium Builders,http://buildimperium.com/contact-us/,Contractor,Contractor,Contractor,+1 504-481-6862,mobile,"NEW CINGULAR WIRELESS PCS, LLC - GA",,"2325 Manhattan Blvd, Harvey, LA 70058",None,2325 Manhattan Blvd,Harvey,70058,Louisiana,Louisiana,United States of America,US,29.8797395,-90.0504186,89444650367ffff,America/Chicago,,False,,,,,,,,,,,1.0,https://streetviewpixels-pa.googleapis.com/v1/thumbnail?panoid=Xv88arE9K3tjCOq55LDDuw&cb_client=search.gws-prod.gps&w=800&h=500&yaw=71.19327&pitch=0&thumbfov=100,https://streetviewpixels-pa.googleapis.com/v1/thumbnail?panoid=Xv88arE9K3tjCOq55LDDuw&cb_client=search.gws-prod.gps&w=1600&h=1000&yaw=71.19327&pitch=0&thumbfov=100,,,,,,,OPERATIONAL,"{""Accessibility"": {""Wheelchair accessible parking lot"": true}}",,,,,,,False,None,Imperium Builders,,,,,,"https://www.google.com/maps/place/Imperium+Builders/@29.8797395,-90.0504186,14z/data=!4m8!1m2!2m1!1sImperium+Builders!3m4!1s0x8620a1336bfaf1e1:0xe4e41fc2bbd1325c!8m2!3d29.8797395!4d-90.0504186","https://www.google.com/maps/place/Imperium+Builders/@29.8797395,-90.0504186,13.99z/data=!4m16!1m7!3m6!1s0x8620a1336bfaf1e1:0xe4e41fc2bbd1325c!2sImperium+Builders!8m2!3d29.8797395!4d-90.0504186!16s%2Fg%2F11ckvg1dmb!3m7!1s0x8620a1336bfaf1e1:0xe4e41fc2bbd1325c!8m2!3d29.8797395!4d-90.0504186!9m1!1b1!16s%2Fg%2F11ckvg1dmb?entry=ttu",ChIJ4fH6azOhIIYRXDLRu8If5OQ,0x8620a1336bfaf1e1:0xe4e41fc2bbd1325c,16493342656572764764,/g/11c58nvlym,None,,info@buildimperium.com,BLACKLISTED,Cannot validate,,,,,,,,,,,,,,,,,,,,,,5044816862,mobile,"NEW CINGULAR WIRELESS PCS, LLC - GA",,,,,,,,,,,,,,,,,,,,,,,,,"Home - Imperium Builders, Ltd.",wordpress,,,,
"custom home builder, 70146, New Orleans, LA, US",Magnolia Woodcraft,Magnolia Woodcraft,https://www.magnoliawoodcraft.com/,"Cabinet maker, Service establishment",Cabinet maker,Cabinet maker,+1 504-944-3205,mobile,AT&T,True,,,,,,,,,,30.0326605,-89.88256349999999,8944464a367ffff,America/Chicago,,True,1.0,1.0,https://search.google.com/local/reviews?placeid=ChIJH661jaV1MAIRir5TG-t7xJ0&q=*&authuser=0&hl=en&gl=US,,,1.0,0.0,0.0,0.0,0.0,11.0,https://lh3.googleusercontent.com/p/AF1QipPMAWtNoROsK6cRx7_wGbjX6h2iyil9bG9wzv2l=w800-h500-k-no,https://lh3.googleusercontent.com/p/AF1QipPMAWtNoROsK6cRx7_wGbjX6h2iyil9bG9wzv2l=w1600-h1000-k-no,,,,,,,OPERATIONAL,{},,,,https://lh5.googleusercontent.com/-qfK46o32hLY/AAAAAAAAAAI/AAAAAAAAAAA/COm_aQxFCKQ/s44-p-k-no-ns-nd/photo.jpg,,,True,107814228485427348552,Magnolia Woodcraft,https://www.google.com/maps/contrib/107814228485427348552,,,,,"https://www.google.com/maps/place/Magnolia+Woodcraft/@30.0326605,-89.88256349999999,14z/data=!4m8!1m2!2m1!1sMagnolia+Woodcraft!3m4!1s0x23075a58db5ae1f:0x9dc47beb1b53be8a!8m2!3d30.0326605!4d-89.88256349999999","https://www.google.com/maps/place/Magnolia+Woodcraft/@30.0326605,-89.88256349999999,13.99z/data=!4m16!1m7!3m6!1s0x23075a58db5ae1f:0x9dc47beb1b53be8a!2sMagnolia+Woodcraft!8m2!3d30.0326605!4d-89.88256349999999!16s%2Fg%2F11ckvg1dmb!3m7!1s0x23075a58db5ae1f:0x9dc47beb1b53be8a!8m2!3d30.0326605!4d-89.88256349999999!9m1!1b1!16s%2Fg%2F11ckvg1dmb?entry=ttu",ChIJH661jaV1MAIRir5TG-t7xJ0,0x23075a58db5ae1f:0x9dc47beb1b53be8a,11368347609095978634,/g/11yjvrb2jn,-7078396464613572982,,,,,,,,,,,,,,,,,,,,,,,,,,,,,,,,,,,,,,,,,,,,,,,,https://platform.twitter.com/widgets,,,,,,,,,,
"custom home builder, 70146, New Orleans, LA, US","M&Z Renovations, LLC",M And Z Renovations,http://www.mzrenovations.com/,"Construction company, Building designer, Contractor, Service establishment, Interior designer",Contractor,Construction company,+1 504-517-2474,landline,,,,,,,,,,,,30.0326605,-89.88256349999999,8944464a367ffff,America/Chicago,,True,5.0,12.0,https://search.google.com/local/reviews?placeid=ChIJibvxVM-lIIYR06PPfycT8fE&q=*&authuser=0&hl=en&gl=US,,,0.0,0.0,0.0,0.0,12.0,27.0,https://lh3.googleusercontent.com/p/AF1QipPV6FuJ_v71_04AH-SPo4o24DaD1TRtmNGVKBi5=w800-h500-k-no,https://lh3.googleusercontent.com/p/AF1QipPV6FuJ_v71_04AH-SPo4o24DaD1TRtmNGVKBi5=w1600-h1000-k-no,,"{""Sunday"": ""Closed"", ""Monday"": ""8AM-5PM"", ""Tuesday"": ""8AM-5PM"", ""Wednesday"": ""8AM-5PM"", ""Thursday"": ""8AM-5PM"", ""Friday"": ""8AM-5PM"", ""Saturday"": ""Closed""}","Sunday,|Monday,8AM,5PM|Tuesday,8AM,5PM|Wednesday,8AM,5PM|Thursday,8AM,5PM|Friday,8AM,5PM|Saturday,",Sunday:Closed|Monday:8AM-5PM|Tuesday:8AM-5PM|Wednesday:8AM-5PM|Thursday:8AM-5PM|Friday:8AM-5PM|Saturday:Closed,,,OPERATIONAL,{},,,,https://lh6.googleusercontent.com/-fDeyYJYomWM/AAAAAAAAAAI/AAAAAAAAAAA/-TFSPxaYAJU/s44-p-k-no-ns-nd/photo.jpg,,,True,111854360453735027823,"M&Z Renovations, LLC",https://www.google.com/maps/contrib/111854360453735027823,,,,,"https://www.google.com/maps/place/M%26Z+Renovations%2C+LLC/@30.0326605,-89.88256349999999,14z/data=!4m8!1m2!2m1!1sM%26Z+Renovations%2C+LLC!3m4!1s0x8620a5cf54f1bb89:0xf1f113277fcfa3d3!8m2!3d30.0326605!4d-89.88256349999999","https://www.google.com/maps/place/M%26Z+Renovations%2C+LLC/@30.0326605,-89.88256349999999,13.99z/data=!4m16!1m7!3m6!1s0x8620a5cf54f1bb89:0xf1f113277fcfa3d3!2sM%26Z+Renovations%2C+LLC!8m2!3d30.0326605!4d-89.88256349999999!16s%2Fg%2F11ckvg1dmb!3m7!1s0x8620a5cf54f1bb89:0xf1f113277fcfa3d3!8m2!3d30.0326605!4d-89.88256349999999!9m1!1b1!16s%2Fg%2F11ckvg1dmb?entry=ttu",ChIJibvxVM-lIIYR06PPfycT8fE,0x8620a5cf54f1bb89:0xf1f113277fcfa3d3,17433736692896867283,/g/11g0lglhh8,-1013007380812684333,,info@mzrenovations.com,RECEIVING,SMTP validated,,,,,,admin@mzrenovations.com,RECEIVING,Role,,,,,,,,,,,,,,5045172474,landline,,,,,,,,,,,http://www.facebook.com/mandzrenovations,http://instagram.com/mzrenovations,,,,,,,,,,,,,,"New Orleans — Blog — M&Z Renovations, LLC",,Design Blog Thoughts & Musings,,False,False
"custom home builder, 70150, New Orleans, LA, US",Creativo Builds Studio LLC,Creativo Builds Studio,https://www.etsy.com/shop/CreativoBuildsStudio,"Artistic handicrafts, Service establishment, Woodworker",Artistic handicrafts,Artistic handicrafts,+1 813-330-9032,mobile,T-Mobile,True,,,,,,,,,,30.0326605,-89.88256349999999,8944464a367ffff,America/Chicago,,True,,,,,,,,,,,11.0,https://lh3.googleusercontent.com/p/AF1QipMUNDIlvYOyHJeUpPb-q7xK8HGEZLBHVL_qmyEX=w800-h500-k-no,https://lh3.googleusercontent.com/p/AF1QipMUNDIlvYOyHJeUpPb-q7xK8HGEZLBHVL_qmyEX=w1600-h1000-k-no,,"{""Sunday"": ""Closed"", ""Monday"": ""8AM-5:30PM"", ""Tuesday"": ""8AM-5:30PM"", ""Wednesday"": ""8AM-5:30PM"", ""Thursday"": ""8AM-5:30PM"", ""Friday"": ""8AM-5PM"", ""Saturday"": ""Closed""}","Sunday,|Monday,8AM,5:30PM|Tuesday,8AM,5:30PM|Wednesday,8AM,5:30PM|Thursday,8AM,5:30PM|Friday,8AM,5PM|Saturday,",Sunday:Closed|Monday:8AM-5:30PM|Tuesday:8AM-5:30PM|Wednesday:8AM-5:30PM|Thursday:8AM-5:30PM|Friday:8AM-5PM|Saturday:Closed,,,OPERATIONAL,{},,,,https://lh5.googleusercontent.com/-QmD9aUCUX2E/AAAAAAAAAAI/AAAAAAAAAAA/shyu-1bGxi0/s44-p-k-no-ns-nd/photo.jpg,,,True,101369197797025866994,Creativo Builds Studio LLC,https://www.google.com/maps/contrib/101369197797025866994,,,,,"https://www.google.com/maps/place/Creativo+Builds+Studio+LLC/@30.0326605,-89.88256349999999,14z/data=!4m8!1m2!2m1!1sCreativo+Builds+Studio+LLC!3m4!1s0x8620a5826d924075:0x86f1a8e7a0f34df0!8m2!3d30.0326605!4d-89.88256349999999","https://www.google.com/maps/place/Creativo+Builds+Studio+LLC/@30.0326605,-89.88256349999999,13.99z/data=!4m16!1m7!3m6!1s0x8620a5826d924075:0x86f1a8e7a0f34df0!2sCreativo+Builds+Studio+LLC!8m2!3d30.0326605!4d-89.88256349999999!16s%2Fg%2F11ckvg1dmb!3m7!1s0x8620a5826d924075:0x86f1a8e7a0f34df0!8m2!3d30.0326605!4d-89.88256349999999!9m1!1b1!16s%2Fg%2F11ckvg1dmb?entry=ttu",ChIJdUCSbYKlIIYR8E3zoOeo8YY,0x8620a5826d924075:0x86f1a8e7a0f34df0,9723738783260823024,/g/11r19kg_06,None,,nadia_aseeva@yahoo.com,RECEIVING,Verified,[Not Provided],[Not,Provided],,,contact@primitiveplay.com,INVALID,Invalid DNS,Primitve Play,Primitve,Play,,,zazenskin@gmail.com,INVALID,Undeliverable,Lin,Lin,,,,18482450533,landline,"ONVOY, LLC  NJ",,00495113372116,landline,,,18053436180,landline,,,http://www.facebook.com/nhrockshop,www.instagram.com,https://www.linkedin.com/company/goodnightfox,https://www.tiktok.com/@delgadohctreasures,,,,,https://t.me/klaus_der_,,http://www.x.com/etsy,,https://www.youtube.com/channel/UCs9RYT4RRIAbdabK94celZw,,,CartelCreativeStore - Etsy Ukraine,,"Shop Turning imagination into reality by CartelCreativeStore located in Oklahoma, United States.","Maritim, Tiere, Ostern",False,False
"custom home builder, 70150, New Orleans, LA, US",JL STUDIO DESIGNS,Jl Studio Designs,http://www.jlstudiodesigns.com/,Interior designer,Interior designer,Interior designer,+1 504-494-2580,mobile,CELLCO PARTNERSHIP DBA VERIZON WIRELESS - LA,,"530 N Norman C Francis Parkway, New Orleans, LA 70119",Mid-City,530 N Norman C Francis Parkway,New Orleans,70119,Louisiana,Louisiana,United States of America,US,29.9657001,-90.0971801,89444655273ffff,America/Chicago,,False,5.0,1.0,https://search.google.com/local/reviews?placeid=ChIJY8pZlfWwIIYRktCO8X4Muh4&q=*&authuser=0&hl=en&gl=US,,,0.0,0.0,0.0,0.0,1.0,9.0,https://lh3.googleusercontent.com/p/AF1QipOzJm0JhBHsw02GTjVX5NgN20zyTS1O5XppJ_61=w800-h500-k-no,https://lh3.googleusercontent.com/p/AF1QipOzJm0JhBHsw02GTjVX5NgN20zyTS1O5XppJ_61=w1600-h1000-k-no,,,,,,,OPERATIONAL,"{""Service options"": {""Online estimates"": true, ""Onsite services"": true}}",,,,https://lh5.googleusercontent.com/-nQl-CegR6fw/AAAAAAAAAAI/AAAAAAAAAAA/NsFKPixKXmI/s44-p-k-no-ns-nd/photo.jpg,,,True,113451639419814205464,JL STUDIO DESIGNS,https://www.google.com/maps/contrib/113451639419814205464,,,,,"https://www.google.com/maps/place/JL+STUDIO+DESIGNS/@29.9657001,-90.0971801,14z/data=!4m8!1m2!2m1!1sJL+STUDIO+DESIGNS!3m4!1s0x8620b0f59559ca63:0x1eba0c7ef18ed092!8m2!3d29.9657001!4d-90.0971801","https://www.google.com/maps/place/JL+STUDIO+DESIGNS/@29.9657001,-90.0971801,13.99z/data=!4m16!1m7!3m6!1s0x8620b0f59559ca63:0x1eba0c7ef18ed092!2sJL+STUDIO+DESIGNS!8m2!3d29.9657001!4d-90.0971801!16s%2Fg%2F11ckvg1dmb!3m7!1s0x8620b0f59559ca63:0x1eba0c7ef18ed092!8m2!3d29.9657001!4d-90.0971801!9m1!1b1!16s%2Fg%2F11ckvg1dmb?entry=ttu",ChIJY8pZlfWwIIYRktCO8X4Muh4,0x8620b0f59559ca63:0x1eba0c7ef18ed092,2214095906164101266,/g/11cnc7_3nm,2214095906164101266,,create@jlstudiodesigns.com,RECEIVING,SMTP validated,,,,,,assistance@jlstudiodesigns.com,RECEIVING,SMTP validated,,,,,,,,,,,,,,,,,,,,,,,,,,http://www.facebook.com/1214760169,http://instagram.com/jl_studi0,,,,,,,,,https://twitter.com/JLStudioDesigns,,,,,JL STUDIOJL STUDIO,,Commercial and residential interior design. art. decor. home living.,,False,False
"custom home builder, 70157, New Orleans, LA, US",Singer Kitchens,Singer Kitchens,https://www.singerkitchens.com/,"Kitchen remodeler, Bathroom remodeler, Cabinet maker, Cabinet store, Countertop store, Granite supplier, Interior designer, Kitchen supply store",Kitchen remodeler,Kitchen remodeler,+1 504-486-0067,fixed line,"COMCAST PHONE OF LOUISIANA, LL",,"231 N Carrollton Ave, New Orleans, LA 70119",Mid-City,231 N Carrollton Ave,New Orleans,70119,Louisiana,Louisiana,United States of America,US,29.9760711,-90.09962589999999,89444642c8bffff,America/Chicago,,False,4.8,45.0,https://search.google.com/local/reviews?placeid=ChIJAz_nRWKvIIYRp4ayCZYIhxw&q=*&authuser=0&hl=en&gl=US,,,1.0,0.0,1.0,1.0,42.0,130.0,https://lh3.googleusercontent.com/p/AF1QipNIBhmGJDJreJb8i-obXzt7c7YE3ithZUth1czb=w800-h500-k-no,https://lh3.googleusercontent.com/p/AF1QipNIBhmGJDJreJb8i-obXzt7c7YE3ithZUth1czb=w1600-h1000-k-no,,"{""Sunday"": ""Closed"", ""Monday"": ""10AM-5PM"", ""Tuesday"": ""10AM-5PM"", ""Wednesday"": ""10AM-5PM"", ""Thursday"": ""10AM-5PM"", ""Friday"": ""10AM-5PM"", ""Saturday"": ""10AM-3PM""}","Sunday,|Monday,10AM,5PM|Tuesday,10AM,5PM|Wednesday,10AM,5PM|Thursday,10AM,5PM|Friday,10AM,5PM|Saturday,10AM,3PM",Sunday:Closed|Monday:10AM-5PM|Tuesday:10AM-5PM|Wednesday:10AM-5PM|Thursday:10AM-5PM|Friday:10AM-5PM|Saturday:10AM-3PM,,,OPERATIONAL,"{""Service options"": {""Delivery"": true, ""Onsite services"": true, ""Same-day delivery"": false}, ""Accessibility"": {""Wheelchair accessible entrance"": true, ""Wheelchair accessible parking lot"": true}, ""Offerings"": {""Assembly service"": true, ""Installation service"": true}, ""Payments"": {""Checks"": true, ""Credit cards"": true, ""Debit cards"": true}}",,,,https://lh3.googleusercontent.com/-Q45tL7GRVxg/AAAAAAAAAAI/AAAAAAAAAAA/JYKENtolTIQ/s44-p-k-no-ns-nd/photo.jpg,"Simple retailer offering kitchen cabinets, counters & appliances, plus installation services.",,True,106228065712554407937,Singer Kitchens,https://www.google.com/maps/contrib/106228065712554407937,,https://www.singerkitchens.com/contact,,https://www.singerkitchens.com/contact,"https://www.google.com/maps/place/Singer+Kitchens/@29.9760711,-90.09962589999999,14z/data=!4m8!1m2!2m1!1sSinger+Kitchens!3m4!1s0x8620af6245e73f03:0x1c87089609b286a7!8m2!3d29.9760711!4d-90.09962589999999","https://www.google.com/maps/place/Singer+Kitchens/@29.9760711,-90.09962589999999,13.99z/data=!4m16!1m7!3m6!1s0x8620af6245e73f03:0x1c87089609b286a7!2sSinger+Kitchens!8m2!3d29.9760711!4d-90.09962589999999!16s%2Fg%2F11ckvg1dmb!3m7!1s0x8620af6245e73f03:0x1c87089609b286a7!8m2!3d29.9760711!4d-90.09962589999999!9m1!1b1!16s%2Fg%2F11ckvg1dmb?entry=ttu",ChIJAz_nRWKvIIYRp4ayCZYIhxw,0x8620af6245e73f03:0x1c87089609b286a7,2055621195418732199,/g/1v3h_bdr,2055621195418732199,,hollyborel@gmail.com,RECEIVING,Verified,Holly Borel,Holly,Borel,Kitchen And Bath Designer,18567686700,cheryl@castjohn.com,RECEIVING,Confirmed,Cheryl Castjohn,Cheryl,Castjohn,Cabinet Design And Sales,18016921222,ccwhitmore@yahoo.com,RECEIVING,Confirmed,Claire Whitmore,Claire,Whitmore,Design And Sales,15048218958,15045394605,fixed line,"BANDWIDTH.COM CLEC, LLC - LA",,5045394605,fixed line,"BANDWIDTH.COM CLEC, LLC - LA",,18567686700,landline,,,http://facebook.com/singerkitchens,https://www.instagram.com/singerkitchensnola,https://www.linkedin.com/company/singer-kitchens,,,,,,,,http://twitter.com/singerkitchens,,https://www.youtube.com/channel/UCDK9VC7TMV6d_9jNrJwYgPA,,,Kitchen Remodeling New Orleans & Mandeville - Singer Kitchens,"Powered by Slider Revolution 6.5.7 - responsive, Mobile-Friendly Slider Plugin for WordPress with comfortable drag and drop interface.",Professional kitchen design & remodeling from Singer Kitchens since 1928. Visit our showrooms in New Orleans or Mandeville.,,False,False
"custom home builder, 70157, New Orleans, LA, US",Cameron Kitchen & Bath Designs,Cameron Kitchen And Bath Designs,http://www.cameronkitchens.com/,"Kitchen remodeler, Appliance store, Bathroom remodeler, Cabinet store, Carpenter, Countertop store, Home goods store, Interior Decorator, Tile store",Kitchen remodeler,Kitchen remodeler,+1 504-486-3759,fixed line,"COMCAST PHONE OF LOUISIANA, LL",,"8019 Palm St, New Orleans, LA 70125",Gert Town,8019 Palm St,New Orleans,70125,Louisiana,Louisiana,United States of America,US,29.963926899999997,-90.11061389999999,894446552afffff,America/Chicago,,False,4.7,15.0,https://search.google.com/local/reviews?placeid=ChIJWTWr6YKlIIYRnuDux0QEhis&q=*&authuser=0&hl=en&gl=US,,,1.0,0.0,0.0,0.0,14.0,111.0,https://lh3.googleusercontent.com/p/AF1QipNib1X6z2I1hYDISHiqRfPGmG5LqDxoEMLu3uaf=w800-h500-k-no,https://lh3.googleusercontent.com/p/AF1QipNib1X6z2I1hYDISHiqRfPGmG5LqDxoEMLu3uaf=w1600-h1000-k-no,,"{""Sunday"": ""Closed"", ""Monday"": ""7AM-4PM"", ""Tuesday"": ""7AM-4PM"", ""Wednesday"": ""7AM-4PM"", ""Thursday"": ""7AM-4PM"", ""Friday"": ""7AM-4PM"", ""Saturday"": ""Closed""}","Sunday,|Monday,7AM,4PM|Tuesday,7AM,4PM|Wednesday,7AM,4PM|Thursday,7AM,4PM|Friday,7AM,4PM|Saturday,",Sunday:Closed|Monday:7AM-4PM|Tuesday:7AM-4PM|Wednesday:7AM-4PM|Thursday:7AM-4PM|Friday:7AM-4PM|Saturday:Closed,,,OPERATIONAL,"{""From the business"": {""Identifies as women-owned"": true, ""Small business"": true}, ""Service options"": {""Curbside pickup"": true, ""Delivery"": true, ""In-store shopping"": true, ""Onsite services"": true, ""Online estimates"": false, ""Language assistance"": ""English""}, ""Accessibility"": {""Wheelchair accessible entrance"": true, ""Wheelchair accessible parking lot"": true}, ""Offerings"": {""Assembly service"": true, ""Installation service"": true, ""Repair services"": true}, ""Payments"": {""Checks"": true, ""Credit cards"": true, ""Debit cards"": true}, ""Parking"": {""Free parking lot"": true, ""On-site parking"": true}, ""Other"": {""Identifies as women-owned"": true}}",,,,https://lh5.googleusercontent.com/-8i7K51UwNb8/AAAAAAAAAAI/AAAAAAAAAAA/fUb-ix9Vo78/s44-p-k-no-ns-nd/photo.jpg,,,True,104750203622623834440,Cameron Kitchen & Bath Designs,https://www.google.com/maps/contrib/104750203622623834440,,,,,"https://www.google.com/maps/place/Cameron+Kitchen+%26+Bath+Designs/@29.963926899999997,-90.11061389999999,14z/data=!4m8!1m2!2m1!1sCameron+Kitchen+%26+Bath+Designs!3m4!1s0x8620a582e9ab3559:0x2b860444c7eee09e!8m2!3d29.963926899999997!4d-90.11061389999999","https://www.google.com/maps/place/Cameron+Kitchen+%26+Bath+Designs/@29.963926899999997,-90.11061389999999,13.99z/data=!4m16!1m7!3m6!1s0x8620a582e9ab3559:0x2b860444c7eee09e!2sCameron+Kitchen+%26+Bath+Designs!8m2!3d29.963926899999997!4d-90.11061389999999!16s%2Fg%2F11ckvg1dmb!3m7!1s0x8620a582e9ab3559:0x2b860444c7eee09e!8m2!3d29.963926899999997!4d-90.11061389999999!9m1!1b1!16s%2Fg%2F11ckvg1dmb?entry=ttu",ChIJWTWr6YKlIIYRnuDux0QEhis,0x8620a582e9ab3559:0x2b860444c7eee09e,3136198883968737438,/g/1vn9pfyl,3136198883968737438,,info@cameronkitchens.com,RECEIVING,SMTP validated,,,,,,70125504-486-3759info@cameronkitchens.com,RECEIVING,SMTP validated,,,,,,,,,,,,,,5044863759,fixed line,"COMCAST PHONE OF LOUISIANA, LL",,,,,,,,,,https://www.facebook.com/Cameron-Kitchen-and-Bath-Designs-1784611628417415/,,http://www.linkedin.com/company/6019722,,,,,,,,,,,,,Cameron Kitchens - Cameron Kitchens,All in One SEO (AIOSEO) 4.4.1,"Cameron Kitchen and Bath Designs – Design / Decorate / Build – Since 1951 Cameron Kitchens originated in New Orleans in 1951 by Cameron Gamble: Even after 70 + Years in business, Cameron Kitchens continues to be the most experienced, longest-standing Kitchen and Bath Design-Build Firm in the New Orleans and Mississippi Gulf Coast Regions. Later",,False,False
"custom home builder, 70157, New Orleans, LA, US",Big Country Contracting,Big Country Contracting,http://www.bigcountrycontracting.com/,"Roofing contractor, Siding contractor",Roofing contractor,Roofing contractor,+1 504-291-6123,landline,,,"1650 Poydras St Suite 900, New Orleans, LA 70112",Warehouse District,1650 Poydras St Suite 900,New Orleans,70112,Louisiana,Louisiana,United States of America,US,29.952618899999997,-90.0808455,89444642577ffff,America/Chicago,,False,5.0,1.0,https://search.google.com/local/reviews?placeid=ChIJlUVAp7qlIIYRQioZrhws6Cc&q=*&authuser=0&hl=en&gl=US,,,0.0,0.0,0.0,0.0,1.0,1.0,https://streetviewpixels-pa.googleapis.com/v1/thumbnail?panoid=tgh3jeEkH1Xqtks_iE6SZw&cb_client=search.gws-prod.gps&w=800&h=500&yaw=229.6333&pitch=0&thumbfov=100,https://streetviewpixels-pa.googleapis.com/v1/thumbnail?panoid=tgh3jeEkH1Xqtks_iE6SZw&cb_client=search.gws-prod.gps&w=1600&h=1000&yaw=229.6333&pitch=0&thumbfov=100,,"{""Sunday"": ""Closed"", ""Monday"": ""9AM-5PM"", ""Tuesday"": ""9AM-5PM"", ""Wednesday"": ""9AM-5PM"", ""Thursday"": ""9AM-5PM"", ""Friday"": ""9AM-5PM"", ""Saturday"": ""9AM-6PM""}","Sunday,|Monday,9AM,5PM|Tuesday,9AM,5PM|Wednesday,9AM,5PM|Thursday,9AM,5PM|Friday,9AM,5PM|Saturday,9AM,6PM",Sunday:Closed|Monday:9AM-5PM|Tuesday:9AM-5PM|Wednesday:9AM-5PM|Thursday:9AM-5PM|Friday:9AM-5PM|Saturday:9AM-6PM,,,OPERATIONAL,{},,,,,,,False,None,Big Country Contracting,,,,,,"https://www.google.com/maps/place/Big+Country+Contracting/@29.952618899999997,-90.0808455,14z/data=!4m8!1m2!2m1!1sBig+Country+Contracting!3m4!1s0x8620a5baa7404595:0x27e82c1cae192a42!8m2!3d29.952618899999997!4d-90.0808455","https://www.google.com/maps/place/Big+Country+Contracting/@29.952618899999997,-90.0808455,13.99z/data=!4m16!1m7!3m6!1s0x8620a5baa7404595:0x27e82c1cae192a42!2sBig+Country+Contracting!8m2!3d29.952618899999997!4d-90.0808455!16s%2Fg%2F11ckvg1dmb!3m7!1s0x8620a5baa7404595:0x27e82c1cae192a42!8m2!3d29.952618899999997!4d-90.0808455!9m1!1b1!16s%2Fg%2F11ckvg1dmb?entry=ttu",ChIJlUVAp7qlIIYRQioZrhws6Cc,0x8620a5baa7404595:0x27e82c1cae192a42,2875596863767652930,/g/11j22n9w0p,2875596863767652930,,bigcountrycontracting2@gmail.com,RECEIVING,SMTP validated,,,,,,ben.kriegel@bigcountrycontracting.com,INVALID,Invalid SMTP,,,,,,bigcountrycontractingil@gmail.com,RECEIVING,Verified,,,,,,9393178947,mobile,T-Mobile Puerto Rico LLC,,8006913652,toll_free,,,8006913652,toll_free,,,,,,,,,,,,,,,,,,"Construction Services in New Orleans, LA | Sims Bros Construction",WordPress 5.9.3,"Sims Bros Construction provides high-end construction services in the New Orleans, LA, area. Call us about your next construction project.",,False,False
"custom home builder, 70172, New Orleans, LA, US",HD Collins Services LLC,Hd Collins Services,https://hdcollins.com/,"General contractor, Bathroom remodeler, Deck builder, Service establishment, Kitchen remodeler, Remodeler, Window installation service",General contractor,General contractor,+1 504-273-7753,landline,,,,,,,,,,,,30.2128011,-90.42997849999999,8944460dc6fffff,America/Chicago,,True,,,,,,,,,,,4.0,https://lh3.googleusercontent.com/p/AF1QipNbYoe4d_ljmtzsPOLijcA3UG9p_e7zlt4z1qpY=w800-h500-k-no,https://lh3.googleusercontent.com/p/AF1QipNbYoe4d_ljmtzsPOLijcA3UG9p_e7zlt4z1qpY=w1600-h1000-k-no,,"{""Sunday"": ""Closed"", ""Monday"": ""8AM-5PM"", ""Tuesday"": ""8AM-5PM"", ""Wednesday"": ""8AM-5PM"", ""Thursday"": ""8AM-5PM"", ""Friday"": ""8AM-5PM"", ""Saturday"": ""Closed""}","Sunday,|Monday,8AM,5PM|Tuesday,8AM,5PM|Wednesday,8AM,5PM|Thursday,8AM,5PM|Friday,8AM,5PM|Saturday,",Sunday:Closed|Monday:8AM-5PM|Tuesday:8AM-5PM|Wednesday:8AM-5PM|Thursday:8AM-5PM|Friday:8AM-5PM|Saturday:Closed,,,OPERATIONAL,{},,,,https://lh3.googleusercontent.com/-iC3I1FL4IrE/AAAAAAAAAAI/AAAAAAAAAAA/9n4qCP2sQIc/s44-p-k-no-ns-nd/photo.jpg,,,True,110715712637739335506,HD Collins Services LLC,https://www.google.com/maps/contrib/110715712637739335506,,,,,"https://www.google.com/maps/place/HD+Collins+Services+LLC/@30.2128011,-90.42997849999999,14z/data=!4m8!1m2!2m1!1sHD+Collins+Services+LLC!3m4!1s0x4fbe8aa6a37e486b:0xe2964eac1635b7f7!8m2!3d30.2128011!4d-90.42997849999999","https://www.google.com/maps/place/HD+Collins+Services+LLC/@30.2128011,-90.42997849999999,13.99z/data=!4m16!1m7!3m6!1s0x4fbe8aa6a37e486b:0xe2964eac1635b7f7!2sHD+Collins+Services+LLC!8m2!3d30.2128011!4d-90.42997849999999!16s%2Fg%2F11ckvg1dmb!3m7!1s0x4fbe8aa6a37e486b:0xe2964eac1635b7f7!8m2!3d30.2128011!4d-90.42997849999999!9m1!1b1!16s%2Fg%2F11ckvg1dmb?entry=ttu",ChIJa0h-o6aKvk8R97c1FqxOluI,0x4fbe8aa6a37e486b:0xe2964eac1635b7f7,16327324000092272631,/g/11nnvzfpsc,None,,herbert@hdcollins.com,RECEIVING,SMTP validated,,,,,,,,,,,,,,,,,,,,,,15044942262,mobile,CELLCO PARTNERSHIP DBA VERIZON,,,,,,,,,,https://www.facebook.com/HD-Collins-Construction-101415691489780/,,,,,,,,,,,,,,,Contact HD Collins Services LLC | (504) 494-2262,WordPress 6.4.7,HD Collins Services LLC is the preferred general contractor in town. Click the link to view our website!,"New Orleans General Contractor, New Orleans Commercial General Contractor, New Orleans Home Remodeling Contractor, Metairie General Contractor, Metairie Commercial General Contractor, Metairie Home Remodeling Contractor, Baton Rouge General Contractor, Baton Rouge Commercial General Contractor, Baton Rouge Home Remodeling Contractor",False,True
"custom home builder, 70172, New Orleans, LA, US",Bayou Closets Inc.,Bayou Closets,http://www.bayouclosets.com/,"Cabinet maker, Professional organizer",Cabinet maker,Cabinet maker,+1 504-233-6610,landline,,,"2537 N Rampart St, New Orleans, LA 70117",Marigny,2537 N Rampart St,New Orleans,70117,Louisiana,Louisiana,United States of America,US,29.967971,-90.0511303,894446423c7ffff,America/Chicago,,False,4.9,34.0,https://search.google.com/local/reviews?placeid=ChIJc9hUASSmIIYRBYSurVDVibo&q=*&authuser=0&hl=en&gl=US,,,1.0,0.0,0.0,0.0,33.0,152.0,https://lh3.googleusercontent.com/p/AF1QipODCVy9cwjFmQp9ygxWj9RzpSQ3K7HbOKhOHAoY=w800-h500-k-no,https://lh3.googleusercontent.com/p/AF1QipODCVy9cwjFmQp9ygxWj9RzpSQ3K7HbOKhOHAoY=w1600-h1000-k-no,,"{""Sunday"": ""Closed"", ""Monday"": ""9AM-5PM"", ""Tuesday"": ""9AM-5PM"", ""Wednesday"": ""9AM-5PM"", ""Thursday"": ""9AM-5PM"", ""Friday"": ""9AM-5PM"", ""Saturday"": ""9AM-5PM""}","Sunday,|Monday,9AM,5PM|Tuesday,9AM,5PM|Wednesday,9AM,5PM|Thursday,9AM,5PM|Friday,9AM,5PM|Saturday,9AM,5PM",Sunday:Closed|Monday:9AM-5PM|Tuesday:9AM-5PM|Wednesday:9AM-5PM|Thursday:9AM-5PM|Friday:9AM-5PM|Saturday:9AM-5PM,,,OPERATIONAL,"{""Payments"": {""Debit cards"": true, ""Credit cards"": true}}",,,,https://lh3.googleusercontent.com/-PPUhNIxM96M/AAAAAAAAAAI/AAAAAAAAAAA/UKUlcr4jvJQ/s44-p-k-no-ns-nd/photo.jpg,,,True,100889251140159984707,Bayou Closets Inc.,https://www.google.com/maps/contrib/100889251140159984707,,https://www.bayouclosets.com/contact-us,,https://www.bayouclosets.com/contact-us,"https://www.google.com/maps/place/Bayou+Closets+Inc./@29.967971,-90.0511303,14z/data=!4m8!1m2!2m1!1sBayou+Closets+Inc.!3m4!1s0x8620a6240154d873:0xba89d550adae8405!8m2!3d29.967971!4d-90.0511303","https://www.google.com/maps/place/Bayou+Closets+Inc./@29.967971,-90.0511303,13.99z/data=!4m16!1m7!3m6!1s0x8620a6240154d873:0xba89d550adae8405!2sBayou+Closets+Inc.!8m2!3d29.967971!4d-90.0511303!16s%2Fg%2F11ckvg1dmb!3m7!1s0x8620a6240154d873:0xba89d550adae8405!8m2!3d29.967971!4d-90.0511303!9m1!1b1!16s%2Fg%2F11ckvg1dmb?entry=ttu",ChIJc9hUASSmIIYRBYSurVDVibo,0x8620a6240154d873:0xba89d550adae8405,13441509105351951365,/g/11cjj16zz9,-5005234968357600251,,rob@bayouclosets.com,RECEIVING,SMTP validated,Rob Roberts,Rob,Roberts,President,,dwight@bayouclosets.com,INVALID,Invalid SMTP,Dwight Stricklin,Dwight,Stricklin,High School Principal,,kevin@bayouclosets.com,INVALID,Invalid SMTP,Kevin Gross,Kevin,Gross,President,,5049448388,landline,,,15049448388,landline,,,,,,,https://facebook.com/Bayou-Closets-Inc-113062248778961/,,,,,,,,,,http://twitter.com/intent/,,,,,"Closet Organization Systems, Design, and Installation",,Bayou Closets is the premier New Orleans' closet organization company for custom closet systems & closet organizers. Book a free in-home consultation today.,,,
"custom home builder, 70172, New Orleans, LA, US","Sunrise Contracting, LLC",Sunrise Contracting,https://www.louisianafortifiedroof.com/,"Roofing contractor, Service establishment",Roofing contractor,Roofing contractor,+1 504-228-6666,mobile,CELLCO PARTNERSHIP DBA VERIZON WIRELESS - LA,,,,,,,,,,,29.903546,-89.577455,89445591917ffff,America/Chicago,,True,5.0,14.0,https://search.google.com/local/reviews?placeid=ChIJl2bm1LwGiygR_ztUorEIzAA&q=*&authuser=0&hl=en&gl=US,,,0.0,0.0,0.0,0.0,14.0,2.0,https://lh3.googleusercontent.com/gps-cs-s/AG0ilSxKrmJc2a2LIEqfC_hTo97txtI1_dDqfpF0GHVtocehcRdn0-Iyjfwp68Q3mwqH6nabJE7BL4qVUd3HfNC4hbX8g2WOH37M8Er9Crrzuc2SC5_raq7QXmcAdI0WpHPQoo3XIeccbA5RPvOE=w800-h500-k-no,https://lh3.googleusercontent.com/gps-cs-s/AG0ilSxKrmJc2a2LIEqfC_hTo97txtI1_dDqfpF0GHVtocehcRdn0-Iyjfwp68Q3mwqH6nabJE7BL4qVUd3HfNC4hbX8g2WOH37M8Er9Crrzuc2SC5_raq7QXmcAdI0WpHPQoo3XIeccbA5RPvOE=w1600-h1000-k-no,,"{""Sunday"": ""Closed"", ""Monday"": ""8AM-5PM"", ""Tuesday"": ""8AM-5PM"", ""Wednesday"": ""8AM-5PM"", ""Thursday"": ""8AM-5PM"", ""Friday"": ""8AM-5PM"", ""Saturday"": ""Closed""}","Sunday,|Monday,8AM,5PM|Tuesday,8AM,5PM|Wednesday,8AM,5PM|Thursday,8AM,5PM|Friday,8AM,5PM|Saturday,",Sunday:Closed|Monday:8AM-5PM|Tuesday:8AM-5PM|Wednesday:8AM-5PM|Thursday:8AM-5PM|Friday:8AM-5PM|Saturday:Closed,,,OPERATIONAL,{},,,,https://lh5.googleusercontent.com/-786any9VmtY/AAAAAAAAAAI/AAAAAAAAAAA/eRntTxvEgRQ/s44-p-k-no-ns-nd/photo.jpg,,,True,107756528993411503696,"Sunrise Contracting, LLC",https://www.google.com/maps/contrib/107756528993411503696,,,,,"https://www.google.com/maps/place/Sunrise+Contracting%2C+LLC/@29.903546,-89.577455,14z/data=!4m8!1m2!2m1!1sSunrise+Contracting%2C+LLC!3m4!1s0x288b06bcd4e66697:0xcc08b1a2543bff!8m2!3d29.903546!4d-89.577455","https://www.google.com/maps/place/Sunrise+Contracting%2C+LLC/@29.903546,-89.577455,13.99z/data=!4m16!1m7!3m6!1s0x288b06bcd4e66697:0xcc08b1a2543bff!2sSunrise+Contracting%2C+LLC!8m2!3d29.903546!4d-89.577455!16s%2Fg%2F11ckvg1dmb!3m7!1s0x288b06bcd4e66697:0xcc08b1a2543bff!8m2!3d29.903546!4d-89.577455!9m1!1b1!16s%2Fg%2F11ckvg1dmb?entry=ttu",ChIJl2bm1LwGiygR_ztUorEIzAA,0x288b06bcd4e66697:0xcc08b1a2543bff,57430454274636799,/g/11mcm5xtpm,57430454274636799,,joe@joehermo.com,UNKNOWN,Cannot validate,,,,,,,,,,,,,,,,,,,,,,,,,,,,,,,,,,,,,,,,,,,,,,,,,Project Title | Sunrise Contracting,Wix.com Website Builder,"This is where the project description goes. Give an overview or go in depth - what it's all about, what inspired you, how you created it, or anything else you'd like visitors to know. To add Project descriptions, go to Manage Projects.",,False,False
"custom home builder, 70174, New Orleans, LA, US",Z,Z,,"Woodworker, Service establishment",Woodworker,Woodworker,+1 504-220-2532,mobile,CELLCO PARTNERSHIP DBA VERIZON WIRELESS - LA,,,,,,,,,,,29.9059015,-90.05447749999999,89444650a5bffff,America/Chicago,,True,,,,,,,,,,,24.0,https://lh3.googleusercontent.com/p/AF1QipOgSzBPyH8rBdJAcGgGWqEGzUm3c6NxgYw3_dPl=w800-h500-k-no,https://lh3.googleusercontent.com/p/AF1QipOgSzBPyH8rBdJAcGgGWqEGzUm3c6NxgYw3_dPl=w1600-h1000-k-no,,"{""Sunday"": ""Closed"", ""Monday"": ""8AM-5PM"", ""Tuesday"": ""8AM-5PM"", ""Wednesday"": ""8AM-5PM"", ""Thursday"": ""8AM-5PM"", ""Friday"": ""8AM-5PM"", ""Saturday"": ""9AM-3:30PM""}","Sunday,|Monday,8AM,5PM|Tuesday,8AM,5PM|Wednesday,8AM,5PM|Thursday,8AM,5PM|Friday,8AM,5PM|Saturday,9AM,3:30PM",Sunday:Closed|Monday:8AM-5PM|Tuesday:8AM-5PM|Wednesday:8AM-5PM|Thursday:8AM-5PM|Friday:8AM-5PM|Saturday:9AM-3:30PM,,,OPERATIONAL,{},,,,https://lh5.googleusercontent.com/-WnsYrYePXdc/AAAAAAAAAAI/AAAAAAAAAAA/TMK754w2ydc/s44-p-k-no-ns-nd/photo.jpg,,,True,103652344797311105893,Z,https://www.google.com/maps/contrib/103652344797311105893,,,,,"https://www.google.com/maps/place/Z/@29.9059015,-90.05447749999999,14z/data=!4m8!1m2!2m1!1sZ!3m4!1s0x8620a7f5c969ee5f:0xdfd8273968892a8c!8m2!3d29.9059015!4d-90.05447749999999","https://www.google.com/maps/place/Z/@29.9059015,-90.05447749999999,13.99z/data=!4m16!1m7!3m6!1s0x8620a7f5c969ee5f:0xdfd8273968892a8c!2sZ!8m2!3d29.9059015!4d-90.05447749999999!16s%2Fg%2F11ckvg1dmb!3m7!1s0x8620a7f5c969ee5f:0xdfd8273968892a8c!8m2!3d29.9059015!4d-90.05447749999999!9m1!1b1!16s%2Fg%2F11ckvg1dmb?entry=ttu",ChIJX-5pyfWnIIYRjCqJaDkn2N8,0x8620a7f5c969ee5f:0xdfd8273968892a8c,16129685192947870348,/g/11jg0ccx5h,None,,,,,,,,,,,,,,,,,,,,,,,,,,,,,,,,,,,,,,,,,,,,,,,,,,,,,,,,,,
"custom home builder, 70174, New Orleans, LA, US",Jenkins Design Build - Custom Homes,Jenkins Design Build Custom Homes,https://newhousebuilder.com/%3Futm_source%3DGMBlisting%26utm_medium%3Dorganic,"Custom home builder, Architect",Custom home builder,Custom home builder,+1 512-402-9222,landline,SOUTHWESTERN BELL,,"3813 Juniper Trce #100, Austin, TX 78738",Bee Cave Plaza,3813 Juniper Trce #100,Austin,78738,Texas,Texas,United States of America,US,30.3084799,-97.9338642,894898ca6bbffff,America/Chicago,,False,5.0,29.0,https://search.google.com/local/reviews?placeid=ChIJ9dQLgj42W4YRPAhMfPLfg2E&q=*&authuser=0&hl=en&gl=US,,,0.0,0.0,0.0,0.0,29.0,207.0,https://lh3.googleusercontent.com/p/AF1QipPPt5-YQCLSmgzxI6mkzeALe9birZB_pY-kf3cx=w800-h500-k-no,https://lh3.googleusercontent.com/p/AF1QipPPt5-YQCLSmgzxI6mkzeALe9birZB_pY-kf3cx=w1600-h1000-k-no,,"{""Sunday"": ""Open 24 hours"", ""Monday"": ""Open 24 hours"", ""Tuesday"": ""Open 24 hours"", ""Wednesday"": ""Open 24 hours"", ""Thursday"": ""Open 24 hours"", ""Friday"": ""Open 24 hours"", ""Saturday"": ""Open 24 hours""}","Sunday,Open 24 hours|Monday,Open 24 hours|Tuesday,Open 24 hours|Wednesday,Open 24 hours|Thursday,Open 24 hours|Friday,Open 24 hours|Saturday,Open 24 hours",Sunday:Open 24 hours|Monday:Open 24 hours|Tuesday:Open 24 hours|Wednesday:Open 24 hours|Thursday:Open 24 hours|Friday:Open 24 hours|Saturday:Open 24 hours,,,OPERATIONAL,"{""From the business"": {""Identifies as women-owned"": true}, ""Service options"": {""Onsite services"": true, ""Online estimates"": false}, ""Accessibility"": {""Wheelchair accessible restroom"": true, ""Wheelchair accessible seating"": true}, ""Other"": {""Identifies as women-owned"": true}}",,,,https://lh5.googleusercontent.com/-9JOFTum-GZM/AAAAAAAAAAI/AAAAAAAAAAA/_aMKwzq-FQE/s44-p-k-no-ns-nd/photo.jpg,,,True,108592904023780327956,Jenkins Design Build - Custom Homes,https://www.google.com/maps/contrib/108592904023780327956,,https://newhousebuilder.com/meeting/?utm_source=GMBlisting&utm_medium=organic,,https://newhousebuilder.com/meeting/?utm_source=GMBlisting&utm_medium=organic,"https://www.google.com/maps/place/Jenkins+Design+Build+-+Custom+Homes/@30.3084799,-97.9338642,14z/data=!4m8!1m2!2m1!1sJenkins+Design+Build+-+Custom+Homes!3m4!1s0x865b363e820bd4f5:0x6183dff27c4c083c!8m2!3d30.3084799!4d-97.9338642","https://www.google.com/maps/place/Jenkins+Design+Build+-+Custom+Homes/@30.3084799,-97.9338642,13.99z/data=!4m16!1m7!3m6!1s0x865b363e820bd4f5:0x6183dff27c4c083c!2sJenkins+Design+Build+-+Custom+Homes!8m2!3d30.3084799!4d-97.9338642!16s%2Fg%2F11ckvg1dmb!3m7!1s0x865b363e820bd4f5:0x6183dff27c4c083c!8m2!3d30.3084799!4d-97.9338642!9m1!1b1!16s%2Fg%2F11ckvg1dmb?entry=ttu",ChIJ9dQLgj42W4YRPAhMfPLfg2E,0x865b363e820bd4f5:0x6183dff27c4c083c,7026706076188543036,/g/1v3dsk05,7026706076188543036,,larmstrong@newhousebuilder.com,RECEIVING,SMTP validated,Lonnie Armstrong,Lonnie,Armstrong,Construction Superintendent,,cpeters@newhousebuilder.com,INVALID,Invalid SMTP,Chris Peters,Chris,Peters,Vice President,,fmcwilli@newhousebuilder.com,INVALID,Invalid SMTP,Fred Mcwilliams,Fred,Mcwilliams,Manager Of Operations,,5124029222,landline,SOUTHWESTERN BELL,,5124617990,mobile,"NEW CINGULAR WIRELESS PCS, LLC - IL",,15124029222,landline,SOUTHWESTERN BELL,,http://facebook.com/jchaustin,https://instagram.com/jchaustin,https://www.linkedin.com/company/jenkinsdbatx,,,,,,,,https://twitter.com/JCHAustin,,http://youtube.com/user/bjenkins88,,,Green Builder in Austin - Jenkins Custom Homes,"Elementor 3.13.4; features: e_dom_optimization, e_optimized_assets_loading, e_optimized_css_loading, a11y_improvements, additional_custom_breakpoints; settings: css_print_method-external, google_font-enabled, font_display-auto",Healthy Homes Austin is the standard for the healthy home. It is the idea of building a home to promote the ultimate health of the family living in the home.,,False,True
"custom home builder, 70177, New Orleans, LA, US",Unique Landmarks and Construction LLC,Unique Landmarks And Construction,https://uniquelandmarksandconstruction.com/,Construction company,Construction company,Construction company,+1 504-610-9184,mobile,T-Mobile USA Inc.,,"1420 Pauline St, New Orleans, LA 70117",St. Claude,1420 Pauline St,New Orleans,70117,Louisiana,Louisiana,United States of America,US,29.9695489,-90.036451,8944464222bffff,America/Chicago,,False,,,,,,,,,,,8.0,https://lh3.googleusercontent.com/p/AF1QipPNe3f6JNodc_NhtFEBFKKgqPiCtrvxmZFIKdIu=w800-h500-k-no,https://lh3.googleusercontent.com/p/AF1QipPNe3f6JNodc_NhtFEBFKKgqPiCtrvxmZFIKdIu=w1600-h1000-k-no,,"{""Sunday"": ""Closed"", ""Monday"": ""9AM-7PM"", ""Tuesday"": ""9AM-7PM"", ""Wednesday"": ""9AM-7PM"", ""Thursday"": ""9AM-7PM"", ""Friday"": ""9AM-7PM"", ""Saturday"": ""9AM-7PM""}","Sunday,|Monday,9AM,7PM|Tuesday,9AM,7PM|Wednesday,9AM,7PM|Thursday,9AM,7PM|Friday,9AM,7PM|Saturday,9AM,7PM",Sunday:Closed|Monday:9AM-7PM|Tuesday:9AM-7PM|Wednesday:9AM-7PM|Thursday:9AM-7PM|Friday:9AM-7PM|Saturday:9AM-7PM,,,OPERATIONAL,"{""From the business"": {""Identifies as Black-owned"": true}, ""Other"": {""Identifies as Black-owned"": true}}",,,,https://lh3.googleusercontent.com/-oqqFvrOdGzg/AAAAAAAAAAI/AAAAAAAAAAA/JaNBvy0Z0-g/s44-p-k-no-ns-nd/photo.jpg,,,True,100097276958031703396,Unique Landmarks and Construction LLC,https://www.google.com/maps/contrib/100097276958031703396,,,,,"https://www.google.com/maps/place/Unique+Landmarks+and+Construction+LLC/@29.9695489,-90.036451,14z/data=!4m8!1m2!2m1!1sUnique+Landmarks+and+Construction+LLC!3m4!1s0x8620a755a6b0f43f:0xe07b45d77a654643!8m2!3d29.9695489!4d-90.036451","https://www.google.com/maps/place/Unique+Landmarks+and+Construction+LLC/@29.9695489,-90.036451,13.99z/data=!4m16!1m7!3m6!1s0x8620a755a6b0f43f:0xe07b45d77a654643!2sUnique+Landmarks+and+Construction+LLC!8m2!3d29.9695489!4d-90.036451!16s%2Fg%2F11ckvg1dmb!3m7!1s0x8620a755a6b0f43f:0xe07b45d77a654643!8m2!3d29.9695489!4d-90.036451!9m1!1b1!16s%2Fg%2F11ckvg1dmb?entry=ttu",ChIJP_SwplWnIIYRQ0ZletdFe-A,0x8620a755a6b0f43f:0xe07b45d77a654643,16175599278405011011,/g/11vrsfl3gd,None,,,,,,,,,,,,,,,,,,,,,,,,,,,,,,,,,,,,,,,,,,,,,,,,,,,,,"UL&C
 – Unique Landmarks and Construction",,"- [ ] Unique Landmarks & construction has a programs to help young fathers on child support work to build a foundation that helps to build something in their kids life ! We help with advance payments after a year of working. Founds equal to half of the money child support take’s from fathers , Unique Landmarks and",,False,False
"custom home builder, 70177, New Orleans, LA, US",Luxury Home Designz,Luxury Home Designz,https://luxuryhomedesignz.com/,Interior designer,Interior designer,Interior designer,+1 800-737-1897,toll_free,,,"3014 Dauphine St Suite 100, New Orleans, LA 70117",Bywater,3014 Dauphine St Suite 100,New Orleans,70117,Louisiana,Louisiana,United States of America,US,29.964609399999997,-90.0465014,894446423dbffff,America/Chicago,,False,,,,,,,,,,,1.0,https://streetviewpixels-pa.googleapis.com/v1/thumbnail?panoid=aY3FPbYTz2WFbIb-FfyJIw&cb_client=search.gws-prod.gps&w=800&h=500&yaw=209.34688&pitch=0&thumbfov=100,https://streetviewpixels-pa.googleapis.com/v1/thumbnail?panoid=aY3FPbYTz2WFbIb-FfyJIw&cb_client=search.gws-prod.gps&w=1600&h=1000&yaw=209.34688&pitch=0&thumbfov=100,,"{""Sunday"": ""Closed"", ""Monday"": ""9AM-7PM"", ""Tuesday"": ""9AM-7PM"", ""Wednesday"": ""9AM-7PM"", ""Thursday"": ""9AM-7PM"", ""Friday"": ""9AM-5PM"", ""Saturday"": ""9AM-2PM""}","Sunday,|Monday,9AM,7PM|Tuesday,9AM,7PM|Wednesday,9AM,7PM|Thursday,9AM,7PM|Friday,9AM,5PM|Saturday,9AM,2PM",Sunday:Closed|Monday:9AM-7PM|Tuesday:9AM-7PM|Wednesday:9AM-7PM|Thursday:9AM-7PM|Friday:9AM-5PM|Saturday:9AM-2PM,,,OPERATIONAL,{},,,,https://lh3.googleusercontent.com/-yHvNxBuSyTc/AAAAAAAAAAI/AAAAAAAAAAA/hOLIPv6QCwU/s44-p-k-no-ns-nd/photo.jpg,,,True,100686093508353062164,Luxury Home Designz,https://www.google.com/maps/contrib/100686093508353062164,,,,,"https://www.google.com/maps/place/Luxury+Home+Designz/@29.964609399999997,-90.0465014,14z/data=!4m8!1m2!2m1!1sLuxury+Home+Designz!3m4!1s0x8620a710787b783f:0xafe7ffa88388e5a8!8m2!3d29.964609399999997!4d-90.0465014","https://www.google.com/maps/place/Luxury+Home+Designz/@29.964609399999997,-90.0465014,13.99z/data=!4m16!1m7!3m6!1s0x8620a710787b783f:0xafe7ffa88388e5a8!2sLuxury+Home+Designz!8m2!3d29.964609399999997!4d-90.0465014!16s%2Fg%2F11ckvg1dmb!3m7!1s0x8620a710787b783f:0xafe7ffa88388e5a8!8m2!3d29.964609399999997!4d-90.0465014!9m1!1b1!16s%2Fg%2F11ckvg1dmb?entry=ttu",ChIJP3h7eBCnIIYRqOWIg6j_568,0x8620a710787b783f:0xafe7ffa88388e5a8,12675380775483925928,/g/11vzbj__zw,None,,info@luxuryhomedesignz.com,RECEIVING,Role,,,,,,,,,,,,,,,,,,,,,,,,,,,,,,,,,,,,,,,,,,,,,,,,,Luxury Home Designz,,Where Modern Meets Luxury,,False,False
"custom home builder, 70177, New Orleans, LA, US",Downsouth Renovations Llc,Downsouth Renovations,http://downsouthrenovationsllc.com/,"Contractor, Bathroom remodeler, Dry wall contractor, Service establishment, Kitchen remodeler, Plumber",Contractor,Contractor,+1 504-400-4479,mobile,"NEW CINGULAR WIRELESS PCS, LLC",,,,,,,,,,,29.646653999999998,-90.128154,894446ca02bffff,America/Chicago,,True,5.0,18.0,https://search.google.com/local/reviews?placeid=ChIJI6Nm1wmlIIYR6Sd0P-gZ5Ic&q=*&authuser=0&hl=en&gl=US,,,0.0,0.0,0.0,0.0,18.0,17.0,https://lh3.googleusercontent.com/gps-cs-s/AG0ilSzKRuZpEa7SqQSNCD3HEfBUIu2A8GBTgSw9J5LynAzUY1iMwt8az3UXWmtKZOUrDNiiEs5TvKIxEV0SZy2HZPSsCPtbTzqg3zO4rkGEYiB-Fxc7IHL5dL9BVfNgPjR8ia4aceWr=w800-h500-k-no,https://lh3.googleusercontent.com/gps-cs-s/AG0ilSzKRuZpEa7SqQSNCD3HEfBUIu2A8GBTgSw9J5LynAzUY1iMwt8az3UXWmtKZOUrDNiiEs5TvKIxEV0SZy2HZPSsCPtbTzqg3zO4rkGEYiB-Fxc7IHL5dL9BVfNgPjR8ia4aceWr=w1600-h1000-k-no,,"{""Sunday"": ""Closed"", ""Monday"": ""7AM-4PM"", ""Tuesday"": ""7AM-4PM"", ""Wednesday"": ""7AM-4PM"", ""Thursday"": ""7AM-4PM"", ""Friday"": ""7AM-4PM"", ""Saturday"": ""7AM-12PM""}","Sunday,|Monday,7AM,4PM|Tuesday,7AM,4PM|Wednesday,7AM,4PM|Thursday,7AM,4PM|Friday,7AM,4PM|Saturday,7AM,12PM",Sunday:Closed|Monday:7AM-4PM|Tuesday:7AM-4PM|Wednesday:7AM-4PM|Thursday:7AM-4PM|Friday:7AM-4PM|Saturday:7AM-12PM,,,OPERATIONAL,{},,,,https://lh6.googleusercontent.com/-v4uP5jx5TUc/AAAAAAAAAAI/AAAAAAAAAAA/p2cvbjXwO5Y/s44-p-k-no-ns-nd/photo.jpg,,,True,111598227814543283333,Downsouth Renovations Llc,https://www.google.com/maps/contrib/111598227814543283333,,,,,"https://www.google.com/maps/place/Downsouth+Renovations+Llc/@29.646653999999998,-90.128154,14z/data=!4m8!1m2!2m1!1sDownsouth+Renovations+Llc!3m4!1s0x8620a509d766a323:0x87e419e83f7427e9!8m2!3d29.646653999999998!4d-90.128154","https://www.google.com/maps/place/Downsouth+Renovations+Llc/@29.646653999999998,-90.128154,13.99z/data=!4m16!1m7!3m6!1s0x8620a509d766a323:0x87e419e83f7427e9!2sDownsouth+Renovations+Llc!8m2!3d29.646653999999998!4d-90.128154!16s%2Fg%2F11ckvg1dmb!3m7!1s0x8620a509d766a323:0x87e419e83f7427e9!8m2!3d29.646653999999998!4d-90.128154!9m1!1b1!16s%2Fg%2F11ckvg1dmb?entry=ttu",ChIJI6Nm1wmlIIYR6Sd0P-gZ5Ic,0x8620a509d766a323:0x87e419e83f7427e9,9791979975097985001,/g/11fd6dhpr_,-8654764098611566615,,downsouthrenovationllc@yahoo.com,RECEIVING,SMTP validated,,,,,,,,,,,,,,,,,,,,,,5044004479,mobile,"NEW CINGULAR WIRELESS PCS, LLC",,,,,,,,,,,,,,,,,,,,,,,,,Downsouth Renovations Llc | Exquisite Remodeling Services | Marrero,,Marrero's Top Provider Of Building & Remodeling Services. Call Us At 5044004479 And Find Out What True Quality Looks Like!,"Marrero, Downsouth Renovations Llc, Interior Design Services, Bathroom Remodeling, Kitchen Remodeling, Residential Construction, Commercial Construction, Remodeling Services, Remodeling Services in Marrero",False,False
"custom home builder, 70177, New Orleans, LA, US",Hung Forever Smart Homes Solutions,Hung Forever Smart Homes Solutions,http://hungforever.com/,"Home automation company, Appliance repair service, Audio visual consultant, Computer support and services, Service establishment, Furniture repair shop, Home cinema installation, Lighting consultant, Mobile phone repair shop",Home automation company,Home automation company,+1 504-982-4309,mobile,"NEW CINGULAR WIRELESS PCS, LLC - GA",,,,,,,,,,,30.154225399999998,-90.02716,8944464c5b7ffff,America/Chicago,,True,5.0,2.0,https://search.google.com/local/reviews?placeid=ChIJRT2c1KmkE6oRTxkOn-D-mKg&q=*&authuser=0&hl=en&gl=US,,,0.0,0.0,0.0,0.0,2.0,1923.0,https://lh3.googleusercontent.com/p/AF1QipMyXNRL7cOEhaD9_spZvD5s5V8apj2G6RkTwS6S=w800-h500-k-no,https://lh3.googleusercontent.com/p/AF1QipMyXNRL7cOEhaD9_spZvD5s5V8apj2G6RkTwS6S=w1600-h1000-k-no,,"{""Sunday"": ""7AM-7PM"", ""Monday"": ""7AM-7PM"", ""Tuesday"": ""7AM-7PM"", ""Wednesday"": ""7AM-7PM"", ""Thursday"": ""7AM-7PM"", ""Friday"": ""7AM-7PM"", ""Saturday"": ""7AM-7PM""}","Sunday,7AM,7PM|Monday,7AM,7PM|Tuesday,7AM,7PM|Wednesday,7AM,7PM|Thursday,7AM,7PM|Friday,7AM,7PM|Saturday,7AM,7PM",Sunday:7AM-7PM|Monday:7AM-7PM|Tuesday:7AM-7PM|Wednesday:7AM-7PM|Thursday:7AM-7PM|Friday:7AM-7PM|Saturday:7AM-7PM,,,OPERATIONAL,"{""From the business"": {""Identifies as Black-owned"": true}, ""Service options"": {""Online appointments"": true, ""Online estimates"": true}, ""Crowd"": {""LGBTQ+ friendly"": true}, ""Payments"": {""Debit cards"": true}, ""Other"": {""Identifies as Black-owned"": true, ""LGBTQ+ friendly"": true}}",,,,https://lh3.googleusercontent.com/-HOHgVvprhMA/AAAAAAAAAAI/AAAAAAAAAAA/BAveqwJyKnc/s44-p-k-no-ns-nd/photo.jpg,,,True,115522360435002084351,Hung Forever Smart Homes Solutions,https://www.google.com/maps/contrib/115522360435002084351,,,,,"https://www.google.com/maps/place/Hung+Forever+Smart+Homes+Solutions/@30.154225399999998,-90.02716,14z/data=!4m8!1m2!2m1!1sHung+Forever+Smart+Homes+Solutions!3m4!1s0xaa13a4a9d49c3d45:0xa898fee09f0e194f!8m2!3d30.154225399999998!4d-90.02716","https://www.google.com/maps/place/Hung+Forever+Smart+Homes+Solutions/@30.154225399999998,-90.02716,13.99z/data=!4m16!1m7!3m6!1s0xaa13a4a9d49c3d45:0xa898fee09f0e194f!2sHung+Forever+Smart+Homes+Solutions!8m2!3d30.154225399999998!4d-90.02716!16s%2Fg%2F11ckvg1dmb!3m7!1s0xaa13a4a9d49c3d45:0xa898fee09f0e194f!8m2!3d30.154225399999998!4d-90.02716!9m1!1b1!16s%2Fg%2F11ckvg1dmb?entry=ttu",ChIJRT2c1KmkE6oRTxkOn-D-mKg,0xaa13a4a9d49c3d45:0xa898fee09f0e194f,12148740235526543695,/g/11s48fk33g,-6298003838183007921,,hungforevershs@gmail.com,RECEIVING,Verified,,,,,,,,,,,,,,,,,,,,,,,,,,,,,,,,,,,,,,,,,,,,,,,,,Hung Forever Smart Homes Solutions Your Local Tech Services Specialist,,"We Are Your Local Smart Home Specialist. We Specialize In:
  TV Mounting
  TV Dis-Mounting
  Video Doorbell Installation
  Security Camera Installation
  Home Automation
  Smart Lock Installation
  Smart Thermostat",,False,False
"custom home builder, 70177, New Orleans, LA, US",Picardie Timber Frame + Millwork,Picardie Timber Frame + Millwork,http://www.picardietimberframe.com/,"Contractor, Millwork shop",Millwork shop,Contractor,+1 504-587-9194,landline,,,"4535 N Rampart St, New Orleans, LA 70117",Bywater,4535 N Rampart St,New Orleans,70117,Louisiana,Louisiana,United States of America,US,29.9638185,-90.0299096,89444642273ffff,America/Chicago,,False,5.0,2.0,https://search.google.com/local/reviews?placeid=ChIJATiy_4GmIIYRAlOkTOO9r0c&q=*&authuser=0&hl=en&gl=US,,,0.0,0.0,0.0,0.0,2.0,22.0,https://lh3.googleusercontent.com/p/AF1QipO8_x7vUGNPjDc0M8SImKYzcueGb_IzhB2PWslv=w800-h500-k-no,https://lh3.googleusercontent.com/p/AF1QipO8_x7vUGNPjDc0M8SImKYzcueGb_IzhB2PWslv=w1600-h1000-k-no,,"{""Sunday"": ""Closed"", ""Monday"": ""7AM-4PM"", ""Tuesday"": ""7AM-4PM"", ""Wednesday"": ""7AM-4PM"", ""Thursday"": ""7AM-4PM"", ""Friday"": ""7AM-4PM"", ""Saturday"": ""Closed""}","Sunday,|Monday,7AM,4PM|Tuesday,7AM,4PM|Wednesday,7AM,4PM|Thursday,7AM,4PM|Friday,7AM,4PM|Saturday,",Sunday:Closed|Monday:7AM-4PM|Tuesday:7AM-4PM|Wednesday:7AM-4PM|Thursday:7AM-4PM|Friday:7AM-4PM|Saturday:Closed,,,OPERATIONAL,"{""From the business"": {""Small business"": true}, ""Accessibility"": {""Wheelchair accessible entrance"": true}}",,,,https://lh4.googleusercontent.com/-a3oFviNMdAk/AAAAAAAAAAI/AAAAAAAAAAA/WnVaja0pnWg/s44-p-k-no-ns-nd/photo.jpg,,,True,115293349450387561839,Picardie Timber Frame + Millwork,https://www.google.com/maps/contrib/115293349450387561839,,,,,"https://www.google.com/maps/place/Picardie+Timber+Frame+%2B+Millwork/@29.9638185,-90.0299096,14z/data=!4m8!1m2!2m1!1sPicardie+Timber+Frame+%2B+Millwork!3m4!1s0x8620a681ffb23801:0x47afbde34ca45302!8m2!3d29.9638185!4d-90.0299096","https://www.google.com/maps/place/Picardie+Timber+Frame+%2B+Millwork/@29.9638185,-90.0299096,13.99z/data=!4m16!1m7!3m6!1s0x8620a681ffb23801:0x47afbde34ca45302!2sPicardie+Timber+Frame+%2B+Millwork!8m2!3d29.9638185!4d-90.0299096!16s%2Fg%2F11ckvg1dmb!3m7!1s0x8620a681ffb23801:0x47afbde34ca45302!8m2!3d29.9638185!4d-90.0299096!9m1!1b1!16s%2Fg%2F11ckvg1dmb?entry=ttu",ChIJATiy_4GmIIYRAlOkTOO9r0c,0x8620a681ffb23801:0x47afbde34ca45302,5165556081558311682,/g/11ckr5b7q2,5165556081558311682,,info@ptfnola.com,RECEIVING,SMTP validated,,,,,,,,,,,,,,,,,,,,,,,,,,,,,,,,,,,,,,,,,,,,,,,,,Picardie | Restoration and Custom Millwork | New Orleans,Wix.com Website Builder,"Picardie is a French-American commercial millwork and wood construction company based out of New Orleans, LA with over 35 years of combined experience in historic preservation, historic millwork, custom new millwork, timber framing, residential and commercial contracting.",,,
"custom home builder, 70177, New Orleans, LA, US","Southern Heritage Construction, LLC",Southern Heritage Construction,http://southheritage.com/,Construction company,Construction company,Construction company,+1 504-431-1155,landline,,,"2908 Engineers Rd, Belle Chasse, LA 70037",None,2908 Engineers Rd,Belle Chasse,70037,Louisiana,Louisiana,United States of America,US,29.8373457,-90.0504856,894446500dbffff,America/Chicago,,False,5.0,2.0,https://search.google.com/local/reviews?placeid=ChIJzYJiKsq5IIYR0pqiyDDUzNg&q=*&authuser=0&hl=en&gl=US,,,0.0,0.0,0.0,0.0,2.0,1.0,https://streetviewpixels-pa.googleapis.com/v1/thumbnail?panoid=afEhC-sl5PfjFtECBccZsQ&cb_client=search.gws-prod.gps&w=800&h=500&yaw=327.58066&pitch=0&thumbfov=100,https://streetviewpixels-pa.googleapis.com/v1/thumbnail?panoid=afEhC-sl5PfjFtECBccZsQ&cb_client=search.gws-prod.gps&w=1600&h=1000&yaw=327.58066&pitch=0&thumbfov=100,,,,,,,OPERATIONAL,"{""Accessibility"": {""Wheelchair accessible parking lot"": true}}",,,,,,,False,None,"Southern Heritage Construction, LLC",,,,,,"https://www.google.com/maps/place/Southern+Heritage+Construction%2C+LLC/@29.8373457,-90.0504856,14z/data=!4m8!1m2!2m1!1sSouthern+Heritage+Construction%2C+LLC!3m4!1s0x8620b9ca2a6282cd:0xd8ccd430c8a29ad2!8m2!3d29.8373457!4d-90.0504856","https://www.google.com/maps/place/Southern+Heritage+Construction%2C+LLC/@29.8373457,-90.0504856,13.99z/data=!4m16!1m7!3m6!1s0x8620b9ca2a6282cd:0xd8ccd430c8a29ad2!2sSouthern+Heritage+Construction%2C+LLC!8m2!3d29.8373457!4d-90.0504856!16s%2Fg%2F11ckvg1dmb!3m7!1s0x8620b9ca2a6282cd:0xd8ccd430c8a29ad2!8m2!3d29.8373457!4d-90.0504856!9m1!1b1!16s%2Fg%2F11ckvg1dmb?entry=ttu",ChIJzYJiKsq5IIYR0pqiyDDUzNg,0x8620b9ca2a6282cd:0xd8ccd430c8a29ad2,15622094513431026386,/g/1tlbv23f,-2824649560278525230,,b.watts@southheritage.com,INVALID,Cannot validate,,,,,,southernheritage@cox.net,RECEIVING,SMTP validated,,,,,,,,,,,,,,5044311155,landline,,,5043906142,mobile,"NEW CINGULAR WIRELESS PCS, LLC - GA",,,,,,,,,,,,,,,,,,,,,New Custom Homes | New Orleans | Metairie LA,WP Rocket 3.19.4,"View new custom homes built by Southern Heritage in New Orleans, Metairie, Jefferson, Waggaman, Marrero, Harvey, Gretna & Plaquemines LA.",,False,False
"custom home builder, 70177, New Orleans, LA, US",BZ BUILDS,Bz Builds,,"Construction company, Service establishment",Construction company,Construction company,+1 504-784-9593,mobile,T-Mobile USA Inc.,,,,,,,,,,,30.937373599999997,-91.40087,8944400c20fffff,America/Chicago,,True,,,,,,,,,,,7.0,https://lh3.googleusercontent.com/p/AF1QipPb4ObxMnhc_u1Uo-28cD3HZCeT9vkPk_0V1SyA=w800-h500-k-no,https://lh3.googleusercontent.com/p/AF1QipPb4ObxMnhc_u1Uo-28cD3HZCeT9vkPk_0V1SyA=w1600-h1000-k-no,,"{""Sunday"": ""Closed"", ""Monday"": ""7AM-5PM"", ""Tuesday"": ""7AM-5PM"", ""Wednesday"": ""7AM-5PM"", ""Thursday"": ""7AM-5PM"", ""Friday"": ""7AM-5PM"", ""Saturday"": ""Closed""}","Sunday,|Monday,7AM,5PM|Tuesday,7AM,5PM|Wednesday,7AM,5PM|Thursday,7AM,5PM|Friday,7AM,5PM|Saturday,",Sunday:Closed|Monday:7AM-5PM|Tuesday:7AM-5PM|Wednesday:7AM-5PM|Thursday:7AM-5PM|Friday:7AM-5PM|Saturday:Closed,,,OPERATIONAL,{},,,,https://lh6.googleusercontent.com/-9n7KFooMzVk/AAAAAAAAAAI/AAAAAAAAAAA/95rRUqMpBgY/s44-p-k-no-ns-nd/photo.jpg,,,True,109144005015658899456,BZ BUILDS,https://www.google.com/maps/contrib/109144005015658899456,,,,,"https://www.google.com/maps/place/BZ+BUILDS/@30.937373599999997,-91.40087,14z/data=!4m8!1m2!2m1!1sBZ+BUILDS!3m4!1s0x21776e37af6567b5:0x45f03b29d137c0cb!8m2!3d30.937373599999997!4d-91.40087","https://www.google.com/maps/place/BZ+BUILDS/@30.937373599999997,-91.40087,13.99z/data=!4m16!1m7!3m6!1s0x21776e37af6567b5:0x45f03b29d137c0cb!2sBZ+BUILDS!8m2!3d30.937373599999997!4d-91.40087!16s%2Fg%2F11ckvg1dmb!3m7!1s0x21776e37af6567b5:0x45f03b29d137c0cb!8m2!3d30.937373599999997!4d-91.40087!9m1!1b1!16s%2Fg%2F11ckvg1dmb?entry=ttu",ChIJtWdlrzdudyERy8A30Sk78EU,0x21776e37af6567b5:0x45f03b29d137c0cb,5039593033817374923,/g/11sy2gky0f,None,,,,,,,,,,,,,,,,,,,,,,,,,,,,,,,,,,,,,,,,,,,,,,,,,,,,,,,,,,
"custom home builder, 70177, New Orleans, LA, US",Relic Renovations LLC,Relic Renovations,http://www.instagram.com/relicrenovations,"Carpenter, Service establishment, Painter",Carpenter,Carpenter,+1 504-657-6423,landline,,,,,,,,,,,,30.937373599999997,-91.40087,8944400c20fffff,America/Chicago,,True,4.0,8.0,https://search.google.com/local/reviews?placeid=ChIJ_3Zxk9SlIIYR9LSbk1c8Oqw&q=*&authuser=0&hl=en&gl=US,,,2.0,0.0,0.0,0.0,6.0,10.0,https://lh3.googleusercontent.com/p/AF1QipNTJtsZ8H7TRAyXJ4x2C8VeMq96MsV4QF5BKQQU=w800-h500-k-no,https://lh3.googleusercontent.com/p/AF1QipNTJtsZ8H7TRAyXJ4x2C8VeMq96MsV4QF5BKQQU=w1600-h1000-k-no,,"{""Sunday"": ""Closed"", ""Monday"": ""8AM-4PM"", ""Tuesday"": ""8AM-4PM"", ""Wednesday"": ""8AM-4PM"", ""Thursday"": ""8AM-4PM"", ""Friday"": ""8AM-4PM"", ""Saturday"": ""Closed""}","Sunday,|Monday,8AM,4PM|Tuesday,8AM,4PM|Wednesday,8AM,4PM|Thursday,8AM,4PM|Friday,8AM,4PM|Saturday,",Sunday:Closed|Monday:8AM-4PM|Tuesday:8AM-4PM|Wednesday:8AM-4PM|Thursday:8AM-4PM|Friday:8AM-4PM|Saturday:Closed,,,OPERATIONAL,{},,,,https://lh3.googleusercontent.com/-mOlfrAgYjDY/AAAAAAAAAAI/AAAAAAAAAAA/Nwjl-hG3mgw/s44-p-k-no-ns-nd/photo.jpg,,,True,110970321848892249518,Relic Renovations LLC,https://www.google.com/maps/contrib/110970321848892249518,,,,,"https://www.google.com/maps/place/Relic+Renovations+LLC/@30.937373599999997,-91.40087,14z/data=!4m8!1m2!2m1!1sRelic+Renovations+LLC!3m4!1s0x8620a5d4937176ff:0xac3a3c57939bb4f4!8m2!3d30.937373599999997!4d-91.40087","https://www.google.com/maps/place/Relic+Renovations+LLC/@30.937373599999997,-91.40087,13.99z/data=!4m16!1m7!3m6!1s0x8620a5d4937176ff:0xac3a3c57939bb4f4!2sRelic+Renovations+LLC!8m2!3d30.937373599999997!4d-91.40087!16s%2Fg%2F11ckvg1dmb!3m7!1s0x8620a5d4937176ff:0xac3a3c57939bb4f4!8m2!3d30.937373599999997!4d-91.40087!9m1!1b1!16s%2Fg%2F11ckvg1dmb?entry=ttu",ChIJ_3Zxk9SlIIYR9LSbk1c8Oqw,0x8620a5d4937176ff:0xac3a3c57939bb4f4,12410298070009099508,/g/11gd2gwd1l,-6036446003700452108,,,,,,,,,,,,,,,,,,,,,,,,,,,,,,,,,,,,,,,,,,,,,,,,,,,,,,,,,,
"custom home builder, 70177, New Orleans, LA, US",Imperium Builders South LLC,Imperium Builders South,http://www.imperiumbuilderssouth.com/,"Construction company, Service establishment",Construction company,Construction company,+1 504-813-8089,mobile,T-Mobile USA Inc.,,,,,,,,,,,30.0326605,-89.88256349999999,8944464a367ffff,America/Chicago,,True,,,,,,,,,,,1.0,https://lh3.googleusercontent.com/p/AF1QipOGn76ipyjb8a1NAAzO6yxHTAa77qEQ4PWylN6m=w800-h500-k-no,https://lh3.googleusercontent.com/p/AF1QipOGn76ipyjb8a1NAAzO6yxHTAa77qEQ4PWylN6m=w1600-h1000-k-no,,"{""Sunday"": ""6AM-12AM"", ""Monday"": ""6AM-8PM"", ""Tuesday"": ""6AM-8PM"", ""Wednesday"": ""6AM-8PM"", ""Thursday"": ""6AM-8PM"", ""Friday"": ""6AM-8PM"", ""Saturday"": ""6AM-7:30PM""}","Sunday,6AM,12AM|Monday,6AM,8PM|Tuesday,6AM,8PM|Wednesday,6AM,8PM|Thursday,6AM,8PM|Friday,6AM,8PM|Saturday,6AM,7:30PM",Sunday:6AM-12AM|Monday:6AM-8PM|Tuesday:6AM-8PM|Wednesday:6AM-8PM|Thursday:6AM-8PM|Friday:6AM-8PM|Saturday:6AM-7:30PM,,,OPERATIONAL,{},,,,https://lh5.googleusercontent.com/-pCdb7H1HsZQ/AAAAAAAAAAI/AAAAAAAAAAA/gCqF2g6iUg4/s44-p-k-no-ns-nd/photo.jpg,,,True,116017208399066657970,Imperium Builders South LLC,https://www.google.com/maps/contrib/116017208399066657970,,,,,"https://www.google.com/maps/place/Imperium+Builders+South+LLC/@30.0326605,-89.88256349999999,14z/data=!4m8!1m2!2m1!1sImperium+Builders+South+LLC!3m4!1s0xa6941ac4dc1d5f2b:0x71d92e2e2831d7ea!8m2!3d30.0326605!4d-89.88256349999999","https://www.google.com/maps/place/Imperium+Builders+South+LLC/@30.0326605,-89.88256349999999,13.99z/data=!4m16!1m7!3m6!1s0xa6941ac4dc1d5f2b:0x71d92e2e2831d7ea!2sImperium+Builders+South+LLC!8m2!3d30.0326605!4d-89.88256349999999!16s%2Fg%2F11ckvg1dmb!3m7!1s0xa6941ac4dc1d5f2b:0x71d92e2e2831d7ea!8m2!3d30.0326605!4d-89.88256349999999!9m1!1b1!16s%2Fg%2F11ckvg1dmb?entry=ttu",ChIJK18d3MQalKYR6tcxKC4u2XE,0xa6941ac4dc1d5f2b:0x71d92e2e2831d7ea,8203638972009797610,/g/11ry7tvp3r,None,,,,,,,,,,,,,,,,,,,,,,,,,,,,,,,,,,,,,,,,,,,,,,,,,,,,,HOME | Mysite,Wix.com Website Builder,,,False,False
"custom home builder, 70177, New Orleans, LA, US",Osborne Contractors LLC,Osborne Contractors,https://www.osbornecontractors.com/,"Construction company, Asphalt contractor, Concrete contractor, Contractor, Demolition contractor, Excavating contractor, Foundation, General contractor, Pile driving service, Utility contractor",Construction company,Construction company,+1 504-304-5578,landline,,,"1468 N Derbigny St, New Orleans, LA 70116",Seventh Ward,1468 N Derbigny St,New Orleans,70116,Louisiana,Louisiana,United States of America,US,29.971273099999998,-90.06815379999999,8944464214fffff,America/Chicago,,False,4.3,16.0,https://search.google.com/local/reviews?placeid=ChIJ1YnvUgKmIIYRoYPd10OGnpc&q=*&authuser=0&hl=en&gl=US,,,2.0,1.0,0.0,0.0,13.0,35.0,https://lh3.googleusercontent.com/p/AF1QipMCTiPMaVAU13ymV_otZtDUpU2gjLaRLcvPGxlP=w800-h500-k-no,https://lh3.googleusercontent.com/p/AF1QipMCTiPMaVAU13ymV_otZtDUpU2gjLaRLcvPGxlP=w1600-h1000-k-no,,"{""Sunday"": ""Closed"", ""Monday"": ""7AM-6PM"", ""Tuesday"": ""7AM-6PM"", ""Wednesday"": ""7AM-6PM"", ""Thursday"": ""7AM-6PM"", ""Friday"": ""7AM-6PM"", ""Saturday"": ""Closed""}","Sunday,|Monday,7AM,6PM|Tuesday,7AM,6PM|Wednesday,7AM,6PM|Thursday,7AM,6PM|Friday,7AM,6PM|Saturday,",Sunday:Closed|Monday:7AM-6PM|Tuesday:7AM-6PM|Wednesday:7AM-6PM|Thursday:7AM-6PM|Friday:7AM-6PM|Saturday:Closed,,,OPERATIONAL,{},,,,https://lh5.googleusercontent.com/-EU5Ras6TiVM/AAAAAAAAAAI/AAAAAAAAAAA/rbzh3N5_xGU/s44-p-k-no-ns-nd/photo.jpg,,,True,106350417979433215571,Osborne Contractors LLC,https://www.google.com/maps/contrib/106350417979433215571,,,,,"https://www.google.com/maps/place/Osborne+Contractors+LLC/@29.971273099999998,-90.06815379999999,14z/data=!4m8!1m2!2m1!1sOsborne+Contractors+LLC!3m4!1s0x8620a60252ef89d5:0x979e8643d7dd83a1!8m2!3d29.971273099999998!4d-90.06815379999999","https://www.google.com/maps/place/Osborne+Contractors+LLC/@29.971273099999998,-90.06815379999999,13.99z/data=!4m16!1m7!3m6!1s0x8620a60252ef89d5:0x979e8643d7dd83a1!2sOsborne+Contractors+LLC!8m2!3d29.971273099999998!4d-90.06815379999999!16s%2Fg%2F11ckvg1dmb!3m7!1s0x8620a60252ef89d5:0x979e8643d7dd83a1!8m2!3d29.971273099999998!4d-90.06815379999999!9m1!1b1!16s%2Fg%2F11ckvg1dmb?entry=ttu",ChIJ1YnvUgKmIIYRoYPd10OGnpc,0x8620a60252ef89d5:0x979e8643d7dd83a1,10925317371989951393,/g/11f08z5tz0,-7521426701719600223,,ocllcinfo@gmail.com,RECEIVING,SMTP validated,,,,,,info@osbornecontractors.com,RECEIVING,Role,,,,,,haydena@osbornecontractors.com,INVALID,Undeliverable,,,,,,,,,,,,,,,,,,,,,,,,,,,,,,,,,Contact Us | Osborne Contractors,Wix.com Website Builder,"Get in touch with our dedicated team for all your construction needs. Whether you're seeking expert advice, a project consultation, or a custom quote, we're here to help.","Piles, Timber Piles, Concrete, Pile Driver, Pile Driving, Demolition, Helical Pile, Concrete Slab, Concrete Foundation, Poured Concrete, Composite Piles, Site Work, Excavation, Post Tension Cables, Cast In Place Concrete, Slab on Grade, Fill Dirt",False,False
"custom home builder, 70177, New Orleans, LA, US",Nola Acoustics Services,Nola Acoustics Services,https://www.neworleansacoustics.com/,General contractor,General contractor,General contractor,+1 504-900-2522,landline,,,"1334 Frenchmen St, New Orleans, LA 70116",South 7th Ward,1334 Frenchmen St,New Orleans,70116,Louisiana,Louisiana,United States of America,US,29.9713019,-90.0586481,8944464238fffff,America/Chicago,,False,5.0,3.0,https://search.google.com/local/reviews?placeid=ChIJVeSUYjynIIYRVLkSdTwUXo8&q=*&authuser=0&hl=en&gl=US,,,0.0,0.0,0.0,0.0,3.0,20.0,https://lh3.googleusercontent.com/p/AF1QipOxAgb1UDUv8q1VpXjD0ZkmuTLvurkdbuO89Axx=w800-h500-k-no,https://lh3.googleusercontent.com/p/AF1QipOxAgb1UDUv8q1VpXjD0ZkmuTLvurkdbuO89Axx=w1600-h1000-k-no,,"{""Sunday"": ""Closed"", ""Monday"": ""9AM-5:30PM"", ""Tuesday"": ""9AM-5:30PM"", ""Wednesday"": ""9AM-5PM"", ""Thursday"": ""9AM-6PM"", ""Friday"": ""10AM-3PM"", ""Saturday"": ""Closed""}","Sunday,|Monday,9AM,5:30PM|Tuesday,9AM,5:30PM|Wednesday,9AM,5PM|Thursday,9AM,6PM|Friday,10AM,3PM|Saturday,",Sunday:Closed|Monday:9AM-5:30PM|Tuesday:9AM-5:30PM|Wednesday:9AM-5PM|Thursday:9AM-6PM|Friday:10AM-3PM|Saturday:Closed,,,OPERATIONAL,{},,,,https://lh6.googleusercontent.com/-hWIiGG53-fQ/AAAAAAAAAAI/AAAAAAAAAAA/2wOenr6zDKU/s44-p-k-no-ns-nd/photo.jpg,,,True,112648872839583909893,Nola Acoustics Services,https://www.google.com/maps/contrib/112648872839583909893,,,,,"https://www.google.com/maps/place/Nola+Acoustics+Services/@29.9713019,-90.0586481,14z/data=!4m8!1m2!2m1!1sNola+Acoustics+Services!3m4!1s0x8620a73c6294e455:0x8f5e143c7512b954!8m2!3d29.9713019!4d-90.0586481","https://www.google.com/maps/place/Nola+Acoustics+Services/@29.9713019,-90.0586481,13.99z/data=!4m16!1m7!3m6!1s0x8620a73c6294e455:0x8f5e143c7512b954!2sNola+Acoustics+Services!8m2!3d29.9713019!4d-90.0586481!16s%2Fg%2F11ckvg1dmb!3m7!1s0x8620a73c6294e455:0x8f5e143c7512b954!8m2!3d29.9713019!4d-90.0586481!9m1!1b1!16s%2Fg%2F11ckvg1dmb?entry=ttu",ChIJVeSUYjynIIYRVLkSdTwUXo8,0x8620a73c6294e455:0x8f5e143c7512b954,10330716845129251156,/g/11vqh3g1sn,-8116027228580300460,,phil@soundpalacedesign.com,RECEIVING,SMTP validated,,,,,,,,,,,,,,,,,,,,,,5049002522,landline,,,5414039922,mobile,UNITED STATES CELLULAR CORP. - OREGON,,,,,,https://www.facebook.com/soundpalace,https://www.instagram.com/soundpalacedesign,,,,,,,,,,,,,,Home,,,,False,False
"custom home builder, 70177, New Orleans, LA, US",JB Total Home Solutions,Jb Total Home Solutions,http://handymanneworleans-la.com/,"Handyman/Handywoman/Handyperson, Service establishment",Handyman/Handywoman/Handyperson,Handyman/Handywoman/Handyperson,+1 504-512-2214,mobile,CELLCO PARTNERSHIP DBA VERIZON WIRELESS - LA,,,,,,,,,,,33.585462,-85.9795815,8944ebd2653ffff,America/Chicago,,True,5.0,8.0,https://search.google.com/local/reviews?placeid=ChIJ5yRkK_23G4YR-NlJsON4SFc&q=*&authuser=0&hl=en&gl=US,,,0.0,0.0,0.0,0.0,8.0,8.0,https://lh3.googleusercontent.com/p/AF1QipM-7STy3qDRk5lrVeAGud4Tohu-5SxPvpemuid8=w800-h500-k-no,https://lh3.googleusercontent.com/p/AF1QipM-7STy3qDRk5lrVeAGud4Tohu-5SxPvpemuid8=w1600-h1000-k-no,,"{""Sunday"": ""Open 24 hours"", ""Monday"": ""Open 24 hours"", ""Tuesday"": ""Open 24 hours"", ""Wednesday"": ""Open 24 hours"", ""Thursday"": ""Open 24 hours"", ""Friday"": ""Open 24 hours"", ""Saturday"": ""Open 24 hours""}","Sunday,Open 24 hours|Monday,Open 24 hours|Tuesday,Open 24 hours|Wednesday,Open 24 hours|Thursday,Open 24 hours|Friday,Open 24 hours|Saturday,Open 24 hours",Sunday:Open 24 hours|Monday:Open 24 hours|Tuesday:Open 24 hours|Wednesday:Open 24 hours|Thursday:Open 24 hours|Friday:Open 24 hours|Saturday:Open 24 hours,,,OPERATIONAL,{},,,,https://lh5.googleusercontent.com/-Me3t0RL-TwY/AAAAAAAAAAI/AAAAAAAAAAA/uze2f6FCU6I/s44-p-k-no-ns-nd/photo.jpg,,,True,107240200591187298646,JB Total Home Solutions,https://www.google.com/maps/contrib/107240200591187298646,,,,,"https://www.google.com/maps/place/JB+Total+Home+Solutions/@33.585462,-85.9795815,14z/data=!4m8!1m2!2m1!1sJB+Total+Home+Solutions!3m4!1s0x861bb7fd2b6424e7:0x574878e3b049d9f8!8m2!3d33.585462!4d-85.9795815","https://www.google.com/maps/place/JB+Total+Home+Solutions/@33.585462,-85.9795815,13.99z/data=!4m16!1m7!3m6!1s0x861bb7fd2b6424e7:0x574878e3b049d9f8!2sJB+Total+Home+Solutions!8m2!3d33.585462!4d-85.9795815!16s%2Fg%2F11ckvg1dmb!3m7!1s0x861bb7fd2b6424e7:0x574878e3b049d9f8!8m2!3d33.585462!4d-85.9795815!9m1!1b1!16s%2Fg%2F11ckvg1dmb?entry=ttu",ChIJ5yRkK_23G4YR-NlJsON4SFc,0x861bb7fd2b6424e7:0x574878e3b049d9f8,6289409798933436920,/g/11l244tg2j,6289409798933436920,,,,,,,,,,,,,,,,,,,,,,,,,,5042036661,mobile,Emergency Networks LLC,,5045122214,mobile,CELLCO PARTNERSHIP DBA VERIZON WIRELESS - LA,,,,,,,,,,,,,,,,,,,,,"A handyman service in New Orleans, LA, 70125",wordpress,"For a reputable handyman service in New Orleans, LA, 70125, JB Total Home Solutions is the proper choice. Call us today.",,False,False
"custom home builder, 70177, New Orleans, LA, US",LEMOINE,Lemoine,https://1lemoine.com/,Construction company,Construction company,Construction company,+1 504-309-2424,landline,,,"300 Lafayette St #100, New Orleans, LA 70130",Warehouse District,300 Lafayette St #100,New Orleans,70130,Louisiana,Louisiana,United States of America,US,29.9471973,-90.0660424,89444642087ffff,America/Chicago,,False,2.9,7.0,https://search.google.com/local/reviews?placeid=ChIJmfPIaHKmIIYRUFolx4HRVj4&q=*&authuser=0&hl=en&gl=US,,,3.0,0.0,1.0,1.0,2.0,6.0,https://lh3.googleusercontent.com/gps-cs-s/AG0ilSwB7dx2JyZFNM8UGWjHz-CVQOpNtJkD4oh0ROGoBXXDyaXdw5VT0BBPMywT7Bdmg0McGgTyBNEf3b2T_5atubSdBmOeRYn02moBVR5C3pW9_QV6zGOBc-bNeOVtfcIAvW1iOCIMGQ=w800-h500-k-no,https://lh3.googleusercontent.com/gps-cs-s/AG0ilSwB7dx2JyZFNM8UGWjHz-CVQOpNtJkD4oh0ROGoBXXDyaXdw5VT0BBPMywT7Bdmg0McGgTyBNEf3b2T_5atubSdBmOeRYn02moBVR5C3pW9_QV6zGOBc-bNeOVtfcIAvW1iOCIMGQ=w1600-h1000-k-no,,"{""Sunday"": ""Closed"", ""Monday"": ""8AM-5PM"", ""Tuesday"": ""8AM-5PM"", ""Wednesday"": ""8AM-5PM"", ""Thursday"": ""8AM-5PM"", ""Friday"": ""8AM-5PM"", ""Saturday"": ""Closed""}","Sunday,|Monday,8AM,5PM|Tuesday,8AM,5PM|Wednesday,8AM,5PM|Thursday,8AM,5PM|Friday,8AM,5PM|Saturday,",Sunday:Closed|Monday:8AM-5PM|Tuesday:8AM-5PM|Wednesday:8AM-5PM|Thursday:8AM-5PM|Friday:8AM-5PM|Saturday:Closed,,,OPERATIONAL,"{""Accessibility"": {""Wheelchair accessible entrance"": true, ""Wheelchair accessible parking lot"": true}}",,,,https://lh4.googleusercontent.com/-ykJoleTOUrg/AAAAAAAAAAI/AAAAAAAAAAA/Gxwv1PdMRdk/s44-p-k-no-ns-nd/photo.jpg,,,True,104589410057522944505,LEMOINE,https://www.google.com/maps/contrib/104589410057522944505,,,,,"https://www.google.com/maps/place/LEMOINE/@29.9471973,-90.0660424,14z/data=!4m8!1m2!2m1!1sLEMOINE!3m4!1s0x8620a67268c8f399:0x3e56d181c7255a50!8m2!3d29.9471973!4d-90.0660424","https://www.google.com/maps/place/LEMOINE/@29.9471973,-90.0660424,13.99z/data=!4m16!1m7!3m6!1s0x8620a67268c8f399:0x3e56d181c7255a50!2sLEMOINE!8m2!3d29.9471973!4d-90.0660424!16s%2Fg%2F11ckvg1dmb!3m7!1s0x8620a67268c8f399:0x3e56d181c7255a50!8m2!3d29.9471973!4d-90.0660424!9m1!1b1!16s%2Fg%2F11ckvg1dmb?entry=ttu",ChIJmfPIaHKmIIYRUFolx4HRVj4,0x8620a67268c8f399:0x3e56d181c7255a50,4492008033670748752,/g/12hnh40rc,4492008033670748752,,bjd04@gnofn.org,INVALID,Invalid DNS,Benjamin J Diebold,Benjamin,J Diebold,Executive Vice President Of Disaster Services,5048100471,amber.broussard@lemoinecompany.com,RECEIVING,Catch All,Amber Broussard,Amber,Broussard,Proposal Manager,2252299227,bill.heath@lemoinecompany.com,RECEIVING,Catch All,Bill Heath,Bill,Heath,Senior Program Manager,,18335366463,toll_free,,,5048100471,mobile,"NEW CINGULAR WIRELESS PCS, LLC - GA",,2252299227,mobile,"NEW CINGULAR WIRELESS PCS, LLC - GA",,https://www.facebook.com/1LEMOINE/,http://instagram.com/1lemoine,https://www.linkedin.com/company/1lemoine,,,,,,,,https://twitter.com/thelemoineco,,,,,LEMOINE – One Mission. Yours.™,wordpress,,,,
"custom home builder, 70177, New Orleans, LA, US",Steve Bowie Custom Cabinetry and Furniture,Steve Bowie Custom Cabinetry And Furniture,,Cabinet maker,Cabinet maker,Cabinet maker,+1 415-216-6341,mobile,,,"1950 Abundance St, New Orleans, LA 70122",St. Roch,1950 Abundance St,New Orleans,70122,Louisiana,Louisiana,United States of America,US,29.9878581,-90.0640956,89444642e53ffff,America/Chicago,,False,,,,,,,,,,,15.0,https://lh3.googleusercontent.com/p/AF1QipPcdHSFsNuzEDCJgmJURE0g9b9zGHBn7lKWZzmV=w800-h500-k-no,https://lh3.googleusercontent.com/p/AF1QipPcdHSFsNuzEDCJgmJURE0g9b9zGHBn7lKWZzmV=w1600-h1000-k-no,,,,,,,OPERATIONAL,{},,,,https://lh3.googleusercontent.com/-ifiLDQri0Sc/AAAAAAAAAAI/AAAAAAAAAAA/HbxUMpy3DRk/s44-p-k-no-ns-nd/photo.jpg,,,True,115403355880770769300,Steve Bowie Custom Cabinetry and Furniture,https://www.google.com/maps/contrib/115403355880770769300,,,,,"https://www.google.com/maps/place/Steve+Bowie+Custom+Cabinetry+and+Furniture/@29.9878581,-90.0640956,14z/data=!4m8!1m2!2m1!1sSteve+Bowie+Custom+Cabinetry+and+Furniture!3m4!1s0x8620a7c0ed24af35:0x19f28f72c18ff683!8m2!3d29.9878581!4d-90.0640956","https://www.google.com/maps/place/Steve+Bowie+Custom+Cabinetry+and+Furniture/@29.9878581,-90.0640956,13.99z/data=!4m16!1m7!3m6!1s0x8620a7c0ed24af35:0x19f28f72c18ff683!2sSteve+Bowie+Custom+Cabinetry+and+Furniture!8m2!3d29.9878581!4d-90.0640956!16s%2Fg%2F11ckvg1dmb!3m7!1s0x8620a7c0ed24af35:0x19f28f72c18ff683!8m2!3d29.9878581!4d-90.0640956!9m1!1b1!16s%2Fg%2F11ckvg1dmb?entry=ttu",ChIJNa8k7cCnIIYRg_aPwXKP8hk,0x8620a7c0ed24af35:0x19f28f72c18ff683,1869714518348658307,/g/11f77v6hdp,None,,,,,,,,,,,,,,,,,,,,,,,,,,,,,,,,,,,,,,,,,,,,,,,,,,,,,,,,,,
"custom home builder, 70177, New Orleans, LA, US",Sovereign Customs X Design,Sovereign Customs X Design,,Interior designer,Interior designer,Interior designer,+1 813-765-4723,mobile,"NEW CINGULAR WIRELESS PCS, LLC - GA",,"9301 Chef Menteur Hwy, New Orleans, LA 70127",New Orleans East Area,9301 Chef Menteur Hwy,New Orleans,70127,Louisiana,Louisiana,United States of America,US,30.016366599999998,-89.97955859999999,89444641117ffff,America/Chicago,,False,,,,,,,,,,,1.0,https://streetviewpixels-pa.googleapis.com/v1/thumbnail?panoid=btmnHqvoPmz7Kymoya8UcQ&cb_client=search.gws-prod.gps&w=800&h=500&yaw=19.31487&pitch=0&thumbfov=100,https://streetviewpixels-pa.googleapis.com/v1/thumbnail?panoid=btmnHqvoPmz7Kymoya8UcQ&cb_client=search.gws-prod.gps&w=1600&h=1000&yaw=19.31487&pitch=0&thumbfov=100,,,,,,,OPERATIONAL,{},,,,,,,False,None,Sovereign Customs X Design,,,,,,"https://www.google.com/maps/place/Sovereign+Customs+X+Design/@30.016366599999998,-89.97955859999999,14z/data=!4m8!1m2!2m1!1sSovereign+Customs+X+Design!3m4!1s0x889e02f4f1f00001:0xae8e9b984f229e24!8m2!3d30.016366599999998!4d-89.97955859999999","https://www.google.com/maps/place/Sovereign+Customs+X+Design/@30.016366599999998,-89.97955859999999,13.99z/data=!4m16!1m7!3m6!1s0x889e02f4f1f00001:0xae8e9b984f229e24!2sSovereign+Customs+X+Design!8m2!3d30.016366599999998!4d-89.97955859999999!16s%2Fg%2F11ckvg1dmb!3m7!1s0x889e02f4f1f00001:0xae8e9b984f229e24!8m2!3d30.016366599999998!4d-89.97955859999999!9m1!1b1!16s%2Fg%2F11ckvg1dmb?entry=ttu",ChIJAQDw8fQCnogRJJ4iT5ibjq4,0x889e02f4f1f00001:0xae8e9b984f229e24,12578161887757377060,/g/11vhf_csb3,None,,,,,,,,,,,,,,,,,,,,,,,,,,,,,,,,,,,,,,,,,,,,,,,,,,,,,,,,,,
"custom home builder, 70177, New Orleans, LA, US",DL Cabinetry - New Orleans,Dl Cabinetry New Orleans,http://www.dlcabinetry.com/,"Cabinet maker, Bathroom remodeler, Bathroom supply store, Cabinet store, Kitchen remodeler, Kitchen supply store",Cabinet maker,Cabinet maker,+1 504-245-2426,landline,,,"6101 Chef Menteur Hwy, New Orleans, LA 70126",New Orleans East Area,6101 Chef Menteur Hwy,New Orleans,70126,Louisiana,Louisiana,United States of America,US,30.011179199999997,-90.01727919999999,8944464007bffff,America/Chicago,,False,4.8,375.0,https://search.google.com/local/reviews?placeid=ChIJjT4rwjeoIIYRJdazI6H0Dic&q=*&authuser=0&hl=en&gl=US,,,8.0,1.0,2.0,25.0,339.0,144.0,https://lh3.googleusercontent.com/p/AF1QipNVnFsaPXigtp4pCoSMOqjXskoz2agq4XEKefsm=w800-h500-k-no,https://lh3.googleusercontent.com/p/AF1QipNVnFsaPXigtp4pCoSMOqjXskoz2agq4XEKefsm=w1600-h1000-k-no,,"{""Sunday"": ""Closed"", ""Monday"": ""8AM-5PM"", ""Tuesday"": ""8AM-5PM"", ""Wednesday"": ""8AM-5PM"", ""Thursday"": ""8AM-5PM"", ""Friday"": ""8AM-5PM"", ""Saturday"": ""8AM-5PM""}","Sunday,|Monday,8AM,5PM|Tuesday,8AM,5PM|Wednesday,8AM,5PM|Thursday,8AM,5PM|Friday,8AM,5PM|Saturday,8AM,5PM",Sunday:Closed|Monday:8AM-5PM|Tuesday:8AM-5PM|Wednesday:8AM-5PM|Thursday:8AM-5PM|Friday:8AM-5PM|Saturday:8AM-5PM,,,OPERATIONAL,"{""From the business"": {""Identifies as Asian-owned"": true, ""Identifies as women-owned"": true}, ""Service options"": {""Online estimates"": true, ""Onsite services"": true}, ""Accessibility"": {""Wheelchair accessible restroom"": false, ""Wheelchair accessible seating"": false}, ""Crowd"": {""LGBTQ+ friendly"": true, ""Transgender safespace"": true}, ""Payments"": {""Credit cards"": true, ""Debit cards"": true}, ""Other"": {""LGBTQ+ friendly"": true, ""Identifies as women-owned"": true, ""Identifies as Asian-owned"": true}}",,,,https://lh5.googleusercontent.com/-N-RrwUlZQE0/AAAAAAAAAAI/AAAAAAAAAAA/hwz3wwSmw2E/s44-p-k-no-ns-nd/photo.jpg,,,True,115240854317551655070,DL Cabinetry - New Orleans,https://www.google.com/maps/contrib/115240854317551655070,,,,,"https://www.google.com/maps/place/DL+Cabinetry+-+New+Orleans/@30.011179199999997,-90.01727919999999,14z/data=!4m8!1m2!2m1!1sDL+Cabinetry+-+New+Orleans!3m4!1s0x8620a837c22b3e8d:0x270ef4a123b3d625!8m2!3d30.011179199999997!4d-90.01727919999999","https://www.google.com/maps/place/DL+Cabinetry+-+New+Orleans/@30.011179199999997,-90.01727919999999,13.99z/data=!4m16!1m7!3m6!1s0x8620a837c22b3e8d:0x270ef4a123b3d625!2sDL+Cabinetry+-+New+Orleans!8m2!3d30.011179199999997!4d-90.01727919999999!16s%2Fg%2F11ckvg1dmb!3m7!1s0x8620a837c22b3e8d:0x270ef4a123b3d625!8m2!3d30.011179199999997!4d-90.01727919999999!9m1!1b1!16s%2Fg%2F11ckvg1dmb?entry=ttu",ChIJjT4rwjeoIIYRJdazI6H0Dic,0x8620a837c22b3e8d:0x270ef4a123b3d625,2814455790079039013,/g/1tjz89bw,2814455790079039013,,natelukefahr@yahoo.com,RECEIVING,Verified,Nate Lukefahr,Nate,Lukefahr,Salesperson,,lane.dlspaceinc@yahoo.com,INVALID,Undeliverable,Lane Do,Lane,Do,Sales,,michele@dlcabinetry.com,INVALID,Invalid SMTP,Michele Lutz,Michele,Lutz,Sales,,9043356369,mobile,"NEW CINGULAR WIRELESS PCS, LLC - GA",,,,,,,,,,,,https://www.linkedin.com/company/dl-cabinetry,,,,,,,,,,,,,Exceptional Kitchen Cabinets by DL Cabinetry,Wix.com Website Builder,"Join DL Cabinetry, a leading cabinet manufacturer & wholesaler. Ideal for dealers, contractors, and pros seeking quality cabinets from top cabinet makers.","Cabinet Manufacturer, Cabinet Wholesaler, Cabinet Maker",False,False
"custom home builder, 70177, New Orleans, LA, US",Ray Brothers Inc,Ray Brothers,http://www.raybrosinc.com/,"Sheet metal contractor, Building materials store, Manufacturer, Metal fabricator, Metal supplier, Roofing contractor",Sheet metal contractor,Sheet metal contractor,+1 504-945-8069,landline,,,"2801 Frenchmen St, New Orleans, LA 70122",St. Roch,2801 Frenchmen St,New Orleans,70122,Louisiana,Louisiana,United States of America,US,29.9860935,-90.05903889999999,8944464232fffff,America/Chicago,,False,4.5,8.0,https://search.google.com/local/reviews?placeid=ChIJQ6AVzryoIIYRqaNbIg3wx8I&q=*&authuser=0&hl=en&gl=US,,,1.0,0.0,0.0,0.0,7.0,7.0,https://lh3.googleusercontent.com/p/AF1QipMpZpBSbz_lW3yL7K6yVsy_OQtPJZDbzgqxMSRQ=w800-h500-k-no,https://lh3.googleusercontent.com/p/AF1QipMpZpBSbz_lW3yL7K6yVsy_OQtPJZDbzgqxMSRQ=w1600-h1000-k-no,,"{""Sunday"": ""Closed"", ""Monday"": ""7AM-3PM"", ""Tuesday"": ""7AM-3PM"", ""Wednesday"": ""7AM-3PM"", ""Thursday"": ""7AM-3PM"", ""Friday"": ""7AM-3PM"", ""Saturday"": ""Closed""}","Sunday,|Monday,7AM,3PM|Tuesday,7AM,3PM|Wednesday,7AM,3PM|Thursday,7AM,3PM|Friday,7AM,3PM|Saturday,",Sunday:Closed|Monday:7AM-3PM|Tuesday:7AM-3PM|Wednesday:7AM-3PM|Thursday:7AM-3PM|Friday:7AM-3PM|Saturday:Closed,,,OPERATIONAL,"{""Accessibility"": {""Wheelchair accessible parking lot"": true}, ""Payments"": {""Credit cards"": true, ""Debit cards"": true}}",,,,https://lh3.googleusercontent.com/-VbNrW4vLSwI/AAAAAAAAAAI/AAAAAAAAAAA/ISfioxSb7U8/s44-p-k-no-ns-nd/photo.jpg,,,True,110808096211951583094,Ray Brothers Inc,https://www.google.com/maps/contrib/110808096211951583094,,,,,"https://www.google.com/maps/place/Ray+Brothers+Inc/@29.9860935,-90.05903889999999,14z/data=!4m8!1m2!2m1!1sRay+Brothers+Inc!3m4!1s0x8620a8bcce15a043:0xc2c7f00d225ba3a9!8m2!3d29.9860935!4d-90.05903889999999","https://www.google.com/maps/place/Ray+Brothers+Inc/@29.9860935,-90.05903889999999,13.99z/data=!4m16!1m7!3m6!1s0x8620a8bcce15a043:0xc2c7f00d225ba3a9!2sRay+Brothers+Inc!8m2!3d29.9860935!4d-90.05903889999999!16s%2Fg%2F11ckvg1dmb!3m7!1s0x8620a8bcce15a043:0xc2c7f00d225ba3a9!8m2!3d29.9860935!4d-90.05903889999999!9m1!1b1!16s%2Fg%2F11ckvg1dmb?entry=ttu",ChIJQ6AVzryoIIYRqaNbIg3wx8I,0x8620a8bcce15a043:0xc2c7f00d225ba3a9,14035450702925112233,/g/1tg8k291,-4411293370784439383,,gino@raybrosinc.com,RECEIVING,SMTP validated,"Ray, Gino","Ray,",Gino,President,,ray@raybrosinc.com,RECEIVING,SMTP validated,Richard Ray,Richard,Ray,Owner,,gino_ray@raybrosinc.com,RECEIVING,SMTP validated,"Ray, Gino","Ray,",Gino,Sales Executive,,,,,,,,,,,,,,,,,,,,,,,,,,https://www.youtube.com/channel/UCZylLcCxcAoNF0HVYYF-CDA,,,"Ray Bros., Inc. Architectural Sheet Metal Fab - New Orleans, Louisiana",,"Sheet Metal, Sheet Metal workers, Sheet Metal Panels, Sheet Metal Roofs, Metal Roofs, Sheet Metal Manufacturers, Metal Roof Panels, Structural Roof, commercial roofing New Orleans, metal roofing New Orleans, standing seam roofing New Orleans, metal panels New Orleans",,,
"custom home builder, 70177, New Orleans, LA, US",Bargeboard,Bargeboard,https://www.bargeboardnola.com/,"Construction company, Antique furniture restoration service, Antique store, Art dealer, Architectural salvage store, Door shop, Gift shop, Lighting store, Millwork shop, Window supplier",Architectural salvage store,Construction company,+1 504-285-2608,landline,,,"530 Powder St, New Orleans, LA 70114",Algiers,530 Powder St,New Orleans,70114,Louisiana,Louisiana,United States of America,US,29.949424399999998,-90.05362269999999,894446420cfffff,America/Chicago,,False,4.9,31.0,https://search.google.com/local/reviews?placeid=ChIJ1fRuuranIIYRRmRtPBb0EGo&q=*&authuser=0&hl=en&gl=US,,,0.0,0.0,0.0,3.0,28.0,70.0,https://lh3.googleusercontent.com/p/AF1QipOuGx6jYW-T_eu2NH1SeM6q6yVz0Ytu2PucWe94=w800-h500-k-no,https://lh3.googleusercontent.com/p/AF1QipOuGx6jYW-T_eu2NH1SeM6q6yVz0Ytu2PucWe94=w1600-h1000-k-no,,"{""Sunday"": ""11AM-5PM"", ""Monday"": ""Closed"", ""Tuesday"": ""Closed"", ""Wednesday"": ""10AM-6PM"", ""Thursday"": ""10AM-6PM"", ""Friday"": ""10AM-6PM"", ""Saturday"": ""10AM-6PM""}","Sunday,11AM,5PM|Monday,|Tuesday,|Wednesday,10AM,6PM|Thursday,10AM,6PM|Friday,10AM,6PM|Saturday,10AM,6PM",Sunday:11AM-5PM|Monday:Closed|Tuesday:Closed|Wednesday:10AM-6PM|Thursday:10AM-6PM|Friday:10AM-6PM|Saturday:10AM-6PM,,,OPERATIONAL,"{""From the business"": {""Identifies as women-owned"": true}, ""Service options"": {""Curbside pickup"": true, ""In-store pickup"": true, ""In-store shopping"": true, ""Onsite services"": true, ""Delivery"": false}, ""Offerings"": {""Used goods"": true}, ""Crowd"": {""LGBTQ+ friendly"": true, ""Transgender safespace"": true}, ""Payments"": {""Credit cards"": true, ""Debit cards"": true}, ""Parking"": {""Free parking lot"": true, ""Free street parking"": true, ""On-site parking"": true}, ""Other"": {""LGBTQ+ friendly"": true, ""Identifies as women-owned"": true}}",,,,https://lh3.googleusercontent.com/-OBPz-2V1l4g/AAAAAAAAAAI/AAAAAAAAAAA/P2zTUEkgMlw/s44-p-k-no-ns-nd/photo.jpg,,,True,115428092028221385112,Bargeboard,https://www.google.com/maps/contrib/115428092028221385112,,,,,"https://www.google.com/maps/place/Bargeboard/@29.949424399999998,-90.05362269999999,14z/data=!4m8!1m2!2m1!1sBargeboard!3m4!1s0x8620a7b6ba6ef4d5:0x6a10f4163c6d6446!8m2!3d29.949424399999998!4d-90.05362269999999","https://www.google.com/maps/place/Bargeboard/@29.949424399999998,-90.05362269999999,13.99z/data=!4m16!1m7!3m6!1s0x8620a7b6ba6ef4d5:0x6a10f4163c6d6446!2sBargeboard!8m2!3d29.949424399999998!4d-90.05362269999999!16s%2Fg%2F11ckvg1dmb!3m7!1s0x8620a7b6ba6ef4d5:0x6a10f4163c6d6446!8m2!3d29.949424399999998!4d-90.05362269999999!9m1!1b1!16s%2Fg%2F11ckvg1dmb?entry=ttu",ChIJ1fRuuranIIYRRmRtPBb0EGo,0x8620a7b6ba6ef4d5:0x6a10f4163c6d6446,7642876943987991622,/g/11l6zrbqw_,7642876943987991622,,millshop@bargeboardnola.com,RECEIVING,SMTP validated,,,,,,kristin@bargeboardnola.com,RECEIVING,SMTP validated,,,,,,becky@bargeboardnola.com,RECEIVING,Verified,,,,,,,,,,,,,,,,,,https://www.facebook.com/BargeboardNOLA/,https://www.instagram.com/bargeboardnola,,https://www.tiktok.com/@bargeboardnola,,,,,,,,,,,,"Contact
 – Bargeboard NOLA",Wix.com Website Builder,"CONTACT US Interested in working together on an upcoming project? Want to know more about our properties? Send us a message.    530 Powder StreetNew Orleans, LA 70114 bargeboardnola.com504-285-2608kristin@bargeboardnola.comcalvin@bargeboardnola.commillshop@bargeboardnola.com",,False,False
"custom home builder, 70177, New Orleans, LA, US",Port Street Woodworks,Port Street Woodworks,,"Woodworker, Cabinet maker, Furniture maker",Woodworker,Woodworker,+1 504-920-5878,mobile,"NEW CINGULAR WIRELESS PCS, LLC - GA",,"2405 Port St, New Orleans, LA 70117",St. Claude,2405 Port St,New Orleans,70117,Louisiana,Louisiana,United States of America,US,29.982377699999997,-90.04469639999999,8944464236bffff,America/Chicago,,False,5.0,3.0,https://search.google.com/local/reviews?placeid=ChIJMRP35ISoIIYRfiaToAletfg&q=*&authuser=0&hl=en&gl=US,,,0.0,0.0,0.0,0.0,3.0,1.0,https://streetviewpixels-pa.googleapis.com/v1/thumbnail?panoid=DVIu5aFRoPw9aMqf6XCvlg&cb_client=search.gws-prod.gps&w=800&h=500&yaw=98.64901&pitch=0&thumbfov=100,https://streetviewpixels-pa.googleapis.com/v1/thumbnail?panoid=DVIu5aFRoPw9aMqf6XCvlg&cb_client=search.gws-prod.gps&w=1600&h=1000&yaw=98.64901&pitch=0&thumbfov=100,,"{""Sunday"": ""Closed"", ""Monday"": ""10AM-5PM"", ""Tuesday"": ""10AM-5PM"", ""Wednesday"": ""10AM-5PM"", ""Thursday"": ""10AM-5PM"", ""Friday"": ""10AM-5PM"", ""Saturday"": ""Closed""}","Sunday,|Monday,10AM,5PM|Tuesday,10AM,5PM|Wednesday,10AM,5PM|Thursday,10AM,5PM|Friday,10AM,5PM|Saturday,",Sunday:Closed|Monday:10AM-5PM|Tuesday:10AM-5PM|Wednesday:10AM-5PM|Thursday:10AM-5PM|Friday:10AM-5PM|Saturday:Closed,,,OPERATIONAL,"{""From the business"": {""Identifies as women-owned"": true}, ""Other"": {""Identifies as women-owned"": true}}",,,,,,,False,None,Port Street Woodworks,,,,,,"https://www.google.com/maps/place/Port+Street+Woodworks/@29.982377699999997,-90.04469639999999,14z/data=!4m8!1m2!2m1!1sPort+Street+Woodworks!3m4!1s0x8620a884e4f71331:0xf8b55e09a093267e!8m2!3d29.982377699999997!4d-90.04469639999999","https://www.google.com/maps/place/Port+Street+Woodworks/@29.982377699999997,-90.04469639999999,13.99z/data=!4m16!1m7!3m6!1s0x8620a884e4f71331:0xf8b55e09a093267e!2sPort+Street+Woodworks!8m2!3d29.982377699999997!4d-90.04469639999999!16s%2Fg%2F11ckvg1dmb!3m7!1s0x8620a884e4f71331:0xf8b55e09a093267e!8m2!3d29.982377699999997!4d-90.04469639999999!9m1!1b1!16s%2Fg%2F11ckvg1dmb?entry=ttu",ChIJMRP35ISoIIYRfiaToAletfg,0x8620a884e4f71331:0xf8b55e09a093267e,17921333687632471678,/g/11bxc7hdx9,-525410386077079938,,,,,,,,,,,,,,,,,,,,,,,,,,,,,,,,,,,,,,,,,,,,,,,,,,,,,,,,,,
"custom home builder, 70177, New Orleans, LA, US",KHB Interiors,Khb Interiors,http://www.khbinteriors.com/,"Interior designer, Service establishment",Interior designer,Interior designer,+1 504-251-7009,mobile,T-Mobile USA Inc.,,,,,,,,,,,31.925613,-91.07061999999999,8944430856fffff,America/Chicago,,True,4.9,13.0,https://search.google.com/local/reviews?placeid=ChIJo4p1SsWvIIYRYw9SfaSSo6s&q=*&authuser=0&hl=en&gl=US,,,0.0,0.0,0.0,1.0,12.0,37.0,https://lh3.googleusercontent.com/p/AF1QipP9ARbQIOrXsQfnAgwz_NGVuAVRzkg4VDrG72Zt=w800-h500-k-no,https://lh3.googleusercontent.com/p/AF1QipP9ARbQIOrXsQfnAgwz_NGVuAVRzkg4VDrG72Zt=w1600-h1000-k-no,,"{""Sunday"": ""Closed"", ""Monday"": ""8AM-5:30PM"", ""Tuesday"": ""8AM-5:30PM"", ""Wednesday"": ""8AM-5:30PM"", ""Thursday"": ""8AM-5:30PM"", ""Friday"": ""8AM-5:30PM"", ""Saturday"": ""Closed""}","Sunday,|Monday,8AM,5:30PM|Tuesday,8AM,5:30PM|Wednesday,8AM,5:30PM|Thursday,8AM,5:30PM|Friday,8AM,5:30PM|Saturday,",Sunday:Closed|Monday:8AM-5:30PM|Tuesday:8AM-5:30PM|Wednesday:8AM-5:30PM|Thursday:8AM-5:30PM|Friday:8AM-5:30PM|Saturday:Closed,,,OPERATIONAL,{},,,,https://lh4.googleusercontent.com/-RuSwPQFLGBI/AAAAAAAAAAI/AAAAAAAAAAA/_RqB-jMztKM/s44-p-k-no-ns-nd/photo.jpg,,,True,111840644410051765360,KHB Interiors,https://www.google.com/maps/contrib/111840644410051765360,,,,,"https://www.google.com/maps/place/KHB+Interiors/@31.925613,-91.07061999999999,14z/data=!4m8!1m2!2m1!1sKHB+Interiors!3m4!1s0x8620afc54a758aa3:0xaba392a47d520f63!8m2!3d31.925613!4d-91.07061999999999","https://www.google.com/maps/place/KHB+Interiors/@31.925613,-91.07061999999999,13.99z/data=!4m16!1m7!3m6!1s0x8620afc54a758aa3:0xaba392a47d520f63!2sKHB+Interiors!8m2!3d31.925613!4d-91.07061999999999!16s%2Fg%2F11ckvg1dmb!3m7!1s0x8620afc54a758aa3:0xaba392a47d520f63!8m2!3d31.925613!4d-91.07061999999999!9m1!1b1!16s%2Fg%2F11ckvg1dmb?entry=ttu",ChIJo4p1SsWvIIYRYw9SfaSSo6s,0x8620afc54a758aa3:0xaba392a47d520f63,12367890236864335715,/g/11bwkbs7q8,-6078853836845215901,,kelly@khbinteriors.com,RECEIVING,SMTP validated,,,,,,,,,,,,,,,,,,,,,,15042517009,mobile,T-Mobile USA Inc.,,,,,,,,,,https://www.facebook.com/Khbinteriors/,http://instagram.com/khbinteriors,,,,,,,,,,,,,,KHB Interiors |New Orleans and Metairie Interior Designer | Luxury Interior Design,,"Award Winning Luxury Interior Designer specializing in jaw-dropping, unique 
but livable, functional homes in the Garden District, Uptown, New Orleans, 
Metairie, Lakeview and River Ridge Interior Decorator",,False,False
