query,name,name_for_emails,site,subtypes,category,type,phone,phone.phones_enricher.carrier_type,phone.phones_enricher.carrier_name,phone.phones_enricher.__avoid_saving,full_address,borough,street,city,postal_code,state,us_state,country,country_code,latitude,longitude,h3,time_zone,plus_code,area_service,rating,reviews,reviews_link,reviews_tags,reviews_per_score,reviews_per_score_1,reviews_per_score_2,reviews_per_score_3,reviews_per_score_4,reviews_per_score_5,photos_count,photo,street_view,located_in,working_hours,working_hours_csv_compatible,working_hours_old_format,other_hours,popular_times,business_status,about,range,prices,posts,logo,description,typical_time_spent,verified,owner_id,owner_title,owner_link,reservation_links,booking_appointment_link,menu_link,order_links,location_link,location_reviews_link,place_id,google_id,cid,kgmid,reviews_id,located_google_id,email_1,email_1.emails_validator.status,email_1.emails_validator.status_details,email_1_full_name,email_1_first_name,email_1_last_name,email_1_title,email_1_phone,email_2,email_2.emails_validator.status,email_2.emails_validator.status_details,email_2_full_name,email_2_first_name,email_2_last_name,email_2_title,email_2_phone,email_3,email_3.emails_validator.status,email_3.emails_validator.status_details,email_3_full_name,email_3_first_name,email_3_last_name,email_3_title,email_3_phone,phone_1,phone_1.phones_enricher.carrier_type,phone_1.phones_enricher.carrier_name,phone_1.phones_enricher.__avoid_saving,phone_2,phone_2.phones_enricher.carrier_name,phone_2.phones_enricher.carrier_type,phone_2.phones_enricher.__avoid_saving,phone_3,phone_3.phones_enricher.carrier_name,phone_3.phones_enricher.carrier_type,phone_3.phones_enricher.__avoid_saving,facebook,instagram,linkedin,tiktok,medium,reddit,skype,snapchat,telegram,whatsapp,twitter,vimeo,youtube,github,crunchbase,website_title,website_generator,website_description,website_keywords,website_has_fb_pixel,website_has_google_tag
"water damage restoration service, 70179, New Orleans, LA, US",Star Damage Restoration of New Orleans,Star Damage Restoration Of New Orleans,https://stardamagerestoration.com/,Water damage restoration service,Water damage restoration service,Water damage restoration service,+1 504-547-6224,landline,Onvoy,True,"1152 Camp St, New Orleans, LA 70130",Lower Garden District,1152 Camp St,New Orleans,70130,Louisiana,Louisiana,United States of America,US,29.940047999999997,-90.0719627,89444642427ffff,America/Chicago,,False,5.0,1.0,https://search.google.com/local/reviews?placeid=ChIJgy2El8Mp2YgRN8p8HB1Xz44&q=*&authuser=0&hl=en&gl=US,,,0.0,0.0,0.0,0.0,1.0,2.0,https://streetviewpixels-pa.googleapis.com/v1/thumbnail?panoid=YUJb2j9VFiEC81cey0rhBQ&cb_client=search.gws-prod.gps&w=800&h=500&yaw=87.832794&pitch=0&thumbfov=100,https://lh3.googleusercontent.com/gps-cs-s/AG0ilSzDBCoMIWEoeYl80XwE_ZCTgT84akkTkRhMJTaP9JRom5R38HqUQB7wswXkKmkbbQyLWTG_bKgBuaNSajR173SFl7vWv4uPix6B_Hf7CN9blU5cEiICBw1zD670LjHdduejvRb2=w1600-h1000-k-no,,"{""Sunday"": ""Open 24 hours"", ""Monday"": ""Open 24 hours"", ""Tuesday"": ""Open 24 hours"", ""Wednesday"": ""Open 24 hours"", ""Thursday"": ""Open 24 hours"", ""Friday"": ""Open 24 hours"", ""Saturday"": ""Open 24 hours""}","Sunday,Open 24 hours|Monday,Open 24 hours|Tuesday,Open 24 hours|Wednesday,Open 24 hours|Thursday,Open 24 hours|Friday,Open 24 hours|Saturday,Open 24 hours",Sunday:Open 24 hours|Monday:Open 24 hours|Tuesday:Open 24 hours|Wednesday:Open 24 hours|Thursday:Open 24 hours|Friday:Open 24 hours|Saturday:Open 24 hours,,,OPERATIONAL,{},,,,https://lh5.googleusercontent.com/-g5o6Kgwk9wQ/AAAAAAAAAAI/AAAAAAAAAAA/4ole8EllDFc/s44-p-k-no-ns-nd/photo.jpg,,,True,112558796941484882227,Star Damage Restoration of New Orleans,https://www.google.com/maps/contrib/112558796941484882227,,,,,"https://www.google.com/maps/place/Star+Damage+Restoration+of+New+Orleans/@29.940047999999997,-90.0719627,14z/data=!4m8!1m2!2m1!1sStar+Damage+Restoration+of+New+Orleans!3m4!1s0x88d929c397842d83:0x8ecf571d1c7cca37!8m2!3d29.940047999999997!4d-90.0719627","https://www.google.com/maps/place/Star+Damage+Restoration+of+New+Orleans/@29.940047999999997,-90.0719627,13.99z/data=!4m16!1m7!3m6!1s0x88d929c397842d83:0x8ecf571d1c7cca37!2sStar+Damage+Restoration+of+New+Orleans!8m2!3d29.940047999999997!4d-90.0719627!16s%2Fg%2F11ckvg1dmb!3m7!1s0x88d929c397842d83:0x8ecf571d1c7cca37!8m2!3d29.940047999999997!4d-90.0719627!9m1!1b1!16s%2Fg%2F11ckvg1dmb?entry=ttu",ChIJgy2El8Mp2YgRN8p8HB1Xz44,0x88d929c397842d83:0x8ecf571d1c7cca37,10290539456108481079,/g/11tg00v0pq,-8156204617601070537,,info@stardamagerestoration.com,INVALID,Undeliverable,,,,,,,,,,,,,,,,,,,,,,5043894882,landline,,,01234123123,,,,,,,,,,,,,,,,,,,,,,,Contact – Star Damage Restoration,"Elementor 3.23.4; features: e_optimized_css_loading, additional_custom_breakpoints, e_lazyload; settings: css_print_method-external, google_font-enabled, font_display-auto",,,False,False
"water damage restoration service, 70179, New Orleans, LA, US",RestoPros of New Orleans,Restopros Of New Orleans,https://www.restopros.co/la-new-orleans-metairie,"Water damage restoration service, Building restoration service, Fire damage restoration service",Water damage restoration service,Water damage restoration service,+1 504-222-1551,mobile,T-Mobile USA Inc.,,"525 Jefferson Hwy Suite 804, New Orleans, LA 70121",None,525 Jefferson Hwy Suite 804,New Orleans,70121,Louisiana,Louisiana,United States of America,US,29.965406899999998,-90.13592229999999,89444655153ffff,America/Chicago,,False,5.0,44.0,https://search.google.com/local/reviews?placeid=ChIJJy0nEXidw6ARPQLK7zQZ1rY&q=*&authuser=0&hl=en&gl=US,,,0.0,0.0,0.0,0.0,44.0,170.0,https://lh3.googleusercontent.com/p/AF1QipMRrP5sud5OE7D-bkVBMPaXM7tS124Q6bMwQFcm=w800-h500-k-no,https://lh3.googleusercontent.com/p/AF1QipMRrP5sud5OE7D-bkVBMPaXM7tS124Q6bMwQFcm=w1600-h1000-k-no,,"{""Sunday"": ""Open 24 hours"", ""Monday"": ""Open 24 hours"", ""Tuesday"": ""Open 24 hours"", ""Wednesday"": ""Open 24 hours"", ""Thursday"": ""Open 24 hours"", ""Friday"": ""Open 24 hours"", ""Saturday"": ""Open 24 hours""}","Sunday,Open 24 hours|Monday,Open 24 hours|Tuesday,Open 24 hours|Wednesday,Open 24 hours|Thursday,Open 24 hours|Friday,Open 24 hours|Saturday,Open 24 hours",Sunday:Open 24 hours|Monday:Open 24 hours|Tuesday:Open 24 hours|Wednesday:Open 24 hours|Thursday:Open 24 hours|Friday:Open 24 hours|Saturday:Open 24 hours,,,OPERATIONAL,"{""Service options"": {""Onsite services"": true}}",,,,https://lh3.googleusercontent.com/-oHSi4r_gJPI/AAAAAAAAAAI/AAAAAAAAAAA/uaaqgbqQji8/s44-p-k-no-ns-nd/photo.jpg,,,True,103498624411107298919,RestoPros of New Orleans,https://www.google.com/maps/contrib/103498624411107298919,,,,,"https://www.google.com/maps/place/RestoPros+of+New+Orleans/@29.965406899999998,-90.13592229999999,14z/data=!4m8!1m2!2m1!1sRestoPros+of+New+Orleans!3m4!1s0xa0c39d7811272d27:0xb6d61934efca023d!8m2!3d29.965406899999998!4d-90.13592229999999","https://www.google.com/maps/place/RestoPros+of+New+Orleans/@29.965406899999998,-90.13592229999999,13.99z/data=!4m16!1m7!3m6!1s0xa0c39d7811272d27:0xb6d61934efca023d!2sRestoPros+of+New+Orleans!8m2!3d29.965406899999998!4d-90.13592229999999!16s%2Fg%2F11ckvg1dmb!3m7!1s0xa0c39d7811272d27:0xb6d61934efca023d!8m2!3d29.965406899999998!4d-90.13592229999999!9m1!1b1!16s%2Fg%2F11ckvg1dmb?entry=ttu",ChIJJy0nEXidw6ARPQLK7zQZ1rY,0xa0c39d7811272d27:0xb6d61934efca023d,13174745475070951997,/g/11vf95b4km,-5271998598638599619,,franchise@restoprosfranchise.com,INVALID,Invalid DNS,,,,,,swflorida@restopros.co,RECEIVING,SMTP validated,,,,,,info@restopros.co,RECEIVING,SMTP validated,,,,,,8032800773,mobile,CELLCO PARTNERSHIP DBA VERIZON WIRELESS - SC,,7045775302,CELLCO PARTNERSHIP DBA VERIZON WIRELESS - NC,mobile,,5705077778,CELLCO PARTNERSHIP DBA VERIZON WIRELESS - PA,mobile,,http://www.facebook.com/yourrestorationpro,,http://www.linkedin.com/company/restopros-restoration,,,,,,,,,,,,,Professional Restoration for Flood & Fire Damage | RestoPros of Central Phoenix,WordPress 6.6,Explore our restoration services in Phoenix. Trust RestoPros of Central Phoenix for restoration expertise and reliability in AZ.,,False,False
"water damage restoration service, 70179, New Orleans, LA, US",Flood & Water Damage New Orleans,Flood And Water Damage New Orleans,,Water damage restoration service,Water damage restoration service,Water damage restoration service,+1 504-420-3911,landline,,,"2012 Oretha Castle Haley Blvd, New Orleans, LA 70113",Faubourg Lafayette,2012 Oretha Castle Haley Blvd,New Orleans,70113,Louisiana,Louisiana,United States of America,US,29.9378168,-90.0816555,894446425d7ffff,America/Chicago,,False,4.7,3.0,https://search.google.com/local/reviews?placeid=ChIJ2dyUhW2lIIYRzsthbn3-WuA&q=*&authuser=0&hl=en&gl=US,,,0.0,0.0,0.0,1.0,2.0,7.0,https://lh3.googleusercontent.com/p/AF1QipPO8b1Kw11HpcXJ5SEhbCCpq7q7NE3oJc6zh6H1=w800-h500-k-no,https://lh3.googleusercontent.com/p/AF1QipPO8b1Kw11HpcXJ5SEhbCCpq7q7NE3oJc6zh6H1=w1600-h1000-k-no,,"{""Sunday"": ""Open 24 hours"", ""Monday"": ""Open 24 hours"", ""Tuesday"": ""Open 24 hours"", ""Wednesday"": ""Open 24 hours"", ""Thursday"": ""Open 24 hours"", ""Friday"": ""Open 24 hours"", ""Saturday"": ""Open 24 hours""}","Sunday,Open 24 hours|Monday,Open 24 hours|Tuesday,Open 24 hours|Wednesday,Open 24 hours|Thursday,Open 24 hours|Friday,Open 24 hours|Saturday,Open 24 hours",Sunday:Open 24 hours|Monday:Open 24 hours|Tuesday:Open 24 hours|Wednesday:Open 24 hours|Thursday:Open 24 hours|Friday:Open 24 hours|Saturday:Open 24 hours,,,OPERATIONAL,{},,,,https://lh3.googleusercontent.com/-nbAWIG_F5-U/AAAAAAAAAAI/AAAAAAAAAAA/P0J49surcyU/s44-p-k-no-ns-nd/photo.jpg,,,True,110773941328520942600,Flood & Water Damage New Orleans,https://www.google.com/maps/contrib/110773941328520942600,,,,,"https://www.google.com/maps/place/Flood+%26+Water+Damage+New+Orleans/@29.9378168,-90.0816555,14z/data=!4m8!1m2!2m1!1sFlood+%26+Water+Damage+New+Orleans!3m4!1s0x8620a56d8594dcd9:0xe05afe7d6e61cbce!8m2!3d29.9378168!4d-90.0816555","https://www.google.com/maps/place/Flood+%26+Water+Damage+New+Orleans/@29.9378168,-90.0816555,13.99z/data=!4m16!1m7!3m6!1s0x8620a56d8594dcd9:0xe05afe7d6e61cbce!2sFlood+%26+Water+Damage+New+Orleans!8m2!3d29.9378168!4d-90.0816555!16s%2Fg%2F11ckvg1dmb!3m7!1s0x8620a56d8594dcd9:0xe05afe7d6e61cbce!8m2!3d29.9378168!4d-90.0816555!9m1!1b1!16s%2Fg%2F11ckvg1dmb?entry=ttu",ChIJ2dyUhW2lIIYRzsthbn3-WuA,0x8620a56d8594dcd9:0xe05afe7d6e61cbce,16166513627076086734,/g/11p0_wsjx4,-2280230446633464882,,,,,,,,,,,,,,,,,,,,,,,,,,,,,,,,,,,,,,,,,,,,,,,,,,,,,,,,,,
"water damage restoration service, 70179, New Orleans, LA, US",24 Hour Flood Pros of New Orleans,24 Hour Flood Pros Of New Orleans,https://www.24hourfloodpros.com/new-orleans/,"Water damage restoration service, Service establishment",Water damage restoration service,Water damage restoration service,+1 504-224-9750,mobile,CELLCO PARTNERSHIP DBA VERIZON WIRELESS - LA,,,,,,,,,,,30.0257334,-90.02540139999999,894446403bbffff,America/Chicago,,True,5.0,7.0,https://search.google.com/local/reviews?placeid=ChIJLfMpmD4q2gARCdSqeyuJDkE&q=*&authuser=0&hl=en&gl=US,,,0.0,0.0,0.0,0.0,7.0,30.0,https://lh3.googleusercontent.com/p/AF1QipNdf1w3z1sz6bpjPw2JKZqa_eUQxmjSB01IIFTL=w800-h500-k-no,https://lh3.googleusercontent.com/p/AF1QipNdf1w3z1sz6bpjPw2JKZqa_eUQxmjSB01IIFTL=w1600-h1000-k-no,,"{""Sunday"": ""Open 24 hours"", ""Monday"": ""Open 24 hours"", ""Tuesday"": ""Open 24 hours"", ""Wednesday"": ""Open 24 hours"", ""Thursday"": ""Open 24 hours"", ""Friday"": ""Open 24 hours"", ""Saturday"": ""Open 24 hours""}","Sunday,Open 24 hours|Monday,Open 24 hours|Tuesday,Open 24 hours|Wednesday,Open 24 hours|Thursday,Open 24 hours|Friday,Open 24 hours|Saturday,Open 24 hours",Sunday:Open 24 hours|Monday:Open 24 hours|Tuesday:Open 24 hours|Wednesday:Open 24 hours|Thursday:Open 24 hours|Friday:Open 24 hours|Saturday:Open 24 hours,,,OPERATIONAL,{},,,,https://lh6.googleusercontent.com/-zh80Xp0ojxo/AAAAAAAAAAI/AAAAAAAAAAA/ayWIrcBiANg/s44-p-k-no-ns-nd/photo.jpg,,,True,102764908973040062514,24 Hour Flood Pros of New Orleans,https://www.google.com/maps/contrib/102764908973040062514,,,,,"https://www.google.com/maps/place/24+Hour+Flood+Pros+of+New+Orleans/@30.0257334,-90.02540139999999,14z/data=!4m8!1m2!2m1!1s24+Hour+Flood+Pros+of+New+Orleans!3m4!1s0xda2a3e9829f32d:0x410e892b7baad409!8m2!3d30.0257334!4d-90.02540139999999","https://www.google.com/maps/place/24+Hour+Flood+Pros+of+New+Orleans/@30.0257334,-90.02540139999999,13.99z/data=!4m16!1m7!3m6!1s0xda2a3e9829f32d:0x410e892b7baad409!2s24+Hour+Flood+Pros+of+New+Orleans!8m2!3d30.0257334!4d-90.02540139999999!16s%2Fg%2F11ckvg1dmb!3m7!1s0xda2a3e9829f32d:0x410e892b7baad409!8m2!3d30.0257334!4d-90.02540139999999!9m1!1b1!16s%2Fg%2F11ckvg1dmb?entry=ttu",ChIJLfMpmD4q2gARCdSqeyuJDkE,0xda2a3e9829f32d:0x410e892b7baad409,4687835081990657033,/g/11y828w8p6,4687835081990657033,,info@24hourfloodpros.com,INVALID,Invalid DNS,,,,,,christopher@24hourfloodpros.com,RECEIVING,Verified,,,,,,info@24hourfloodpros.com,INVALID,Invalid DNS,,,,,,6028553267,landline,"BANDWIDTH.COM CLEC, LLC - AZ",,8332435663,,,,3528882310,,landline,,,,,,,,,,,,,,,,,Expert Mold Remediation & Cleanup Near Me | 24/7 Services,Total WordPress Theme v5.2,"Searching for mold remediation near me? We offer fast, effective, mold cleanup services to ensure a safe environment. Contact us today!",,False,True
"water damage restoration service, 70179, New Orleans, LA, US",SERVPRO of New Orleans Uptown & Mid-City,Servpro Of New Orleans Uptown And Mid City,https://www.servpro.com/locations/la/servpro-of-new-orleans-uptown-mid-city%3Futm_medium%3Dorganic%26utm_source%3Dgbp,"Water damage restoration service, Air duct cleaning service, Building restoration service, Carpet cleaning service, Cleaners, Crime victim service, Debris removal service, Fire damage restoration service, Waste management service",Water damage restoration service,Water damage restoration service,+1 504-468-3047,landline,,,"1215 Prytania St Suite 201, New Orleans, LA 70130",Lower Garden District,1215 Prytania St Suite 201,New Orleans,70130,Louisiana,Louisiana,United States of America,US,29.9405154,-90.0729978,89444642553ffff,America/Chicago,,False,5.0,49.0,https://search.google.com/local/reviews?placeid=ChIJmThpwoWlIIYRRVAWKWC5ySs&q=*&authuser=0&hl=en&gl=US,,,0.0,0.0,0.0,0.0,49.0,209.0,https://lh3.googleusercontent.com/p/AF1QipOZX7rIhUZ3QLVlNo31dlCvBZAS2ArqZi--6pDO=w800-h500-k-no,https://lh3.googleusercontent.com/p/AF1QipOZX7rIhUZ3QLVlNo31dlCvBZAS2ArqZi--6pDO=w1600-h1000-k-no,,"{""Sunday"": ""Open 24 hours"", ""Monday"": ""Open 24 hours"", ""Tuesday"": ""Open 24 hours"", ""Wednesday"": ""Open 24 hours"", ""Thursday"": ""Open 24 hours"", ""Friday"": ""Open 24 hours"", ""Saturday"": ""Open 24 hours""}","Sunday,Open 24 hours|Monday,Open 24 hours|Tuesday,Open 24 hours|Wednesday,Open 24 hours|Thursday,Open 24 hours|Friday,Open 24 hours|Saturday,Open 24 hours",Sunday:Open 24 hours|Monday:Open 24 hours|Tuesday:Open 24 hours|Wednesday:Open 24 hours|Thursday:Open 24 hours|Friday:Open 24 hours|Saturday:Open 24 hours,"[{""online_service_hours"": {""Sunday"": ""Open 24 hours"", ""Monday"": ""Open 24 hours"", ""Tuesday"": ""Open 24 hours"", ""Wednesday"": ""Open 24 hours"", ""Thursday"": ""Open 24 hours"", ""Friday"": ""Open 24 hours"", ""Saturday"": ""Open 24 hours""}}]",,OPERATIONAL,"{""Service options"": {""Onsite services"": true, ""Online estimates"": false}, ""Accessibility"": {""Wheelchair accessible entrance"": true, ""Wheelchair accessible parking lot"": true}}",,,,https://lh6.googleusercontent.com/-dMTk-yyAGKo/AAAAAAAAAAI/AAAAAAAAAAA/uBhjsUbkgTk/s44-p-k-no-ns-nd/photo.jpg,,,True,115346095842697495480,SERVPRO of New Orleans Uptown & Mid-City,https://www.google.com/maps/contrib/115346095842697495480,,https://www.servpro.com/locations/la/servpro-of-new-orleans-uptown-mid-city?utm_medium=organic&utm_source=gbp,,https://www.servpro.com/locations/la/servpro-of-new-orleans-uptown-mid-city?utm_medium=organic&utm_source=gbp,"https://www.google.com/maps/place/SERVPRO+of+New+Orleans+Uptown+%26+Mid-City/@29.9405154,-90.0729978,14z/data=!4m8!1m2!2m1!1sSERVPRO+of+New+Orleans+Uptown+%26+Mid-City!3m4!1s0x8620a585c2693899:0x2bc9b96029165045!8m2!3d29.9405154!4d-90.0729978","https://www.google.com/maps/place/SERVPRO+of+New+Orleans+Uptown+%26+Mid-City/@29.9405154,-90.0729978,13.99z/data=!4m16!1m7!3m6!1s0x8620a585c2693899:0x2bc9b96029165045!2sSERVPRO+of+New+Orleans+Uptown+%26+Mid-City!8m2!3d29.9405154!4d-90.0729978!16s%2Fg%2F11ckvg1dmb!3m7!1s0x8620a585c2693899:0x2bc9b96029165045!8m2!3d29.9405154!4d-90.0729978!9m1!1b1!16s%2Fg%2F11ckvg1dmb?entry=ttu",ChIJmThpwoWlIIYRRVAWKWC5ySs,0x8620a585c2693899:0x2bc9b96029165045,3155256836607070277,/g/11l4mp74wy,3155256836607070277,,kbrooks@servpronet.com,RECEIVING,Verified,Kim Brooks,Kim,Brooks,Corporate Communications Coordinator,6154510200x1644,TCAWDERY@SERVPRO.COM,INVALID,Undeliverable,Terry Cawdery,Terry,Cawdery,,,peskenazi@servpronet.com,INVALID,Undeliverable,Patricia Eskenazi,Patricia,Eskenazi,Owner,17142369599,18007378776,landline,,,8007378776,,landline,,16622897473,,landline,,http://www.facebook.com/servpro,https://instagram.com/servproteamwall,http://www.linkedin.com/company/servpro-industries,,,,,,,,http://www.x.com/servpro,,https://www.youtube.com/user/SERVPROCorporate,,,"Contact Us | SERVPRO of Jersey City North, The Heights",Gatsby 5.14.5,"Need help with cleanup, restoration, or repairs? Call SERVPRO of Jersey City North, The Heights today for 24/7 emergency and specialty services.",,False,True
"water damage restoration service, 70179, New Orleans, LA, US",All Dry Services of Greater New Orleans,All Dry Services Of Greater New Orleans,https://www.myalldry.com/new-orleans-louisiana/,"Water damage restoration service, Fire damage restoration service",Water damage restoration service,Water damage restoration service,+1 504-350-8809,landline,Bandwidth.com,True,"1604 Peach St, Metairie, LA 70001",None,1604 Peach St,Metairie,70001,Louisiana,Louisiana,United States of America,US,29.9902715,-90.18694769999999,89444655d9bffff,America/Chicago,,False,4.9,64.0,https://search.google.com/local/reviews?placeid=ChIJ88ipRoytJS8RL3PT1wJPxeU&q=*&authuser=0&hl=en&gl=US,,,1.0,1.0,0.0,2.0,60.0,147.0,https://lh3.googleusercontent.com/p/AF1QipPcZnedhJ4pCxE_K7aLFbnvTkhgOpwalJjVZ9M0=w800-h500-k-no,https://lh3.googleusercontent.com/p/AF1QipPcZnedhJ4pCxE_K7aLFbnvTkhgOpwalJjVZ9M0=w1600-h1000-k-no,,"{""Sunday"": ""Open 24 hours"", ""Monday"": ""Open 24 hours"", ""Tuesday"": ""Open 24 hours"", ""Wednesday"": ""Open 24 hours"", ""Thursday"": ""Open 24 hours"", ""Friday"": ""Open 24 hours"", ""Saturday"": ""Open 24 hours""}","Sunday,Open 24 hours|Monday,Open 24 hours|Tuesday,Open 24 hours|Wednesday,Open 24 hours|Thursday,Open 24 hours|Friday,Open 24 hours|Saturday,Open 24 hours",Sunday:Open 24 hours|Monday:Open 24 hours|Tuesday:Open 24 hours|Wednesday:Open 24 hours|Thursday:Open 24 hours|Friday:Open 24 hours|Saturday:Open 24 hours,,,OPERATIONAL,"{""Service options"": {""Onsite services"": true, ""Online estimates"": false}, ""Accessibility"": {""Wheelchair accessible parking lot"": true}}",,,,https://lh6.googleusercontent.com/-lppN7WcelSc/AAAAAAAAAAI/AAAAAAAAAAA/5pFaOqd17HE/s44-p-k-no-ns-nd/photo.jpg,,,True,104433203184343532573,All Dry Services of Greater New Orleans,https://www.google.com/maps/contrib/104433203184343532573,,https://alldryteam.com/new-orleans-louisiana/,,https://alldryteam.com/new-orleans-louisiana/,"https://www.google.com/maps/place/All+Dry+Services+of+Greater+New+Orleans/@29.9902715,-90.18694769999999,14z/data=!4m8!1m2!2m1!1sAll+Dry+Services+of+Greater+New+Orleans!3m4!1s0x2f25ad8c46a9c8f3:0xe5c54f02d7d3732f!8m2!3d29.9902715!4d-90.18694769999999","https://www.google.com/maps/place/All+Dry+Services+of+Greater+New+Orleans/@29.9902715,-90.18694769999999,13.99z/data=!4m16!1m7!3m6!1s0x2f25ad8c46a9c8f3:0xe5c54f02d7d3732f!2sAll+Dry+Services+of+Greater+New+Orleans!8m2!3d29.9902715!4d-90.18694769999999!16s%2Fg%2F11ckvg1dmb!3m7!1s0x2f25ad8c46a9c8f3:0xe5c54f02d7d3732f!8m2!3d29.9902715!4d-90.18694769999999!9m1!1b1!16s%2Fg%2F11ckvg1dmb?entry=ttu",ChIJ88ipRoytJS8RL3PT1wJPxeU,0x2f25ad8c46a9c8f3:0xe5c54f02d7d3732f,16556726478726984495,/g/11qg0tjvkm,-1890017594982567121,,info@suiteedge.com,RECEIVING,SMTP validated,,,,,,crosby.lee@myalldry.com,RECEIVING,SMTP validated,,,,,,kate@myalldry.com,INVALID,Invalid SMTP,,,,,,5612206270,landline,,,2052913930,,landline,,480937899,,,,http://www.facebook.com/myalldry,https://www.instagram.com/alldryrivco,http://www.linkedin.com/company/alldryservices,,,,,,,,http://www.twitter.com/alldrytem,,https://www.youtube.com/channel/UCBp7XXbvHQiWnikQLLU3gHQ,https://github.com/newrelic/,,Restoration & Disaster Cleanup - All Dry Services of Riverside County,Divi v.4.27.4,"Professional restoration & disaster cleanup services including water, fire, mold, storm, and biohazard restoration in Riverside County.",,False,False
"water damage restoration service, 70179, New Orleans, LA, US","Dry-Tek Restoration Contractors, LLC - New Orleans",Dry Tek Restoration Contractors Llc New Orleans,https://www.drytekerc.com/,"Water damage restoration service, Service establishment, Fire damage restoration service",Water damage restoration service,Water damage restoration service,+1 504-336-3346,landline,,,,,,,,,,,,30.0326605,-89.88256349999999,8944464a367ffff,America/Chicago,,True,5.0,6.0,https://search.google.com/local/reviews?placeid=ChIJP9wRgA3Fh2wRS0Wmd4AQk-s&q=*&authuser=0&hl=en&gl=US,,,0.0,0.0,0.0,0.0,6.0,4.0,https://lh3.googleusercontent.com/p/AF1QipOhPQ6hM0qFkit_68ye92KtQsPLkU92NabvmHcH=w800-h500-k-no,https://lh3.googleusercontent.com/p/AF1QipOhPQ6hM0qFkit_68ye92KtQsPLkU92NabvmHcH=w1600-h1000-k-no,,"{""Sunday"": ""Open 24 hours"", ""Monday"": ""Open 24 hours"", ""Tuesday"": ""Open 24 hours"", ""Wednesday"": ""Open 24 hours"", ""Thursday"": ""Open 24 hours"", ""Friday"": ""Open 24 hours"", ""Saturday"": ""Open 24 hours""}","Sunday,Open 24 hours|Monday,Open 24 hours|Tuesday,Open 24 hours|Wednesday,Open 24 hours|Thursday,Open 24 hours|Friday,Open 24 hours|Saturday,Open 24 hours",Sunday:Open 24 hours|Monday:Open 24 hours|Tuesday:Open 24 hours|Wednesday:Open 24 hours|Thursday:Open 24 hours|Friday:Open 24 hours|Saturday:Open 24 hours,,,OPERATIONAL,{},,,,https://lh6.googleusercontent.com/-DU_WDktUdxo/AAAAAAAAAAI/AAAAAAAAAAA/0g0YN16nPOI/s44-p-k-no-ns-nd/photo.jpg,,,True,116473543103857243512,"Dry-Tek Restoration Contractors, LLC - New Orleans",https://www.google.com/maps/contrib/116473543103857243512,,,,,"https://www.google.com/maps/place/Dry-Tek+Restoration+Contractors%2C+LLC+-+New+Orleans/@30.0326605,-89.88256349999999,14z/data=!4m8!1m2!2m1!1sDry-Tek+Restoration+Contractors%2C+LLC+-+New+Orleans!3m4!1s0x6c87c50d8011dc3f:0xeb93108077a6454b!8m2!3d30.0326605!4d-89.88256349999999","https://www.google.com/maps/place/Dry-Tek+Restoration+Contractors%2C+LLC+-+New+Orleans/@30.0326605,-89.88256349999999,13.99z/data=!4m16!1m7!3m6!1s0x6c87c50d8011dc3f:0xeb93108077a6454b!2sDry-Tek+Restoration+Contractors%2C+LLC+-+New+Orleans!8m2!3d30.0326605!4d-89.88256349999999!16s%2Fg%2F11ckvg1dmb!3m7!1s0x6c87c50d8011dc3f:0xeb93108077a6454b!8m2!3d30.0326605!4d-89.88256349999999!9m1!1b1!16s%2Fg%2F11ckvg1dmb?entry=ttu",ChIJP9wRgA3Fh2wRS0Wmd4AQk-s,0x6c87c50d8011dc3f:0xeb93108077a6454b,16974929564438775115,/g/11wnm_ywdx,-1471814509270776501,,info@drytekrestoration.com,RECEIVING,SMTP validated,,,,,,,,,,,,,,,,,,,,,,5043363346,landline,,,15043363346,,landline,,5043385398,,mobile,,,,,,,,,,,,,,,,,Our Services - DRYTEK Restoration Services,WordPress 6.8.3,Dry-Tek Restoration offers expert water damage restoration services in New Orleans. Call us now to restore your home or business quickly!,,False,False
"water damage restoration service, 70179, New Orleans, LA, US",Stewart Restoration,Stewart Restoration,,"Water damage restoration service, Service establishment",Water damage restoration service,Water damage restoration service,+1 504-221-8615,mobile,T-Mobile USA Inc.,,,,,,,,,,,30.0002554,-89.9595196,89444641013ffff,America/Chicago,,True,5.0,227.0,https://search.google.com/local/reviews?placeid=ChIJU4xnPAn41KQRlZPNuVWDQso&q=*&authuser=0&hl=en&gl=US,,,2.0,0.0,0.0,0.0,225.0,4.0,https://lh3.googleusercontent.com/p/AF1QipMKsBvL3ElDdBQiUb4n5fQI3aiRHRwobF8sRqm4=w800-h500-k-no,https://lh3.googleusercontent.com/p/AF1QipMKsBvL3ElDdBQiUb4n5fQI3aiRHRwobF8sRqm4=w1600-h1000-k-no,,"{""Sunday"": ""Open 24 hours"", ""Monday"": ""Open 24 hours"", ""Tuesday"": ""Open 24 hours"", ""Wednesday"": ""Open 24 hours"", ""Thursday"": ""Open 24 hours"", ""Friday"": ""Open 24 hours"", ""Saturday"": ""Open 24 hours""}","Sunday,Open 24 hours|Monday,Open 24 hours|Tuesday,Open 24 hours|Wednesday,Open 24 hours|Thursday,Open 24 hours|Friday,Open 24 hours|Saturday,Open 24 hours",Sunday:Open 24 hours|Monday:Open 24 hours|Tuesday:Open 24 hours|Wednesday:Open 24 hours|Thursday:Open 24 hours|Friday:Open 24 hours|Saturday:Open 24 hours,,,OPERATIONAL,{},,,,https://lh5.googleusercontent.com/-YX4BL6yZFHA/AAAAAAAAAAI/AAAAAAAAAAA/eecv3wj2jTs/s44-p-k-no-ns-nd/photo.jpg,,,True,115733142843765171141,Stewart Restoration,https://www.google.com/maps/contrib/115733142843765171141,,,,,"https://www.google.com/maps/place/Stewart+Restoration/@30.0002554,-89.9595196,14z/data=!4m8!1m2!2m1!1sStewart+Restoration!3m4!1s0xa4d4f8093c678c53:0xca428355b9cd9395!8m2!3d30.0002554!4d-89.9595196","https://www.google.com/maps/place/Stewart+Restoration/@30.0002554,-89.9595196,13.99z/data=!4m16!1m7!3m6!1s0xa4d4f8093c678c53:0xca428355b9cd9395!2sStewart+Restoration!8m2!3d30.0002554!4d-89.9595196!16s%2Fg%2F11ckvg1dmb!3m7!1s0xa4d4f8093c678c53:0xca428355b9cd9395!8m2!3d30.0002554!4d-89.9595196!9m1!1b1!16s%2Fg%2F11ckvg1dmb?entry=ttu",ChIJU4xnPAn41KQRlZPNuVWDQso,0xa4d4f8093c678c53:0xca428355b9cd9395,14574355748337062805,/g/11ydr5mf19,-3872388325372488811,,,,,,,,,,,,,,,,,,,,,,,,,,,,,,,,,,,,,,,,,,,,,,,,,,,,,,,,,,
"water damage restoration service, 70179, New Orleans, LA, US",NOLA Restoration,Nola Restoration,https://dryproexperts.com/,"Water damage restoration service, Air duct cleaning service, Building restoration service, Carpet cleaning service, Fire damage restoration service, General contractor, Waste management service",Water damage restoration service,Water damage restoration service,+1 504-316-9312,mobile,,,"315 Newman Ave, New Orleans, LA 70121",None,315 Newman Ave,New Orleans,70121,Louisiana,Louisiana,United States of America,US,29.9555461,-90.1720177,8944465428bffff,America/Chicago,,False,5.0,51.0,https://search.google.com/local/reviews?placeid=ChIJjU3mceEf7g8RD3zfR6l9a0o&q=*&authuser=0&hl=en&gl=US,,,0.0,0.0,0.0,0.0,51.0,29.0,https://lh3.googleusercontent.com/p/AF1QipMyv5Mwe_bYnLyH66wcxqgEn_SlpM5b4543KGYU=w800-h500-k-no,https://lh3.googleusercontent.com/p/AF1QipMyv5Mwe_bYnLyH66wcxqgEn_SlpM5b4543KGYU=w1600-h1000-k-no,,"{""Sunday"": ""Open 24 hours"", ""Monday"": ""Open 24 hours"", ""Tuesday"": ""Open 24 hours"", ""Wednesday"": ""Open 24 hours"", ""Thursday"": ""Open 24 hours"", ""Friday"": ""Open 24 hours"", ""Saturday"": ""Open 24 hours""}","Sunday,Open 24 hours|Monday,Open 24 hours|Tuesday,Open 24 hours|Wednesday,Open 24 hours|Thursday,Open 24 hours|Friday,Open 24 hours|Saturday,Open 24 hours",Sunday:Open 24 hours|Monday:Open 24 hours|Tuesday:Open 24 hours|Wednesday:Open 24 hours|Thursday:Open 24 hours|Friday:Open 24 hours|Saturday:Open 24 hours,,,OPERATIONAL,"{""Service options"": {""Online estimates"": true, ""Onsite services"": true}, ""Accessibility"": {""Wheelchair accessible parking lot"": true}, ""Crowd"": {""LGBTQ+ friendly"": true, ""Transgender safespace"": true}, ""Other"": {""LGBTQ+ friendly"": true}}",,,,https://lh5.googleusercontent.com/-ykjHCxrD_Q4/AAAAAAAAAAI/AAAAAAAAAAA/UAwx0f7F--c/s44-p-k-no-ns-nd/photo.jpg,,,True,101141468737895691845,NOLA Restoration,https://www.google.com/maps/contrib/101141468737895691845,,https://dryproexperts.com/contact-us/,,"https://dryproexperts.com/contact-us/, https://online-booking.workiz.com/?ac=b56b6ce5627cae7b1a499690bd39256d636f1ede04a60bf6540b4957a104690e&fromgls=true&rwg_token=ACgRB3dK3UdxNar0MCl-Cj5mINmifidDrE_b0E7GFFEBi0XtSLXnpEUMV_kUXz1fi5sW5m4mW1fd5h4AuORBgzB4H2mDINx_FibXghVpF5SFsSOh04TAfSk%3D","https://www.google.com/maps/place/NOLA+Restoration/@29.9555461,-90.1720177,14z/data=!4m8!1m2!2m1!1sNOLA+Restoration!3m4!1s0xfee1fe171e64d8d:0x4a6b7da947df7c0f!8m2!3d29.9555461!4d-90.1720177","https://www.google.com/maps/place/NOLA+Restoration/@29.9555461,-90.1720177,13.99z/data=!4m16!1m7!3m6!1s0xfee1fe171e64d8d:0x4a6b7da947df7c0f!2sNOLA+Restoration!8m2!3d29.9555461!4d-90.1720177!16s%2Fg%2F11ckvg1dmb!3m7!1s0xfee1fe171e64d8d:0x4a6b7da947df7c0f!8m2!3d29.9555461!4d-90.1720177!9m1!1b1!16s%2Fg%2F11ckvg1dmb?entry=ttu",ChIJjU3mceEf7g8RD3zfR6l9a0o,0xfee1fe171e64d8d:0x4a6b7da947df7c0f,5362517947323481103,/g/11rrqf1zsd,5362517947323481103,,dsellers@audubonmgmtgroup.com,RECEIVING,SMTP validated,,,,,,,,,,,,,,,,,,,,,,5043169312,mobile,,,15043169312,,mobile,,,,,,https://www.facebook.com/DRYPROEXPERTS/,,,,,,,,,,,,,,,Maintenance - Dry Pro Restoration,All in One SEO (AIOSEO) 4.9.0,"Are you looking to restore your home, building, or property due to water or fire damage? Contact Dry Pro Restoration. 24/7/365, 45-minute response time.",,False,True
"water damage restoration service, 70179, New Orleans, LA, US",BELFOR Property Restoration (New Orleans),Belfor Property Restoration New Orleans,https://www.belfor.com/us/en/locations/,"Water damage restoration service, Building restoration service, Fire damage restoration service",Fire damage restoration service,Water damage restoration service,+1 504-456-6768,landline,,,"5605 Salmen St, New Orleans, LA 70123",None,5605 Salmen St,New Orleans,70123,Louisiana,Louisiana,United States of America,US,29.9615537,-90.1931496,89444654077ffff,America/Chicago,,False,4.5,16.0,https://search.google.com/local/reviews?placeid=ChIJ5zF3-vW6IIYRY_eHL8B0Zmg&q=*&authuser=0&hl=en&gl=US,,,2.0,0.0,0.0,0.0,14.0,26.0,https://lh3.googleusercontent.com/p/AF1QipOtVFHopOuCmlii1SwUEuknHHI65W3Rte9vJf_J=w800-h500-k-no,https://lh3.googleusercontent.com/p/AF1QipOtVFHopOuCmlii1SwUEuknHHI65W3Rte9vJf_J=w1600-h1000-k-no,,"{""Sunday"": ""Open 24 hours"", ""Monday"": ""Open 24 hours"", ""Tuesday"": ""Open 24 hours"", ""Wednesday"": ""Open 24 hours"", ""Thursday"": ""Open 24 hours"", ""Friday"": ""Open 24 hours"", ""Saturday"": ""Open 24 hours""}","Sunday,Open 24 hours|Monday,Open 24 hours|Tuesday,Open 24 hours|Wednesday,Open 24 hours|Thursday,Open 24 hours|Friday,Open 24 hours|Saturday,Open 24 hours",Sunday:Open 24 hours|Monday:Open 24 hours|Tuesday:Open 24 hours|Wednesday:Open 24 hours|Thursday:Open 24 hours|Friday:Open 24 hours|Saturday:Open 24 hours,,,OPERATIONAL,"{""Accessibility"": {""Wheelchair accessible entrance"": true, ""Wheelchair accessible parking lot"": true}}",,,,https://lh4.googleusercontent.com/-i3w18xuE4PA/AAAAAAAAAAI/AAAAAAAAAAA/XLfym8pi1CE/s44-p-k-no-ns-nd/photo.jpg,,,True,116705915926899162999,BELFOR Property Restoration,https://www.google.com/maps/contrib/116705915926899162999,,,,,"https://www.google.com/maps/place/BELFOR+Property+Restoration+%28New+Orleans%29/@29.9615537,-90.1931496,14z/data=!4m8!1m2!2m1!1sBELFOR+Property+Restoration+%28New+Orleans%29!3m4!1s0x8620baf5fa7731e7:0x686674c02f87f763!8m2!3d29.9615537!4d-90.1931496","https://www.google.com/maps/place/BELFOR+Property+Restoration+%28New+Orleans%29/@29.9615537,-90.1931496,13.99z/data=!4m16!1m7!3m6!1s0x8620baf5fa7731e7:0x686674c02f87f763!2sBELFOR+Property+Restoration+%28New+Orleans%29!8m2!3d29.9615537!4d-90.1931496!16s%2Fg%2F11ckvg1dmb!3m7!1s0x8620baf5fa7731e7:0x686674c02f87f763!8m2!3d29.9615537!4d-90.1931496!9m1!1b1!16s%2Fg%2F11ckvg1dmb?entry=ttu",ChIJ5zF3-vW6IIYRY_eHL8B0Zmg,0x8620baf5fa7731e7:0x686674c02f87f763,7522828596348974947,/g/1tfk9cjh,7522828596348974947,,ddw77@comcast.net,RECEIVING,Confirmed,David Weaver,David,Weaver,Regional Safety Manager,12485941144,adadams@aol.com,RECEIVING,Verified,Tony Adams,Tony,Adams,Project Manager At Belfor Property Restoration,12485941144,edwardl@horizonrestoration.com,INVALID,Undeliverable,Edward Laskaris,Edward,Laskaris,Project Manager And Estimator,12485941144,8008563333,toll_free,,,2485941144,"ONVOY, LLC - MI",landline,,847205580,Viettel Mobile,unknown,,http://www.facebook.com/belforgroup,https://www.instagram.com/embed.js,https://www.linkedin.com/company/belford-construction-inc,,,,,,,,http://www.twitter.com/belforgroup,,https://www.youtube.com/user/belfor,https://github.com/newrelic/,,BELFOR | Ihr Schadensanierer,WordPress 6.8.1,"Ob Brandschaden, Wasserschaden oder Sturmschaden, was jetzt zählt, ist eine schnelle Reaktion und das Ergreifen der richtigen Maßnahmen.","fire damage restoration, water damage restoration",False,False
"water damage restoration service, 70179, New Orleans, LA, US",MIDO,Mido,https://www.waterdamage-neworleans.com/,Water damage restoration service,Water damage restoration service,Water damage restoration service,+1 504-612-9082,landline,,,"1515 S Salcedo St Ste 113, New Orleans, LA 70125",Gert Town,1515 S Salcedo St Ste 113,New Orleans,70125,Louisiana,Louisiana,United States of America,US,29.954183699999998,-90.10328539999999,8944465528bffff,America/Chicago,,False,5.0,3.0,https://search.google.com/local/reviews?placeid=ChIJfbybZdelIIYRwGnX9OA8l08&q=*&authuser=0&hl=en&gl=US,,,0.0,0.0,0.0,0.0,3.0,5.0,https://lh3.googleusercontent.com/p/AF1QipMv_aiZJ5fnX_XSEL5ozswIcaHsCqdqq2J1H5Wr=w800-h500-k-no,https://lh3.googleusercontent.com/p/AF1QipMv_aiZJ5fnX_XSEL5ozswIcaHsCqdqq2J1H5Wr=w1600-h1000-k-no,,"{""Sunday"": ""Open 24 hours"", ""Monday"": ""Open 24 hours"", ""Tuesday"": ""Open 24 hours"", ""Wednesday"": ""Open 24 hours"", ""Thursday"": ""Open 24 hours"", ""Friday"": ""Open 24 hours"", ""Saturday"": ""Open 24 hours""}","Sunday,Open 24 hours|Monday,Open 24 hours|Tuesday,Open 24 hours|Wednesday,Open 24 hours|Thursday,Open 24 hours|Friday,Open 24 hours|Saturday,Open 24 hours",Sunday:Open 24 hours|Monday:Open 24 hours|Tuesday:Open 24 hours|Wednesday:Open 24 hours|Thursday:Open 24 hours|Friday:Open 24 hours|Saturday:Open 24 hours,,,OPERATIONAL,"{""Service options"": {""Onsite services"": true}}",,,,https://lh5.googleusercontent.com/-1Y_cB_fBw34/AAAAAAAAAAI/AAAAAAAAAAA/FCRvE_wRdGQ/s44-p-k-no-ns-nd/photo.jpg,,,True,108700549733945235968,MIDO,https://www.google.com/maps/contrib/108700549733945235968,,,,,"https://www.google.com/maps/place/MIDO/@29.954183699999998,-90.10328539999999,14z/data=!4m8!1m2!2m1!1sMIDO!3m4!1s0x8620a5d7659bbc7d:0x4f973ce0f4d769c0!8m2!3d29.954183699999998!4d-90.10328539999999","https://www.google.com/maps/place/MIDO/@29.954183699999998,-90.10328539999999,13.99z/data=!4m16!1m7!3m6!1s0x8620a5d7659bbc7d:0x4f973ce0f4d769c0!2sMIDO!8m2!3d29.954183699999998!4d-90.10328539999999!16s%2Fg%2F11ckvg1dmb!3m7!1s0x8620a5d7659bbc7d:0x4f973ce0f4d769c0!8m2!3d29.954183699999998!4d-90.10328539999999!9m1!1b1!16s%2Fg%2F11ckvg1dmb?entry=ttu",ChIJfbybZdelIIYRwGnX9OA8l08,0x8620a5d7659bbc7d:0x4f973ce0f4d769c0,5735119587357714880,/g/11fhr0t_j6,5735119587357714880,,nola@dgcarpetclean.com,RECEIVING,SMTP validated,,,,,,midorestorationservices@gmail.com,RECEIVING,Verified,,,,,,,,,,,,,,1200,,,,5046129082,,landline,,15046129082,,landline,,https://www.facebook.com/2113955885318301,,,,,,,,,,,,,,,Fire Damage Restoration New Orleans - MIDO Restoration Services,WordPress 5.4.16,"Experts at MIDO Restoration Services can provide emergency fire damage restoration and smoke recovery services in New Orleans, Metairie and surrounding. Call us today!",,False,False
"water damage restoration service, 70179, New Orleans, LA, US",Bryter Restoration of New Orleans Riverwood,Bryter Restoration Of New Orleans Riverwood,https://bryterrestoration.com/water-damage-restoration-new-orleans-la-70087/,"Water damage restoration service, Service establishment",Water damage restoration service,Water damage restoration service,+1 504-389-4800,landline,,,,,,,,,,,,30.0326605,-89.88256349999999,8944464a367ffff,America/Chicago,,True,5.0,1.0,https://search.google.com/local/reviews?placeid=ChIJLTpOkE5KImcRWm0XCO-4Jqo&q=*&authuser=0&hl=en&gl=US,,,0.0,0.0,0.0,0.0,1.0,7.0,https://lh3.googleusercontent.com/p/AF1QipNk4n3m7VUb6bL0JtYmByNOgfCrRkALPHCuPQmi=w800-h500-k-no,https://lh3.googleusercontent.com/p/AF1QipNk4n3m7VUb6bL0JtYmByNOgfCrRkALPHCuPQmi=w1600-h1000-k-no,,"{""Sunday"": ""Open 24 hours"", ""Monday"": ""Open 24 hours"", ""Tuesday"": ""Open 24 hours"", ""Wednesday"": ""Open 24 hours"", ""Thursday"": ""Open 24 hours"", ""Friday"": ""Open 24 hours"", ""Saturday"": ""Open 24 hours""}","Sunday,Open 24 hours|Monday,Open 24 hours|Tuesday,Open 24 hours|Wednesday,Open 24 hours|Thursday,Open 24 hours|Friday,Open 24 hours|Saturday,Open 24 hours",Sunday:Open 24 hours|Monday:Open 24 hours|Tuesday:Open 24 hours|Wednesday:Open 24 hours|Thursday:Open 24 hours|Friday:Open 24 hours|Saturday:Open 24 hours,,,OPERATIONAL,{},,,,https://lh3.googleusercontent.com/-LQNgyDpkJx4/AAAAAAAAAAI/AAAAAAAAAAA/8KAI25A3FM0/s44-p-k-no-ns-nd/photo.jpg,,,True,115378148569652812166,Bryter Restoration of New Orleans Riverwood,https://www.google.com/maps/contrib/115378148569652812166,,,,,"https://www.google.com/maps/place/Bryter+Restoration+of+New+Orleans+Riverwood/@30.0326605,-89.88256349999999,14z/data=!4m8!1m2!2m1!1sBryter+Restoration+of+New+Orleans+Riverwood!3m4!1s0x67224a4e904e3a2d:0xaa26b8ef08176d5a!8m2!3d30.0326605!4d-89.88256349999999","https://www.google.com/maps/place/Bryter+Restoration+of+New+Orleans+Riverwood/@30.0326605,-89.88256349999999,13.99z/data=!4m16!1m7!3m6!1s0x67224a4e904e3a2d:0xaa26b8ef08176d5a!2sBryter+Restoration+of+New+Orleans+Riverwood!8m2!3d30.0326605!4d-89.88256349999999!16s%2Fg%2F11ckvg1dmb!3m7!1s0x67224a4e904e3a2d:0xaa26b8ef08176d5a!8m2!3d30.0326605!4d-89.88256349999999!9m1!1b1!16s%2Fg%2F11ckvg1dmb?entry=ttu",ChIJLTpOkE5KImcRWm0XCO-4Jqo,0x67224a4e904e3a2d:0xaa26b8ef08176d5a,12260690372335201626,/g/11rnfx1bs7,-6186053701374349990,,tizbig@gmail.com,RECEIVING,SMTP validated,,,,,,info@bryterrestoration.com,BLACKLISTED,SMTP validated,,,,,,,,,,,,,,19104064411,fixed line,"ONVOY, LLC - NC",,19103105220,,landline,,9104064411,"ONVOY, LLC - NC",fixed line,,https://www.facebook.com/Bryter-Restoration-of-Wilmington-101293592235356,,,,,,,,,,https://twitter.com/BryterResto,,https://www.youtube.com/channel/UCroao6wCzfZGOeY-REUZ-_A,,,Homepage - Bryter Water Damage Restoration,Divi v.4.18.0,Bryter Restoration provides Water Damage Restoration and Mold Removal Service in the Carolinas available 24 hours 7 days week. Call Today!,,False,False
"water damage restoration service, 70179, New Orleans, LA, US",CCT Mold Remediation,Cct Mold Remediation,http://cctmoldremediationneworleans.pro/,Water damage restoration service,Water damage restoration service,Water damage restoration service,+1 985-401-7796,landline,,,"332 St Joseph St, New Orleans, LA 70130",Lower Garden District,332 St Joseph St,New Orleans,70130,Louisiana,Louisiana,United States of America,US,29.9430984,-90.0669029,89444642097ffff,America/Chicago,,False,5.0,8.0,https://search.google.com/local/reviews?placeid=ChIJgyOh_FynIIYRdlUt15wEyiQ&q=*&authuser=0&hl=en&gl=US,,,0.0,0.0,0.0,0.0,8.0,1.0,https://streetviewpixels-pa.googleapis.com/v1/thumbnail?panoid=u1WxVBurPbbczSA_xDqNLQ&cb_client=search.gws-prod.gps&w=800&h=500&yaw=15.572166&pitch=0&thumbfov=100,https://streetviewpixels-pa.googleapis.com/v1/thumbnail?panoid=u1WxVBurPbbczSA_xDqNLQ&cb_client=search.gws-prod.gps&w=1600&h=1000&yaw=15.572166&pitch=0&thumbfov=100,,,,,,,OPERATIONAL,{},,,,,,,False,None,CCT Mold Remediation,,,,,,"https://www.google.com/maps/place/CCT+Mold+Remediation/@29.9430984,-90.0669029,14z/data=!4m8!1m2!2m1!1sCCT+Mold+Remediation!3m4!1s0x8620a75cfca12383:0x24ca049cd72d5576!8m2!3d29.9430984!4d-90.0669029","https://www.google.com/maps/place/CCT+Mold+Remediation/@29.9430984,-90.0669029,13.99z/data=!4m16!1m7!3m6!1s0x8620a75cfca12383:0x24ca049cd72d5576!2sCCT+Mold+Remediation!8m2!3d29.9430984!4d-90.0669029!16s%2Fg%2F11ckvg1dmb!3m7!1s0x8620a75cfca12383:0x24ca049cd72d5576!8m2!3d29.9430984!4d-90.0669029!9m1!1b1!16s%2Fg%2F11ckvg1dmb?entry=ttu",ChIJgyOh_FynIIYRdlUt15wEyiQ,0x8620a75cfca12383:0x24ca049cd72d5576,2650936402332439926,/g/11y8sq82c5,2650936402332439926,,info@cctmoldremediationneworleans.pro,RECEIVING,Role,,,,,,,,,,,,,,,,,,,,,,9852026189,landline,,,,,,,,,,,,,,,,,,,,,,,,,,CCT Mold Remediation New Orleans,,,"Water Damage Restoration, Emergency Water Removal, Flood Cleanup, Water Extraction Services, Mold Remediation, Water Damage Repair, Structural Drying, Dehumidification Services",False,False
"water damage restoration service, 70179, New Orleans, LA, US",AdvantaClean of Metro New Orleans,Advantaclean Of Metro New Orleans,https://advantaclean.com/new-orleans-la,"Water damage restoration service, Air duct cleaning service, Building restoration service, Waterproofing service",Water damage restoration service,Water damage restoration service,+1 504-370-8623,landline,Onvoy,True,"1515 S Salcedo St Suite 130, New Orleans, LA 70125",Gert Town,1515 S Salcedo St Suite 130,New Orleans,70125,Louisiana,Louisiana,United States of America,US,29.9541327,-90.1031514,8944465528bffff,America/Chicago,,False,4.8,108.0,https://search.google.com/local/reviews?placeid=ChIJ5w5w9g-vIIYRB8upBZFBa4Q&q=*&authuser=0&hl=en&gl=US,,,4.0,1.0,1.0,2.0,100.0,177.0,https://lh3.googleusercontent.com/p/AF1QipOe69KR0HqHma4NdO7iev-eXuQQy1KsXTDfFKnT=w800-h500-k-no,https://lh3.googleusercontent.com/p/AF1QipOe69KR0HqHma4NdO7iev-eXuQQy1KsXTDfFKnT=w1600-h1000-k-no,,"{""Sunday"": ""Open 24 hours"", ""Monday"": ""Open 24 hours"", ""Tuesday"": ""Open 24 hours"", ""Wednesday"": ""Open 24 hours"", ""Thursday"": ""Open 24 hours"", ""Friday"": ""Open 24 hours"", ""Saturday"": ""Open 24 hours""}","Sunday,Open 24 hours|Monday,Open 24 hours|Tuesday,Open 24 hours|Wednesday,Open 24 hours|Thursday,Open 24 hours|Friday,Open 24 hours|Saturday,Open 24 hours",Sunday:Open 24 hours|Monday:Open 24 hours|Tuesday:Open 24 hours|Wednesday:Open 24 hours|Thursday:Open 24 hours|Friday:Open 24 hours|Saturday:Open 24 hours,,,OPERATIONAL,"{""Service options"": {""Onsite services"": true}, ""Accessibility"": {""Wheelchair accessible entrance"": true, ""Wheelchair accessible parking lot"": true}}",,,,https://lh6.googleusercontent.com/-W0RgumAsImg/AAAAAAAAAAI/AAAAAAAAAAA/_fZUpXgPc3M/s44-p-k-no-ns-nd/photo.jpg,,,True,111242502940678566810,AdvantaClean of Metro New Orleans,https://www.google.com/maps/contrib/111242502940678566810,,https://www.advantaclean.com/new-orleans-la/,,https://www.advantaclean.com/new-orleans-la/,"https://www.google.com/maps/place/AdvantaClean+of+Metro+New+Orleans/@29.9541327,-90.1031514,14z/data=!4m8!1m2!2m1!1sAdvantaClean+of+Metro+New+Orleans!3m4!1s0x8620af0ff6700ee7:0x846b419105a9cb07!8m2!3d29.9541327!4d-90.1031514","https://www.google.com/maps/place/AdvantaClean+of+Metro+New+Orleans/@29.9541327,-90.1031514,13.99z/data=!4m16!1m7!3m6!1s0x8620af0ff6700ee7:0x846b419105a9cb07!2sAdvantaClean+of+Metro+New+Orleans!8m2!3d29.9541327!4d-90.1031514!16s%2Fg%2F11ckvg1dmb!3m7!1s0x8620af0ff6700ee7:0x846b419105a9cb07!8m2!3d29.9541327!4d-90.1031514!9m1!1b1!16s%2Fg%2F11ckvg1dmb?entry=ttu",ChIJ5w5w9g-vIIYRB8upBZFBa4Q,0x8620af0ff6700ee7:0x846b419105a9cb07,9541792326635604743,/g/12hqh3s12,-8904951747073946873,,jimspections@gmail.com,RECEIVING,SMTP validated,Jim Dundon,Jim,Dundon,Owner,,fmcabrera@comcast.net,RECEIVING,Verified,Frank Cabrera,Frank,Cabrera,Regional Developer Of Northern California At Advantaclean,,ramirez_d@subway.com,INVALID,Undeliverable,Desiree Ramirez,Desiree,Ramirez,Account Manager,,8778002382,toll_free,,,18607565314,"ONVOY, LLC - CT",landline,,17172834065,"BANDWIDTH.COM CLEC, LLC - PA",fixed line,,https://www.facebook.com/AdvantaCleanBadgerland/,https://www.instagram.com/advantaclean,https://www.linkedin.com/company/advantacleanoftoledo,,,,,,,,https://twitter.com/advantaclean,,https://www.youtube.com/channel/UCZ2uw_kYUb7s5v4xxGqisuw,,,Blog | AdvantaClean Badgerland,,"AdvantaClean has been in business for over 25 years helping clients with mold remediation, water damage restoration, and air duct cleaning.",,False,False
"water damage restoration service, 70179, New Orleans, LA, US",SERVPRO of Downtown New Orleans/Team MLR,Servpro Of Downtown New Orleans/Team Mlr,https://www.servpro.com/locations/la/servpro-of-downtown-new-orleans-team-mlr%3Futm_medium%3Dorganic%26utm_source%3Dgbp,"Water damage restoration service, Air duct cleaning service, Building restoration service, Carpet cleaning service, Cleaners, Crime victim service, Debris removal service, Fire damage restoration service, Waste management service",Water damage restoration service,Water damage restoration service,+1 504-287-4952,mobile,T-Mobile USA Inc.,,"601 Poydras St Suite 1720A, New Orleans, LA 70130",Central Business District,601 Poydras St Suite 1720A,New Orleans,70130,Louisiana,Louisiana,United States of America,US,29.949959,-90.0696767,894446420b3ffff,America/Chicago,,False,5.0,24.0,https://search.google.com/local/reviews?placeid=ChIJ5XBJ4mGnIIYRk5tc-2KdQWc&q=*&authuser=0&hl=en&gl=US,,,0.0,0.0,0.0,0.0,24.0,167.0,https://lh3.googleusercontent.com/p/AF1QipPq8bvQ8N7M1ChmG8Q3E2hJjRcuxWiyLUdrt-Mf=w800-h500-k-no,https://lh3.googleusercontent.com/p/AF1QipPq8bvQ8N7M1ChmG8Q3E2hJjRcuxWiyLUdrt-Mf=w1600-h1000-k-no,,"{""Sunday"": ""Open 24 hours"", ""Monday"": ""Open 24 hours"", ""Tuesday"": ""Open 24 hours"", ""Wednesday"": ""Open 24 hours"", ""Thursday"": ""Open 24 hours"", ""Friday"": ""Open 24 hours"", ""Saturday"": ""Open 24 hours""}","Sunday,Open 24 hours|Monday,Open 24 hours|Tuesday,Open 24 hours|Wednesday,Open 24 hours|Thursday,Open 24 hours|Friday,Open 24 hours|Saturday,Open 24 hours",Sunday:Open 24 hours|Monday:Open 24 hours|Tuesday:Open 24 hours|Wednesday:Open 24 hours|Thursday:Open 24 hours|Friday:Open 24 hours|Saturday:Open 24 hours,"[{""online_service_hours"": {""Sunday"": ""Open 24 hours"", ""Monday"": ""Open 24 hours"", ""Tuesday"": ""Open 24 hours"", ""Wednesday"": ""Open 24 hours"", ""Thursday"": ""Open 24 hours"", ""Friday"": ""Open 24 hours"", ""Saturday"": ""Open 24 hours""}}]",,OPERATIONAL,"{""Service options"": {""Onsite services"": true}}",,,,https://lh5.googleusercontent.com/-c-LYzWXfKsI/AAAAAAAAAAI/AAAAAAAAAAA/U26R53y14eI/s44-p-k-no-ns-nd/photo.jpg,,,True,107515965646249961116,SERVPRO of Downtown New Orleans/Team MLR,https://www.google.com/maps/contrib/107515965646249961116,,https://www.servpro.com/locations/la/servpro-of-downtown-new-orleans-team-mlr?utm_medium=organic&utm_source=gbp,,https://www.servpro.com/locations/la/servpro-of-downtown-new-orleans-team-mlr?utm_medium=organic&utm_source=gbp,"https://www.google.com/maps/place/SERVPRO+of+Downtown+New+Orleans%2FTeam+MLR/@29.949959,-90.0696767,14z/data=!4m8!1m2!2m1!1sSERVPRO+of+Downtown+New+Orleans%2FTeam+MLR!3m4!1s0x8620a761e24970e5:0x67419d62fb5c9b93!8m2!3d29.949959!4d-90.0696767","https://www.google.com/maps/place/SERVPRO+of+Downtown+New+Orleans%2FTeam+MLR/@29.949959,-90.0696767,13.99z/data=!4m16!1m7!3m6!1s0x8620a761e24970e5:0x67419d62fb5c9b93!2sSERVPRO+of+Downtown+New+Orleans%2FTeam+MLR!8m2!3d29.949959!4d-90.0696767!16s%2Fg%2F11ckvg1dmb!3m7!1s0x8620a761e24970e5:0x67419d62fb5c9b93!8m2!3d29.949959!4d-90.0696767!9m1!1b1!16s%2Fg%2F11ckvg1dmb?entry=ttu",ChIJ5XBJ4mGnIIYRk5tc-2KdQWc,0x8620a761e24970e5:0x67419d62fb5c9b93,7440401107842276243,/g/11vhs_gt36,7440401107842276243,,servpro8109@servpronorthaustin.com,RECEIVING,SMTP validated,,,,,,servpro8708@bbamail.com,RECEIVING,Verified,,,,,,info@servprowestpasco.com,RECEIVING,Role,,,,,,18007378776,landline,,,8007378776,,landline,,16622897473,,landline,,http://www.facebook.com/servpro,https://instagram.com/servproteamwall,http://www.linkedin.com/company/servpro-industries,,,,,,,,http://www.x.com/servpro,,https://www.youtube.com/user/SERVPROCorporate,,,"Contact Us | SERVPRO of Jersey City North, The Heights",Gatsby 5.14.5,"Need help with cleanup, restoration, or repairs? Call SERVPRO of Jersey City North, The Heights today for 24/7 emergency and specialty services.",,False,True
"water damage restoration service, 70179, New Orleans, LA, US",911 Restoration of New Orleans,911 Restoration Of New Orleans,https://www.911restorationneworleans.com/,"Water damage restoration service, Fire damage restoration service, Waste management service",Water damage restoration service,Water damage restoration service,+1 504-457-7929,landline,,,"3112 Pontchartrain Dr Suite 204, Slidell, LA 70458",None,3112 Pontchartrain Dr Suite 204,Slidell,70458,Louisiana,Louisiana,United States of America,US,30.2615086,-89.784876,894455b180bffff,America/Chicago,,False,5.0,10.0,https://search.google.com/local/reviews?placeid=ChIJfbncOzCwIIYRwHWfvnZ0krY&q=*&authuser=0&hl=en&gl=US,,,0.0,0.0,0.0,0.0,10.0,82.0,https://lh3.googleusercontent.com/p/AF1QipPbLfi6NuLafAt7842e8-H2bFLRzYLvJSjAMZWC=w800-h500-k-no,https://lh3.googleusercontent.com/p/AF1QipPbLfi6NuLafAt7842e8-H2bFLRzYLvJSjAMZWC=w1600-h1000-k-no,,"{""Sunday"": ""Open 24 hours"", ""Monday"": ""Open 24 hours"", ""Tuesday"": ""Open 24 hours"", ""Wednesday"": ""Open 24 hours"", ""Thursday"": ""Open 24 hours"", ""Friday"": ""Open 24 hours"", ""Saturday"": ""Open 24 hours""}","Sunday,Open 24 hours|Monday,Open 24 hours|Tuesday,Open 24 hours|Wednesday,Open 24 hours|Thursday,Open 24 hours|Friday,Open 24 hours|Saturday,Open 24 hours",Sunday:Open 24 hours|Monday:Open 24 hours|Tuesday:Open 24 hours|Wednesday:Open 24 hours|Thursday:Open 24 hours|Friday:Open 24 hours|Saturday:Open 24 hours,,,OPERATIONAL,"{""Service options"": {""Onsite services"": true}, ""Accessibility"": {""Wheelchair accessible entrance"": true, ""Wheelchair accessible parking lot"": true}}",,,,https://lh3.googleusercontent.com/-DhGdM4r3ycg/AAAAAAAAAAI/AAAAAAAAAAA/OQlZ0dRVQ8o/s44-p-k-no-ns-nd/photo.jpg,,,True,116652648079831820544,911 Restoration of New Orleans,https://www.google.com/maps/contrib/116652648079831820544,,,,,"https://www.google.com/maps/place/911+Restoration+of+New+Orleans/@30.2615086,-89.784876,14z/data=!4m8!1m2!2m1!1s911+Restoration+of+New+Orleans!3m4!1s0x8620b0303bdcb97d:0xb6927476be9f75c0!8m2!3d30.2615086!4d-89.784876","https://www.google.com/maps/place/911+Restoration+of+New+Orleans/@30.2615086,-89.784876,13.99z/data=!4m16!1m7!3m6!1s0x8620b0303bdcb97d:0xb6927476be9f75c0!2s911+Restoration+of+New+Orleans!8m2!3d30.2615086!4d-89.784876!16s%2Fg%2F11ckvg1dmb!3m7!1s0x8620b0303bdcb97d:0xb6927476be9f75c0!8m2!3d30.2615086!4d-89.784876!9m1!1b1!16s%2Fg%2F11ckvg1dmb?entry=ttu",ChIJfbncOzCwIIYRwHWfvnZ0krY,0x8620b0303bdcb97d:0xb6927476be9f75c0,13155705514855724480,/g/11cjk55cnz,-5291038558853827136,,michael.b@911restoration.com,RECEIVING,Catch All,,,,,,,,,,,,,,,,,,,,,,5044577929,landline,,,15044577929,,landline,,9854008122,"NEW CINGULAR WIRELESS PCS, LLC - GA",mobile,,https://facebook.com/911-Restoration-of-New-Orleans-106288857995689/,,,,,,,,,,https://twitter.com/911NewOrleans,,,,,911 Restoration New Orleans The Water Damage Experts,wordpress,"When you call 911 Restoration New Orleans for water removal after a flood, we show up within 45 minutes and extract the moisture immediately (504)457-7929",,False,False
"water damage restoration service, 70179, New Orleans, LA, US",Strategic Water & Mold Restoration,Strategic Water And Mold Restoration,http://www.strategicwatermold.com/,"Water damage restoration service, Service establishment, Fire damage restoration service",Water damage restoration service,Water damage restoration service,+1 504-644-9525,mobile,"NEW CINGULAR WIRELESS PCS, LLC - GA",,,,,,,,,,,30.025762999999998,-90.42186699999999,894446013d3ffff,America/Chicago,,True,5.0,6.0,https://search.google.com/local/reviews?placeid=ChIJyVXJy7lHQA0Rp6J4EBvI6FU&q=*&authuser=0&hl=en&gl=US,,,0.0,0.0,0.0,0.0,6.0,31.0,https://lh3.googleusercontent.com/p/AF1QipNz1pXGa4HtgZV-01NTGioGQAFRC40xR7wdIEXM=w800-h500-k-no,https://lh3.googleusercontent.com/p/AF1QipNz1pXGa4HtgZV-01NTGioGQAFRC40xR7wdIEXM=w1600-h1000-k-no,,"{""Sunday"": ""Open 24 hours"", ""Monday"": ""Open 24 hours"", ""Tuesday"": ""Open 24 hours"", ""Wednesday"": ""Open 24 hours"", ""Thursday"": ""Open 24 hours"", ""Friday"": ""Open 24 hours"", ""Saturday"": ""Open 24 hours""}","Sunday,Open 24 hours|Monday,Open 24 hours|Tuesday,Open 24 hours|Wednesday,Open 24 hours|Thursday,Open 24 hours|Friday,Open 24 hours|Saturday,Open 24 hours",Sunday:Open 24 hours|Monday:Open 24 hours|Tuesday:Open 24 hours|Wednesday:Open 24 hours|Thursday:Open 24 hours|Friday:Open 24 hours|Saturday:Open 24 hours,,,OPERATIONAL,{},,,,https://lh3.googleusercontent.com/-8zgKxENLP5Q/AAAAAAAAAAI/AAAAAAAAAAA/2-gkgWyo878/s44-p-k-no-ns-nd/photo.jpg,,,True,116057189857717395605,Strategic Water & Mold Restoration,https://www.google.com/maps/contrib/116057189857717395605,,,,,"https://www.google.com/maps/place/Strategic+Water+%26+Mold+Restoration/@30.025762999999998,-90.42186699999999,14z/data=!4m8!1m2!2m1!1sStrategic+Water+%26+Mold+Restoration!3m4!1s0xd4047b9cbc955c9:0x55e8c81b1078a2a7!8m2!3d30.025762999999998!4d-90.42186699999999","https://www.google.com/maps/place/Strategic+Water+%26+Mold+Restoration/@30.025762999999998,-90.42186699999999,13.99z/data=!4m16!1m7!3m6!1s0xd4047b9cbc955c9:0x55e8c81b1078a2a7!2sStrategic+Water+%26+Mold+Restoration!8m2!3d30.025762999999998!4d-90.42186699999999!16s%2Fg%2F11ckvg1dmb!3m7!1s0xd4047b9cbc955c9:0x55e8c81b1078a2a7!8m2!3d30.025762999999998!4d-90.42186699999999!9m1!1b1!16s%2Fg%2F11ckvg1dmb?entry=ttu",ChIJyVXJy7lHQA0Rp6J4EBvI6FU,0xd4047b9cbc955c9:0x55e8c81b1078a2a7,6190417706386760359,/g/11sfb40x9f,6190417706386760359,,,,,,,,,,,,,,,,,,,,,,,,,,5046449525,mobile,"NEW CINGULAR WIRELESS PCS, LLC - GA",,,,,,,,,,,https://instagram.com/strategicwater,,,,,,,,,https://twitter.com/strategicmold,,,,,Restoration Company - Strategic Water & Mold Restoration,WordPress 6.6.1,Strategic Water & Mold Restoration is a locally owned and operated full service restoration company. Learn more.,,False,False
"water damage restoration service, 70179, New Orleans, LA, US",Rytech Restoration of Greater New Orleans,Rytech Restoration Of Greater New Orleans,https://new-orleans.rytechinc.com/,"Water damage restoration service, Building inspector, Building restoration service, Debris removal service, Service establishment, Fire damage restoration service",Water damage restoration service,Water damage restoration service,+1 504-407-2998,mobile,"NEW CINGULAR WIRELESS PCS, LLC - GA",,,,,,,,,,,30.0002554,-89.9595196,89444641013ffff,America/Chicago,,True,4.6,22.0,https://search.google.com/local/reviews?placeid=ChIJhaUQmRevIIYR3JIv-ewBBUM&q=*&authuser=0&hl=en&gl=US,,,2.0,0.0,0.0,1.0,19.0,80.0,https://lh3.googleusercontent.com/p/AF1QipO4sbGSgxB-g47FLh8HqMyphxk70mIcGS4BJT1X=w800-h500-k-no,https://lh3.googleusercontent.com/p/AF1QipO4sbGSgxB-g47FLh8HqMyphxk70mIcGS4BJT1X=w1600-h1000-k-no,,"{""Sunday"": ""Open 24 hours"", ""Monday"": ""Open 24 hours"", ""Tuesday"": ""Open 24 hours"", ""Wednesday"": ""Open 24 hours"", ""Thursday"": ""Open 24 hours"", ""Friday"": ""Open 24 hours"", ""Saturday"": ""Open 24 hours""}","Sunday,Open 24 hours|Monday,Open 24 hours|Tuesday,Open 24 hours|Wednesday,Open 24 hours|Thursday,Open 24 hours|Friday,Open 24 hours|Saturday,Open 24 hours",Sunday:Open 24 hours|Monday:Open 24 hours|Tuesday:Open 24 hours|Wednesday:Open 24 hours|Thursday:Open 24 hours|Friday:Open 24 hours|Saturday:Open 24 hours,,,OPERATIONAL,"{""Service options"": {""Online estimates"": false, ""Language assistance"": ""English""}}",,,,https://lh4.googleusercontent.com/-Q6vRxrXNGq8/AAAAAAAAAAI/AAAAAAAAAAA/1TCrhNtECqA/s44-p-k-no-ns-nd/photo.jpg,,,True,110003130506963055754,Rytech Restoration of Greater New Orleans,https://www.google.com/maps/contrib/110003130506963055754,,,,,"https://www.google.com/maps/place/Rytech+Restoration+of+Greater+New+Orleans/@30.0002554,-89.9595196,14z/data=!4m8!1m2!2m1!1sRytech+Restoration+of+Greater+New+Orleans!3m4!1s0x8620af179910a585:0x430501ecf92f92dc!8m2!3d30.0002554!4d-89.9595196","https://www.google.com/maps/place/Rytech+Restoration+of+Greater+New+Orleans/@30.0002554,-89.9595196,13.99z/data=!4m16!1m7!3m6!1s0x8620af179910a585:0x430501ecf92f92dc!2sRytech+Restoration+of+Greater+New+Orleans!8m2!3d30.0002554!4d-89.9595196!16s%2Fg%2F11ckvg1dmb!3m7!1s0x8620af179910a585:0x430501ecf92f92dc!8m2!3d30.0002554!4d-89.9595196!9m1!1b1!16s%2Fg%2F11ckvg1dmb?entry=ttu",ChIJhaUQmRevIIYR3JIv-ewBBUM,0x8620af179910a585:0x430501ecf92f92dc,4829268292729279196,/g/11lgyn945f,4829268292729279196,,info@rytechinc.com,RECEIVING,SMTP validated,,,,,,claims@rytechinc.com,RECEIVING,SMTP validated,,,,,,,,,,,,,,8669360602,toll_free,,,5044072998,"NEW CINGULAR WIRELESS PCS, LLC - GA",mobile,,16159751523,"NEW CINGULAR WIRELESS PCS, LLC - GA",mobile,,https://www.facebook.com/RytechNewOrleans,https://www.instagram.com/rytechrestoration,https://www.linkedin.com/company/rytech-inc,,,,,,,,https://twitter.com/RytechInc,,https://www.youtube.com/channel/UCrznIxQ5wJk0JYzZg02bVIQ,,,Career Opportunities | Rytech Restoration of New Orleans,wordpress,Join our local New Orleans Restoration team. Explore career opportunities at Rytech Restoration of New Orleans Louisiana.,,False,True
"water damage restoration service, 70179, New Orleans, LA, US",SERVPRO of The New Orleans Westbank,Servpro Of The New Orleans Westbank,https://www.servpro.com/locations/la/servpro-of-the-new-orleans-westbank%3Futm_medium%3Dorganic%26utm_source%3Dgbp,"Water damage restoration service, Air duct cleaning service, Building restoration service, Carpet cleaning service, Cleaners, Crime victim service, Debris removal service, Fire damage restoration service, Waste management service",Water damage restoration service,Water damage restoration service,+1 504-348-7526,fixed line,"COMCAST PHONE OF LOUISIANA, LL",,"5201 Westbank Expy Suite 106, Marrero, LA 70072",None,5201 Westbank Expy Suite 106,Marrero,70072,Louisiana,Louisiana,United States of America,US,29.893659699999997,-90.10297949999999,89444650d4bffff,America/Chicago,,False,4.7,27.0,https://search.google.com/local/reviews?placeid=ChIJKRFXZq3mnYgRdOEGC-1KaDg&q=*&authuser=0&hl=en&gl=US,,,1.0,1.0,0.0,0.0,25.0,1538.0,https://lh3.googleusercontent.com/p/AF1QipMPMCm_emiCsbLF9_iYYik35BmfZaakeTep59Qu=w800-h500-k-no,https://lh3.googleusercontent.com/p/AF1QipMPMCm_emiCsbLF9_iYYik35BmfZaakeTep59Qu=w1600-h1000-k-no,,"{""Sunday"": ""Open 24 hours"", ""Monday"": ""Open 24 hours"", ""Tuesday"": ""Open 24 hours"", ""Wednesday"": ""Open 24 hours"", ""Thursday"": ""Open 24 hours"", ""Friday"": ""Open 24 hours"", ""Saturday"": ""Open 24 hours""}","Sunday,Open 24 hours|Monday,Open 24 hours|Tuesday,Open 24 hours|Wednesday,Open 24 hours|Thursday,Open 24 hours|Friday,Open 24 hours|Saturday,Open 24 hours",Sunday:Open 24 hours|Monday:Open 24 hours|Tuesday:Open 24 hours|Wednesday:Open 24 hours|Thursday:Open 24 hours|Friday:Open 24 hours|Saturday:Open 24 hours,"[{""online_service_hours"": {""Sunday"": ""Open 24 hours"", ""Monday"": ""Open 24 hours"", ""Tuesday"": ""Open 24 hours"", ""Wednesday"": ""Open 24 hours"", ""Thursday"": ""Open 24 hours"", ""Friday"": ""Open 24 hours"", ""Saturday"": ""Open 24 hours""}}]",,OPERATIONAL,"{""Service options"": {""Online estimates"": true}}",,,,https://lh3.googleusercontent.com/-4Vc0Z_buDbk/AAAAAAAAAAI/AAAAAAAAAAA/x-6vZqJIePo/s44-p-k-no-ns-nd/photo.jpg,,,True,111083208139041645126,SERVPRO of The New Orleans Westbank,https://www.google.com/maps/contrib/111083208139041645126,,https://www.servpro.com/locations/la/servpro-of-the-new-orleans-westbank?utm_medium=organic&utm_source=gbp,,https://www.servpro.com/locations/la/servpro-of-the-new-orleans-westbank?utm_medium=organic&utm_source=gbp,"https://www.google.com/maps/place/SERVPRO+of+The+New+Orleans+Westbank/@29.893659699999997,-90.10297949999999,14z/data=!4m8!1m2!2m1!1sSERVPRO+of+The+New+Orleans+Westbank!3m4!1s0x889de6ad66571129:0x38684aed0b06e174!8m2!3d29.893659699999997!4d-90.10297949999999","https://www.google.com/maps/place/SERVPRO+of+The+New+Orleans+Westbank/@29.893659699999997,-90.10297949999999,13.99z/data=!4m16!1m7!3m6!1s0x889de6ad66571129:0x38684aed0b06e174!2sSERVPRO+of+The+New+Orleans+Westbank!8m2!3d29.893659699999997!4d-90.10297949999999!16s%2Fg%2F11ckvg1dmb!3m7!1s0x889de6ad66571129:0x38684aed0b06e174!8m2!3d29.893659699999997!4d-90.10297949999999!9m1!1b1!16s%2Fg%2F11ckvg1dmb?entry=ttu",ChIJKRFXZq3mnYgRdOEGC-1KaDg,0x889de6ad66571129:0x38684aed0b06e174,4064581045654577524,/g/1tyyxxb_,4064581045654577524,,servpro8109@servpronorthaustin.com,RECEIVING,SMTP validated,,,,,,servpro8708@bbamail.com,RECEIVING,Verified,,,,,,info@servprowestpasco.com,RECEIVING,Role,,,,,,18007378776,landline,,,8007378776,,landline,,16622897473,,landline,,http://www.facebook.com/servpro,https://instagram.com/servproteamwall,http://www.linkedin.com/company/servpro-industries,,,,,,,,http://www.x.com/servpro,,https://www.youtube.com/user/SERVPROCorporate,,,"Contact Us | SERVPRO of Jersey City North, The Heights",Gatsby 5.14.5,"Need help with cleanup, restoration, or repairs? Call SERVPRO of Jersey City North, The Heights today for 24/7 emergency and specialty services.",,False,True
"water damage restoration service, 70179, New Orleans, LA, US",Serclean | Mold Removal New Orleans LA,Serclean | Mold Removal New Orleans La,https://sercleanmoldremoval.com/la/new-orleans/,Water damage restoration service,Water damage restoration service,Water damage restoration service,+1 504-389-2202,landline,,,"650 Poydras St Suite 131, New Orleans, LA 70130",Warehouse District,650 Poydras St Suite 131,New Orleans,70130,Louisiana,Louisiana,United States of America,US,29.9488746,-90.0701146,894446420b3ffff,America/Chicago,,False,3.7,3.0,https://search.google.com/local/reviews?placeid=ChIJUT4XEJWnIIYRCrTVu4kgnn8&q=*&authuser=0&hl=en&gl=US,,,1.0,0.0,0.0,0.0,2.0,8.0,https://lh3.googleusercontent.com/p/AF1QipO66GgMH3P5wPD5X6-eDnkRFdT7RM8J_kEyAIkc=w800-h500-k-no,https://lh3.googleusercontent.com/p/AF1QipO66GgMH3P5wPD5X6-eDnkRFdT7RM8J_kEyAIkc=w1600-h1000-k-no,,"{""Sunday"": ""Open 24 hours"", ""Monday"": ""Open 24 hours"", ""Tuesday"": ""Open 24 hours"", ""Wednesday"": ""Open 24 hours"", ""Thursday"": ""Open 24 hours"", ""Friday"": ""Open 24 hours"", ""Saturday"": ""Open 24 hours""}","Sunday,Open 24 hours|Monday,Open 24 hours|Tuesday,Open 24 hours|Wednesday,Open 24 hours|Thursday,Open 24 hours|Friday,Open 24 hours|Saturday,Open 24 hours",Sunday:Open 24 hours|Monday:Open 24 hours|Tuesday:Open 24 hours|Wednesday:Open 24 hours|Thursday:Open 24 hours|Friday:Open 24 hours|Saturday:Open 24 hours,,,OPERATIONAL,{},,,,https://lh4.googleusercontent.com/-OwiF6EYMQ8s/AAAAAAAAAAI/AAAAAAAAAAA/3V2Msw59O0w/s44-p-k-no-ns-nd/photo.jpg,,,True,107538314828825374863,Serclean | Mold Removal New Orleans LA,https://www.google.com/maps/contrib/107538314828825374863,,,,,"https://www.google.com/maps/place/Serclean+%7C+Mold+Removal+New+Orleans+LA/@29.9488746,-90.0701146,14z/data=!4m8!1m2!2m1!1sSerclean+%7C+Mold+Removal+New+Orleans+LA!3m4!1s0x8620a79510173e51:0x7f9e2089bbd5b40a!8m2!3d29.9488746!4d-90.0701146","https://www.google.com/maps/place/Serclean+%7C+Mold+Removal+New+Orleans+LA/@29.9488746,-90.0701146,13.99z/data=!4m16!1m7!3m6!1s0x8620a79510173e51:0x7f9e2089bbd5b40a!2sSerclean+%7C+Mold+Removal+New+Orleans+LA!8m2!3d29.9488746!4d-90.0701146!16s%2Fg%2F11ckvg1dmb!3m7!1s0x8620a79510173e51:0x7f9e2089bbd5b40a!8m2!3d29.9488746!4d-90.0701146!9m1!1b1!16s%2Fg%2F11ckvg1dmb?entry=ttu",ChIJUT4XEJWnIIYRCrTVu4kgnn8,0x8620a79510173e51:0x7f9e2089bbd5b40a,9195823265071084554,/g/11rhz232pk,9195823265071084554,,info@sercleanmoldremoval.com,INVALID,Invalid DNS,,,,,,,,,,,,,,,,,,,,,,13238801134,mobile,"T-MOBILE USA, INC.",,1,,mobile,,,,,,,,,,,,,,,,,,,,,#1 for Mold Removal & Remediation USA | 5-Star Rated and Reviewed,,"Free quotes for mold removal in USA with Serclean Mold Removal & Remediation! 5 star reviewed, 100% guaranteed, child & pet safe products! Call @323-880-1134 today!",,,
"water damage restoration service, 70179, New Orleans, LA, US",BMS CAT,Bms Cat,https://www.bmscat.com/locations/new-orleans/%3Futm_source%3Dgoogle%26utm_medium%3Dorganic%26utm_campaign%3Dgmb-homepage,"Water damage restoration service, Building restoration service, Fire damage restoration service",Water damage restoration service,Water damage restoration service,+1 866-344-0467,toll_free,,,"13555 Old Gentilly Rd, New Orleans, LA 70129",New Orleans East Area,13555 Old Gentilly Rd,New Orleans,70129,Louisiana,Louisiana,United States of America,US,30.0227059,-89.9240859,8944464acd3ffff,America/Chicago,,False,5.0,9.0,https://search.google.com/local/reviews?placeid=ChIJN2L-gFsFnogRuTLvdU48UxQ&q=*&authuser=0&hl=en&gl=US,,,0.0,0.0,0.0,0.0,9.0,2.0,https://streetviewpixels-pa.googleapis.com/v1/thumbnail?panoid=laWC1JXKDvXmNFeOr5xH0A&cb_client=search.gws-prod.gps&w=800&h=500&yaw=307.7943&pitch=0&thumbfov=100,https://lh3.googleusercontent.com/p/AF1QipPKbuH5eXQC-NasHJ_b-lnkMlpRJnIyVictEO0-=w1600-h1000-k-no,,"{""Sunday"": ""Open 24 hours"", ""Monday"": ""Open 24 hours"", ""Tuesday"": ""Open 24 hours"", ""Wednesday"": ""Open 24 hours"", ""Thursday"": ""Open 24 hours"", ""Friday"": ""Open 24 hours"", ""Saturday"": ""Open 24 hours""}","Sunday,Open 24 hours|Monday,Open 24 hours|Tuesday,Open 24 hours|Wednesday,Open 24 hours|Thursday,Open 24 hours|Friday,Open 24 hours|Saturday,Open 24 hours",Sunday:Open 24 hours|Monday:Open 24 hours|Tuesday:Open 24 hours|Wednesday:Open 24 hours|Thursday:Open 24 hours|Friday:Open 24 hours|Saturday:Open 24 hours,,,OPERATIONAL,{},,,,https://lh6.googleusercontent.com/-s7BWeelsmzk/AAAAAAAAAAI/AAAAAAAAAAA/OhgKoBTWyYY/s44-p-k-no-ns-nd/photo.jpg,,,True,114844020809983787229,BMS CAT,https://www.google.com/maps/contrib/114844020809983787229,,https://www.bmscat.com/about-us/contact-us/,,https://www.bmscat.com/about-us/contact-us/,"https://www.google.com/maps/place/BMS+CAT/@30.0227059,-89.9240859,14z/data=!4m8!1m2!2m1!1sBMS+CAT!3m4!1s0x889e055b80fe6237:0x14533c4e75ef32b9!8m2!3d30.0227059!4d-89.9240859","https://www.google.com/maps/place/BMS+CAT/@30.0227059,-89.9240859,13.99z/data=!4m16!1m7!3m6!1s0x889e055b80fe6237:0x14533c4e75ef32b9!2sBMS+CAT!8m2!3d30.0227059!4d-89.9240859!16s%2Fg%2F11ckvg1dmb!3m7!1s0x889e055b80fe6237:0x14533c4e75ef32b9!8m2!3d30.0227059!4d-89.9240859!9m1!1b1!16s%2Fg%2F11ckvg1dmb?entry=ttu",ChIJN2L-gFsFnogRuTLvdU48UxQ,0x889e055b80fe6237:0x14533c4e75ef32b9,1464580611509269177,/g/11kqkm3v15,1464580611509269177,,rsmith@blackmonmooring.com,RECEIVING,Catch All,Robert Smith,Robert,Smith,Chief Financial Officer,18777301948,pmurdock@blackmonmooring.com,RECEIVING,Catch All,Peter Murdock,Peter,Murdock,Vp Of Recruiting,18777301948,sgreen@bmsmanagement.com,RECEIVING,Catch All,Seth Green,Seth,Green,Operations Manager,18004332940,8778990676,toll_free,,,18666734060,,toll_free,,8777301948,,toll_free,,https://www.facebook.com/blackmonmooring/,,https://www.linkedin.com/company/mellon-certified-restoration,,,,,,,,https://twitter.com/blackmonmooring,,https://www.youtube.com/channel/UCmkrSd60eaKANimz9mg3CZQ,,,"Fire, Water & Mold Damage Restoration | Blackmon Mooring & BMS CAT",wordpress,"Over the years, we've helped thousands of customers recover from disasters and damage of all sizes. Learn about our fire, water and mold restoration services.",,False,False
"water damage restoration service, 70179, New Orleans, LA, US",CCRS,Ccrs,http://www.ccrs.io/,"Water damage restoration service, Fire damage restoration service, General contractor",General contractor,Water damage restoration service,+1 800-937-0982,toll_free,,,"2475 Canal St # 303, New Orleans, LA 70119",Tulane - Gravier,2475 Canal St # 303,New Orleans,70119,Louisiana,Louisiana,United States of America,US,29.9640028,-90.0843986,89444642187ffff,America/Chicago,,False,5.0,2.0,https://search.google.com/local/reviews?placeid=ChIJhW7uMIGlIIYRB_WeXDpQcHo&q=*&authuser=0&hl=en&gl=US,,,0.0,0.0,0.0,0.0,2.0,2.0,https://streetviewpixels-pa.googleapis.com/v1/thumbnail?panoid=1_6UD4sig9S-iD8AudhPIw&cb_client=search.gws-prod.gps&w=800&h=500&yaw=32.326054&pitch=0&thumbfov=100,https://lh3.googleusercontent.com/p/AF1QipOiQyOctPyHKhaKFNsjan38Q53PCi-yo76w6gaP=w1600-h1000-k-no,,"{""Sunday"": ""Open 24 hours"", ""Monday"": ""Open 24 hours"", ""Tuesday"": ""Open 24 hours"", ""Wednesday"": ""Open 24 hours"", ""Thursday"": ""Open 24 hours"", ""Friday"": ""Open 24 hours"", ""Saturday"": ""Open 24 hours""}","Sunday,Open 24 hours|Monday,Open 24 hours|Tuesday,Open 24 hours|Wednesday,Open 24 hours|Thursday,Open 24 hours|Friday,Open 24 hours|Saturday,Open 24 hours",Sunday:Open 24 hours|Monday:Open 24 hours|Tuesday:Open 24 hours|Wednesday:Open 24 hours|Thursday:Open 24 hours|Friday:Open 24 hours|Saturday:Open 24 hours,,,OPERATIONAL,{},,,,https://lh6.googleusercontent.com/-firKMTfi_CI/AAAAAAAAAAI/AAAAAAAAAAA/syS1MKHF0G4/s44-p-k-no-ns-nd/photo.jpg,,,True,117050183114565550997,CCRS,https://www.google.com/maps/contrib/117050183114565550997,,,,,"https://www.google.com/maps/place/CCRS/@29.9640028,-90.0843986,14z/data=!4m8!1m2!2m1!1sCCRS!3m4!1s0x8620a58130ee6e85:0x7a70503a5c9ef507!8m2!3d29.9640028!4d-90.0843986","https://www.google.com/maps/place/CCRS/@29.9640028,-90.0843986,13.99z/data=!4m16!1m7!3m6!1s0x8620a58130ee6e85:0x7a70503a5c9ef507!2sCCRS!8m2!3d29.9640028!4d-90.0843986!16s%2Fg%2F11ckvg1dmb!3m7!1s0x8620a58130ee6e85:0x7a70503a5c9ef507!8m2!3d29.9640028!4d-90.0843986!9m1!1b1!16s%2Fg%2F11ckvg1dmb?entry=ttu",ChIJhW7uMIGlIIYRB_WeXDpQcHo,0x8620a58130ee6e85:0x7a70503a5c9ef507,8822639881611048199,/g/11vc8kw61w,8822639881611048199,,info@indiantypefoundry.com,RECEIVING,Role,,,,,,support@ccrs.io,RECEIVING,SMTP validated,,,,,,micah@micahrich.com,RECEIVING,Catch All,,,,,,18009370982,toll_free,,,5042234259,,landline,,8165367005,CELLCO PARTNERSHIP DBA VERIZON WIRELESS - MO,mobile,,https://www.facebook.com/101407359071037,https://www.instagram.com/catastrophecontrol,https://www.linkedin.com/company/catastrophecontrolrestorationservices,,,,,,,,https://www.twitter.com/Catastrophe_CRS,,https://www.youtube.com/channel/UCII0xFrzBzJbXMlFTTeBZAA,,,Industry Insights,Starfield Technologies; Go Daddy Website Builder 8.0.0000,"IICRC certified technicians are water damage experts. CCRS are restoration contractors specializing in Kansas City water damage, fire damage, and storm damage.",,False,True
"water damage restoration service, 70179, New Orleans, LA, US",Restorations Today of New Orleans,Restorations Today Of New Orleans,,"Fire damage restoration service, Service establishment",Fire damage restoration service,Fire damage restoration service,+1 504-384-8093,landline,,,,,,,,,,,,30.0326605,-89.88256349999999,8944464a367ffff,America/Chicago,,True,,,,,,,,,,,2.0,https://lh3.googleusercontent.com/p/AF1QipNSItJPUBjpeammrREDdmnWXFXw2QGvficLTH9D=w800-h500-k-no,https://lh3.googleusercontent.com/p/AF1QipNSItJPUBjpeammrREDdmnWXFXw2QGvficLTH9D=w1600-h1000-k-no,,"{""Sunday"": ""Open 24 hours"", ""Monday"": ""Open 24 hours"", ""Tuesday"": ""Open 24 hours"", ""Wednesday"": ""Open 24 hours"", ""Thursday"": ""Open 24 hours"", ""Friday"": ""Open 24 hours"", ""Saturday"": ""Open 24 hours""}","Sunday,Open 24 hours|Monday,Open 24 hours|Tuesday,Open 24 hours|Wednesday,Open 24 hours|Thursday,Open 24 hours|Friday,Open 24 hours|Saturday,Open 24 hours",Sunday:Open 24 hours|Monday:Open 24 hours|Tuesday:Open 24 hours|Wednesday:Open 24 hours|Thursday:Open 24 hours|Friday:Open 24 hours|Saturday:Open 24 hours,,,OPERATIONAL,{},,,,https://lh3.googleusercontent.com/-i6MeOSGh9kk/AAAAAAAAAAI/AAAAAAAAAAA/njQO1CS415k/s44-p-k-no-ns-nd/photo.jpg,,,True,109107283670889777778,Restorations Today of New Orleans,https://www.google.com/maps/contrib/109107283670889777778,,,,,"https://www.google.com/maps/place/Restorations+Today+of+New+Orleans/@30.0326605,-89.88256349999999,14z/data=!4m8!1m2!2m1!1sRestorations+Today+of+New+Orleans!3m4!1s0x24ca60767b37b26b:0x668db7d73624a300!8m2!3d30.0326605!4d-89.88256349999999","https://www.google.com/maps/place/Restorations+Today+of+New+Orleans/@30.0326605,-89.88256349999999,13.99z/data=!4m16!1m7!3m6!1s0x24ca60767b37b26b:0x668db7d73624a300!2sRestorations+Today+of+New+Orleans!8m2!3d30.0326605!4d-89.88256349999999!16s%2Fg%2F11ckvg1dmb!3m7!1s0x24ca60767b37b26b:0x668db7d73624a300!8m2!3d30.0326605!4d-89.88256349999999!9m1!1b1!16s%2Fg%2F11ckvg1dmb?entry=ttu",ChIJa7I3e3ZgyiQRAKMkNte3jWY,0x24ca60767b37b26b:0x668db7d73624a300,7389764698539074304,/g/11rwyvmpzl,None,,,,,,,,,,,,,,,,,,,,,,,,,,,,,,,,,,,,,,,,,,,,,,,,,,,,,,,,,,
"water damage restoration service, 70179, New Orleans, LA, US",SERVPRO of Metairie,Servpro Of Metairie,https://www.servpro.com/locations/la/servpro-of-metairie%3Futm_medium%3Dorganic%26utm_source%3Dgbp,"Water damage restoration service, Air duct cleaning service, Building restoration service, Carpet cleaning service, Cleaners, Crime victim service, Debris removal service, Fire damage restoration service, Waste management service",Water damage restoration service,Water damage restoration service,+1 504-496-0193,voip,,,"1510 Veterans Memorial Blvd Suite E, Metairie, LA 70005",Bonnabel Place,1510 Veterans Memorial Blvd Suite E,Metairie,70005,Louisiana,Louisiana,United States of America,US,30.0014836,-90.1395897,89444655e67ffff,America/Chicago,,False,4.9,115.0,https://search.google.com/local/reviews?placeid=ChIJZXKR6u-vIIYRQEk06ITramc&q=*&authuser=0&hl=en&gl=US,,,1.0,0.0,1.0,0.0,113.0,268.0,https://lh3.googleusercontent.com/p/AF1QipPc2lw47AWPtp6mJotjbgJlDoh-PuumWZ3VUp0=w800-h500-k-no,https://lh3.googleusercontent.com/p/AF1QipPc2lw47AWPtp6mJotjbgJlDoh-PuumWZ3VUp0=w1600-h1000-k-no,,"{""Sunday"": ""Open 24 hours"", ""Monday"": ""Open 24 hours"", ""Tuesday"": ""Open 24 hours"", ""Wednesday"": ""Open 24 hours"", ""Thursday"": ""Open 24 hours"", ""Friday"": ""Open 24 hours"", ""Saturday"": ""Open 24 hours""}","Sunday,Open 24 hours|Monday,Open 24 hours|Tuesday,Open 24 hours|Wednesday,Open 24 hours|Thursday,Open 24 hours|Friday,Open 24 hours|Saturday,Open 24 hours",Sunday:Open 24 hours|Monday:Open 24 hours|Tuesday:Open 24 hours|Wednesday:Open 24 hours|Thursday:Open 24 hours|Friday:Open 24 hours|Saturday:Open 24 hours,"[{""online_service_hours"": {""Sunday"": ""Open 24 hours"", ""Monday"": ""Open 24 hours"", ""Tuesday"": ""Open 24 hours"", ""Wednesday"": ""Open 24 hours"", ""Thursday"": ""Open 24 hours"", ""Friday"": ""Open 24 hours"", ""Saturday"": ""Open 24 hours""}}]",,OPERATIONAL,"{""Service options"": {""Onsite services"": true, ""Online estimates"": false}, ""Accessibility"": {""Wheelchair accessible entrance"": true, ""Wheelchair accessible parking lot"": true}}",,,,https://lh3.googleusercontent.com/-6a1S2xjpjH8/AAAAAAAAAAI/AAAAAAAAAAA/83B-wfpsnUk/s44-p-k-no-ns-nd/photo.jpg,,,True,113788674612708472074,SERVPRO of Metairie,https://www.google.com/maps/contrib/113788674612708472074,,https://www.servpro.com/locations/la/servpro-of-metairie?utm_medium=organic&utm_source=gbp,,https://www.servpro.com/locations/la/servpro-of-metairie?utm_medium=organic&utm_source=gbp,"https://www.google.com/maps/place/SERVPRO+of+Metairie/@30.0014836,-90.1395897,14z/data=!4m8!1m2!2m1!1sSERVPRO+of+Metairie!3m4!1s0x8620afefea917265:0x676aeb84e8344940!8m2!3d30.0014836!4d-90.1395897","https://www.google.com/maps/place/SERVPRO+of+Metairie/@30.0014836,-90.1395897,13.99z/data=!4m16!1m7!3m6!1s0x8620afefea917265:0x676aeb84e8344940!2sSERVPRO+of+Metairie!8m2!3d30.0014836!4d-90.1395897!16s%2Fg%2F11ckvg1dmb!3m7!1s0x8620afefea917265:0x676aeb84e8344940!8m2!3d30.0014836!4d-90.1395897!9m1!1b1!16s%2Fg%2F11ckvg1dmb?entry=ttu",ChIJZXKR6u-vIIYRQEk06ITramc,0x8620afefea917265:0x676aeb84e8344940,7452027489501858112,/g/11g0dhb9vg,7452027489501858112,,servpro8109@servpronorthaustin.com,RECEIVING,SMTP validated,,,,,,servpro8708@bbamail.com,RECEIVING,Verified,,,,,,info@servprowestpasco.com,RECEIVING,Role,,,,,,18007378776,landline,,,8007378776,,landline,,16622897473,,landline,,http://www.facebook.com/servpro,https://instagram.com/servproteamwall,http://www.linkedin.com/company/servpro-industries,,,,,,,,http://www.x.com/servpro,,https://www.youtube.com/user/SERVPROCorporate,,,"Contact Us | SERVPRO of Jersey City North, The Heights",Gatsby 5.14.5,"Need help with cleanup, restoration, or repairs? Call SERVPRO of Jersey City North, The Heights today for 24/7 emergency and specialty services.",,False,True
"water damage restoration service, 70179, New Orleans, LA, US",A1 Restoration,A1 Restoration,https://a1restorationteam.com/baton-rouge,"Water damage restoration service, Service establishment",Water damage restoration service,Water damage restoration service,+1 225-420-1781,landline,Onvoy,True,,,,,,,,,,30.304261399999998,-90.55483939999999,8944463912fffff,America/Chicago,,True,,,,,,,,,,,30.0,https://lh3.googleusercontent.com/p/AF1QipNmS0m6mmYiW0KsbUU0AF9PZMERd-DOgmQjvG6A=w800-h500-k-no,https://lh3.googleusercontent.com/p/AF1QipNmS0m6mmYiW0KsbUU0AF9PZMERd-DOgmQjvG6A=w1600-h1000-k-no,,"{""Sunday"": ""Open 24 hours"", ""Monday"": ""Open 24 hours"", ""Tuesday"": ""Open 24 hours"", ""Wednesday"": ""Open 24 hours"", ""Thursday"": ""Open 24 hours"", ""Friday"": ""Open 24 hours"", ""Saturday"": ""Open 24 hours""}","Sunday,Open 24 hours|Monday,Open 24 hours|Tuesday,Open 24 hours|Wednesday,Open 24 hours|Thursday,Open 24 hours|Friday,Open 24 hours|Saturday,Open 24 hours",Sunday:Open 24 hours|Monday:Open 24 hours|Tuesday:Open 24 hours|Wednesday:Open 24 hours|Thursday:Open 24 hours|Friday:Open 24 hours|Saturday:Open 24 hours,,,OPERATIONAL,{},,,,https://lh5.googleusercontent.com/-MYPFrxRid2k/AAAAAAAAAAI/AAAAAAAAAAA/acKjVREz9Ek/s44-p-k-no-ns-nd/photo.jpg,,,True,115154481941011631561,A1 Restoration,https://www.google.com/maps/contrib/115154481941011631561,,,,,"https://www.google.com/maps/place/A1+Restoration/@30.304261399999998,-90.55483939999999,14z/data=!4m8!1m2!2m1!1sA1+Restoration!3m4!1s0x82ad684778a998c3:0x8f7c2e36a2ff46b7!8m2!3d30.304261399999998!4d-90.55483939999999","https://www.google.com/maps/place/A1+Restoration/@30.304261399999998,-90.55483939999999,13.99z/data=!4m16!1m7!3m6!1s0x82ad684778a998c3:0x8f7c2e36a2ff46b7!2sA1+Restoration!8m2!3d30.304261399999998!4d-90.55483939999999!16s%2Fg%2F11ckvg1dmb!3m7!1s0x82ad684778a998c3:0x8f7c2e36a2ff46b7!8m2!3d30.304261399999998!4d-90.55483939999999!9m1!1b1!16s%2Fg%2F11ckvg1dmb?entry=ttu",ChIJw5ipeEdorYIRt0b_ojYufI8,0x82ad684778a998c3:0x8f7c2e36a2ff46b7,10339189656733566647,/g/11ml9j7c37,None,,justin@a1restorationteam.com,RECEIVING,Verified,,,,,,,,,,,,,,,,,,,,,,15094263233,landline,,,2245328046,"NEW CINGULAR WIRELESS PCS, LLC - IL",mobile,,4484445205,Bandwidth.com,landline,True,,,,,,,,,,,,,,,,Trusted Water & Fire Damage Restoration | A1 Restoration,All in One SEO (AIOSEO) 4.9.0,"A1 Restoration offers 24/7 emergency water and fire damage restoration services. Fast, reliable, and trusted experts to restore your property quickly.",,False,False
"water damage restoration service, 70179, New Orleans, LA, US","SERVPRO of North Kenner, Harahan & Lakeview",Servpro Of North Kenner Harahan And Lakeview,https://www.servpro.com/locations/la/servpro-of-north-kenner-harahan-lakeview%3Futm_medium%3Dorganic%26utm_source%3Dgbp,"Water damage restoration service, Air duct cleaning service, Building restoration service, Carpet cleaning service, Cleaners, Crime victim service, Debris removal service, Fire damage restoration service, Waste management service",Water damage restoration service,Water damage restoration service,+1 504-468-3046,landline,,,"5401 Jefferson Hwy Suite H, Elmwood, LA 70123",None,5401 Jefferson Hwy Suite H,Elmwood,70123,Louisiana,Louisiana,United States of America,US,29.9482161,-90.1835236,894446540cbffff,America/Chicago,,False,4.9,56.0,https://search.google.com/local/reviews?placeid=ChIJ_ZxCbW-6IIYRBwk57LYxRpM&q=*&authuser=0&hl=en&gl=US,,,1.0,0.0,0.0,1.0,54.0,213.0,https://lh3.googleusercontent.com/p/AF1QipMHB23BUiNhmqKRromXVrF8twHCukiCK7n1tIB7=w800-h500-k-no,https://lh3.googleusercontent.com/p/AF1QipMHB23BUiNhmqKRromXVrF8twHCukiCK7n1tIB7=w1600-h1000-k-no,,"{""Sunday"": ""Open 24 hours"", ""Monday"": ""Open 24 hours"", ""Tuesday"": ""Open 24 hours"", ""Wednesday"": ""Open 24 hours"", ""Thursday"": ""Open 24 hours"", ""Friday"": ""Open 24 hours"", ""Saturday"": ""Open 24 hours""}","Sunday,Open 24 hours|Monday,Open 24 hours|Tuesday,Open 24 hours|Wednesday,Open 24 hours|Thursday,Open 24 hours|Friday,Open 24 hours|Saturday,Open 24 hours",Sunday:Open 24 hours|Monday:Open 24 hours|Tuesday:Open 24 hours|Wednesday:Open 24 hours|Thursday:Open 24 hours|Friday:Open 24 hours|Saturday:Open 24 hours,"[{""online_service_hours"": {""Sunday"": ""Open 24 hours"", ""Monday"": ""Open 24 hours"", ""Tuesday"": ""Open 24 hours"", ""Wednesday"": ""Open 24 hours"", ""Thursday"": ""Open 24 hours"", ""Friday"": ""Open 24 hours"", ""Saturday"": ""Open 24 hours""}}]",,OPERATIONAL,"{""Service options"": {""Onsite services"": true, ""Online estimates"": false}, ""Accessibility"": {""Wheelchair accessible entrance"": true, ""Wheelchair accessible parking lot"": true}}",,,,https://lh3.googleusercontent.com/-QC9yuw5KXOQ/AAAAAAAAAAI/AAAAAAAAAAA/5mQyG5ukNKw/s44-p-k-no-ns-nd/photo.jpg,,,True,112226012018118811626,"SERVPRO of North Kenner, Harahan & Lakeview",https://www.google.com/maps/contrib/112226012018118811626,,https://www.servpro.com/locations/la/servpro-of-north-kenner-harahan-lakeview?utm_medium=organic&utm_source=gbp,,https://www.servpro.com/locations/la/servpro-of-north-kenner-harahan-lakeview?utm_medium=organic&utm_source=gbp,"https://www.google.com/maps/place/SERVPRO+of+North+Kenner%2C+Harahan+%26+Lakeview/@29.9482161,-90.1835236,14z/data=!4m8!1m2!2m1!1sSERVPRO+of+North+Kenner%2C+Harahan+%26+Lakeview!3m4!1s0x8620ba6f6d429cfd:0x934631b6ec390907!8m2!3d29.9482161!4d-90.1835236","https://www.google.com/maps/place/SERVPRO+of+North+Kenner%2C+Harahan+%26+Lakeview/@29.9482161,-90.1835236,13.99z/data=!4m16!1m7!3m6!1s0x8620ba6f6d429cfd:0x934631b6ec390907!2sSERVPRO+of+North+Kenner%2C+Harahan+%26+Lakeview!8m2!3d29.9482161!4d-90.1835236!16s%2Fg%2F11ckvg1dmb!3m7!1s0x8620ba6f6d429cfd:0x934631b6ec390907!8m2!3d29.9482161!4d-90.1835236!9m1!1b1!16s%2Fg%2F11ckvg1dmb?entry=ttu",ChIJ_ZxCbW-6IIYRBwk57LYxRpM,0x8620ba6f6d429cfd:0x934631b6ec390907,10612224233662122247,/g/1261vn9rt,-7834519840047429369,,servpro8109@servpronorthaustin.com,RECEIVING,SMTP validated,,,,,,servpro8708@bbamail.com,RECEIVING,Verified,,,,,,info@servprowestpasco.com,RECEIVING,Role,,,,,,18007378776,landline,,,8007378776,,landline,,16622897473,,landline,,http://www.facebook.com/servpro,https://instagram.com/servproteamwall,http://www.linkedin.com/company/servpro-industries,,,,,,,,http://www.x.com/servpro,,https://www.youtube.com/user/SERVPROCorporate,,,"Contact Us | SERVPRO of Jersey City North, The Heights",Gatsby 5.14.5,"Need help with cleanup, restoration, or repairs? Call SERVPRO of Jersey City North, The Heights today for 24/7 emergency and specialty services.",,False,True
"water damage restoration service, 70179, New Orleans, LA, US","Enviro-Clean Services Inc. - South Louisiana, LA",Enviro Clean Services Inc South Louisiana La,https://www.ecsgulfsouth.com/,"Water damage restoration service, Service establishment",Water damage restoration service,Water damage restoration service,+1 504-393-2100,landline,,,,,,,,,,,,30.0519331,-91.47088339999999,89444460177ffff,America/Chicago,,True,,,,,,,,,,,,,,,"{""Sunday"": ""Open 24 hours"", ""Monday"": ""Open 24 hours"", ""Tuesday"": ""Open 24 hours"", ""Wednesday"": ""Open 24 hours"", ""Thursday"": ""Open 24 hours"", ""Friday"": ""Open 24 hours"", ""Saturday"": ""Open 24 hours""}","Sunday,Open 24 hours|Monday,Open 24 hours|Tuesday,Open 24 hours|Wednesday,Open 24 hours|Thursday,Open 24 hours|Friday,Open 24 hours|Saturday,Open 24 hours",Sunday:Open 24 hours|Monday:Open 24 hours|Tuesday:Open 24 hours|Wednesday:Open 24 hours|Thursday:Open 24 hours|Friday:Open 24 hours|Saturday:Open 24 hours,,,OPERATIONAL,{},,,,https://lh5.googleusercontent.com/-XJ6X8khSxw8/AAAAAAAAAAI/AAAAAAAAAAA/FmMEh1bFd60/s44-p-k-no-ns-nd/photo.jpg,,,True,108772615177076144368,"Enviro-Clean Services Inc. - South Louisiana, LA",https://www.google.com/maps/contrib/108772615177076144368,,,,,"https://www.google.com/maps/place/Enviro-Clean+Services+Inc.+-+South+Louisiana%2C+LA/@30.0519331,-91.47088339999999,14z/data=!4m8!1m2!2m1!1sEnviro-Clean+Services+Inc.+-+South+Louisiana%2C+LA!3m4!1s0x8620bb68e30d53d9:0x580a2b4b71fb9b46!8m2!3d30.0519331!4d-91.47088339999999","https://www.google.com/maps/place/Enviro-Clean+Services+Inc.+-+South+Louisiana%2C+LA/@30.0519331,-91.47088339999999,13.99z/data=!4m16!1m7!3m6!1s0x8620bb68e30d53d9:0x580a2b4b71fb9b46!2sEnviro-Clean+Services+Inc.+-+South+Louisiana%2C+LA!8m2!3d30.0519331!4d-91.47088339999999!16s%2Fg%2F11ckvg1dmb!3m7!1s0x8620bb68e30d53d9:0x580a2b4b71fb9b46!8m2!3d30.0519331!4d-91.47088339999999!9m1!1b1!16s%2Fg%2F11ckvg1dmb?entry=ttu",ChIJ2VMN42i7IIYRRpv7cUsrClg,0x8620bb68e30d53d9:0x580a2b4b71fb9b46,6343930628139621190,/g/1xn_nr83,None,,marty@ecsgulfsouth.com,RECEIVING,SMTP validated,Marty Boquet,Marty,Boquet,President,,jody@ecsgulfsouth.com,RECEIVING,SMTP validated,Jody Guidry,Jody,Guidry,Office Manager,,lyle@ecsgulfsouth.com,INVALID,Cannot validate,Lyle Mouton,Lyle,Mouton,Partner,19858720697,18772930327,toll_free,,,9858720697,,landline,,19858720697,,landline,,https://www.facebook.com/ecsgulfsouth/,,http://www.linkedin.com/company/9460446,,,,,,,,,,,,,"Best Building Maintenance Solutions in New Orleans, LA",,"If you are looking for Commercial & Environmental Cleaning services in New Orleans, Enviro-Clean Services, Inc are a Qualified & Expertise team. Call us today!",,False,True
"water damage restoration service, 70179, New Orleans, LA, US","QCG Restoration and Construction, LLC",Qcg Restoration And Construction,http://www.qcgrestoration.com/,Water damage restoration service,Water damage restoration service,Water damage restoration service,+1 504-800-4126,mobile,T-Mobile USA Inc.,,"110 James Dr W STE 100, St Rose, LA 70087",None,110 James Dr W STE 100,St Rose,70087,Louisiana,Louisiana,United States of America,US,29.980067,-90.2854859,89444656923ffff,America/Chicago,,False,5.0,2.0,https://search.google.com/local/reviews?placeid=ChIJc_X9yaS3IIYRVuCIAAo9K04&q=*&authuser=0&hl=en&gl=US,,,0.0,0.0,0.0,0.0,2.0,3.0,https://lh3.googleusercontent.com/p/AF1QipOFy2CNGeaTnQpeGd9PZGLHRMayZTAfUBQemr5l=w800-h500-k-no,https://lh3.googleusercontent.com/p/AF1QipOFy2CNGeaTnQpeGd9PZGLHRMayZTAfUBQemr5l=w1600-h1000-k-no,,"{""Sunday"": ""Open 24 hours"", ""Monday"": ""Open 24 hours"", ""Tuesday"": ""Open 24 hours"", ""Wednesday"": ""Open 24 hours"", ""Thursday"": ""Open 24 hours"", ""Friday"": ""Open 24 hours"", ""Saturday"": ""Open 24 hours""}","Sunday,Open 24 hours|Monday,Open 24 hours|Tuesday,Open 24 hours|Wednesday,Open 24 hours|Thursday,Open 24 hours|Friday,Open 24 hours|Saturday,Open 24 hours",Sunday:Open 24 hours|Monday:Open 24 hours|Tuesday:Open 24 hours|Wednesday:Open 24 hours|Thursday:Open 24 hours|Friday:Open 24 hours|Saturday:Open 24 hours,,,OPERATIONAL,"{""Accessibility"": {""Wheelchair accessible parking lot"": true}}",,,,https://lh4.googleusercontent.com/-m3Rw4U3Zt2g/AAAAAAAAAAI/AAAAAAAAAAA/P7rgrOU1I_Y/s44-p-k-no-ns-nd/photo.jpg,,,True,107531278717614151641,"QCG Restoration and Construction, LLC",https://www.google.com/maps/contrib/107531278717614151641,,,,,"https://www.google.com/maps/place/QCG+Restoration+and+Construction%2C+LLC/@29.980067,-90.2854859,14z/data=!4m8!1m2!2m1!1sQCG+Restoration+and+Construction%2C+LLC!3m4!1s0x8620b7a4c9fdf573:0x4e2b3d0a0088e056!8m2!3d29.980067!4d-90.2854859","https://www.google.com/maps/place/QCG+Restoration+and+Construction%2C+LLC/@29.980067,-90.2854859,13.99z/data=!4m16!1m7!3m6!1s0x8620b7a4c9fdf573:0x4e2b3d0a0088e056!2sQCG+Restoration+and+Construction%2C+LLC!8m2!3d29.980067!4d-90.2854859!16s%2Fg%2F11ckvg1dmb!3m7!1s0x8620b7a4c9fdf573:0x4e2b3d0a0088e056!8m2!3d29.980067!4d-90.2854859!9m1!1b1!16s%2Fg%2F11ckvg1dmb?entry=ttu",ChIJc_X9yaS3IIYRVuCIAAo9K04,0x8620b7a4c9fdf573:0x4e2b3d0a0088e056,5632662872124874838,/g/11ny5ljrz8,5632662872124874838,,,,,,,,,,,,,,,,,,,,,,,,,,5043301470,mobile,CELLCO PARTNERSHIP DBA VERIZON WIRELESS - LA,,5048004126,T-Mobile USA Inc.,mobile,,5048004126,T-Mobile USA Inc.,mobile,,https://www.facebook.com/QCG-Restoration-102555898686446/,https://www.instagram.com/qcgnola,,,,,,,,,,,,,,5 Signs Indicating Immediate Water Damage Restoration is Needed in Your Belle Chasse Home | Quillen Water Restoration,,Discover the top 5 signs your Belle Chasse home needs Water Damage Restoration Belle Chasse with expert solutions from Quillen Construction Group.,,False,True
"water damage restoration service, 70179, New Orleans, LA, US",Gulf South Environmental Services,Gulf South Environmental Services,https://gulfsouthmoldpro.com/,"Water damage restoration service, Service establishment, Building inspector",Building inspector,Water damage restoration service,+1 504-504-6644,landline,Onvoy,True,,,,,,,,,,29.8491775,-90.05633,8944465000bffff,America/Chicago,,True,5.0,8.0,https://search.google.com/local/reviews?placeid=ChIJ1-1G_LpUv2gR7beNcGpzxuI&q=*&authuser=0&hl=en&gl=US,,,0.0,0.0,0.0,0.0,8.0,6.0,https://lh3.googleusercontent.com/p/AF1QipNWpgX0brtt7ot1B99mWqNX2srF9-A5zT0j1F-N=w800-h500-k-no,https://lh3.googleusercontent.com/p/AF1QipNWpgX0brtt7ot1B99mWqNX2srF9-A5zT0j1F-N=w1600-h1000-k-no,,"{""Sunday"": ""Closed"", ""Monday"": ""8AM-5PM"", ""Tuesday"": ""8AM-5PM"", ""Wednesday"": ""8AM-5PM"", ""Thursday"": ""8AM-5PM"", ""Friday"": ""8AM-5PM"", ""Saturday"": ""Closed""}","Sunday,|Monday,8AM,5PM|Tuesday,8AM,5PM|Wednesday,8AM,5PM|Thursday,8AM,5PM|Friday,8AM,5PM|Saturday,",Sunday:Closed|Monday:8AM-5PM|Tuesday:8AM-5PM|Wednesday:8AM-5PM|Thursday:8AM-5PM|Friday:8AM-5PM|Saturday:Closed,,,OPERATIONAL,{},,,,https://lh4.googleusercontent.com/-nxeXmdITDN4/AAAAAAAAAAI/AAAAAAAAAAA/NgYrv9_Imb4/s44-p-k-no-ns-nd/photo.jpg,,,True,102224137510521069591,Gulf South Environmental Services,https://www.google.com/maps/contrib/102224137510521069591,,,,,"https://www.google.com/maps/place/Gulf+South+Environmental+Services/@29.8491775,-90.05633,14z/data=!4m8!1m2!2m1!1sGulf+South+Environmental+Services!3m4!1s0x68bf54bafc46edd7:0xe2c6736a708db7ed!8m2!3d29.8491775!4d-90.05633","https://www.google.com/maps/place/Gulf+South+Environmental+Services/@29.8491775,-90.05633,13.99z/data=!4m16!1m7!3m6!1s0x68bf54bafc46edd7:0xe2c6736a708db7ed!2sGulf+South+Environmental+Services!8m2!3d29.8491775!4d-90.05633!16s%2Fg%2F11ckvg1dmb!3m7!1s0x68bf54bafc46edd7:0xe2c6736a708db7ed!8m2!3d29.8491775!4d-90.05633!9m1!1b1!16s%2Fg%2F11ckvg1dmb?entry=ttu",ChIJ1-1G_LpUv2gR7beNcGpzxuI,0x68bf54bafc46edd7:0xe2c6736a708db7ed,16340875198952486893,/g/11y9_qcdp1,-2105868874757064723,,micah@micahrich.com,RECEIVING,Catch All,,,,,,office@gulfsouthmoldpro.com,RECEIVING,Role,,,,,,,,,,,,,,5045046644,landline,Onvoy,True,,,,,,,,,https://www.facebook.com/562060400316792,,,,,,,,,,,,,https://github.com/ThomasJockin/,,About Us – Gulf South Environmental Services,WordPress 6.8.3,,,False,False
"water damage restoration service, 70179, New Orleans, LA, US",Lavalla Environmental Services,Lavalla Environmental Services,,Water damage restoration service,Water damage restoration service,Water damage restoration service,+1 225-888-6480,mobile,"NEW CINGULAR WIRELESS PCS, LLC - GA",,"928 Valmont St, New Orleans, LA 70115",Uptown/Carrollton,928 Valmont St,New Orleans,70115,Louisiana,Louisiana,United States of America,US,29.921219699999998,-90.11282109999999,8944465093bffff,America/Chicago,,False,5.0,2.0,https://search.google.com/local/reviews?placeid=ChIJi6AgLSMenogRkPb_lZOgSx8&q=*&authuser=0&hl=en&gl=US,,,0.0,0.0,0.0,0.0,2.0,1.0,https://streetviewpixels-pa.googleapis.com/v1/thumbnail?panoid=NAkoW6EKQPYyDyk1BMpkWA&cb_client=search.gws-prod.gps&w=800&h=500&yaw=282.73135&pitch=0&thumbfov=100,https://streetviewpixels-pa.googleapis.com/v1/thumbnail?panoid=NAkoW6EKQPYyDyk1BMpkWA&cb_client=search.gws-prod.gps&w=1600&h=1000&yaw=282.73135&pitch=0&thumbfov=100,,,,,,,OPERATIONAL,{},,,,https://lh3.googleusercontent.com/-kUvQ0GsDqwo/AAAAAAAAAAI/AAAAAAAAAAA/NuOgsay2enc/s44-p-k-no-ns-nd/photo.jpg,,,True,111823325982034449907,Lavalla Environmental Services,https://www.google.com/maps/contrib/111823325982034449907,,,,,"https://www.google.com/maps/place/Lavalla+Environmental+Services/@29.921219699999998,-90.11282109999999,14z/data=!4m8!1m2!2m1!1sLavalla+Environmental+Services!3m4!1s0x889e1e232d20a08b:0x1f4ba09395fff690!8m2!3d29.921219699999998!4d-90.11282109999999","https://www.google.com/maps/place/Lavalla+Environmental+Services/@29.921219699999998,-90.11282109999999,13.99z/data=!4m16!1m7!3m6!1s0x889e1e232d20a08b:0x1f4ba09395fff690!2sLavalla+Environmental+Services!8m2!3d29.921219699999998!4d-90.11282109999999!16s%2Fg%2F11ckvg1dmb!3m7!1s0x889e1e232d20a08b:0x1f4ba09395fff690!8m2!3d29.921219699999998!4d-90.11282109999999!9m1!1b1!16s%2Fg%2F11ckvg1dmb?entry=ttu",ChIJi6AgLSMenogRkPb_lZOgSx8,0x889e1e232d20a08b:0x1f4ba09395fff690,2255072594166281872,/g/11c3xbyg99,2255072594166281872,,,,,,,,,,,,,,,,,,,,,,,,,,,,,,,,,,,,,,,,,,,,,,,,,,,,,,,,,,
"water damage restoration service, 70179, New Orleans, LA, US",Better Foundation Repair New Orleans,Better Foundation Repair New Orleans,https://betterfoundationrepairneworleans.com/,"Waterproofing service, Service establishment, Foundation",Waterproofing service,Waterproofing service,+1 504-766-3900,landline,,,,,,,,,,,,30.0326605,-89.88256349999999,8944464a367ffff,America/Chicago,,True,5.0,1.0,https://search.google.com/local/reviews?placeid=ChIJ4f7hxE0DnogRWiVbNNdAjlI&q=*&authuser=0&hl=en&gl=US,,,0.0,0.0,0.0,0.0,1.0,109.0,https://lh3.googleusercontent.com/p/AF1QipOzjs0ye2oddsnZTggZqEoyJYhdxiHftZdUYwP8=w800-h500-k-no,https://lh3.googleusercontent.com/p/AF1QipOzjs0ye2oddsnZTggZqEoyJYhdxiHftZdUYwP8=w1600-h1000-k-no,,"{""Sunday"": ""Closed"", ""Monday"": ""8AM-6PM"", ""Tuesday"": ""8AM-6PM"", ""Wednesday"": ""8AM-6PM"", ""Thursday"": ""8AM-6PM"", ""Friday"": ""8AM-6PM"", ""Saturday"": ""8AM-6PM""}","Sunday,|Monday,8AM,6PM|Tuesday,8AM,6PM|Wednesday,8AM,6PM|Thursday,8AM,6PM|Friday,8AM,6PM|Saturday,8AM,6PM",Sunday:Closed|Monday:8AM-6PM|Tuesday:8AM-6PM|Wednesday:8AM-6PM|Thursday:8AM-6PM|Friday:8AM-6PM|Saturday:8AM-6PM,,,OPERATIONAL,{},,,,https://lh4.googleusercontent.com/-zGfxDEirBGQ/AAAAAAAAAAI/AAAAAAAAAAA/4GUlJT3PGLg/s44-p-k-no-ns-nd/photo.jpg,,,True,113757956963672074083,Better Foundation Repair New Orleans,https://www.google.com/maps/contrib/113757956963672074083,,,,,"https://www.google.com/maps/place/Better+Foundation+Repair+New+Orleans/@30.0326605,-89.88256349999999,14z/data=!4m8!1m2!2m1!1sBetter+Foundation+Repair+New+Orleans!3m4!1s0x889e034dc4e1fee1:0x528e40d7345b255a!8m2!3d30.0326605!4d-89.88256349999999","https://www.google.com/maps/place/Better+Foundation+Repair+New+Orleans/@30.0326605,-89.88256349999999,13.99z/data=!4m16!1m7!3m6!1s0x889e034dc4e1fee1:0x528e40d7345b255a!2sBetter+Foundation+Repair+New+Orleans!8m2!3d30.0326605!4d-89.88256349999999!16s%2Fg%2F11ckvg1dmb!3m7!1s0x889e034dc4e1fee1:0x528e40d7345b255a!8m2!3d30.0326605!4d-89.88256349999999!9m1!1b1!16s%2Fg%2F11ckvg1dmb?entry=ttu",ChIJ4f7hxE0DnogRWiVbNNdAjlI,0x889e034dc4e1fee1:0x528e40d7345b255a,5948763450843538778,/g/11p012mqmz,5948763450843538778,,betterfoundationsneworleans@gmail.com,RECEIVING,SMTP validated,,,,,,info@betterfoundationrepairneworleans.com,BLACKLISTED,Complainer,,,,,,,,,,,,,,5047663900,landline,,,15047663900,,landline,,,,,,https://www.facebook.com/Better-Foundation-Repair-New-Orleans-103651251592275,https://www.instagram.com/betterfoundationsneworleans,,,,,,,,,,,https://www.youtube.com/channel/UCKnYZAC0p8iDM-rv_7ttNPQ,,,Foundation Repair New Orleans | #1 Foundation Repair NOLA,wordpress,"If your home needs foundation repair in New Orleans, call the most trusted name in the industry, Better Foundation Repair New Orleans!",,False,False
"water damage restoration service, 70179, New Orleans, LA, US",Water Removal Pros,Water Removal Pros,https://www.water-removal-pros.com/%3Futm_source%3Dgoogle%26utm_medium%3Dwix_google_business_profile%26utm_campaign%3D4214659294837944401,"Water damage restoration service, Fire damage restoration service",Water damage restoration service,Water damage restoration service,+1 504-949-6900,landline,,,"105 Jarrell Dr, Belle Chasse, LA 70037",None,105 Jarrell Dr,Belle Chasse,70037,Louisiana,Louisiana,United States of America,US,29.901292599999998,-89.98552409999999,8944465ad2fffff,America/Chicago,,False,5.0,37.0,https://search.google.com/local/reviews?placeid=ChIJR1xMcE1vOw8RoAFuxLZJ9lU&q=*&authuser=0&hl=en&gl=US,,,0.0,0.0,0.0,0.0,37.0,127.0,https://lh3.googleusercontent.com/p/AF1QipOAKLJd6gplkmfhqc2e_tDtzAE5Xeh7J3dYX7iq=w800-h500-k-no,https://lh3.googleusercontent.com/p/AF1QipOAKLJd6gplkmfhqc2e_tDtzAE5Xeh7J3dYX7iq=w1600-h1000-k-no,,"{""Sunday"": ""Open 24 hours"", ""Monday"": ""Open 24 hours"", ""Tuesday"": ""Open 24 hours"", ""Wednesday"": ""Open 24 hours"", ""Thursday"": ""Open 24 hours"", ""Friday"": ""Open 24 hours"", ""Saturday"": ""Open 24 hours""}","Sunday,Open 24 hours|Monday,Open 24 hours|Tuesday,Open 24 hours|Wednesday,Open 24 hours|Thursday,Open 24 hours|Friday,Open 24 hours|Saturday,Open 24 hours",Sunday:Open 24 hours|Monday:Open 24 hours|Tuesday:Open 24 hours|Wednesday:Open 24 hours|Thursday:Open 24 hours|Friday:Open 24 hours|Saturday:Open 24 hours,,,OPERATIONAL,"{""From the business"": {""Identifies as women-owned"": true}, ""Service options"": {""Online estimates"": true}, ""Accessibility"": {""Wheelchair accessible parking lot"": true}, ""Other"": {""Identifies as women-owned"": true}}",,,,https://lh6.googleusercontent.com/-bivgdImcGx8/AAAAAAAAAAI/AAAAAAAAAAA/Q1LnYS_gDlc/s44-p-k-no-ns-nd/photo.jpg,,,True,114602666297462471590,Water Removal Pros,https://www.google.com/maps/contrib/114602666297462471590,,,,,"https://www.google.com/maps/place/Water+Removal+Pros/@29.901292599999998,-89.98552409999999,14z/data=!4m8!1m2!2m1!1sWater+Removal+Pros!3m4!1s0xf3b6f4d704c5c47:0x55f649b6c46e01a0!8m2!3d29.901292599999998!4d-89.98552409999999","https://www.google.com/maps/place/Water+Removal+Pros/@29.901292599999998,-89.98552409999999,13.99z/data=!4m16!1m7!3m6!1s0xf3b6f4d704c5c47:0x55f649b6c46e01a0!2sWater+Removal+Pros!8m2!3d29.901292599999998!4d-89.98552409999999!16s%2Fg%2F11ckvg1dmb!3m7!1s0xf3b6f4d704c5c47:0x55f649b6c46e01a0!8m2!3d29.901292599999998!4d-89.98552409999999!9m1!1b1!16s%2Fg%2F11ckvg1dmb?entry=ttu",ChIJR1xMcE1vOw8RoAFuxLZJ9lU,0xf3b6f4d704c5c47:0x55f649b6c46e01a0,6194219386823115168,/g/11q2ynyzvj,6194219386823115168,,info@water-removal-pros.com,RECEIVING,SMTP validated,,,,,,,,,,,,,,,,,,,,,,,,,,,,,,,,,,,,,,,,,,,,,,,,,"Understanding Asbestos in Residential Homes: Risks, Locations, and Safe Removal Techniques",Wix.com Website Builder,"Call us 24/7 We are your flood water experts. Let us restore your property to a pre-loss condition. Get your water damage or mold remediation services done by Water Removal Pros: proudly local, professional & reliable.","Business, tagline",False,False
"water damage restoration service, 70179, New Orleans, LA, US",Water Damage Restoration Chalmette,Water Damage Restoration Chalmette,,"Water damage restoration service, Building restoration service",Building restoration service,Water damage restoration service,+1 504-276-5183,landline,,,"2821 Pakenham Dr, Chalmette, LA 70043",None,2821 Pakenham Dr,Chalmette,70043,Louisiana,Louisiana,United States of America,US,29.947900999999998,-89.97006239999999,8944464329bffff,America/Chicago,,False,5.0,1.0,https://search.google.com/local/reviews?placeid=ChIJM2MhlxkdnogRR61CFLR3_ss&q=*&authuser=0&hl=en&gl=US,,,0.0,0.0,0.0,0.0,1.0,6.0,https://lh3.googleusercontent.com/p/AF1QipPEfnaWNiENiCX7YKh8yvoT2ggsVk6es8cXXW1w=w800-h500-k-no,https://lh3.googleusercontent.com/p/AF1QipPEfnaWNiENiCX7YKh8yvoT2ggsVk6es8cXXW1w=w1600-h1000-k-no,,"{""Sunday"": ""8AM-5PM"", ""Monday"": ""8AM-5PM"", ""Tuesday"": ""8AM-5PM"", ""Wednesday"": ""8AM-5PM"", ""Thursday"": ""8AM-5PM"", ""Friday"": ""8AM-5PM"", ""Saturday"": ""8AM-5PM""}","Sunday,8AM,5PM|Monday,8AM,5PM|Tuesday,8AM,5PM|Wednesday,8AM,5PM|Thursday,8AM,5PM|Friday,8AM,5PM|Saturday,8AM,5PM",Sunday:8AM-5PM|Monday:8AM-5PM|Tuesday:8AM-5PM|Wednesday:8AM-5PM|Thursday:8AM-5PM|Friday:8AM-5PM|Saturday:8AM-5PM,,,OPERATIONAL,"{""Service options"": {""Onsite services"": true}}",,,,https://lh4.googleusercontent.com/-0e7rrPs309U/AAAAAAAAAAI/AAAAAAAAAAA/D5tNJ2JYT5M/s44-p-k-no-ns-nd/photo.jpg,,,True,117657755415686638703,Water Damage Restoration Chalmette,https://www.google.com/maps/contrib/117657755415686638703,,,,,"https://www.google.com/maps/place/Water+Damage+Restoration+Chalmette/@29.947900999999998,-89.97006239999999,14z/data=!4m8!1m2!2m1!1sWater+Damage+Restoration+Chalmette!3m4!1s0x889e1d1997216333:0xcbfe77b41442ad47!8m2!3d29.947900999999998!4d-89.97006239999999","https://www.google.com/maps/place/Water+Damage+Restoration+Chalmette/@29.947900999999998,-89.97006239999999,13.99z/data=!4m16!1m7!3m6!1s0x889e1d1997216333:0xcbfe77b41442ad47!2sWater+Damage+Restoration+Chalmette!8m2!3d29.947900999999998!4d-89.97006239999999!16s%2Fg%2F11ckvg1dmb!3m7!1s0x889e1d1997216333:0xcbfe77b41442ad47!8m2!3d29.947900999999998!4d-89.97006239999999!9m1!1b1!16s%2Fg%2F11ckvg1dmb?entry=ttu",ChIJM2MhlxkdnogRR61CFLR3_ss,0x889e1d1997216333:0xcbfe77b41442ad47,14699317849101610311,/g/11b7lm5lqv,-3747426224607941305,,,,,,,,,,,,,,,,,,,,,,,,,,,,,,,,,,,,,,,,,,,,,,,,,,,,,,,,,,
"water damage restoration service, 70179, New Orleans, LA, US",ServiceMaster Contract Cleaners,Servicemaster Contract Cleaners,http://www.servicemasterbldgservices.com/,"Water damage restoration service, Building restoration service, Carpet cleaning service, Cleaning service, Janitorial service, Upholstery cleaning service, Fire damage restoration service",Fire damage restoration service,Water damage restoration service,+1 504-267-8915,landline,,,"103 Verret St, New Orleans, LA 70114",Algiers,103 Verret St,New Orleans,70114,Louisiana,Louisiana,United States of America,US,29.9548317,-90.0515199,89444642047ffff,America/Chicago,,False,5.0,1.0,https://search.google.com/local/reviews?placeid=ChIJDf22XIqnIIYRGhH5oPgXTeg&q=*&authuser=0&hl=en&gl=US,,,0.0,0.0,0.0,0.0,1.0,1.0,https://streetviewpixels-pa.googleapis.com/v1/thumbnail?panoid=35KwW1LSmUHMc9fiXdsoqg&cb_client=search.gws-prod.gps&w=800&h=500&yaw=240.99165&pitch=0&thumbfov=100,https://streetviewpixels-pa.googleapis.com/v1/thumbnail?panoid=35KwW1LSmUHMc9fiXdsoqg&cb_client=search.gws-prod.gps&w=1600&h=1000&yaw=240.99165&pitch=0&thumbfov=100,,"{""Sunday"": ""Closed"", ""Monday"": ""Open 24 hours"", ""Tuesday"": ""Open 24 hours"", ""Wednesday"": ""Open 24 hours"", ""Thursday"": ""Open 24 hours"", ""Friday"": ""Open 24 hours"", ""Saturday"": ""Closed""}","Sunday,|Monday,Open 24 hours|Tuesday,Open 24 hours|Wednesday,Open 24 hours|Thursday,Open 24 hours|Friday,Open 24 hours|Saturday,",Sunday:Closed|Monday:Open 24 hours|Tuesday:Open 24 hours|Wednesday:Open 24 hours|Thursday:Open 24 hours|Friday:Open 24 hours|Saturday:Closed,,,OPERATIONAL,{},,,,,,,False,None,ServiceMaster Contract Cleaners,,,,,,"https://www.google.com/maps/place/ServiceMaster+Contract+Cleaners/@29.9548317,-90.0515199,14z/data=!4m8!1m2!2m1!1sServiceMaster+Contract+Cleaners!3m4!1s0x8620a78a5cb6fd0d:0xe84d17f8a0f9111a!8m2!3d29.9548317!4d-90.0515199","https://www.google.com/maps/place/ServiceMaster+Contract+Cleaners/@29.9548317,-90.0515199,13.99z/data=!4m16!1m7!3m6!1s0x8620a78a5cb6fd0d:0xe84d17f8a0f9111a!2sServiceMaster+Contract+Cleaners!8m2!3d29.9548317!4d-90.0515199!16s%2Fg%2F11ckvg1dmb!3m7!1s0x8620a78a5cb6fd0d:0xe84d17f8a0f9111a!8m2!3d29.9548317!4d-90.0515199!9m1!1b1!16s%2Fg%2F11ckvg1dmb?entry=ttu",ChIJDf22XIqnIIYRGhH5oPgXTeg,0x8620a78a5cb6fd0d:0xe84d17f8a0f9111a,16739061746626007322,/g/11fp8vb528,-1707682327083544294,,smbld@nocoxmail.com,INVALID,Invalid SMTP,,,,,,,,,,,,,,,,,,,,,,5043624700,landline,,,,,,,,,,,,,,,,,,,,,,,,,,"Contact ServiceMaster Building Services New Orleans Louisiana,Janitorial Cleaning New Orleans Louisiana,Commercial and Residential Cleaning New Orleans Louisiana, Office Cleanig New Orleans Louisiana, Fire and Water Damage New Orleans Louisiana, Biohazard Cleaning New Orleans Louisiana,Carpet Cleaning New Orleans Louisiana",,"ServiceMaster Building Services, Inc. in New Orleans, Louisiana provides Janitorial Cleaning, Commercial Cleaning, Residential Cleaning, Fire and Water Damage Cleanup Services and Biohazard Cleanup for the New Orleans Metro Area.","janitorial cleaning,office cleaning,commercial cleaning,residential cleaning,fire damage cleanup,water damage cleanup,fire damage restoration,water damage restoration,biohazard cleaning,disaster restoration,carpet cleaning,floor cleaning,upholstery cleaning,green cleaning",False,False
"water damage restoration service, 70179, New Orleans, LA, US",ServiceMaster of Greater New Orleans,Servicemaster Of Greater New Orleans,https://www.servicemasterrestore.com/servicemaster-of-greater-new-orleans/%3Futm_source%3DGMB%26utm_medium%3Dorganic%26utm_campaign%3DLuling,"Water damage restoration service, Building restoration service, Service establishment, Fire damage restoration service",Water damage restoration service,Water damage restoration service,+1 504-384-8317,landline,,,,,,,,,,,,30.062298,-90.3659474,8944460aadbffff,America/Chicago,,True,4.2,5.0,https://search.google.com/local/reviews?placeid=ChIJbfVMgA23IIYRsYfcZJmZX4s&q=*&authuser=0&hl=en&gl=US,,,1.0,0.0,0.0,0.0,4.0,7.0,https://lh3.googleusercontent.com/p/AF1QipP2HGNrxWwZyT9sihjg080SuW6jmVJ2Y2oWN632=w800-h500-k-no,https://lh3.googleusercontent.com/p/AF1QipP2HGNrxWwZyT9sihjg080SuW6jmVJ2Y2oWN632=w1600-h1000-k-no,,"{""Sunday"": ""Open 24 hours"", ""Monday"": ""Open 24 hours"", ""Tuesday"": ""Open 24 hours"", ""Wednesday"": ""Open 24 hours"", ""Thursday"": ""Open 24 hours"", ""Friday"": ""Open 24 hours"", ""Saturday"": ""Open 24 hours""}","Sunday,Open 24 hours|Monday,Open 24 hours|Tuesday,Open 24 hours|Wednesday,Open 24 hours|Thursday,Open 24 hours|Friday,Open 24 hours|Saturday,Open 24 hours",Sunday:Open 24 hours|Monday:Open 24 hours|Tuesday:Open 24 hours|Wednesday:Open 24 hours|Thursday:Open 24 hours|Friday:Open 24 hours|Saturday:Open 24 hours,,,OPERATIONAL,{},,,,https://lh4.googleusercontent.com/-QUrK2FwuDfA/AAAAAAAAAAI/AAAAAAAAAAA/gaFu3kj3Uj8/s44-p-k-no-ns-nd/photo.jpg,,,True,115231173803481089341,ServiceMaster of Greater New Orleans,https://www.google.com/maps/contrib/115231173803481089341,,http://servicemasterrestore.com/servicemaster-of-greater-new-orleans/contact-us/?utm_source=GMB&utm_medium=organic&utm_campaign=Luling,,http://servicemasterrestore.com/servicemaster-of-greater-new-orleans/contact-us/?utm_source=GMB&utm_medium=organic&utm_campaign=Luling,"https://www.google.com/maps/place/ServiceMaster+of+Greater+New+Orleans/@30.062298,-90.3659474,14z/data=!4m8!1m2!2m1!1sServiceMaster+of+Greater+New+Orleans!3m4!1s0x8620b70d804cf56d:0x8b5f999964dc87b1!8m2!3d30.062298!4d-90.3659474","https://www.google.com/maps/place/ServiceMaster+of+Greater+New+Orleans/@30.062298,-90.3659474,13.99z/data=!4m16!1m7!3m6!1s0x8620b70d804cf56d:0x8b5f999964dc87b1!2sServiceMaster+of+Greater+New+Orleans!8m2!3d30.062298!4d-90.3659474!16s%2Fg%2F11ckvg1dmb!3m7!1s0x8620b70d804cf56d:0x8b5f999964dc87b1!8m2!3d30.062298!4d-90.3659474!9m1!1b1!16s%2Fg%2F11ckvg1dmb?entry=ttu",ChIJbfVMgA23IIYRsYfcZJmZX4s,0x8620b70d804cf56d:0x8b5f999964dc87b1,10042914578160715697,/g/1vf9cqv0,-8403829495548835919,,jsappingfield@smrestore.net,RECEIVING,Catch All,John Sappingfield,John,Sappingfield,Owner,19169650466,bmeeker@smrestore.net,RECEIVING,Catch All,Bill Meeker,Bill,Meeker,Controller,19169650466,joseysilvia23@yahoo.com,BLACKLISTED,Complainer,Jose Gutierrez,Jose,Gutierrez,,18556468988,8007377663,toll_free,,,9728408888,"LEVEL 3 COMMUNICATIONS, LLC - ",landline,,9724642082,"ONVOY, LLC - TX",fixed line,,https://facebook.com/servicemasterrestore,https://www.instagram.com/servicemasterrestoreofficial,https://www.linkedin.com/company/servicemaster-restoration-by-quality-first,,,,,,,,https://twitter.com/ServiceMasterA3,,https://www.youtube.com/channel/UCxhfBr5uexZ5FxWWnOtHEkQ,https://github.com/newrelic/,,ServiceMaster Restoration by All Pro - North Versailles | Professional Restoration & Disaster Recovery,,"For the professional disaster relief and restoration recovery services you need, call the North Versailles restoration experts at ServiceMaster Restore. We're available 24/7 to take your call!",,False,False
"water damage restoration service, 70179, New Orleans, LA, US",Moldav Repairs,Moldav Repairs,,Water damage restoration service,Water damage restoration service,Water damage restoration service,+1 504-221-1044,mobile,T-Mobile USA Inc.,,"759 Carondelet St, New Orleans, LA 70130",Warehouse District,759 Carondelet St,New Orleans,70130,Louisiana,Louisiana,United States of America,US,29.9464503,-90.0730707,89444642543ffff,America/Chicago,,False,,,,,,,,,,,8.0,https://lh3.googleusercontent.com/p/AF1QipM7uex0L6CdlovL1R4dICdlHaa45HFA0Lz-9P6P=w800-h500-k-no,https://lh3.googleusercontent.com/p/AF1QipM7uex0L6CdlovL1R4dICdlHaa45HFA0Lz-9P6P=w1600-h1000-k-no,,"{""Sunday"": ""Open 24 hours"", ""Monday"": ""Open 24 hours"", ""Tuesday"": ""Open 24 hours"", ""Wednesday"": ""Open 24 hours"", ""Thursday"": ""Open 24 hours"", ""Friday"": ""Open 24 hours"", ""Saturday"": ""Open 24 hours""}","Sunday,Open 24 hours|Monday,Open 24 hours|Tuesday,Open 24 hours|Wednesday,Open 24 hours|Thursday,Open 24 hours|Friday,Open 24 hours|Saturday,Open 24 hours",Sunday:Open 24 hours|Monday:Open 24 hours|Tuesday:Open 24 hours|Wednesday:Open 24 hours|Thursday:Open 24 hours|Friday:Open 24 hours|Saturday:Open 24 hours,,,OPERATIONAL,"{""Service options"": {""Onsite services"": true, ""Language assistance"": ""English""}, ""Accessibility"": {""Wheelchair accessible restroom"": false, ""Wheelchair accessible seating"": false}, ""Crowd"": {""LGBTQ+ friendly"": true, ""Transgender safespace"": true}, ""Other"": {""LGBTQ+ friendly"": true}}",,,,https://lh5.googleusercontent.com/-7TxTjj-N7tE/AAAAAAAAAAI/AAAAAAAAAAA/7mVihzL8jls/s44-p-k-no-ns-nd/photo.jpg,,,True,110126330804791358964,Moldav Repairs,https://www.google.com/maps/contrib/110126330804791358964,,,,,"https://www.google.com/maps/place/Moldav+Repairs/@29.9464503,-90.0730707,14z/data=!4m8!1m2!2m1!1sMoldav+Repairs!3m4!1s0x88dc45dd367635a5:0xc0a7129d5c459e8c!8m2!3d29.9464503!4d-90.0730707","https://www.google.com/maps/place/Moldav+Repairs/@29.9464503,-90.0730707,13.99z/data=!4m16!1m7!3m6!1s0x88dc45dd367635a5:0xc0a7129d5c459e8c!2sMoldav+Repairs!8m2!3d29.9464503!4d-90.0730707!16s%2Fg%2F11ckvg1dmb!3m7!1s0x88dc45dd367635a5:0xc0a7129d5c459e8c!8m2!3d29.9464503!4d-90.0730707!9m1!1b1!16s%2Fg%2F11ckvg1dmb?entry=ttu",ChIJpTV2Nt1F3IgRjJ5FXJ0Sp8A,0x88dc45dd367635a5:0xc0a7129d5c459e8c,13882084843460075148,/g/11vc5_1f73,None,,,,,,,,,,,,,,,,,,,,,,,,,,,,,,,,,,,,,,,,,,,,,,,,,,,,,,,,,,
"water damage restoration service, 70179, New Orleans, LA, US",Prestige Restoration and Cleaning Services,Prestige Restoration And Cleaning Services,https://www.prestigerestorationandcleaningservices.co/,"Water damage restoration service, Service establishment",Water damage restoration service,Water damage restoration service,+1 504-418-9017,mobile,CELLCO PARTNERSHIP DBA VERIZON WIRELESS - LA,,,,,,,,,,,30.0326605,-89.88256349999999,8944464a367ffff,America/Chicago,,True,5.0,1.0,,,,0.0,0.0,0.0,0.0,1.0,,,,,"{""Sunday"": ""Open 24 hours"", ""Monday"": ""Open 24 hours"", ""Tuesday"": ""Open 24 hours"", ""Wednesday"": ""Open 24 hours"", ""Thursday"": ""Open 24 hours"", ""Friday"": ""Open 24 hours"", ""Saturday"": ""Open 24 hours""}","Sunday,Open 24 hours|Monday,Open 24 hours|Tuesday,Open 24 hours|Wednesday,Open 24 hours|Thursday,Open 24 hours|Friday,Open 24 hours|Saturday,Open 24 hours",Sunday:Open 24 hours|Monday:Open 24 hours|Tuesday:Open 24 hours|Wednesday:Open 24 hours|Thursday:Open 24 hours|Friday:Open 24 hours|Saturday:Open 24 hours,,,OPERATIONAL,{},,,,https://lh4.googleusercontent.com/-OQMV8aqhA0s/AAAAAAAAAAI/AAAAAAAAAAA/4RAcqvIRIbg/s44-p-k-no-ns-nd/photo.jpg,,,True,112267795143131514834,Prestige Restoration and Cleaning Services,https://www.google.com/maps/contrib/112267795143131514834,,,,,"https://www.google.com/maps/place/Prestige+Restoration+and+Cleaning+Services/@30.0326605,-89.88256349999999,14z/data=!4m8!1m2!2m1!1sPrestige+Restoration+and+Cleaning+Services!3m4!1s0x4fec210f6375ee71:0xb2e688c934c427a7!8m2!3d30.0326605!4d-89.88256349999999","https://www.google.com/maps/place/Prestige+Restoration+and+Cleaning+Services/@30.0326605,-89.88256349999999,13.99z/data=!4m16!1m7!3m6!1s0x4fec210f6375ee71:0xb2e688c934c427a7!2sPrestige+Restoration+and+Cleaning+Services!8m2!3d30.0326605!4d-89.88256349999999!16s%2Fg%2F11ckvg1dmb!3m7!1s0x4fec210f6375ee71:0xb2e688c934c427a7!8m2!3d30.0326605!4d-89.88256349999999!9m1!1b1!16s%2Fg%2F11ckvg1dmb?entry=ttu",ChIJce51Yw8h7E8RpyfENMmI5rI,0x4fec210f6375ee71:0xb2e688c934c427a7,12891141381149697959,/g/11xlb8jpkf,None,,,,,,,,,,,,,,,,,,,,,,,,,,18004719154,toll_free,,,18009719154,See available results,,True,,,,,,,,,,,,,,,,,,https://github.com/Omnibus-Type/,,Contact | Prestige Restoration and Cleaning Services,Starfield Technologies; Go Daddy Website Builder 8.0.0000,"""24/7 Certified Disaster Restoration & Bio-Hazard Cleanup""",,False,False
"water damage restoration service, 70179, New Orleans, LA, US",Power Pro Remediation,Power Pro Remediation,https://powerproremediation.com/water-damage-covington/%3Futm_campaign%3Dgmb,"Water damage restoration service, Air duct cleaning service, Asbestos testing service, Building restoration service, Construction company, Fire damage restoration service, Interior construction contractor",Water damage restoration service,Water damage restoration service,+1 985-307-4754,landline,,,"21468 Florence Rd, Mandeville, LA 70471",None,21468 Florence Rd,Mandeville,70471,Louisiana,Louisiana,United States of America,US,30.435618899999998,-90.0428999,8944466918bffff,America/Chicago,,False,5.0,115.0,https://search.google.com/local/reviews?placeid=ChIJBb54n-hbJ4YRa3IDIdTRGOY&q=*&authuser=0&hl=en&gl=US,,,0.0,0.0,0.0,0.0,115.0,472.0,https://lh3.googleusercontent.com/p/AF1QipNthRsjvRBm7LUhzCVqpgdXFrKlu4pVD7HX2JN4=w800-h500-k-no,https://lh3.googleusercontent.com/p/AF1QipNthRsjvRBm7LUhzCVqpgdXFrKlu4pVD7HX2JN4=w1600-h1000-k-no,,"{""Sunday"": ""Open 24 hours"", ""Monday"": ""Open 24 hours"", ""Tuesday"": ""Open 24 hours"", ""Wednesday"": ""Open 24 hours"", ""Thursday"": ""Open 24 hours"", ""Friday"": ""Open 24 hours"", ""Saturday"": ""Open 24 hours""}","Sunday,Open 24 hours|Monday,Open 24 hours|Tuesday,Open 24 hours|Wednesday,Open 24 hours|Thursday,Open 24 hours|Friday,Open 24 hours|Saturday,Open 24 hours",Sunday:Open 24 hours|Monday:Open 24 hours|Tuesday:Open 24 hours|Wednesday:Open 24 hours|Thursday:Open 24 hours|Friday:Open 24 hours|Saturday:Open 24 hours,,,OPERATIONAL,{},,,,https://lh5.googleusercontent.com/-H6tpRo_89Lg/AAAAAAAAAAI/AAAAAAAAAAA/_fajnPvi3VY/s44-p-k-no-ns-nd/photo.jpg,,,True,110374206026926087339,Power Pro Remediation,https://www.google.com/maps/contrib/110374206026926087339,,https://powerproremediation.com/contact-us/?utm_campaign=gmb&utm_medium=aptlink,,https://powerproremediation.com/contact-us/?utm_campaign=gmb&utm_medium=aptlink,"https://www.google.com/maps/place/Power+Pro+Remediation/@30.435618899999998,-90.0428999,14z/data=!4m8!1m2!2m1!1sPower+Pro+Remediation!3m4!1s0x86275be89f78be05:0xe618d1d42103726b!8m2!3d30.435618899999998!4d-90.0428999","https://www.google.com/maps/place/Power+Pro+Remediation/@30.435618899999998,-90.0428999,13.99z/data=!4m16!1m7!3m6!1s0x86275be89f78be05:0xe618d1d42103726b!2sPower+Pro+Remediation!8m2!3d30.435618899999998!4d-90.0428999!16s%2Fg%2F11ckvg1dmb!3m7!1s0x86275be89f78be05:0xe618d1d42103726b!8m2!3d30.435618899999998!4d-90.0428999!9m1!1b1!16s%2Fg%2F11ckvg1dmb?entry=ttu",ChIJBb54n-hbJ4YRa3IDIdTRGOY,0x86275be89f78be05:0xe618d1d42103726b,16580232737181626987,/g/11f5q_y6ff,-1866511336527924629,,office@powerproremediation.com,RECEIVING,SMTP validated,,,,,,lloyd@powerproremediation.com,RECEIVING,SMTP validated,,,,,,,,,,,,,,19853171686,mobile,"NEW CINGULAR WIRELESS PCS, LLC - GA",,19859665015,T-Mobile USA Inc.,mobile,,9853171686,"NEW CINGULAR WIRELESS PCS, LLC - GA",mobile,,https://www.facebook.com/powerproremediation,,,,,,,,,,,,,,,Contact Us | Power Pro Remediation,"Elementor 3.33.0; settings: css_print_method-external, google_font-enabled, font_display-auto","Contact Power Pro Remediation today! We provide remediation services to Mandeville, Louisiana and surrounding areas.",,False,False
"water damage restoration service, 70179, New Orleans, LA, US",AdvantaClean of Metairie,Advantaclean Of Metairie,https://advantaclean.com/metairie-la/,"Water damage restoration service, Air duct cleaning service, Building restoration service, Service establishment, Waterproofing service",Water damage restoration service,Water damage restoration service,+1 504-608-9941,landline,,,,,,,,,,,,30.006484,-90.33374959999999,8944460a2d3ffff,America/Chicago,,True,5.0,8.0,,,,0.0,0.0,0.0,0.0,8.0,,,,,"{""Sunday"": ""Open 24 hours"", ""Monday"": ""Open 24 hours"", ""Tuesday"": ""Open 24 hours"", ""Wednesday"": ""Open 24 hours"", ""Thursday"": ""Open 24 hours"", ""Friday"": ""Open 24 hours"", ""Saturday"": ""Open 24 hours""}","Sunday,Open 24 hours|Monday,Open 24 hours|Tuesday,Open 24 hours|Wednesday,Open 24 hours|Thursday,Open 24 hours|Friday,Open 24 hours|Saturday,Open 24 hours",Sunday:Open 24 hours|Monday:Open 24 hours|Tuesday:Open 24 hours|Wednesday:Open 24 hours|Thursday:Open 24 hours|Friday:Open 24 hours|Saturday:Open 24 hours,,,OPERATIONAL,{},,,,https://lh6.googleusercontent.com/-qgq8tf4zt7A/AAAAAAAAAAI/AAAAAAAAAAA/f3trtefOA8Y/s44-p-k-no-ns-nd/photo.jpg,,,True,111991907291889236567,AdvantaClean of Metairie,https://www.google.com/maps/contrib/111991907291889236567,,,,,"https://www.google.com/maps/place/AdvantaClean+of+Metairie/@30.006484,-90.33374959999999,14z/data=!4m8!1m2!2m1!1sAdvantaClean+of+Metairie!3m4!1s0x476b2d6c59e9c9ef:0x2a91dd3e6441534f!8m2!3d30.006484!4d-90.33374959999999","https://www.google.com/maps/place/AdvantaClean+of+Metairie/@30.006484,-90.33374959999999,13.99z/data=!4m16!1m7!3m6!1s0x476b2d6c59e9c9ef:0x2a91dd3e6441534f!2sAdvantaClean+of+Metairie!8m2!3d30.006484!4d-90.33374959999999!16s%2Fg%2F11ckvg1dmb!3m7!1s0x476b2d6c59e9c9ef:0x2a91dd3e6441534f!8m2!3d30.006484!4d-90.33374959999999!9m1!1b1!16s%2Fg%2F11ckvg1dmb?entry=ttu",ChIJ78npWWwta0cRT1NBZD7dkSo,0x476b2d6c59e9c9ef:0x2a91dd3e6441534f,3067476081255732047,/g/11vwr0nfg7,None,,dave.cotton@advantaclean.com,RECEIVING,SMTP validated,,,,,,service@advantaclean.com,RECEIVING,SMTP validated,,,,,,dave.harley@advantaclean.com,RECEIVING,Verified,,,,,,8778002382,toll_free,,,18607565314,"ONVOY, LLC - CT",landline,,17172834065,"BANDWIDTH.COM CLEC, LLC - PA",fixed line,,https://www.facebook.com/AdvantaCleanBadgerland/,https://www.instagram.com/advantaclean,https://www.linkedin.com/company/advantacleanoftoledo,,,,,,,,https://twitter.com/advantaclean,,https://www.youtube.com/channel/UCZ2uw_kYUb7s5v4xxGqisuw,,,Blog | AdvantaClean Badgerland,,"AdvantaClean has been in business for over 25 years helping clients with mold remediation, water damage restoration, and air duct cleaning.",,False,False
"water damage restoration service, 70179, New Orleans, LA, US",PuroClean Certified Restoration Specialist,Puroclean Certified Restoration Specialist,https://www.puroclean.com/metairie-la-puroclean-certified-restoration-specialist,Water damage restoration service,Water damage restoration service,Water damage restoration service,+1 504-799-0400,landline,,,"2701 Airline Dr, Metairie, LA 70001",None,2701 Airline Dr,Metairie,70001,Louisiana,Louisiana,United States of America,US,29.9748752,-90.1501329,89444655133ffff,America/Chicago,,False,4.8,50.0,https://search.google.com/local/reviews?placeid=ChIJ_____wuwIIYR_9o13yc9gw0&q=*&authuser=0&hl=en&gl=US,,,3.0,0.0,0.0,0.0,47.0,35.0,https://lh3.googleusercontent.com/p/AF1QipPGRUpfj3UsopPY30-lahs4HtJSLzImmiUNU71M=w800-h500-k-no,https://lh3.googleusercontent.com/p/AF1QipPGRUpfj3UsopPY30-lahs4HtJSLzImmiUNU71M=w1600-h1000-k-no,,"{""Sunday"": ""Open 24 hours"", ""Monday"": ""Open 24 hours"", ""Tuesday"": ""Open 24 hours"", ""Wednesday"": ""Open 24 hours"", ""Thursday"": ""Open 24 hours"", ""Friday"": ""Open 24 hours"", ""Saturday"": ""Open 24 hours""}","Sunday,Open 24 hours|Monday,Open 24 hours|Tuesday,Open 24 hours|Wednesday,Open 24 hours|Thursday,Open 24 hours|Friday,Open 24 hours|Saturday,Open 24 hours",Sunday:Open 24 hours|Monday:Open 24 hours|Tuesday:Open 24 hours|Wednesday:Open 24 hours|Thursday:Open 24 hours|Friday:Open 24 hours|Saturday:Open 24 hours,,,OPERATIONAL,"{""Service options"": {""Onsite services"": true}, ""Accessibility"": {""Wheelchair accessible entrance"": true, ""Wheelchair accessible parking lot"": true}}",,,,https://lh6.googleusercontent.com/-x5SjMIy3LMY/AAAAAAAAAAI/AAAAAAAAAAA/-IBKzzjzLms/s44-p-k-no-ns-nd/photo.jpg,,,True,115082687429358413415,PuroClean Certified Restoration Specialist,https://www.google.com/maps/contrib/115082687429358413415,,,,,"https://www.google.com/maps/place/PuroClean+Certified+Restoration+Specialist/@29.9748752,-90.1501329,14z/data=!4m8!1m2!2m1!1sPuroClean+Certified+Restoration+Specialist!3m4!1s0x8620b00bffffffff:0xd833d27df35daff!8m2!3d29.9748752!4d-90.1501329","https://www.google.com/maps/place/PuroClean+Certified+Restoration+Specialist/@29.9748752,-90.1501329,13.99z/data=!4m16!1m7!3m6!1s0x8620b00bffffffff:0xd833d27df35daff!2sPuroClean+Certified+Restoration+Specialist!8m2!3d29.9748752!4d-90.1501329!16s%2Fg%2F11ckvg1dmb!3m7!1s0x8620b00bffffffff:0xd833d27df35daff!8m2!3d29.9748752!4d-90.1501329!9m1!1b1!16s%2Fg%2F11ckvg1dmb?entry=ttu",ChIJ_____wuwIIYR_9o13yc9gw0,0x8620b00bffffffff:0xd833d27df35daff,973689185900026623,/g/11b77m_29g,973689185900026623,,ukjackusa@gmail.com,RECEIVING,Verified,Jonathan Beever,Jonathan,Beever,President,18458534433,bsktballgurl@sbcglobal.net,INVALID,Invalid SMTP,Shaunley Sharp,Shaunley,Sharp,Director Of Marketing,,parker.builders@comcast.net,INVALID,Undeliverable,David Parker,David,Parker,Owner,,8007757876,toll_free,,,44124422,Telappliant Ltd,unknown,,2144632252,"TWILIO INTERNATIONAL, INC.",voip,,http://www.facebook.com/puroclean-1408888999414419,https://www.instagram.com/puroclean_of_downers_grove,https://www.linkedin.com/company/puroclean-restoration-professionals---stevens-point-wi,,,,,,,,http://www.twitter.com/puroclean,,https://www.youtube.com/user/purosystems,,,1-2-3 of Property Restoration with PuroClean Downers Grove,wordpress,"PuroClean helps DuPage customers and businesses with fire, smoke, and water damage, mold removal, and biohazard and reconstruction services.",,False,False
"water damage restoration service, 70179, New Orleans, LA, US",FIRST ONSITE Property Restoration,First Onsite Property Restoration,https://firstonsite.com/%3Futm_source%3DGoogle%26utm_medium%3DYext,"Water damage restoration service, Fire damage restoration service, General contractor, Building restoration service",Building restoration service,Water damage restoration service,+1 800-736-5654,toll_free,,,"550 Elmwood Park Blvd Suite F, New Orleans, LA 70123",None,550 Elmwood Park Blvd Suite F,New Orleans,70123,Louisiana,Louisiana,United States of America,US,29.9507513,-90.185244,89444654053ffff,America/Chicago,,False,1.0,1.0,https://search.google.com/local/reviews?placeid=ChIJgaPTT_O7IIYROoMiOPsHth8&q=*&authuser=0&hl=en&gl=US,,,1.0,0.0,0.0,0.0,0.0,13.0,https://lh3.googleusercontent.com/p/AF1QipNFLluUd4O0-FYCrpL_q-TdlZ3YS8k6fFwjaCSR=w800-h500-k-no,https://lh3.googleusercontent.com/p/AF1QipNFLluUd4O0-FYCrpL_q-TdlZ3YS8k6fFwjaCSR=w1600-h1000-k-no,,"{""Sunday"": ""Open 24 hours"", ""Monday"": ""Open 24 hours"", ""Tuesday"": ""Open 24 hours"", ""Wednesday"": ""Open 24 hours"", ""Thursday"": ""Open 24 hours"", ""Friday"": ""Open 24 hours"", ""Saturday"": ""Open 24 hours""}","Sunday,Open 24 hours|Monday,Open 24 hours|Tuesday,Open 24 hours|Wednesday,Open 24 hours|Thursday,Open 24 hours|Friday,Open 24 hours|Saturday,Open 24 hours",Sunday:Open 24 hours|Monday:Open 24 hours|Tuesday:Open 24 hours|Wednesday:Open 24 hours|Thursday:Open 24 hours|Friday:Open 24 hours|Saturday:Open 24 hours,,,OPERATIONAL,"{""Accessibility"": {""Wheelchair accessible parking lot"": true}}",,,,https://lh3.googleusercontent.com/-daJkjB1EMXY/AAAAAAAAAAI/AAAAAAAAAAA/GUjmAaw4wvU/s44-p-k-no-ns-nd/photo.jpg,,,True,117771156052156008676,FIRST ONSITE Property Restoration,https://www.google.com/maps/contrib/117771156052156008676,,,,,"https://www.google.com/maps/place/FIRST+ONSITE+Property+Restoration/@29.9507513,-90.185244,14z/data=!4m8!1m2!2m1!1sFIRST+ONSITE+Property+Restoration!3m4!1s0x8620bbf34fd3a381:0x1fb607fb3822833a!8m2!3d29.9507513!4d-90.185244","https://www.google.com/maps/place/FIRST+ONSITE+Property+Restoration/@29.9507513,-90.185244,13.99z/data=!4m16!1m7!3m6!1s0x8620bbf34fd3a381:0x1fb607fb3822833a!2sFIRST+ONSITE+Property+Restoration!8m2!3d29.9507513!4d-90.185244!16s%2Fg%2F11ckvg1dmb!3m7!1s0x8620bbf34fd3a381:0x1fb607fb3822833a!8m2!3d29.9507513!4d-90.185244!9m1!1b1!16s%2Fg%2F11ckvg1dmb?entry=ttu",ChIJgaPTT_O7IIYROoMiOPsHth8,0x8620bbf34fd3a381:0x1fb607fb3822833a,2285022636497077050,/g/11tsmg06x0,2285022636497077050,,dennis.vanluit@firstonsite.com,INVALID,Undeliverable,Dennis Van Luit,Dennis,Van Luit,Director Of Operations,,robertsonamber741@gmail.com,RECEIVING,Verified,Amber Dean Mckay,Amber,Dean Mckay,File Manager,,caleb@canstarrestorations.com,RECEIVING,Confirmed,Caleb Donald,Caleb,Donald,Project Manager,,18006226433,toll_free,,,18777786731,,toll_free,,8006226433,,toll_free,,https://www.facebook.com/firstonsite,https://www.instagram.com/first.onsite,https://www.linkedin.com/company/firstonsite,,,,,,,,https://twitter.com/firstonsite,,https://www.youtube.com/channel/UCBPOwPHnEgoYByfBVxLRlhg,,,Interstate Hawaii is Now First Onsite,wordpress,Interstate Hawaii is now FIRST ONSITE. We have united the best brands in restoration across North America to better serve you.,,False,False
"water damage restoration service, 70179, New Orleans, LA, US",Roto-Rooter Plumbing & Water Cleanup,Roto Rooter Plumbing And Water Cleanup,https://www.rotorooter.com/neworleans/%3Futm_source%3DGoogle%26utm_medium%3Dorganic%26utm_campaign%3Dgmb%26utm_content%3Dwebsite,"Water damage restoration service, Drainage service, Excavating contractor, Plumber, Water filter supplier, Water softening equipment supplier, Water testing service",Plumber,Water damage restoration service,+1 504-455-4179,fixed line,"INTERMEDIA COMMUNICATIONS, INC",,"520 Elmwood Park Blvd Ste 190, New Orleans, LA 70123",None,520 Elmwood Park Blvd Ste 190,New Orleans,70123,Louisiana,Louisiana,United States of America,US,29.9490944,-90.1842886,894446540cbffff,America/Chicago,,False,4.8,3241.0,https://search.google.com/local/reviews?placeid=ChIJza0zLfW6IIYRkLclJGUGvCk&q=*&authuser=0&hl=en&gl=US,,,91.0,26.0,28.0,143.0,2953.0,187.0,https://lh3.googleusercontent.com/p/AF1QipNSSaVH5oMCbEXRFCA70WVDSoWfOquJCTKY_Brs=w800-h500-k-no,https://lh3.googleusercontent.com/p/AF1QipNSSaVH5oMCbEXRFCA70WVDSoWfOquJCTKY_Brs=w1600-h1000-k-no,,"{""Sunday"": ""Open 24 hours"", ""Monday"": ""Open 24 hours"", ""Tuesday"": ""Open 24 hours"", ""Wednesday"": ""Open 24 hours"", ""Thursday"": ""Open 24 hours"", ""Friday"": ""Open 24 hours"", ""Saturday"": ""Open 24 hours""}","Sunday,Open 24 hours|Monday,Open 24 hours|Tuesday,Open 24 hours|Wednesday,Open 24 hours|Thursday,Open 24 hours|Friday,Open 24 hours|Saturday,Open 24 hours",Sunday:Open 24 hours|Monday:Open 24 hours|Tuesday:Open 24 hours|Wednesday:Open 24 hours|Thursday:Open 24 hours|Friday:Open 24 hours|Saturday:Open 24 hours,,,OPERATIONAL,"{""Service options"": {""Onsite services"": true, ""Language assistance"": ""English, Spanish""}, ""Offerings"": {""Repair services"": true}, ""Crowd"": {""LGBTQ+ friendly"": true}, ""Payments"": {""Credit cards"": true}, ""Other"": {""LGBTQ+ friendly"": true}}",,,,https://lh3.googleusercontent.com/-b4sPZe4Nseo/AAAAAAAAAAI/AAAAAAAAAAA/kersflPfnyA/s44-p-k-no-ns-nd/photo.jpg,,,True,102336730709413383756,Roto-Rooter Plumbing & Water Cleanup,https://www.google.com/maps/contrib/102336730709413383756,,https://www.rotorooter.com/schedule-service/?zipCode=70123&rwg_token=ACgRB3eUg7v1E7ugYhb_ucIoYg2-jGsKxaSm9BKcrnaN2fnv9PH5nQVr6c4QGtfKCIS6xwesD5RVrP9M0tcFO4QhtmxnYdnuAA%3D%3D,,https://www.rotorooter.com/schedule-service/?zipCode=70123&rwg_token=ACgRB3eUg7v1E7ugYhb_ucIoYg2-jGsKxaSm9BKcrnaN2fnv9PH5nQVr6c4QGtfKCIS6xwesD5RVrP9M0tcFO4QhtmxnYdnuAA%3D%3D,"https://www.google.com/maps/place/Roto-Rooter+Plumbing+%26+Water+Cleanup/@29.9490944,-90.1842886,14z/data=!4m8!1m2!2m1!1sRoto-Rooter+Plumbing+%26+Water+Cleanup!3m4!1s0x8620baf52d33adcd:0x29bc06652425b790!8m2!3d29.9490944!4d-90.1842886","https://www.google.com/maps/place/Roto-Rooter+Plumbing+%26+Water+Cleanup/@29.9490944,-90.1842886,13.99z/data=!4m16!1m7!3m6!1s0x8620baf52d33adcd:0x29bc06652425b790!2sRoto-Rooter+Plumbing+%26+Water+Cleanup!8m2!3d29.9490944!4d-90.1842886!16s%2Fg%2F11ckvg1dmb!3m7!1s0x8620baf52d33adcd:0x29bc06652425b790!8m2!3d29.9490944!4d-90.1842886!9m1!1b1!16s%2Fg%2F11ckvg1dmb?entry=ttu",ChIJza0zLfW6IIYRkLclJGUGvCk,0x8620baf52d33adcd:0x29bc06652425b790,3007285682644563856,/g/1td38lrk,3007285682644563856,,paul.abrams@rrsc.com,RECEIVING,SMTP validated,Paul Abrams,Paul,Abrams,Director Of Public Relations,,khlam@engineer.com,INVALID,Undeliverable,"Lam, Kh","Lam,",Kh,Software Engineer,,kirkb@preceptbrands.com,RECEIVING,Verified,"Brewer, Kirk","Brewer,",Kirk,Senior Vice President Sales,,8007686911,toll_free,,,8777686911,,toll_free,,17062357076,,landline,,https://www.facebook.com/RotoRooter,https://www.instagram.com/rotorooterplumbing/,https://www.linkedin.com/company/roto-rooter/,,,https://www.reddit.com/user/Roto-RooterOfficial/,,,,,https://twitter.com/RotoRooter,,https://www.youtube.com/user/RotoRooterTV,,,Contact Roto-Rooter | Contact Your Local Plumbing & Drain Service,,"If you have a plumbing question, or are looking for a specific product, we would like to hear from you. Contact your local Roto-Rooter plumbing service today!","Contact Roto-Rooter, Local Plumbing & Drain Service",False,False
"water damage restoration service, 70179, New Orleans, LA, US",ServiceMaster (Restore) Elite Cleaning Services,Servicemaster Restore Elite Cleaning Services,https://www.servicemasterrestore.com/servicemaster-elite-cleaning-services%3Futm_source%3DGBP%26utm_medium%3Dorganic,"Water damage restoration service, Building restoration service, Fire damage restoration service",Water damage restoration service,Water damage restoration service,+1 504-832-9944,landline,,,"1759 L and A Rd, Metairie, LA 70001",None,1759 L and A Rd,Metairie,70001,Louisiana,Louisiana,United States of America,US,29.9725088,-90.1462092,8944465510fffff,America/Chicago,,False,4.9,43.0,https://search.google.com/local/reviews?placeid=ChIJDbEGk1elIIYRZP9mhv4v1KI&q=*&authuser=0&hl=en&gl=US,,,1.0,0.0,0.0,2.0,40.0,14.0,https://lh3.googleusercontent.com/p/AF1QipOnTppbGuTk20SqPnxUOg9NPnRj9tcE72nfW8XY=w800-h500-k-no,https://lh3.googleusercontent.com/p/AF1QipOnTppbGuTk20SqPnxUOg9NPnRj9tcE72nfW8XY=w1600-h1000-k-no,,"{""Sunday"": ""Open 24 hours"", ""Monday"": ""Open 24 hours"", ""Tuesday"": ""Open 24 hours"", ""Wednesday"": ""Open 24 hours"", ""Thursday"": ""Open 24 hours"", ""Friday"": ""Open 24 hours"", ""Saturday"": ""Open 24 hours""}","Sunday,Open 24 hours|Monday,Open 24 hours|Tuesday,Open 24 hours|Wednesday,Open 24 hours|Thursday,Open 24 hours|Friday,Open 24 hours|Saturday,Open 24 hours",Sunday:Open 24 hours|Monday:Open 24 hours|Tuesday:Open 24 hours|Wednesday:Open 24 hours|Thursday:Open 24 hours|Friday:Open 24 hours|Saturday:Open 24 hours,,,OPERATIONAL,{},,,,https://lh6.googleusercontent.com/-arHlpvLfNvg/AAAAAAAAAAI/AAAAAAAAAAA/Rk0o8KJ1xds/s44-p-k-no-ns-nd/photo.jpg,,,True,118229499146603117622,ServiceMaster,https://www.google.com/maps/contrib/118229499146603117622,,https://www.servicemasterrestore.com/servicemaster-elite-cleaning-services/contact-us/?utm_source=gbp&utm_medium=organic&utm_campaign=metairie,,https://www.servicemasterrestore.com/servicemaster-elite-cleaning-services/contact-us/?utm_source=gbp&utm_medium=organic&utm_campaign=metairie,"https://www.google.com/maps/place/ServiceMaster+%28Restore%29+Elite+Cleaning+Services/@29.9725088,-90.1462092,14z/data=!4m8!1m2!2m1!1sServiceMaster+%28Restore%29+Elite+Cleaning+Services!3m4!1s0x8620a5579306b10d:0xa2d42ffe8666ff64!8m2!3d29.9725088!4d-90.1462092","https://www.google.com/maps/place/ServiceMaster+%28Restore%29+Elite+Cleaning+Services/@29.9725088,-90.1462092,13.99z/data=!4m16!1m7!3m6!1s0x8620a5579306b10d:0xa2d42ffe8666ff64!2sServiceMaster+%28Restore%29+Elite+Cleaning+Services!8m2!3d29.9725088!4d-90.1462092!16s%2Fg%2F11ckvg1dmb!3m7!1s0x8620a5579306b10d:0xa2d42ffe8666ff64!8m2!3d29.9725088!4d-90.1462092!9m1!1b1!16s%2Fg%2F11ckvg1dmb?entry=ttu",ChIJDbEGk1elIIYRZP9mhv4v1KI,0x8620a5579306b10d:0xa2d42ffe8666ff64,11733055699430080356,/g/125__lp0w,-6713688374279471260,,privacy@servicemaster.com,RECEIVING,SMTP validated,,,,,,amsmarketing@amerispec.com,INVALID,SMTP validated,,,,,,info@furnituremedic.com,RECEIVING,SMTP validated,,,,,,8007377663,toll_free,,,9728408888,"LEVEL 3 COMMUNICATIONS, LLC - ",landline,,9724642082,"ONVOY, LLC - TX",fixed line,,https://facebook.com/servicemasterrestore,https://www.instagram.com/servicemasterrestoreofficial,https://www.linkedin.com/company/servicemaster-restoration-by-quality-first,,,,,,,,https://twitter.com/ServiceMasterA3,,https://www.youtube.com/channel/UCxhfBr5uexZ5FxWWnOtHEkQ,https://github.com/newrelic/,,ServiceMaster Restoration by All Pro - North Versailles | Professional Restoration & Disaster Recovery,,"For the professional disaster relief and restoration recovery services you need, call the North Versailles restoration experts at ServiceMaster Restore. We're available 24/7 to take your call!",,False,False
"water damage restoration service, 70179, New Orleans, LA, US",SERVPRO of Slidell,Servpro Of Slidell,https://www.servpro.com/locations/la/servpro-of-slidell%3Futm_medium%3Dorganic%26utm_source%3Dgbp,"Water damage restoration service, Air duct cleaning service, Building restoration service, Carpet cleaning service, Cleaners, Crime victim service, Debris removal service, Fire damage restoration service, Waste management service",Water damage restoration service,Water damage restoration service,+1 985-649-1516,landline,,,"1228 Fremaux Ave, Slidell, LA 70458",None,1228 Fremaux Ave,Slidell,70458,Louisiana,Louisiana,United States of America,US,30.277676,-89.76943399999999,894455b1a27ffff,America/Chicago,,False,4.8,64.0,https://search.google.com/local/reviews?placeid=ChIJ7WxxJEnnnYgRk7zNpVKtdlk&q=*&authuser=0&hl=en&gl=US,,,2.0,1.0,0.0,1.0,60.0,1344.0,https://lh3.googleusercontent.com/p/AF1QipPmgm8w_YJj6OsJYDnWd3EhteaqUnCSaFfY2ek=w800-h500-k-no,https://lh3.googleusercontent.com/p/AF1QipPmgm8w_YJj6OsJYDnWd3EhteaqUnCSaFfY2ek=w1600-h1000-k-no,,"{""Sunday"": ""Open 24 hours"", ""Monday"": ""Open 24 hours"", ""Tuesday"": ""Open 24 hours"", ""Wednesday"": ""Open 24 hours"", ""Thursday"": ""Open 24 hours"", ""Friday"": ""Open 24 hours"", ""Saturday"": ""Open 24 hours""}","Sunday,Open 24 hours|Monday,Open 24 hours|Tuesday,Open 24 hours|Wednesday,Open 24 hours|Thursday,Open 24 hours|Friday,Open 24 hours|Saturday,Open 24 hours",Sunday:Open 24 hours|Monday:Open 24 hours|Tuesday:Open 24 hours|Wednesday:Open 24 hours|Thursday:Open 24 hours|Friday:Open 24 hours|Saturday:Open 24 hours,"[{""online_service_hours"": {""Sunday"": ""Open 24 hours"", ""Monday"": ""Open 24 hours"", ""Tuesday"": ""Open 24 hours"", ""Wednesday"": ""Open 24 hours"", ""Thursday"": ""Open 24 hours"", ""Friday"": ""Open 24 hours"", ""Saturday"": ""Open 24 hours""}}]",,OPERATIONAL,"{""Service options"": {""Online estimates"": true, ""Onsite services"": true}, ""Accessibility"": {""Wheelchair accessible entrance"": true, ""Wheelchair accessible parking lot"": true}}",,,,https://lh5.googleusercontent.com/-o51jEaGFaEA/AAAAAAAAAAI/AAAAAAAAAAA/shLcPRRkh2Y/s44-p-k-no-ns-nd/photo.jpg,,,True,117279997249982121154,SERVPRO of Slidell,https://www.google.com/maps/contrib/117279997249982121154,,https://www.servpro.com/locations/la/servpro-of-slidell?utm_medium=organic&utm_source=gbp,,https://www.servpro.com/locations/la/servpro-of-slidell?utm_medium=organic&utm_source=gbp,"https://www.google.com/maps/place/SERVPRO+of+Slidell/@30.277676,-89.76943399999999,14z/data=!4m8!1m2!2m1!1sSERVPRO+of+Slidell!3m4!1s0x889de74924716ced:0x5976ad52a5cdbc93!8m2!3d30.277676!4d-89.76943399999999","https://www.google.com/maps/place/SERVPRO+of+Slidell/@30.277676,-89.76943399999999,13.99z/data=!4m16!1m7!3m6!1s0x889de74924716ced:0x5976ad52a5cdbc93!2sSERVPRO+of+Slidell!8m2!3d30.277676!4d-89.76943399999999!16s%2Fg%2F11ckvg1dmb!3m7!1s0x889de74924716ced:0x5976ad52a5cdbc93!8m2!3d30.277676!4d-89.76943399999999!9m1!1b1!16s%2Fg%2F11ckvg1dmb?entry=ttu",ChIJ7WxxJEnnnYgRk7zNpVKtdlk,0x889de74924716ced:0x5976ad52a5cdbc93,6446530487108091027,/g/11gls1pg2t,6446530487108091027,,servpro8109@servpronorthaustin.com,RECEIVING,SMTP validated,,,,,,servpro8708@bbamail.com,RECEIVING,Verified,,,,,,info@servprowestpasco.com,RECEIVING,Role,,,,,,18007378776,landline,,,8007378776,,landline,,16622897473,,landline,,http://www.facebook.com/servpro,https://instagram.com/servproteamwall,http://www.linkedin.com/company/servpro-industries,,,,,,,,http://www.x.com/servpro,,https://www.youtube.com/user/SERVPROCorporate,,,"Contact Us | SERVPRO of Jersey City North, The Heights",Gatsby 5.14.5,"Need help with cleanup, restoration, or repairs? Call SERVPRO of Jersey City North, The Heights today for 24/7 emergency and specialty services.",,False,True
"water damage restoration service, 70179, New Orleans, LA, US",WeDry USA,Wedry Usa,https://wedryusa.com/,"Water damage restoration service, Building restoration service, Contractor, Fire damage restoration service",Water damage restoration service,Water damage restoration service,+1 855-933-7924,toll_free,,,"1615 Poydras St STE 900, New Orleans, LA 70112",Central Business District,1615 Poydras St STE 900,New Orleans,70112,Louisiana,Louisiana,United States of America,US,29.9528024,-90.0800111,89444642577ffff,America/Chicago,,False,,,,,,,,,,,17.0,https://lh3.googleusercontent.com/p/AF1QipP0Ec0BcsXH2s1RqIYH7Ta0GhP6e1roeCUTp6b6=w800-h500-k-no,https://lh3.googleusercontent.com/p/AF1QipP0Ec0BcsXH2s1RqIYH7Ta0GhP6e1roeCUTp6b6=w1600-h1000-k-no,,"{""Sunday"": ""Open 24 hours"", ""Monday"": ""Open 24 hours"", ""Tuesday"": ""Open 24 hours"", ""Wednesday"": ""Open 24 hours"", ""Thursday"": ""Open 24 hours"", ""Friday"": ""Open 24 hours"", ""Saturday"": ""Open 24 hours""}","Sunday,Open 24 hours|Monday,Open 24 hours|Tuesday,Open 24 hours|Wednesday,Open 24 hours|Thursday,Open 24 hours|Friday,Open 24 hours|Saturday,Open 24 hours",Sunday:Open 24 hours|Monday:Open 24 hours|Tuesday:Open 24 hours|Wednesday:Open 24 hours|Thursday:Open 24 hours|Friday:Open 24 hours|Saturday:Open 24 hours,,,OPERATIONAL,{},,,,https://lh4.googleusercontent.com/-vnbOjcibjuU/AAAAAAAAAAI/AAAAAAAAAAA/TmS7rYG3mCU/s44-p-k-no-ns-nd/photo.jpg,,,True,110106263037446134801,WeDry USA,https://www.google.com/maps/contrib/110106263037446134801,,,,,"https://www.google.com/maps/place/WeDry+USA/@29.9528024,-90.0800111,14z/data=!4m8!1m2!2m1!1sWeDry+USA!3m4!1s0x8620a5aa5880387b:0x9e3d5440a2325274!8m2!3d29.9528024!4d-90.0800111","https://www.google.com/maps/place/WeDry+USA/@29.9528024,-90.0800111,13.99z/data=!4m16!1m7!3m6!1s0x8620a5aa5880387b:0x9e3d5440a2325274!2sWeDry+USA!8m2!3d29.9528024!4d-90.0800111!16s%2Fg%2F11ckvg1dmb!3m7!1s0x8620a5aa5880387b:0x9e3d5440a2325274!8m2!3d29.9528024!4d-90.0800111!9m1!1b1!16s%2Fg%2F11ckvg1dmb?entry=ttu",ChIJeziAWKqlIIYRdFIyokBUPZ4,0x8620a5aa5880387b:0x9e3d5440a2325274,11402362468147810932,/g/11rzd95xm9,None,,c.frank@wedryusa.com,RECEIVING,Catch All,Cysco Frank,Cysco,Frank,,,info@wedryus.com,RECEIVING,SMTP validated,,,,,,ks@wedryus.com,RECEIVING,Catch All,,,,,,8557942215,toll_free,,,8556461013,,,,8556461013,,,,https://www.facebook.com/WeDryUSA,https://www.instagram.com/wedryusa/,https://www.linkedin.com/company/wedry-usa/,https://www.tiktok.com/@wedry.usa,,,,,,,https://twitter.com/WeDryUSA,,https://www.youtube.com/channel/UCaq_8s6851ZGa4XJrurR2lg,,,Boarding Up - We Dry,All in One SEO (AIOSEO) 4.8.1.1,"Boarding Up Our team is there for you to prepare for storms or protecting your property after damage by boarding up windows and doors. Protect my property Board Up windows and doors When trouble is on the horizon, call WeDry USA to board your doors and windows! We always begin by measuring the windows, doors,",,False,False
"water damage restoration service, 70179, New Orleans, LA, US","US Restoration, LLC",Us Restoration,http://www.usrestorationllc.com/,"Water damage restoration service, Asbestos testing service, Fire damage restoration service, General contractor, Building restoration service",Building restoration service,Water damage restoration service,+1 504-885-3289,mobile,"BRIGHTLINK COMMUNICATIONS, LLC",,"70237 LA-59 unit f, Abita Springs, LA 70420",None,70237 LA-59 unit f,Abita Springs,70420,Louisiana,Louisiana,United States of America,US,30.451824,-90.0412219,89444669167ffff,America/Chicago,,False,5.0,6.0,https://search.google.com/local/reviews?placeid=ChIJcdUnSIxfJ4YRkHBS6M3wwg4&q=*&authuser=0&hl=en&gl=US,,,0.0,0.0,0.0,0.0,6.0,189.0,https://lh3.googleusercontent.com/gps-cs-s/AG0ilSykT-Hd1nxJx5unJxiIqSBeHd5R2NDL6oX2ICoP3SlU4IXEDTT1Unnbxx-ne0ZbgIJhWwcMT6-3yEZxOR1yQNk5kWTqXVIlKVfIqRHluZgEv8WvxcuzD2JmdDfSl-r2ke1WXolI7A=w800-h500-k-no,https://lh3.googleusercontent.com/gps-cs-s/AG0ilSykT-Hd1nxJx5unJxiIqSBeHd5R2NDL6oX2ICoP3SlU4IXEDTT1Unnbxx-ne0ZbgIJhWwcMT6-3yEZxOR1yQNk5kWTqXVIlKVfIqRHluZgEv8WvxcuzD2JmdDfSl-r2ke1WXolI7A=w1600-h1000-k-no,,"{""Sunday"": ""Open 24 hours"", ""Monday"": ""Open 24 hours"", ""Tuesday"": ""Open 24 hours"", ""Wednesday"": ""Open 24 hours"", ""Thursday"": ""Open 24 hours"", ""Friday"": ""Open 24 hours"", ""Saturday"": ""Open 24 hours""}","Sunday,Open 24 hours|Monday,Open 24 hours|Tuesday,Open 24 hours|Wednesday,Open 24 hours|Thursday,Open 24 hours|Friday,Open 24 hours|Saturday,Open 24 hours",Sunday:Open 24 hours|Monday:Open 24 hours|Tuesday:Open 24 hours|Wednesday:Open 24 hours|Thursday:Open 24 hours|Friday:Open 24 hours|Saturday:Open 24 hours,,,OPERATIONAL,"{""From the business"": {""Identifies as women-owned"": true}, ""Service options"": {""Online appointments"": true, ""Onsite services"": true}, ""Accessibility"": {""Wheelchair accessible entrance"": true, ""Wheelchair accessible parking lot"": true}, ""Parking"": {""On-site parking"": true}, ""Other"": {""Identifies as women-owned"": true}}",,,,https://lh6.googleusercontent.com/-hxsAFVwKyac/AAAAAAAAAAI/AAAAAAAAAAA/yqF-2VZeA5Y/s44-p-k-no-ns-nd/photo.jpg,,,True,115846656319049781332,"US Restoration, LLC",https://www.google.com/maps/contrib/115846656319049781332,,http://www.usrestorationllc.com/,,http://www.usrestorationllc.com/,"https://www.google.com/maps/place/US+Restoration%2C+LLC/@30.451824,-90.0412219,14z/data=!4m8!1m2!2m1!1sUS+Restoration%2C+LLC!3m4!1s0x86275f8c4827d571:0xec2f0cde8527090!8m2!3d30.451824!4d-90.0412219","https://www.google.com/maps/place/US+Restoration%2C+LLC/@30.451824,-90.0412219,13.99z/data=!4m16!1m7!3m6!1s0x86275f8c4827d571:0xec2f0cde8527090!2sUS+Restoration%2C+LLC!8m2!3d30.451824!4d-90.0412219!16s%2Fg%2F11ckvg1dmb!3m7!1s0x86275f8c4827d571:0xec2f0cde8527090!8m2!3d30.451824!4d-90.0412219!9m1!1b1!16s%2Fg%2F11ckvg1dmb?entry=ttu",ChIJcdUnSIxfJ4YRkHBS6M3wwg4,0x86275f8c4827d571:0xec2f0cde8527090,1063677229169537168,/g/1hc2hk89y,1063677229169537168,,chrisw@usrestorationllc.com,INVALID,Invalid SMTP,Chris Westcott,Chris,Westcott,Safety Director/Project Coordinator,,matt@usrestorationllc.com,INVALID,Cannot validate,Matt Chauvin,Matt,Chauvin,Project Coordinator,,richard@usrestorationllc.com,RECEIVING,SMTP validated,Richard Cook,Richard,Cook,Project Coordinator,,5048853289,mobile,"BRIGHTLINK COMMUNICATIONS, LLC",,,,,,,,,,,,https://www.linkedin.com/company/us-restoration-llc,,,,,,,,,,,,,"Water, Smoke, Fire, Mold Remediation | US Restoration, LLC | United States",Wix.com Website Builder,"Residential & Commercial Property Restoration, Mold Remediation, Water & Fire Damage Repair, Lead & Asbestos Abatement, & Reconstruction.",,False,False
"water damage restoration service, 70179, New Orleans, LA, US",Guarantee Restoration Services,Guarantee Restoration Services,https://www.guaranteerestoration.com/,Fire damage restoration service,Fire damage restoration service,Fire damage restoration service,+1 225-753-8682,fixed line,"TELNYX, LLC",,"16248 Perkins Rd, Baton Rouge, LA 70810",South Baton Rouge,16248 Perkins Rd,Baton Rouge,70810,Louisiana,Louisiana,United States of America,US,30.3508799,-91.0445431,894440d9b93ffff,America/Chicago,,False,4.5,146.0,https://search.google.com/local/reviews?placeid=ChIJFZ8DpNe6JoYRpMvDHbPGq7E&q=*&authuser=0&hl=en&gl=US,,,13.0,1.0,3.0,5.0,124.0,46.0,https://lh3.googleusercontent.com/p/AF1QipOlW_QFKMRdjSPv37R2KxzUjOB-QHLcmjecTts4=w800-h500-k-no,https://lh3.googleusercontent.com/p/AF1QipOlW_QFKMRdjSPv37R2KxzUjOB-QHLcmjecTts4=w1600-h1000-k-no,,"{""Sunday"": ""Open 24 hours"", ""Monday"": ""Open 24 hours"", ""Tuesday"": ""Open 24 hours"", ""Wednesday"": ""Open 24 hours"", ""Thursday"": ""Open 24 hours"", ""Friday"": ""Open 24 hours"", ""Saturday"": ""Open 24 hours""}","Sunday,Open 24 hours|Monday,Open 24 hours|Tuesday,Open 24 hours|Wednesday,Open 24 hours|Thursday,Open 24 hours|Friday,Open 24 hours|Saturday,Open 24 hours",Sunday:Open 24 hours|Monday:Open 24 hours|Tuesday:Open 24 hours|Wednesday:Open 24 hours|Thursday:Open 24 hours|Friday:Open 24 hours|Saturday:Open 24 hours,,,OPERATIONAL,"{""Service options"": {""Online estimates"": true, ""Onsite services"": true}, ""Accessibility"": {""Wheelchair accessible entrance"": true, ""Wheelchair accessible parking lot"": true}}",,,,https://lh3.googleusercontent.com/-aI8zB960gNo/AAAAAAAAAAI/AAAAAAAAAAA/eV4y4MIfsVQ/s44-p-k-no-ns-nd/photo.jpg,,,True,107752158732355905631,Guarantee Restoration Services,https://www.google.com/maps/contrib/107752158732355905631,,https://www.guaranteerestoration.com/baton-rouge,,https://www.guaranteerestoration.com/baton-rouge,"https://www.google.com/maps/place/Guarantee+Restoration+Services/@30.3508799,-91.0445431,14z/data=!4m8!1m2!2m1!1sGuarantee+Restoration+Services!3m4!1s0x8626bad7a4039f15:0xb1abc6b31dc3cba4!8m2!3d30.3508799!4d-91.0445431","https://www.google.com/maps/place/Guarantee+Restoration+Services/@30.3508799,-91.0445431,13.99z/data=!4m16!1m7!3m6!1s0x8626bad7a4039f15:0xb1abc6b31dc3cba4!2sGuarantee+Restoration+Services!8m2!3d30.3508799!4d-91.0445431!16s%2Fg%2F11ckvg1dmb!3m7!1s0x8626bad7a4039f15:0xb1abc6b31dc3cba4!8m2!3d30.3508799!4d-91.0445431!9m1!1b1!16s%2Fg%2F11ckvg1dmb?entry=ttu",ChIJFZ8DpNe6JoYRpMvDHbPGq7E,0x8626bad7a4039f15:0xb1abc6b31dc3cba4,12802544838331583396,/g/1thlztdy,-5644199235377968220,,shawnfolks@stopguarantee.com,RECEIVING,Confirmed,Shawn Folks,Shawn,Folks,Chief Executive Officer,12257538682,deepfriedsoccer@yahoo.com,RECEIVING,Confirmed,James Freyder,James,Freyder,Warehouse And Equipment Manager,12257155965,ronald@manuelbuilders.com,RECEIVING,Catch All,Ronald Lepine,Ronald,Lepine,Estimator,,8003494357,toll_free,,,18003494357,,toll_free,,12257538682,"TELNYX, LLC",fixed line,,https://www.facebook.com/BatonRougeEmergencyCleaningAndRestoration,http://instagram.com/grsgulfcoast,https://www.linkedin.com/company/guarantee-restoration-services,,,,,,,,https://twitter.com/guaranteebr,,https://www.youtube.com/channel/UCnCNs5LGZefRmLO7qhKI8rw,,,Guarantee Restoration Services | Commercial Property Restoration,,"Guarantee Restoration Services is the leading property damage restoration company along the Gulf Coast. Our team provides quick response and solutions to restore a business after a fire, water, wind, mold or other property damage.",,False,False
"water damage restoration service, 70179, New Orleans, LA, US",AllSafe Restorations,Allsafe Restorations,,"Water damage restoration service, Fire damage restoration service",Fire damage restoration service,Water damage restoration service,+1 504-267-1533,landline,,,"322 W Judge Perez Dr, Chalmette, LA 70043",None,322 W Judge Perez Dr,Chalmette,70043,Louisiana,Louisiana,United States of America,US,29.943377499999997,-89.9667271,89444643663ffff,America/Chicago,,False,5.0,2.0,https://search.google.com/local/reviews?placeid=ChIJk43-lr4dnogR0S8ZjEDlLmk&q=*&authuser=0&hl=en&gl=US,,,0.0,0.0,0.0,0.0,2.0,6.0,https://lh3.googleusercontent.com/p/AF1QipPiatgONi7SnoeQ_c5fDsZFNFxqULdqEjm5BMOi=w800-h500-k-no,https://lh3.googleusercontent.com/p/AF1QipPiatgONi7SnoeQ_c5fDsZFNFxqULdqEjm5BMOi=w1600-h1000-k-no,,"{""Sunday"": ""Open 24 hours"", ""Monday"": ""Open 24 hours"", ""Tuesday"": ""Open 24 hours"", ""Wednesday"": ""Open 24 hours"", ""Thursday"": ""Open 24 hours"", ""Friday"": ""Open 24 hours"", ""Saturday"": ""Open 24 hours""}","Sunday,Open 24 hours|Monday,Open 24 hours|Tuesday,Open 24 hours|Wednesday,Open 24 hours|Thursday,Open 24 hours|Friday,Open 24 hours|Saturday,Open 24 hours",Sunday:Open 24 hours|Monday:Open 24 hours|Tuesday:Open 24 hours|Wednesday:Open 24 hours|Thursday:Open 24 hours|Friday:Open 24 hours|Saturday:Open 24 hours,,,OPERATIONAL,{},,,,https://lh5.googleusercontent.com/-FaJckNgXCxw/AAAAAAAAAAI/AAAAAAAAAAA/n0NAkbTYJts/s44-p-k-no-ns-nd/photo.jpg,,,True,105669343788290518738,AllSafe Restorations,https://www.google.com/maps/contrib/105669343788290518738,,https://qrco.de/allsafe,,https://qrco.de/allsafe,"https://www.google.com/maps/place/AllSafe+Restorations/@29.943377499999997,-89.9667271,14z/data=!4m8!1m2!2m1!1sAllSafe+Restorations!3m4!1s0x889e1dbe96fe8d93:0x692ee5408c192fd1!8m2!3d29.943377499999997!4d-89.9667271","https://www.google.com/maps/place/AllSafe+Restorations/@29.943377499999997,-89.9667271,13.99z/data=!4m16!1m7!3m6!1s0x889e1dbe96fe8d93:0x692ee5408c192fd1!2sAllSafe+Restorations!8m2!3d29.943377499999997!4d-89.9667271!16s%2Fg%2F11ckvg1dmb!3m7!1s0x889e1dbe96fe8d93:0x692ee5408c192fd1!8m2!3d29.943377499999997!4d-89.9667271!9m1!1b1!16s%2Fg%2F11ckvg1dmb?entry=ttu",ChIJk43-lr4dnogR0S8ZjEDlLmk,0x889e1dbe96fe8d93:0x692ee5408c192fd1,7579247288302251985,/g/11fpt8p5gz,7579247288302251985,,,,,,,,,,,,,,,,,,,,,,,,,,,,,,,,,,,,,,,,,,,,,,,,,,,,,,,,,,
"water damage restoration service, 70179, New Orleans, LA, US",ServiceMaster Building Services,Servicemaster Building Services,http://www.servicemasterbldgservices.com/,"Water damage restoration service, Carpet cleaning service, Fire damage restoration service, Floor refinishing service, House cleaning service, Janitorial service, Upholstery cleaning service, Cleaners",Cleaners,Water damage restoration service,+1 504-676-5832,landline,,,"101 Verret St, New Orleans, LA 70114",Algiers,101 Verret St,New Orleans,70114,Louisiana,Louisiana,United States of America,US,29.9548815,-90.0515027,89444642047ffff,America/Chicago,,False,4.5,20.0,https://search.google.com/local/reviews?placeid=ChIJd8lryz6mIIYRMYOOfCwVGRQ&q=*&authuser=0&hl=en&gl=US,,,2.0,0.0,0.0,2.0,16.0,9.0,https://lh3.googleusercontent.com/gps-cs-s/AG0ilSzZe5XTLmfP7s5WXARkZ_pL6FkWdHqwECiLRCtdc1r4oOX0MglReK_eX4xjhzMt-e2hiCwbHz0_BEAxMpaENJJ4HrdFhqO0OXu2ighttMBsiLAwpbLeaAwJ_OkR6GnJ4dMoy9Ra=w800-h500-k-no,https://lh3.googleusercontent.com/gps-cs-s/AG0ilSzZe5XTLmfP7s5WXARkZ_pL6FkWdHqwECiLRCtdc1r4oOX0MglReK_eX4xjhzMt-e2hiCwbHz0_BEAxMpaENJJ4HrdFhqO0OXu2ighttMBsiLAwpbLeaAwJ_OkR6GnJ4dMoy9Ra=w1600-h1000-k-no,,"{""Sunday"": ""12AM-11:59PM"", ""Monday"": ""12AM-11:59PM"", ""Tuesday"": ""12AM-11:59PM"", ""Wednesday"": ""12AM-11:59PM"", ""Thursday"": ""12AM-11:59PM"", ""Friday"": ""12AM-11:59PM"", ""Saturday"": ""12AM-11:59PM""}","Sunday,12AM,11:59PM|Monday,12AM,11:59PM|Tuesday,12AM,11:59PM|Wednesday,12AM,11:59PM|Thursday,12AM,11:59PM|Friday,12AM,11:59PM|Saturday,12AM,11:59PM",Sunday:12AM-11:59PM|Monday:12AM-11:59PM|Tuesday:12AM-11:59PM|Wednesday:12AM-11:59PM|Thursday:12AM-11:59PM|Friday:12AM-11:59PM|Saturday:12AM-11:59PM,,,OPERATIONAL,{},,,,https://lh6.googleusercontent.com/-yHyXI2uVBiI/AAAAAAAAAAI/AAAAAAAAAAA/EXzAhPJTInI/s44-p-k-no-ns-nd/photo.jpg,,,True,117616303759920772455,ServiceMaster Building Services,https://www.google.com/maps/contrib/117616303759920772455,,,,,"https://www.google.com/maps/place/ServiceMaster+Building+Services/@29.9548815,-90.0515027,14z/data=!4m8!1m2!2m1!1sServiceMaster+Building+Services!3m4!1s0x8620a63ecb6bc977:0x1419152c7c8e8331!8m2!3d29.9548815!4d-90.0515027","https://www.google.com/maps/place/ServiceMaster+Building+Services/@29.9548815,-90.0515027,13.99z/data=!4m16!1m7!3m6!1s0x8620a63ecb6bc977:0x1419152c7c8e8331!2sServiceMaster+Building+Services!8m2!3d29.9548815!4d-90.0515027!16s%2Fg%2F11ckvg1dmb!3m7!1s0x8620a63ecb6bc977:0x1419152c7c8e8331!8m2!3d29.9548815!4d-90.0515027!9m1!1b1!16s%2Fg%2F11ckvg1dmb?entry=ttu",ChIJd8lryz6mIIYRMYOOfCwVGRQ,0x8620a63ecb6bc977:0x1419152c7c8e8331,1448212035988783921,/g/1td1ds6r,1448212035988783921,,smbld@nocoxmail.com,INVALID,Invalid SMTP,,,,,,,,,,,,,,,,,,,,,,5043624700,landline,,,,,,,,,,,,,,,,,,,,,,,,,,"Contact ServiceMaster Building Services New Orleans Louisiana,Janitorial Cleaning New Orleans Louisiana,Commercial and Residential Cleaning New Orleans Louisiana, Office Cleanig New Orleans Louisiana, Fire and Water Damage New Orleans Louisiana, Biohazard Cleaning New Orleans Louisiana,Carpet Cleaning New Orleans Louisiana",,"ServiceMaster Building Services, Inc. in New Orleans, Louisiana provides Janitorial Cleaning, Commercial Cleaning, Residential Cleaning, Fire and Water Damage Cleanup Services and Biohazard Cleanup for the New Orleans Metro Area.","janitorial cleaning,office cleaning,commercial cleaning,residential cleaning,fire damage cleanup,water damage cleanup,fire damage restoration,water damage restoration,biohazard cleaning,disaster restoration,carpet cleaning,floor cleaning,upholstery cleaning,green cleaning",False,False
"water damage restoration service, 70179, New Orleans, LA, US",Geleitt,Geleitt,https://geleitt.com/,Water damage restoration service,Water damage restoration service,Water damage restoration service,+1 504-438-3078,landline,,,"505 S Dupre St, New Orleans, LA 70119",Mid-City,505 S Dupre St,New Orleans,70119,Louisiana,Louisiana,United States of America,US,29.9635741,-90.0931239,8944465524fffff,America/Chicago,,False,,,,,,,,,,,5.0,https://streetviewpixels-pa.googleapis.com/v1/thumbnail?panoid=zWSmXLd8WCB_xIzgMFknjQ&cb_client=search.gws-prod.gps&w=800&h=500&yaw=318.7978&pitch=0&thumbfov=100,https://lh3.googleusercontent.com/p/AF1QipMbQzQUZ6gMpyNaMDze1C00MkgZNleZWkj7GcJB=w1600-h1000-k-no,,"{""Sunday"": ""Open 24 hours"", ""Monday"": ""Open 24 hours"", ""Tuesday"": ""Open 24 hours"", ""Wednesday"": ""Open 24 hours"", ""Thursday"": ""Open 24 hours"", ""Friday"": ""Open 24 hours"", ""Saturday"": ""Open 24 hours""}","Sunday,Open 24 hours|Monday,Open 24 hours|Tuesday,Open 24 hours|Wednesday,Open 24 hours|Thursday,Open 24 hours|Friday,Open 24 hours|Saturday,Open 24 hours",Sunday:Open 24 hours|Monday:Open 24 hours|Tuesday:Open 24 hours|Wednesday:Open 24 hours|Thursday:Open 24 hours|Friday:Open 24 hours|Saturday:Open 24 hours,,,OPERATIONAL,"{""Service options"": {""Online estimates"": true, ""Onsite services"": true, ""Language assistance"": ""English""}, ""Amenities"": {""Gender-neutral restroom"": true}, ""Crowd"": {""LGBTQ+ friendly"": true}, ""Other"": {""LGBTQ+ friendly"": true}}",,,,https://lh3.googleusercontent.com/-06pqGKJmzBw/AAAAAAAAAAI/AAAAAAAAAAA/nQ6RM_elzN0/s44-p-k-no-ns-nd/photo.jpg,,,True,111012290876652644427,Geleitt,https://www.google.com/maps/contrib/111012290876652644427,,,,,"https://www.google.com/maps/place/Geleitt/@29.9635741,-90.0931239,14z/data=!4m8!1m2!2m1!1sGeleitt!3m4!1s0x88de115d388486af:0x95c2a5b39d2aa1af!8m2!3d29.9635741!4d-90.0931239","https://www.google.com/maps/place/Geleitt/@29.9635741,-90.0931239,13.99z/data=!4m16!1m7!3m6!1s0x88de115d388486af:0x95c2a5b39d2aa1af!2sGeleitt!8m2!3d29.9635741!4d-90.0931239!16s%2Fg%2F11ckvg1dmb!3m7!1s0x88de115d388486af:0x95c2a5b39d2aa1af!8m2!3d29.9635741!4d-90.0931239!9m1!1b1!16s%2Fg%2F11ckvg1dmb?entry=ttu",ChIJr4aEOF0R3ogRr6EqnbOlwpU,0x88de115d388486af:0x95c2a5b39d2aa1af,10791369847987675567,/g/11vlgf3lxg,None,,info@geleitt.com,UNKNOWN,Cannot validate,,,,,,,,,,,,,,,,,,,,,,5044383078,landline,,,,,,,,,,,,,,,,,,,,,,,,,,Contact Us,,Our experienced staff are  ready  to take your  call  to give you  information  or an obligation free  quote  on: Mold Remediation Mold Testing Mold Inspections Mold can be hazardous to human health so don’t waste a moment,,False,False
"water damage restoration service, 70179, New Orleans, LA, US",HuMIT Restoration LLC,Humit Restoration,https://www.facebook.com/profile.php%3Fid%3D100087475555480%26mibextid%3DLQQJ4d,"Water damage restoration service, Service establishment",Water damage restoration service,Water damage restoration service,+1 504-722-7754,mobile,"NEW CINGULAR WIRELESS PCS, LLC - GA",,,,,,,,,,,30.937373599999997,-91.40087,8944400c20fffff,America/Chicago,,True,,,,,,,,,,,51.0,https://lh3.googleusercontent.com/p/AF1QipOpncIV2u8dvdt82fLKhYQ6CVHIErSSJcK0y_B_=w800-h500-k-no,https://lh3.googleusercontent.com/p/AF1QipOpncIV2u8dvdt82fLKhYQ6CVHIErSSJcK0y_B_=w1600-h1000-k-no,,"{""Sunday"": ""Open 24 hours"", ""Monday"": ""Open 24 hours"", ""Tuesday"": ""Open 24 hours"", ""Wednesday"": ""Open 24 hours"", ""Thursday"": ""Open 24 hours"", ""Friday"": ""Open 24 hours"", ""Saturday"": ""Open 24 hours""}","Sunday,Open 24 hours|Monday,Open 24 hours|Tuesday,Open 24 hours|Wednesday,Open 24 hours|Thursday,Open 24 hours|Friday,Open 24 hours|Saturday,Open 24 hours",Sunday:Open 24 hours|Monday:Open 24 hours|Tuesday:Open 24 hours|Wednesday:Open 24 hours|Thursday:Open 24 hours|Friday:Open 24 hours|Saturday:Open 24 hours,,,OPERATIONAL,{},,,,https://lh6.googleusercontent.com/-U1muVTUC2CQ/AAAAAAAAAAI/AAAAAAAAAAA/LRSHCqUCLIk/s44-p-k-no-ns-nd/photo.jpg,,,True,117044562795488394406,HuMIT Restoration LLC,https://www.google.com/maps/contrib/117044562795488394406,,,,,"https://www.google.com/maps/place/HuMIT+Restoration+LLC/@30.937373599999997,-91.40087,14z/data=!4m8!1m2!2m1!1sHuMIT+Restoration+LLC!3m4!1s0x47b91e6fecfe4bd:0xed7f1a52376ddaf!8m2!3d30.937373599999997!4d-91.40087","https://www.google.com/maps/place/HuMIT+Restoration+LLC/@30.937373599999997,-91.40087,13.99z/data=!4m16!1m7!3m6!1s0x47b91e6fecfe4bd:0xed7f1a52376ddaf!2sHuMIT+Restoration+LLC!8m2!3d30.937373599999997!4d-91.40087!16s%2Fg%2F11ckvg1dmb!3m7!1s0x47b91e6fecfe4bd:0xed7f1a52376ddaf!8m2!3d30.937373599999997!4d-91.40087!9m1!1b1!16s%2Fg%2F11ckvg1dmb?entry=ttu",ChIJveTP_uaRewQRr912I6Xx1w4,0x47b91e6fecfe4bd:0xed7f1a52376ddaf,1069589128090672559,/g/11t6z3f073,None,,HuMIT.rest@gmail.com,RECEIVING,Verified,,,,,,,,,,,,,,,,,,,,,,15047227754,mobile,"NEW CINGULAR WIRELESS PCS, LLC - GA",,,,,,,,,,https://www.facebook.com/people/HuMIT-Restoration-LLC/100087475555480/,,,,,,,,,,,,,,,,,,,,
"water damage restoration service, 70179, New Orleans, LA, US",Roto-Rooter Plumbing & Water Cleanup,Roto Rooter Plumbing And Water Cleanup,https://www.rotorooter.com/kennerla/%3Futm_source%3DGoogle%26utm_medium%3Dorganic%26utm_campaign%3Dgmb%26utm_content%3Dwebsite,"Water damage restoration service, Contractor, Drainage service, Excavating contractor, Repair service, Plumber, Water filter supplier, Water jet cutting service, Water softening equipment supplier, Water testing service",Plumber,Water damage restoration service,+1 504-799-0218,landline,,,"1942 Williams Blvd Ste 6, Kenner, LA 70062",None,1942 Williams Blvd Ste 6,Kenner,70062,Louisiana,Louisiana,United States of America,US,29.9920352,-90.2409213,89444654c37ffff,America/Chicago,,False,5.0,446.0,https://search.google.com/local/reviews?placeid=ChIJvf0_Cze3IIYR3fMSAV_4zGE&q=*&authuser=0&hl=en&gl=US,,,4.0,0.0,1.0,1.0,440.0,76.0,https://lh3.googleusercontent.com/p/AF1QipPjqsrqKq_I8cjXRkWoysDDc6zomwpAAfnDDKmo=w800-h500-k-no,https://lh3.googleusercontent.com/p/AF1QipPjqsrqKq_I8cjXRkWoysDDc6zomwpAAfnDDKmo=w1600-h1000-k-no,,"{""Sunday"": ""Open 24 hours"", ""Monday"": ""Open 24 hours"", ""Tuesday"": ""Open 24 hours"", ""Wednesday"": ""Open 24 hours"", ""Thursday"": ""Open 24 hours"", ""Friday"": ""Open 24 hours"", ""Saturday"": ""Open 24 hours""}","Sunday,Open 24 hours|Monday,Open 24 hours|Tuesday,Open 24 hours|Wednesday,Open 24 hours|Thursday,Open 24 hours|Friday,Open 24 hours|Saturday,Open 24 hours",Sunday:Open 24 hours|Monday:Open 24 hours|Tuesday:Open 24 hours|Wednesday:Open 24 hours|Thursday:Open 24 hours|Friday:Open 24 hours|Saturday:Open 24 hours,,,OPERATIONAL,"{""Service options"": {""Onsite services"": true}, ""Offerings"": {""Repair services"": true}, ""Crowd"": {""LGBTQ+ friendly"": true}, ""Payments"": {""Credit cards"": true}, ""Other"": {""LGBTQ+ friendly"": true}}",,,,https://lh6.googleusercontent.com/-SCWjttN7P9k/AAAAAAAAAAI/AAAAAAAAAAA/Zo3dx8tYvMw/s44-p-k-no-ns-nd/photo.jpg,,,True,108297797045004984412,Roto-Rooter Plumbing & Water Cleanup,https://www.google.com/maps/contrib/108297797045004984412,,https://www.rotorooter.com/schedule-service/?zipCode=70062&rwg_token=ACgRB3dfBWQ8BwsULy_mWnwpEQVo4B6Iu8rmD610tBjy7gGaw16GvO4s1iR9KdVgzfd4f20ag5JEd_Bq_zItx4MMguwLIFJioUfA9zFLRFbAsf3QheFXnbc%3D,,https://www.rotorooter.com/schedule-service/?zipCode=70062&rwg_token=ACgRB3dfBWQ8BwsULy_mWnwpEQVo4B6Iu8rmD610tBjy7gGaw16GvO4s1iR9KdVgzfd4f20ag5JEd_Bq_zItx4MMguwLIFJioUfA9zFLRFbAsf3QheFXnbc%3D,"https://www.google.com/maps/place/Roto-Rooter+Plumbing+%26+Water+Cleanup/@29.9920352,-90.2409213,14z/data=!4m8!1m2!2m1!1sRoto-Rooter+Plumbing+%26+Water+Cleanup!3m4!1s0x8620b7370b3ffdbd:0x61ccf85f0112f3dd!8m2!3d29.9920352!4d-90.2409213","https://www.google.com/maps/place/Roto-Rooter+Plumbing+%26+Water+Cleanup/@29.9920352,-90.2409213,13.99z/data=!4m16!1m7!3m6!1s0x8620b7370b3ffdbd:0x61ccf85f0112f3dd!2sRoto-Rooter+Plumbing+%26+Water+Cleanup!8m2!3d29.9920352!4d-90.2409213!16s%2Fg%2F11ckvg1dmb!3m7!1s0x8620b7370b3ffdbd:0x61ccf85f0112f3dd!8m2!3d29.9920352!4d-90.2409213!9m1!1b1!16s%2Fg%2F11ckvg1dmb?entry=ttu",ChIJvf0_Cze3IIYR3fMSAV_4zGE,0x8620b7370b3ffdbd:0x61ccf85f0112f3dd,7047280603851584477,/g/11ldxd4fbc,7047280603851584477,,paul.abrams@rrsc.com,RECEIVING,SMTP validated,Paul Abrams,Paul,Abrams,Director Of Public Relations,,khlam@engineer.com,INVALID,Undeliverable,"Lam, Kh","Lam,",Kh,Software Engineer,,kirkb@preceptbrands.com,RECEIVING,Verified,"Brewer, Kirk","Brewer,",Kirk,Senior Vice President Sales,,8007686911,toll_free,,,8777686911,,toll_free,,17062357076,,landline,,https://www.facebook.com/RotoRooter,https://www.instagram.com/rotorooterplumbing/,https://www.linkedin.com/company/roto-rooter/,,,https://www.reddit.com/user/Roto-RooterOfficial/,,,,,https://twitter.com/RotoRooter,,https://www.youtube.com/user/RotoRooterTV,,,Contact Roto-Rooter | Contact Your Local Plumbing & Drain Service,,"If you have a plumbing question, or are looking for a specific product, we would like to hear from you. Contact your local Roto-Rooter plumbing service today!","Contact Roto-Rooter, Local Plumbing & Drain Service",False,False
"water damage restoration service, 70179, New Orleans, LA, US",Mold Man Solutions,Mold Man Solutions,http://www.moldmansolutionsofla.com/,"Water damage restoration service, Asbestos testing service, Consultant",Water damage restoration service,Water damage restoration service,+1 225-978-9444,mobile,"NEW CINGULAR WIRELESS PCS, LLC - GA",,"3900 N Causeway Blvd #1224, Metairie, LA 70002",None,3900 N Causeway Blvd #1224,Metairie,70002,Louisiana,Louisiana,United States of America,US,30.0193017,-90.1557893,89444655b9bffff,America/Chicago,,False,5.0,40.0,https://search.google.com/local/reviews?placeid=ChIJp7LXB7TLJoYRMd_6y9a0DNI&q=*&authuser=0&hl=en&gl=US,,,0.0,0.0,0.0,0.0,40.0,1.0,https://streetviewpixels-pa.googleapis.com/v1/thumbnail?panoid=oQMNzF2RDk2PSid5htdlVQ&cb_client=search.gws-prod.gps&w=800&h=500&yaw=3.8178978&pitch=0&thumbfov=100,https://streetviewpixels-pa.googleapis.com/v1/thumbnail?panoid=oQMNzF2RDk2PSid5htdlVQ&cb_client=search.gws-prod.gps&w=1600&h=1000&yaw=3.8178978&pitch=0&thumbfov=100,,"{""Sunday"": ""Closed"", ""Monday"": ""Open 24 hours"", ""Tuesday"": ""Open 24 hours"", ""Wednesday"": ""Open 24 hours"", ""Thursday"": ""Open 24 hours"", ""Friday"": ""Open 24 hours"", ""Saturday"": ""Closed""}","Sunday,|Monday,Open 24 hours|Tuesday,Open 24 hours|Wednesday,Open 24 hours|Thursday,Open 24 hours|Friday,Open 24 hours|Saturday,",Sunday:Closed|Monday:Open 24 hours|Tuesday:Open 24 hours|Wednesday:Open 24 hours|Thursday:Open 24 hours|Friday:Open 24 hours|Saturday:Closed,,,OPERATIONAL,"{""Accessibility"": {""Wheelchair accessible entrance"": true, ""Wheelchair accessible parking lot"": true}}",,,,https://lh6.googleusercontent.com/-M65WKssEf1U/AAAAAAAAAAI/AAAAAAAAAAA/rVyfa8fFqzg/s44-p-k-no-ns-nd/photo.jpg,,,True,100830849005814370608,Mold Man Solutions,https://www.google.com/maps/contrib/100830849005814370608,,,,,"https://www.google.com/maps/place/Mold+Man+Solutions/@30.0193017,-90.1557893,14z/data=!4m8!1m2!2m1!1sMold+Man+Solutions!3m4!1s0x8626cbb407d7b2a7:0xd20cb4d6cbfadf31!8m2!3d30.0193017!4d-90.1557893","https://www.google.com/maps/place/Mold+Man+Solutions/@30.0193017,-90.1557893,13.99z/data=!4m16!1m7!3m6!1s0x8626cbb407d7b2a7:0xd20cb4d6cbfadf31!2sMold+Man+Solutions!8m2!3d30.0193017!4d-90.1557893!16s%2Fg%2F11ckvg1dmb!3m7!1s0x8626cbb407d7b2a7:0xd20cb4d6cbfadf31!8m2!3d30.0193017!4d-90.1557893!9m1!1b1!16s%2Fg%2F11ckvg1dmb?entry=ttu",ChIJp7LXB7TLJoYRMd_6y9a0DNI,0x8626cbb407d7b2a7:0xd20cb4d6cbfadf31,15135671282323611441,/g/11jgtyplnk,-3311072791385940175,,,,,,,,,,,,,,,,,,,,,,,,,,2259789444,mobile,"NEW CINGULAR WIRELESS PCS, LLC - GA",,,,,,,,,,,,,,,,,,,,https://twitter.com/@MoldManSolution,,,,,About – Mold Man Solutions,Powered by Visual Composer - drag and drop page builder for WordPress.,Just another WordPress site,,False,True
"water damage restoration service, 70179, New Orleans, LA, US",HCF Cleaning and Restoration,Hcf Cleaning And Restoration,http://www.hcfcleaningandrestoration.com/,"Water damage restoration service, Fire damage restoration service, Floor refinishing service, Janitorial service, Tile cleaning service, Upholstery cleaning service, Carpet cleaning service, Window cleaning service",Carpet cleaning service,Water damage restoration service,+1 504-388-3397,mobile,"NEW CINGULAR WIRELESS PCS, LLC - GA",,"3502 N Hullen St Suite A, Metairie, LA 70002",None,3502 N Hullen St Suite A,Metairie,70002,Louisiana,Louisiana,United States of America,US,30.0123648,-90.1582229,89444655877ffff,America/Chicago,,False,5.0,28.0,https://search.google.com/local/reviews?placeid=ChIJ2Wn-qJ23IIYR4STuzVvIyVE&q=*&authuser=0&hl=en&gl=US,,,0.0,0.0,0.0,0.0,28.0,19.0,https://lh3.googleusercontent.com/p/AF1QipMG10nATiMtRBpGCi9dphsdkhQGTY3i28W5X8y6=w800-h500-k-no,https://lh3.googleusercontent.com/p/AF1QipMG10nATiMtRBpGCi9dphsdkhQGTY3i28W5X8y6=w1600-h1000-k-no,,"{""Sunday"": ""Open 24 hours"", ""Monday"": ""Open 24 hours"", ""Tuesday"": ""Open 24 hours"", ""Wednesday"": ""Open 24 hours"", ""Thursday"": ""Open 24 hours"", ""Friday"": ""Open 24 hours"", ""Saturday"": ""Open 24 hours""}","Sunday,Open 24 hours|Monday,Open 24 hours|Tuesday,Open 24 hours|Wednesday,Open 24 hours|Thursday,Open 24 hours|Friday,Open 24 hours|Saturday,Open 24 hours",Sunday:Open 24 hours|Monday:Open 24 hours|Tuesday:Open 24 hours|Wednesday:Open 24 hours|Thursday:Open 24 hours|Friday:Open 24 hours|Saturday:Open 24 hours,,,OPERATIONAL,"{""From the business"": {""Identifies as veteran-owned"": true}, ""Service options"": {""Onsite services"": true, ""Language assistance"": ""English""}, ""Other"": {""Identifies as veteran-owned"": true}}",,,,https://lh3.googleusercontent.com/-OkDWbpuYDk8/AAAAAAAAAAI/AAAAAAAAAAA/4TIBxRJQIcA/s44-p-k-no-ns-nd/photo.jpg,,,True,114710910923077983403,HCF Cleaning and Restoration,https://www.google.com/maps/contrib/114710910923077983403,,,,,"https://www.google.com/maps/place/HCF+Cleaning+and+Restoration/@30.0123648,-90.1582229,14z/data=!4m8!1m2!2m1!1sHCF+Cleaning+and+Restoration!3m4!1s0x8620b79da8fe69d9:0x51c9c85bcdee24e1!8m2!3d30.0123648!4d-90.1582229","https://www.google.com/maps/place/HCF+Cleaning+and+Restoration/@30.0123648,-90.1582229,13.99z/data=!4m16!1m7!3m6!1s0x8620b79da8fe69d9:0x51c9c85bcdee24e1!2sHCF+Cleaning+and+Restoration!8m2!3d30.0123648!4d-90.1582229!16s%2Fg%2F11ckvg1dmb!3m7!1s0x8620b79da8fe69d9:0x51c9c85bcdee24e1!8m2!3d30.0123648!4d-90.1582229!9m1!1b1!16s%2Fg%2F11ckvg1dmb?entry=ttu",ChIJ2Wn-qJ23IIYR4STuzVvIyVE,0x8620b79da8fe69d9:0x51c9c85bcdee24e1,5893461884013520097,/g/11rcw646hd,5893461884013520097,,harryscarpet@cox.net,INVALID,Invalid SMTP,,,,,,,,,,,,,,,,,,,,,,,,,,,,,,,,,,,,,,,,,,,,,,,,,About Us - HCF Cleaning & Restoration,WordPress 6.1.1,"If you need your carpets and floors cleaned the right way, we are ready to get the job done! Serving the New Orleans metro area. 504-388-3397",,False,False
"water damage restoration service, 70179, New Orleans, LA, US",Volker Waterproofing LLC,Volker Waterproofing,https://volkerwp.com/,"Waterproofing service, Masonry contractor, Pressure washing service",Waterproofing service,Waterproofing service,+1 504-482-0595,landline,,,"504 N Murat St, New Orleans, LA 70119",City Park,504 N Murat St,New Orleans,70119,Louisiana,Louisiana,United States of America,US,29.9810484,-90.1018002,89444642c17ffff,America/Chicago,,False,5.0,4.0,https://search.google.com/local/reviews?placeid=ChIJLxfYvmSvIIYRMGwcyrFQ2QE&q=*&authuser=0&hl=en&gl=US,,,0.0,0.0,0.0,0.0,4.0,1.0,https://streetviewpixels-pa.googleapis.com/v1/thumbnail?panoid=Hy04330xe1ee-h2nrymX1g&cb_client=search.gws-prod.gps&w=800&h=500&yaw=89.69598&pitch=0&thumbfov=100,https://streetviewpixels-pa.googleapis.com/v1/thumbnail?panoid=Hy04330xe1ee-h2nrymX1g&cb_client=search.gws-prod.gps&w=1600&h=1000&yaw=89.69598&pitch=0&thumbfov=100,,"{""Sunday"": ""9AM-5PM"", ""Monday"": ""9AM-5PM"", ""Tuesday"": ""9AM-5PM"", ""Wednesday"": ""9AM-5PM"", ""Thursday"": ""9AM-5PM"", ""Friday"": ""Closed"", ""Saturday"": ""Closed""}","Sunday,9AM,5PM|Monday,9AM,5PM|Tuesday,9AM,5PM|Wednesday,9AM,5PM|Thursday,9AM,5PM|Friday,|Saturday,",Sunday:9AM-5PM|Monday:9AM-5PM|Tuesday:9AM-5PM|Wednesday:9AM-5PM|Thursday:9AM-5PM|Friday:Closed|Saturday:Closed,,,OPERATIONAL,{},,,,https://lh3.googleusercontent.com/-xv3_sxT2jV8/AAAAAAAAAAI/AAAAAAAAAAA/Qw7oygzlxy0/s44-p-k-no-ns-nd/photo.jpg,,,True,110193383980016756445,Volker Waterproofing LLC,https://www.google.com/maps/contrib/110193383980016756445,,,,,"https://www.google.com/maps/place/Volker+Waterproofing+LLC/@29.9810484,-90.1018002,14z/data=!4m8!1m2!2m1!1sVolker+Waterproofing+LLC!3m4!1s0x8620af64bed8172f:0x1d950b1ca1c6c30!8m2!3d29.9810484!4d-90.1018002","https://www.google.com/maps/place/Volker+Waterproofing+LLC/@29.9810484,-90.1018002,13.99z/data=!4m16!1m7!3m6!1s0x8620af64bed8172f:0x1d950b1ca1c6c30!2sVolker+Waterproofing+LLC!8m2!3d29.9810484!4d-90.1018002!16s%2Fg%2F11ckvg1dmb!3m7!1s0x8620af64bed8172f:0x1d950b1ca1c6c30!8m2!3d29.9810484!4d-90.1018002!9m1!1b1!16s%2Fg%2F11ckvg1dmb?entry=ttu",ChIJLxfYvmSvIIYRMGwcyrFQ2QE,0x8620af64bed8172f:0x1d950b1ca1c6c30,133226388514434096,/g/11fll68pxv,133226388514434096,,nick@volkerwp.com,RECEIVING,SMTP validated,,,,,,,,,,,,,,,,,,,,,,5044820595,landline,,,,,,,,,,,,,,,,,,,,,,,,,,Volker Waterproofing LLC – Expert Water Damage Mitigation & Restoration Services,WordPress 6.6.2,,,False,True
"water damage restoration service, 70179, New Orleans, LA, US",Grit Out,Grit Out,https://gritoutcleaning.com/,"Water damage restoration service, Fire damage restoration service, House cleaning service, Cleaning service",Cleaning service,Water damage restoration service,+1 504-470-0877,mobile,CELLCO PARTNERSHIP DBA VERIZON WIRELESS - LA,,"4319 Washington Ave Suite A, New Orleans, LA 70125",Gert Town,4319 Washington Ave Suite A,New Orleans,70125,Louisiana,Louisiana,United States of America,US,29.9546666,-90.101877,8944465528bffff,America/Chicago,,False,5.0,3.0,https://search.google.com/local/reviews?placeid=ChIJbYOB0UelIIYRS5vTKAGqsew&q=*&authuser=0&hl=en&gl=US,,,0.0,0.0,0.0,0.0,3.0,6.0,https://lh3.googleusercontent.com/p/AF1QipPnNQZ-lndKXg80aN0vuAWBUzUp4lrrWEVNn1w5=w800-h500-k-no,https://lh3.googleusercontent.com/p/AF1QipPnNQZ-lndKXg80aN0vuAWBUzUp4lrrWEVNn1w5=w1600-h1000-k-no,,"{""Sunday"": ""Closed"", ""Monday"": ""7:30AM-5:30PM"", ""Tuesday"": ""7:30AM-5:30PM"", ""Wednesday"": ""7:30AM-5:30PM"", ""Thursday"": ""7:30AM-5:30PM"", ""Friday"": ""7:30AM-5:30PM"", ""Saturday"": ""7:30AM-5:30PM""}","Sunday,|Monday,7:30AM,5:30PM|Tuesday,7:30AM,5:30PM|Wednesday,7:30AM,5:30PM|Thursday,7:30AM,5:30PM|Friday,7:30AM,5:30PM|Saturday,7:30AM,5:30PM",Sunday:Closed|Monday:7:30AM-5:30PM|Tuesday:7:30AM-5:30PM|Wednesday:7:30AM-5:30PM|Thursday:7:30AM-5:30PM|Friday:7:30AM-5:30PM|Saturday:7:30AM-5:30PM,,,OPERATIONAL,{},,,,https://lh3.googleusercontent.com/-0iZqkR9UV2s/AAAAAAAAAAI/AAAAAAAAAAA/7RY2o-f5_fQ/s44-p-k-no-ns-nd/photo.jpg,,,True,105794741712311193189,Grit Out,https://www.google.com/maps/contrib/105794741712311193189,,,,,"https://www.google.com/maps/place/Grit+Out/@29.9546666,-90.101877,14z/data=!4m8!1m2!2m1!1sGrit+Out!3m4!1s0x8620a547d181836d:0xecb1aa0128d39b4b!8m2!3d29.9546666!4d-90.101877","https://www.google.com/maps/place/Grit+Out/@29.9546666,-90.101877,13.99z/data=!4m16!1m7!3m6!1s0x8620a547d181836d:0xecb1aa0128d39b4b!2sGrit+Out!8m2!3d29.9546666!4d-90.101877!16s%2Fg%2F11ckvg1dmb!3m7!1s0x8620a547d181836d:0xecb1aa0128d39b4b!8m2!3d29.9546666!4d-90.101877!9m1!1b1!16s%2Fg%2F11ckvg1dmb?entry=ttu",ChIJbYOB0UelIIYRS5vTKAGqsew,0x8620a547d181836d:0xecb1aa0128d39b4b,17055600185785424715,/g/11fp1l53yk,-1391143887924126901,,contact@gritoutcleaning.com,INVALID,Cannot validate,,,,,,,,,,,,,,,,,,,,,,8334748688,toll_free,,,,,,,,,,,,,,,,,,,,,,,,,,About Grit Out | Our Story & Vision | Home Improvement Services,Webflow,"Learn about the journey of Grit Out from a local cleaning service to a trusted provider of home restoration, remodeling, and refreshing services. We’re not just service providers; we’re partners in your home improvement journey.",,False,False
"water damage restoration service, 70179, New Orleans, LA, US",Integrity Air Quality Solution,Integrity Air Quality Solution,http://www.cleanairtest.net/,"Water damage restoration service, Air filter supplier",Water damage restoration service,Water damage restoration service,+1 504-606-8880,mobile,,,"3924 Peoples St, Metairie, LA 70002",None,3924 Peoples St,Metairie,70002,Louisiana,Louisiana,United States of America,US,30.0115382,-90.17434019999999,894446559d3ffff,America/Chicago,,False,5.0,6.0,https://search.google.com/local/reviews?placeid=ChIJa8vT406wIIYRhWB0vMU2Rfk&q=*&authuser=0&hl=en&gl=US,,,0.0,0.0,0.0,0.0,6.0,27.0,https://lh3.googleusercontent.com/p/AF1QipNCsld8E9qFpNKoKb11nLqKtsyKIsHieeOS18Ns=w800-h500-k-no,https://lh3.googleusercontent.com/p/AF1QipNCsld8E9qFpNKoKb11nLqKtsyKIsHieeOS18Ns=w1600-h1000-k-no,,"{""Sunday"": ""Closed"", ""Monday"": ""8AM-5PM"", ""Tuesday"": ""8AM-5PM"", ""Wednesday"": ""8AM-5PM"", ""Thursday"": ""8AM-5PM"", ""Friday"": ""8AM-5PM"", ""Saturday"": ""Closed""}","Sunday,|Monday,8AM,5PM|Tuesday,8AM,5PM|Wednesday,8AM,5PM|Thursday,8AM,5PM|Friday,8AM,5PM|Saturday,",Sunday:Closed|Monday:8AM-5PM|Tuesday:8AM-5PM|Wednesday:8AM-5PM|Thursday:8AM-5PM|Friday:8AM-5PM|Saturday:Closed,,,OPERATIONAL,"{""Accessibility"": {""Wheelchair accessible entrance"": true, ""Wheelchair accessible parking lot"": true}}",,,,https://lh3.googleusercontent.com/-h6GyNHtkbtI/AAAAAAAAAAI/AAAAAAAAAAA/UImXlHRnqxM/s44-p-k-no-ns-nd/photo.jpg,,,True,111169442641540753469,Integrity Air Quality Solution,https://www.google.com/maps/contrib/111169442641540753469,,https://cleanairtest.net/contact/,,https://cleanairtest.net/contact/,"https://www.google.com/maps/place/Integrity+Air+Quality+Solution/@30.0115382,-90.17434019999999,14z/data=!4m8!1m2!2m1!1sIntegrity+Air+Quality+Solution!3m4!1s0x8620b04ee3d3cb6b:0xf94536c5bc746085!8m2!3d30.0115382!4d-90.17434019999999","https://www.google.com/maps/place/Integrity+Air+Quality+Solution/@30.0115382,-90.17434019999999,13.99z/data=!4m16!1m7!3m6!1s0x8620b04ee3d3cb6b:0xf94536c5bc746085!2sIntegrity+Air+Quality+Solution!8m2!3d30.0115382!4d-90.17434019999999!16s%2Fg%2F11ckvg1dmb!3m7!1s0x8620b04ee3d3cb6b:0xf94536c5bc746085!8m2!3d30.0115382!4d-90.17434019999999!9m1!1b1!16s%2Fg%2F11ckvg1dmb?entry=ttu",ChIJa8vT406wIIYRhWB0vMU2Rfk,0x8620b04ee3d3cb6b:0xf94536c5bc746085,17961822911735292037,/g/1hm471n_c,-484921161974259579,,p.penick@cleanairtest.net,UNKNOWN,Cannot validate,Pony Penick,Pony,Penick,,,tony@iaqbiz.com,UNKNOWN,Cannot validate,,,,,,,,,,,,,,5046068880,mobile,,,15046068880,,mobile,,,,,,https://www.facebook.com/iaqbiz/,,,,,,,,,,,,,,,About | Clean Air Test | Mold Remediation Contractor,Divi v.3.26.3,"Licensed & Insured Mold Remediation Contractor | Mold Inspection and Testing | Air Quality Solutions for Home or Business. Pet, Smoke and Mold Odor Removal",,False,False
"water damage restoration service, 70179, New Orleans, LA, US",Calypso Exterior Cleaning,Calypso Exterior Cleaning,http://www.calypsoexteriorcleaning.com/,"Pressure washing service, Gutter cleaning service, House cleaning service, Window cleaning service",Pressure washing service,Pressure washing service,+1 504-416-2108,mobile,,,"1034 N Carrollton Ave, New Orleans, LA 70119",City Park,1034 N Carrollton Ave,New Orleans,70119,Louisiana,Louisiana,United States of America,US,29.9823547,-90.0917437,89444642c57ffff,America/Chicago,,False,5.0,20.0,https://search.google.com/local/reviews?placeid=ChIJSd0fERGvIIYRU7aROphNJt4&q=*&authuser=0&hl=en&gl=US,,,0.0,0.0,0.0,0.0,20.0,73.0,https://lh3.googleusercontent.com/p/AF1QipPkvAtL6VwB3wcJbB7_kZIpMgRcrLiYX7-dxkk=w800-h500-k-no,https://lh3.googleusercontent.com/p/AF1QipPkvAtL6VwB3wcJbB7_kZIpMgRcrLiYX7-dxkk=w1600-h1000-k-no,,"{""Sunday"": ""Open 24 hours"", ""Monday"": ""Open 24 hours"", ""Tuesday"": ""Open 24 hours"", ""Wednesday"": ""Open 24 hours"", ""Thursday"": ""Open 24 hours"", ""Friday"": ""Open 24 hours"", ""Saturday"": ""Open 24 hours""}","Sunday,Open 24 hours|Monday,Open 24 hours|Tuesday,Open 24 hours|Wednesday,Open 24 hours|Thursday,Open 24 hours|Friday,Open 24 hours|Saturday,Open 24 hours",Sunday:Open 24 hours|Monday:Open 24 hours|Tuesday:Open 24 hours|Wednesday:Open 24 hours|Thursday:Open 24 hours|Friday:Open 24 hours|Saturday:Open 24 hours,,,OPERATIONAL,"{""Service options"": {""Online estimates"": true}}",,,,https://lh4.googleusercontent.com/-YiWkuHlXdr0/AAAAAAAAAAI/AAAAAAAAAAA/UY2QJM1sssw/s44-p-k-no-ns-nd/photo.jpg,,,True,115936574895253196649,Calypso Exterior Cleaning,https://www.google.com/maps/contrib/115936574895253196649,,https://calypsoexteriorcleaning.com/,,https://calypsoexteriorcleaning.com/,"https://www.google.com/maps/place/Calypso+Exterior+Cleaning/@29.9823547,-90.0917437,14z/data=!4m8!1m2!2m1!1sCalypso+Exterior+Cleaning!3m4!1s0x8620af11111fdd49:0xde264d983a91b653!8m2!3d29.9823547!4d-90.0917437","https://www.google.com/maps/place/Calypso+Exterior+Cleaning/@29.9823547,-90.0917437,13.99z/data=!4m16!1m7!3m6!1s0x8620af11111fdd49:0xde264d983a91b653!2sCalypso+Exterior+Cleaning!8m2!3d29.9823547!4d-90.0917437!16s%2Fg%2F11ckvg1dmb!3m7!1s0x8620af11111fdd49:0xde264d983a91b653!8m2!3d29.9823547!4d-90.0917437!9m1!1b1!16s%2Fg%2F11ckvg1dmb?entry=ttu",ChIJSd0fERGvIIYRU7aROphNJt4,0x8620af11111fdd49:0xde264d983a91b653,16007567241748002387,/g/11sq191tnk,-2439176831961549229,,calypsoexteriorcleaning@gmail.com,RECEIVING,SMTP validated,,,,,,,,,,,,,,,,,,,,,,5044162108,mobile,,,5049158234,T-Mobile USA Inc.,mobile,,,,,,https://www.facebook.com/calypsoexteriorcleaning/,https://www.instagram.com/calypsoexteriorcleaning,,,,,,,,,,,,,,"Pressure Washing Belle Chasse, LA Calypso Exterior Cleaning",Divi v.4.27.2,"Pressure Washing in Belle Chasse, LA provided by the experts at Calypso Exterior Cleaning. Call 504-416-2108 today for a free pressure washing quote!",,False,False
"water damage restoration service, 70179, New Orleans, LA, US",Pali Pressure Pros,Pali Pressure Pros,http://palipressurepros.com/,"Pressure washing service, Graffiti removal service, Gutter cleaning service, House cleaning service, Property maintenance, Window cleaning service",Pressure washing service,Pressure washing service,+1 504-952-3061,mobile,"NEW CINGULAR WIRELESS PCS, LLC - GA",,"2100 Poydras St Suite 2, New Orleans, LA 70113",Tulane - Gravier,2100 Poydras St Suite 2,New Orleans,70113,Louisiana,Louisiana,United States of America,US,29.955190899999998,-90.087206,8944464252fffff,America/Chicago,,False,5.0,28.0,https://search.google.com/local/reviews?placeid=ChIJGfo-FS1akyQRU2PjJ4dwlpA&q=*&authuser=0&hl=en&gl=US,,,0.0,0.0,0.0,0.0,28.0,437.0,https://lh3.googleusercontent.com/p/AF1QipMq9RHVOFIABw21s_CLAu-u7zmsWihff3--bLD2=w800-h500-k-no,https://lh3.googleusercontent.com/p/AF1QipMq9RHVOFIABw21s_CLAu-u7zmsWihff3--bLD2=w1600-h1000-k-no,,"{""Sunday"": ""Open 24 hours"", ""Monday"": ""Open 24 hours"", ""Tuesday"": ""Open 24 hours"", ""Wednesday"": ""Open 24 hours"", ""Thursday"": ""Open 24 hours"", ""Friday"": ""Open 24 hours"", ""Saturday"": ""Open 24 hours""}","Sunday,Open 24 hours|Monday,Open 24 hours|Tuesday,Open 24 hours|Wednesday,Open 24 hours|Thursday,Open 24 hours|Friday,Open 24 hours|Saturday,Open 24 hours",Sunday:Open 24 hours|Monday:Open 24 hours|Tuesday:Open 24 hours|Wednesday:Open 24 hours|Thursday:Open 24 hours|Friday:Open 24 hours|Saturday:Open 24 hours,,,OPERATIONAL,"{""Service options"": {""Online estimates"": true, ""Onsite services"": true, ""Language assistance"": ""Arabic""}}",,,,https://lh5.googleusercontent.com/-bpYRfcniCXg/AAAAAAAAAAI/AAAAAAAAAAA/FcqWYto1abw/s44-p-k-no-ns-nd/photo.jpg,,,True,116517883926034938260,Pali Pressure Pros,https://www.google.com/maps/contrib/116517883926034938260,,https://form.jotform.com/230640998209160,,https://form.jotform.com/230640998209160,"https://www.google.com/maps/place/Pali+Pressure+Pros/@29.955190899999998,-90.087206,14z/data=!4m8!1m2!2m1!1sPali+Pressure+Pros!3m4!1s0x24935a2d153efa19:0x9096708727e36353!8m2!3d29.955190899999998!4d-90.087206","https://www.google.com/maps/place/Pali+Pressure+Pros/@29.955190899999998,-90.087206,13.99z/data=!4m16!1m7!3m6!1s0x24935a2d153efa19:0x9096708727e36353!2sPali+Pressure+Pros!8m2!3d29.955190899999998!4d-90.087206!16s%2Fg%2F11ckvg1dmb!3m7!1s0x24935a2d153efa19:0x9096708727e36353!8m2!3d29.955190899999998!4d-90.087206!9m1!1b1!16s%2Fg%2F11ckvg1dmb?entry=ttu",ChIJGfo-FS1akyQRU2PjJ4dwlpA,0x24935a2d153efa19:0x9096708727e36353,10418638513760330579,/g/11sjjfsktr,-8028105559949221037,,palipressurepros@gmail.com,RECEIVING,SMTP validated,,,,,,palpressurepros@gmail.com,INVALID,Undeliverable,,,,,,palipressurepro@gmail.com,INVALID,Undeliverable,,,,,,5049523061,mobile,"NEW CINGULAR WIRELESS PCS, LLC - GA",,,,,,,,,,,https://www.instagram.com/palipressurepros,,,,,,,,,,,,,,Oil Stain Removal | Pali Pressure Pros,Wix.com Website Builder,"Transform your space with our professional oil stain removal services using advanced pressure washing techniques. From driveways to industrial floors, trust us to restore surfaces to pristine condition. Contact us today for expert guidance and get rid of stubborn oil stains effectively.",,False,False
"water damage restoration service, 70179, New Orleans, LA, US",Rellestate Renovations,Rellestate Renovations,http://www.rellestate.com/,"General contractor, Service establishment",General contractor,General contractor,+1 504-470-3002,mobile,CELLCO PARTNERSHIP DBA VERIZON WIRELESS - LA,,,,,,,,,,,30.2128011,-90.42997849999999,8944460dc6fffff,America/Chicago,,True,5.0,34.0,https://search.google.com/local/reviews?placeid=ChIJyYtLsQNuuE4Rb235NbXty2w&q=*&authuser=0&hl=en&gl=US,,,0.0,0.0,0.0,1.0,33.0,59.0,https://lh3.googleusercontent.com/p/AF1QipMBE6drJ0QIlzXfoe0UA2vr8gKqRPcNWlEKLKwW=w800-h500-k-no,https://lh3.googleusercontent.com/p/AF1QipMBE6drJ0QIlzXfoe0UA2vr8gKqRPcNWlEKLKwW=w1600-h1000-k-no,,"{""Sunday"": ""Closed"", ""Monday"": ""8AM-5PM"", ""Tuesday"": ""8AM-5PM"", ""Wednesday"": ""8AM-5PM"", ""Thursday"": ""8AM-5PM"", ""Friday"": ""8AM-5PM"", ""Saturday"": ""10AM-3PM""}","Sunday,|Monday,8AM,5PM|Tuesday,8AM,5PM|Wednesday,8AM,5PM|Thursday,8AM,5PM|Friday,8AM,5PM|Saturday,10AM,3PM",Sunday:Closed|Monday:8AM-5PM|Tuesday:8AM-5PM|Wednesday:8AM-5PM|Thursday:8AM-5PM|Friday:8AM-5PM|Saturday:10AM-3PM,,,OPERATIONAL,"{""From the business"": {""Identifies as Black-owned"": true}, ""Service options"": {""Online estimates"": true, ""Language assistance"": ""English, Spanish""}, ""Other"": {""Identifies as Black-owned"": true}}",,,,https://lh6.googleusercontent.com/-E6uFYfeHPpk/AAAAAAAAAAI/AAAAAAAAAAA/eppxBB_gl74/s44-p-k-no-ns-nd/photo.jpg,,,True,100528423430001426999,Rellestate Renovations,https://www.google.com/maps/contrib/100528423430001426999,,,,,"https://www.google.com/maps/place/Rellestate+Renovations/@30.2128011,-90.42997849999999,14z/data=!4m8!1m2!2m1!1sRellestate+Renovations!3m4!1s0x4eb86e03b14b8bc9:0x6ccbedb535f96d6f!8m2!3d30.2128011!4d-90.42997849999999","https://www.google.com/maps/place/Rellestate+Renovations/@30.2128011,-90.42997849999999,13.99z/data=!4m16!1m7!3m6!1s0x4eb86e03b14b8bc9:0x6ccbedb535f96d6f!2sRellestate+Renovations!8m2!3d30.2128011!4d-90.42997849999999!16s%2Fg%2F11ckvg1dmb!3m7!1s0x4eb86e03b14b8bc9:0x6ccbedb535f96d6f!8m2!3d30.2128011!4d-90.42997849999999!9m1!1b1!16s%2Fg%2F11ckvg1dmb?entry=ttu",ChIJyYtLsQNuuE4Rb235NbXty2w,0x4eb86e03b14b8bc9:0x6ccbedb535f96d6f,7839620938918882671,/g/11q8v5mmd9,7839620938918882671,,rellestatecc@gmail.com,RECEIVING,SMTP validated,,,,,,info@rellestate.com,RECEIVING,SMTP validated,,,,,,sorrell@rellestate.com,RECEIVING,Verified,,,,,,,,,,,,,,,,,,,,,,,,,,,,,,,,,La Belle En Marigny | Rellestate | Rellestate Renovations Nola,Wix.com Website Builder,"Le Belle En Marigny Renovation
We transformed a home in New Orleans' Marigny neighborhood, blending modern design with artistic energy. The project featured custom design work by interior designer Ibby Ali and artist Ava Jean, including deep Iron Ore cabinetry, white Calacatta marble countertops, and a striking oversized painting. Natural English Coffee hardwood floors and updated lighting complete the inviting space. A proud collaboration of Tulane graduates.",,False,False
"water damage restoration service, 70179, New Orleans, LA, US",Big Country Contracting,Big Country Contracting,http://www.bigcountrycontracting.com/,"Roofing contractor, Siding contractor",Roofing contractor,Roofing contractor,+1 504-291-6123,landline,,,"1650 Poydras St Suite 900, New Orleans, LA 70112",Warehouse District,1650 Poydras St Suite 900,New Orleans,70112,Louisiana,Louisiana,United States of America,US,29.952618899999997,-90.0808455,89444642577ffff,America/Chicago,,False,5.0,1.0,https://search.google.com/local/reviews?placeid=ChIJlUVAp7qlIIYRQioZrhws6Cc&q=*&authuser=0&hl=en&gl=US,,,0.0,0.0,0.0,0.0,1.0,1.0,https://streetviewpixels-pa.googleapis.com/v1/thumbnail?panoid=tgh3jeEkH1Xqtks_iE6SZw&cb_client=search.gws-prod.gps&w=800&h=500&yaw=229.6333&pitch=0&thumbfov=100,https://streetviewpixels-pa.googleapis.com/v1/thumbnail?panoid=tgh3jeEkH1Xqtks_iE6SZw&cb_client=search.gws-prod.gps&w=1600&h=1000&yaw=229.6333&pitch=0&thumbfov=100,,"{""Sunday"": ""Closed"", ""Monday"": ""9AM-5PM"", ""Tuesday"": ""9AM-5PM"", ""Wednesday"": ""9AM-5PM"", ""Thursday"": ""9AM-5PM"", ""Friday"": ""9AM-5PM"", ""Saturday"": ""9AM-6PM""}","Sunday,|Monday,9AM,5PM|Tuesday,9AM,5PM|Wednesday,9AM,5PM|Thursday,9AM,5PM|Friday,9AM,5PM|Saturday,9AM,6PM",Sunday:Closed|Monday:9AM-5PM|Tuesday:9AM-5PM|Wednesday:9AM-5PM|Thursday:9AM-5PM|Friday:9AM-5PM|Saturday:9AM-6PM,,,OPERATIONAL,{},,,,,,,False,None,Big Country Contracting,,,,,,"https://www.google.com/maps/place/Big+Country+Contracting/@29.952618899999997,-90.0808455,14z/data=!4m8!1m2!2m1!1sBig+Country+Contracting!3m4!1s0x8620a5baa7404595:0x27e82c1cae192a42!8m2!3d29.952618899999997!4d-90.0808455","https://www.google.com/maps/place/Big+Country+Contracting/@29.952618899999997,-90.0808455,13.99z/data=!4m16!1m7!3m6!1s0x8620a5baa7404595:0x27e82c1cae192a42!2sBig+Country+Contracting!8m2!3d29.952618899999997!4d-90.0808455!16s%2Fg%2F11ckvg1dmb!3m7!1s0x8620a5baa7404595:0x27e82c1cae192a42!8m2!3d29.952618899999997!4d-90.0808455!9m1!1b1!16s%2Fg%2F11ckvg1dmb?entry=ttu",ChIJlUVAp7qlIIYRQioZrhws6Cc,0x8620a5baa7404595:0x27e82c1cae192a42,2875596863767652930,/g/11j22n9w0p,2875596863767652930,,bigcountrycontracting2@gmail.com,RECEIVING,SMTP validated,,,,,,ben.kriegel@bigcountrycontracting.com,INVALID,Invalid SMTP,,,,,,bigcountrycontractingil@gmail.com,RECEIVING,Verified,,,,,,9393178947,mobile,T-Mobile Puerto Rico LLC,,8006913652,,toll_free,,8006913652,,toll_free,,,,,,,,,,,,,,,,,"Construction Services in New Orleans, LA | Sims Bros Construction",WordPress 5.9.3,"Sims Bros Construction provides high-end construction services in the New Orleans, LA, area. Call us about your next construction project.",,False,False
"water damage restoration service, 70179, New Orleans, LA, US",Franklin Property Restoration LLC,Franklin Property Restoration,https://franklin-property.com/contact-us,Contractor,Contractor,Contractor,+1 800-540-2131,,,,"141 Allen Toussaint Blvd, New Orleans, LA 70124",Lake Shore - Lake Vista,141 Allen Toussaint Blvd,New Orleans,70124,Louisiana,Louisiana,United States of America,US,30.020260999999998,-90.1113956,89444642903ffff,America/Chicago,,False,,,,,,,,,,,1.0,https://streetviewpixels-pa.googleapis.com/v1/thumbnail?panoid=XERypjDW_l7V4-cwU54HzA&cb_client=search.gws-prod.gps&w=800&h=500&yaw=1.3539318&pitch=0&thumbfov=100,https://streetviewpixels-pa.googleapis.com/v1/thumbnail?panoid=XERypjDW_l7V4-cwU54HzA&cb_client=search.gws-prod.gps&w=1600&h=1000&yaw=1.3539318&pitch=0&thumbfov=100,,,,,,,OPERATIONAL,{},,,,,,,False,None,Franklin Property Restoration LLC,,,,,,"https://www.google.com/maps/place/Franklin+Property+Restoration+LLC/@30.020260999999998,-90.1113956,14z/data=!4m8!1m2!2m1!1sFranklin+Property+Restoration+LLC!3m4!1s0x8620aeffe29e8791:0x3b55333cfaa29d23!8m2!3d30.020260999999998!4d-90.1113956","https://www.google.com/maps/place/Franklin+Property+Restoration+LLC/@30.020260999999998,-90.1113956,13.99z/data=!4m16!1m7!3m6!1s0x8620aeffe29e8791:0x3b55333cfaa29d23!2sFranklin+Property+Restoration+LLC!8m2!3d30.020260999999998!4d-90.1113956!16s%2Fg%2F11ckvg1dmb!3m7!1s0x8620aeffe29e8791:0x3b55333cfaa29d23!8m2!3d30.020260999999998!4d-90.1113956!9m1!1b1!16s%2Fg%2F11ckvg1dmb?entry=ttu",ChIJkYee4v-uIIYRI52i-jwzVTs,0x8620aeffe29e8791:0x3b55333cfaa29d23,4275379758254169379,/g/11y1mx2fdk,None,,,,,,,,,,,,,,,,,,,,,,,,,,,,,,,,,,,,,,,,,,,,,,,,,,,,,,,,,,
"water damage restoration service, 70179, New Orleans, LA, US",Paramount Waterproofing Solutions,Paramount Waterproofing Solutions,https://www.waterproofingnola.com/,"Water damage restoration service, Construction company, Waterproofing service",Waterproofing service,Water damage restoration service,+1 504-723-4112,mobile,T-Mobile USA Inc.,,"6221 S Claiborne Ave #618, New Orleans, LA 70125",Uptown/Carrollton,6221 S Claiborne Ave #618,New Orleans,70125,Louisiana,Louisiana,United States of America,US,29.946315,-90.11291,89444655623ffff,America/Chicago,,False,2.8,6.0,https://search.google.com/local/reviews?placeid=ChIJDyACkTimIIYRTVFNHic4e74&q=*&authuser=0&hl=en&gl=US,,,3.0,0.0,0.0,1.0,2.0,25.0,https://lh3.googleusercontent.com/p/AF1QipPdY-B0htOILJ33HAS8VKUgUKNqb5IdIXeb1v1o=w800-h500-k-no,https://lh3.googleusercontent.com/p/AF1QipPdY-B0htOILJ33HAS8VKUgUKNqb5IdIXeb1v1o=w1600-h1000-k-no,,"{""Sunday"": ""Closed"", ""Monday"": ""7AM-7PM"", ""Tuesday"": ""7AM-7PM"", ""Wednesday"": ""7AM-7PM"", ""Thursday"": ""7AM-7PM"", ""Friday"": ""7AM-7PM"", ""Saturday"": ""7AM-7PM""}","Sunday,|Monday,7AM,7PM|Tuesday,7AM,7PM|Wednesday,7AM,7PM|Thursday,7AM,7PM|Friday,7AM,7PM|Saturday,7AM,7PM",Sunday:Closed|Monday:7AM-7PM|Tuesday:7AM-7PM|Wednesday:7AM-7PM|Thursday:7AM-7PM|Friday:7AM-7PM|Saturday:7AM-7PM,,,OPERATIONAL,"{""Service options"": {""Onsite services"": true}}",,,,https://lh4.googleusercontent.com/-7C0y6xFsmkQ/AAAAAAAAAAI/AAAAAAAAAAA/tGuOnzJJjJA/s44-p-k-no-ns-nd/photo.jpg,,,True,105111790837829799924,Paramount Waterproofing Solutions,https://www.google.com/maps/contrib/105111790837829799924,,https://www.waterproofingnola.com/contact,,https://www.waterproofingnola.com/contact,"https://www.google.com/maps/place/Paramount+Waterproofing+Solutions/@29.946315,-90.11291,14z/data=!4m8!1m2!2m1!1sParamount+Waterproofing+Solutions!3m4!1s0x8620a6389102200f:0xbe7b38271e4d514d!8m2!3d29.946315!4d-90.11291","https://www.google.com/maps/place/Paramount+Waterproofing+Solutions/@29.946315,-90.11291,13.99z/data=!4m16!1m7!3m6!1s0x8620a6389102200f:0xbe7b38271e4d514d!2sParamount+Waterproofing+Solutions!8m2!3d29.946315!4d-90.11291!16s%2Fg%2F11ckvg1dmb!3m7!1s0x8620a6389102200f:0xbe7b38271e4d514d!8m2!3d29.946315!4d-90.11291!9m1!1b1!16s%2Fg%2F11ckvg1dmb?entry=ttu",ChIJDyACkTimIIYRTVFNHic4e74,0x8620a6389102200f:0xbe7b38271e4d514d,13725626030004982093,/g/11bc73rj0v,-4721118043704569523,,sandy@waterproofingnola.com,RECEIVING,SMTP validated,Sandy Beauchesne,Sandy,Beauchesne,Construction - Marketing,,albert@waterproofingnola.com,RECEIVING,SMTP validated,,,,,,info@waterproofingnola.com,RECEIVING,SMTP validated,,,,,,,,,,,,,,,,,,,,,,,,,,,,,,,,,Paramount Waterproofing Solutions,WordPress 5.1.13,"Cost effective, environmentally friendly waterproofing solutions
that outlast the life of your property.",,,
"water damage restoration service, 70179, New Orleans, LA, US",COIT Cleaning and Restoration,Coit Cleaning And Restoration,https://www.coit.com/louisiana/new-orleans,"Water damage restoration service, Air duct cleaning service, Cleaning service, Fire damage restoration service, Upholstery cleaning service, Carpet cleaning service",Carpet cleaning service,Water damage restoration service,+1 504-218-7713,fixed line,"COMCAST PHONE OF LOUISIANA, LL",,"7041 Canal Blvd #199, New Orleans, LA 70124",Lakeview,7041 Canal Blvd #199,New Orleans,70124,Louisiana,Louisiana,United States of America,US,30.0188675,-90.1056206,89444642957ffff,America/Chicago,,False,4.6,19.0,https://search.google.com/local/reviews?placeid=ChIJjVeEHzmnIIYRWkyoOYhqREk&q=*&authuser=0&hl=en&gl=US,,,2.0,0.0,0.0,0.0,17.0,26.0,https://lh3.googleusercontent.com/p/AF1QipNMowJHLZAp6uPRjj-rW51KbtreGA-9hdMFH4jm=w800-h500-k-no,https://lh3.googleusercontent.com/p/AF1QipNMowJHLZAp6uPRjj-rW51KbtreGA-9hdMFH4jm=w1600-h1000-k-no,,"{""Sunday"": ""Closed"", ""Monday"": ""7:30AM-5PM"", ""Tuesday"": ""7:30AM-5PM"", ""Wednesday"": ""7:30AM-5PM"", ""Thursday"": ""7:30AM-5PM"", ""Friday"": ""7:30AM-5PM"", ""Saturday"": ""7:30AM-5PM""}","Sunday,|Monday,7:30AM,5PM|Tuesday,7:30AM,5PM|Wednesday,7:30AM,5PM|Thursday,7:30AM,5PM|Friday,7:30AM,5PM|Saturday,7:30AM,5PM",Sunday:Closed|Monday:7:30AM-5PM|Tuesday:7:30AM-5PM|Wednesday:7:30AM-5PM|Thursday:7:30AM-5PM|Friday:7:30AM-5PM|Saturday:7:30AM-5PM,,,OPERATIONAL,"{""Service options"": {""Onsite services"": true}}",,,,https://lh6.googleusercontent.com/-o6AbicInurY/AAAAAAAAAAI/AAAAAAAAAAA/QONb7Vvpm2g/s44-p-k-no-ns-nd/photo.jpg,,,True,111050873407821665989,COIT Cleaning and Restoration,https://www.google.com/maps/contrib/111050873407821665989,,https://www.coit.com/schedule-services?franchise=411992,,https://www.coit.com/schedule-services?franchise=411992,"https://www.google.com/maps/place/COIT+Cleaning+and+Restoration/@30.0188675,-90.1056206,14z/data=!4m8!1m2!2m1!1sCOIT+Cleaning+and+Restoration!3m4!1s0x8620a7391f84578d:0x49446a8839a84c5a!8m2!3d30.0188675!4d-90.1056206","https://www.google.com/maps/place/COIT+Cleaning+and+Restoration/@30.0188675,-90.1056206,13.99z/data=!4m16!1m7!3m6!1s0x8620a7391f84578d:0x49446a8839a84c5a!2sCOIT+Cleaning+and+Restoration!8m2!3d30.0188675!4d-90.1056206!16s%2Fg%2F11ckvg1dmb!3m7!1s0x8620a7391f84578d:0x49446a8839a84c5a!8m2!3d30.0188675!4d-90.1056206!9m1!1b1!16s%2Fg%2F11ckvg1dmb?entry=ttu",ChIJjVeEHzmnIIYRWkyoOYhqREk,0x8620a7391f84578d:0x49446a8839a84c5a,5279461796500491354,/g/11j0cx0y5y,5279461796500491354,,sjcnb4@hotmail.com,RECEIVING,Verified,Julia Bohn,Julia,Bohn,Home Service Consultant,,freddyhensley@yahoo.com,BLACKLISTED,Complainer,Frederick Hensley,Frederick,Hensley,Small Business Owner,17028049085,larry.conard@yahoo.com,RECEIVING,Confirmed,Larry Conard,Larry,Conard,Sales Consultant,15158342563,18003672648,unknown,,,4254815391,"LEVEL 3 COMMUNICATIONS, LLC - ",landline,,19544860900,,landline,,http://www.facebook.com/coitcleansandiego,https://www.instagram.com/coitclean,https://www.linkedin.com/company/coit-services,,,,,,,,http://www.twitter.com/coitsandiego,,https://www.youtube.com/user/COITServices,https://github.com/aFarkas/,,Cleaning and Restoration Services in Mohave County | COIT,,"COIT provides cleaning and restoration services for residential and commercial customers in Mohave County, Arizona, and Laughlin, Nevada.",,False,False
"water damage restoration service, 70179, New Orleans, LA, US",Green Country Rooftops & Restoration,Green Country Rooftops And Restoration,https://www.greencountryrooftops.com/,"General contractor, Service establishment",General contractor,General contractor,+1 504-491-5375,mobile,"NEW CINGULAR WIRELESS PCS, LLC - GA",,,,,,,,,,,33.1015976,-92.437424,89444e2e2d3ffff,America/Chicago,,True,4.7,40.0,https://search.google.com/local/reviews?placeid=ChIJq6r2oNOvIIYRVqAnPUq95XY&q=*&authuser=0&hl=en&gl=US,,,3.0,0.0,0.0,0.0,37.0,70.0,https://lh3.googleusercontent.com/p/AF1QipMXI-btbnZcd8CegMlE9y3gdoBk4NCWbkQSWerN=w800-h500-k-no,https://lh3.googleusercontent.com/p/AF1QipMXI-btbnZcd8CegMlE9y3gdoBk4NCWbkQSWerN=w1600-h1000-k-no,,"{""Sunday"": ""Closed"", ""Monday"": ""Open 24 hours"", ""Tuesday"": ""Open 24 hours"", ""Wednesday"": ""Open 24 hours"", ""Thursday"": ""Open 24 hours"", ""Friday"": ""Open 24 hours"", ""Saturday"": ""Open 24 hours""}","Sunday,|Monday,Open 24 hours|Tuesday,Open 24 hours|Wednesday,Open 24 hours|Thursday,Open 24 hours|Friday,Open 24 hours|Saturday,Open 24 hours",Sunday:Closed|Monday:Open 24 hours|Tuesday:Open 24 hours|Wednesday:Open 24 hours|Thursday:Open 24 hours|Friday:Open 24 hours|Saturday:Open 24 hours,,,OPERATIONAL,{},,,,https://lh4.googleusercontent.com/-4nNRxF5JHp4/AAAAAAAAAAI/AAAAAAAAAAA/p2WawIZoMps/s44-p-k-no-ns-nd/photo.jpg,,,True,107809145596997048705,Green Country Rooftops & Restoration,https://www.google.com/maps/contrib/107809145596997048705,,,,,"https://www.google.com/maps/place/Green+Country+Rooftops+%26+Restoration/@33.1015976,-92.437424,14z/data=!4m8!1m2!2m1!1sGreen+Country+Rooftops+%26+Restoration!3m4!1s0x8620afd3a0f6aaab:0x76e5bd4a3d27a056!8m2!3d33.1015976!4d-92.437424","https://www.google.com/maps/place/Green+Country+Rooftops+%26+Restoration/@33.1015976,-92.437424,13.99z/data=!4m16!1m7!3m6!1s0x8620afd3a0f6aaab:0x76e5bd4a3d27a056!2sGreen+Country+Rooftops+%26+Restoration!8m2!3d33.1015976!4d-92.437424!16s%2Fg%2F11ckvg1dmb!3m7!1s0x8620afd3a0f6aaab:0x76e5bd4a3d27a056!8m2!3d33.1015976!4d-92.437424!9m1!1b1!16s%2Fg%2F11ckvg1dmb?entry=ttu",ChIJq6r2oNOvIIYRVqAnPUq95XY,0x8620afd3a0f6aaab:0x76e5bd4a3d27a056,8567461992693473366,/g/11fm3vfq58,8567461992693473366,,greencountryrooftops12@gmail.com,RECEIVING,SMTP validated,,,,,,ryan@gcrtrestore.com,UNKNOWN,Cannot validate,,,,,,ryan@gcrtrestore.com,UNKNOWN,Cannot validate,,,,,,5044915375,mobile,"NEW CINGULAR WIRELESS PCS, LLC - GA",,5044915375,"NEW CINGULAR WIRELESS PCS, LLC - GA",mobile,,4699197330,CELLCO PARTNERSHIP DBA VERIZON WIRELESS - TX,mobile,,,,,,,,,,,,,,,,,Remodel & Restoration,,Home and business restoration and remodel services.  Turn-key home improvement with the highest quality material.,"Home renovation, interior renovation, local contractor, best construction company, remodeling, general contractor, home remodeling, home repair, storm restoration, flooring, painting, crown molding, BBB approved",False,True
"water damage restoration service, 70179, New Orleans, LA, US",Floor Finished By C&C,Floor Finished By C And C,,"Carpet cleaning service, Service establishment",Carpet cleaning service,Carpet cleaning service,,,,,,,,,,,,,,29.646653999999998,-90.0874075,894446cb187ffff,America/Chicago,,True,5.0,96.0,https://search.google.com/local/reviews?placeid=ChIJFVZ4oTKmIIYRv8NaSdwJe7A&q=*&authuser=0&hl=en&gl=US,,,0.0,0.0,0.0,0.0,96.0,43.0,https://lh3.googleusercontent.com/p/AF1QipONfjQaUSqpx1m1lvElKSAMa-_ZpqAZxHts_ilC=w800-h500-k-no,https://lh3.googleusercontent.com/p/AF1QipONfjQaUSqpx1m1lvElKSAMa-_ZpqAZxHts_ilC=w1600-h1000-k-no,,"{""Sunday"": ""Closed"", ""Monday"": ""8AM-5:30PM"", ""Tuesday"": ""8AM-5:30PM"", ""Wednesday"": ""8AM-5:30PM"", ""Thursday"": ""8AM-5:30PM"", ""Friday"": ""8AM-5:30PM"", ""Saturday"": ""8AM-4PM""}","Sunday,|Monday,8AM,5:30PM|Tuesday,8AM,5:30PM|Wednesday,8AM,5:30PM|Thursday,8AM,5:30PM|Friday,8AM,5:30PM|Saturday,8AM,4PM",Sunday:Closed|Monday:8AM-5:30PM|Tuesday:8AM-5:30PM|Wednesday:8AM-5:30PM|Thursday:8AM-5:30PM|Friday:8AM-5:30PM|Saturday:8AM-4PM,,,OPERATIONAL,{},,,,https://lh3.googleusercontent.com/-xNgyV-amO3I/AAAAAAAAAAI/AAAAAAAAAAA/nujgNLtZBDo/s44-p-k-no-ns-nd/photo.jpg,,,True,108396796395503035425,Floor Finished By C&C,https://www.google.com/maps/contrib/108396796395503035425,,,,,"https://www.google.com/maps/place/Floor+Finished+By+C%26C/@29.646653999999998,-90.0874075,14z/data=!4m8!1m2!2m1!1sFloor+Finished+By+C%26C!3m4!1s0x8620a632a1785615:0xb07b09dc495ac3bf!8m2!3d29.646653999999998!4d-90.0874075","https://www.google.com/maps/place/Floor+Finished+By+C%26C/@29.646653999999998,-90.0874075,13.99z/data=!4m16!1m7!3m6!1s0x8620a632a1785615:0xb07b09dc495ac3bf!2sFloor+Finished+By+C%26C!8m2!3d29.646653999999998!4d-90.0874075!16s%2Fg%2F11ckvg1dmb!3m7!1s0x8620a632a1785615:0xb07b09dc495ac3bf!8m2!3d29.646653999999998!4d-90.0874075!9m1!1b1!16s%2Fg%2F11ckvg1dmb?entry=ttu",ChIJFVZ4oTKmIIYRv8NaSdwJe7A,0x8620a632a1785615:0xb07b09dc495ac3bf,12716768814538867647,/g/11hbvs460_,-5729975259170683969,,,,,,,,,,,,,,,,,,,,,,,,,,,,,,,,,,,,,,,,,,,,,,,,,,,,,,,,,,
"water damage restoration service, 70179, New Orleans, LA, US",Iron Shield Roofing and Restoration,Iron Shield Roofing And Restoration,http://yourironshield.com/,"Roofing contractor, Service establishment",Roofing contractor,Roofing contractor,+1 866-486-5040,toll_free,,,,,,,,,,,,29.7872925,-90.1217715,89444652517ffff,America/Chicago,,True,5.0,9.0,https://search.google.com/local/reviews?placeid=ChIJb1IjYZFnTIwReir_l5au1OQ&q=*&authuser=0&hl=en&gl=US,,,0.0,0.0,0.0,0.0,9.0,10.0,https://lh3.googleusercontent.com/gps-cs-s/AG0ilSyX_Uz_tkqWQJ-s2zbxT0YTcLavdiuktjly7yAM0dLlPDm9_p_zBGp0N6FR_GpAfkxa5AU3MWb7kSQZYr80PHcq_MRHfxJmSyJ1KxfX1sZvlSrKOb6rg71vIqGedjRr_No-sdo=w800-h500-k-no,https://lh3.googleusercontent.com/gps-cs-s/AG0ilSyX_Uz_tkqWQJ-s2zbxT0YTcLavdiuktjly7yAM0dLlPDm9_p_zBGp0N6FR_GpAfkxa5AU3MWb7kSQZYr80PHcq_MRHfxJmSyJ1KxfX1sZvlSrKOb6rg71vIqGedjRr_No-sdo=w1600-h1000-k-no,,"{""Sunday"": ""Open 24 hours"", ""Monday"": ""Open 24 hours"", ""Tuesday"": ""Open 24 hours"", ""Wednesday"": ""Open 24 hours"", ""Thursday"": ""Open 24 hours"", ""Friday"": ""Open 24 hours"", ""Saturday"": ""Open 24 hours""}","Sunday,Open 24 hours|Monday,Open 24 hours|Tuesday,Open 24 hours|Wednesday,Open 24 hours|Thursday,Open 24 hours|Friday,Open 24 hours|Saturday,Open 24 hours",Sunday:Open 24 hours|Monday:Open 24 hours|Tuesday:Open 24 hours|Wednesday:Open 24 hours|Thursday:Open 24 hours|Friday:Open 24 hours|Saturday:Open 24 hours,,,OPERATIONAL,{},,,,https://lh6.googleusercontent.com/-D03Flb-9sxs/AAAAAAAAAAI/AAAAAAAAAAA/tCPyGVCA4K4/s44-p-k-no-ns-nd/photo.jpg,,,True,117022427437792011836,Iron Shield Roofing and Restoration,https://www.google.com/maps/contrib/117022427437792011836,,https://www.yourironshield.com/contact-us,,https://www.yourironshield.com/contact-us,"https://www.google.com/maps/place/Iron+Shield+Roofing+and+Restoration/@29.7872925,-90.1217715,14z/data=!4m8!1m2!2m1!1sIron+Shield+Roofing+and+Restoration!3m4!1s0x8c4c67916123526f:0xe4d4ae9697ff2a7a!8m2!3d29.7872925!4d-90.1217715","https://www.google.com/maps/place/Iron+Shield+Roofing+and+Restoration/@29.7872925,-90.1217715,13.99z/data=!4m16!1m7!3m6!1s0x8c4c67916123526f:0xe4d4ae9697ff2a7a!2sIron+Shield+Roofing+and+Restoration!8m2!3d29.7872925!4d-90.1217715!16s%2Fg%2F11ckvg1dmb!3m7!1s0x8c4c67916123526f:0xe4d4ae9697ff2a7a!8m2!3d29.7872925!4d-90.1217715!9m1!1b1!16s%2Fg%2F11ckvg1dmb?entry=ttu",ChIJb1IjYZFnTIwReir_l5au1OQ,0x8c4c67916123526f:0xe4d4ae9697ff2a7a,16488996097528638074,/g/11p5v6m5s1,-1957747976180913542,,lazaro@yourironshield.com,RECEIVING,SMTP validated,Lazaro Torres,Lazaro,Torres,Chief Executive Officer,,turnern95@gmail.com,RECEIVING,Verified,Nicholas Turner,Nicholas,Turner,Project Manager,,info@yourironshield.com,RECEIVING,SMTP validated,,,,,,4792838154,mobile,T-Mobile USA Inc.,,4793374766,"ONVOY, LLC  AR",fixed line,,,,,,https://www.facebook.com/yourironshield/,https://www.instagram.com/yourironshield,https://www.linkedin.com/company/iron-shield-roofing-and-restoration-llc,,,,,,,https://wa.me/479-283-8154,,,,,,Contact us - Iron Shield Roofing & Restoration,WordPress 6.8.2,Contact Iron Shield Roofing & Restoration in Northwest Arkansas today. We’re here to answer your questions and provide free quotes for your next project.,"Roofing Contractors, roof repairs, Springdale,",False,True
"water damage restoration service, 70179, New Orleans, LA, US",United Water Restoration Group of New Orleans,United Water Restoration Group Of New Orleans,,"Water damage restoration service, Service establishment, Fire damage restoration service, Remodeler",Water damage restoration service,Water damage restoration service,+1 504-882-0000,voip,TELNYX,True,,,,,,,,,,29.982575999999998,-90.111717,89444642cb7ffff,America/Chicago,,True,5.0,5.0,https://search.google.com/local/reviews?placeid=ChIJV2JSOJydxIcRI9Dbu6vhADA&q=*&authuser=0&hl=en&gl=US,,,0.0,0.0,0.0,0.0,5.0,8.0,https://lh3.googleusercontent.com/p/AF1QipNctT0euL8HsY3b23qJmdA_7e-OGpGMlrRMEGaq=w800-h500-k-no,https://lh3.googleusercontent.com/p/AF1QipNctT0euL8HsY3b23qJmdA_7e-OGpGMlrRMEGaq=w1600-h1000-k-no,,,,,,,CLOSED_PERMANENTLY,"{""Crowd"": {""LGBTQ+ friendly"": true}, ""Other"": {""LGBTQ+ friendly"": true}}",,,,https://lh6.googleusercontent.com/-zA8snzmC0yY/AAAAAAAAAAI/AAAAAAAAAAA/5V1OjfNF_4Y/s44-p-k-no-ns-nd/photo.jpg,,,True,109638747643289913261,United Water Restoration Group of New Orleans,https://www.google.com/maps/contrib/109638747643289913261,,,,,"https://www.google.com/maps/place/United+Water+Restoration+Group+of+New+Orleans/@29.982575999999998,-90.111717,14z/data=!4m8!1m2!2m1!1sUnited+Water+Restoration+Group+of+New+Orleans!3m4!1s0x87c49d9c38526257:0x3000e1abbbdbd023!8m2!3d29.982575999999998!4d-90.111717","https://www.google.com/maps/place/United+Water+Restoration+Group+of+New+Orleans/@29.982575999999998,-90.111717,13.99z/data=!4m16!1m7!3m6!1s0x87c49d9c38526257:0x3000e1abbbdbd023!2sUnited+Water+Restoration+Group+of+New+Orleans!8m2!3d29.982575999999998!4d-90.111717!16s%2Fg%2F11ckvg1dmb!3m7!1s0x87c49d9c38526257:0x3000e1abbbdbd023!8m2!3d29.982575999999998!4d-90.111717!9m1!1b1!16s%2Fg%2F11ckvg1dmb?entry=ttu",ChIJV2JSOJydxIcRI9Dbu6vhADA,0x87c49d9c38526257:0x3000e1abbbdbd023,3459012641527943203,/g/11jz2r8cz0,3459012641527943203,,,,,,,,,,,,,,,,,,,,,,,,,,,,,,,,,,,,,,,,,,,,,,,,,,,,,,,,,,
"water damage restoration service, 70179, New Orleans, LA, US","High Class Plumbing, LLC",High Class Plumbing,https://www.highclassplumbingllc.com/%3Futm_source%3Dgoogle%26utm_medium%3Dbusiness_profile%26utm_campaign%3Dwebsite,"Water damage restoration service, Contractor, Drainage service, Service establishment, Heating contractor, Repair service, Plumber, Water filter supplier, Water softening equipment supplier",Plumber,Water damage restoration service,+1 504-215-3918,mobile,T-Mobile USA Inc.,,,,,,,,,,,30.000254899999998,-89.931339,894446412d7ffff,America/Chicago,,True,5.0,16.0,https://search.google.com/local/reviews?placeid=ChIJZTuqQnLUsQQRRsG5Ud5PzfU&q=*&authuser=0&hl=en&gl=US,,,0.0,0.0,0.0,0.0,16.0,105.0,https://lh3.googleusercontent.com/p/AF1QipP8zVFPf3nr6Z5hz8VvJ4Ifmfj8AlnvR9pjE929=w800-h500-k-no,https://lh3.googleusercontent.com/p/AF1QipP8zVFPf3nr6Z5hz8VvJ4Ifmfj8AlnvR9pjE929=w1600-h1000-k-no,,"{""Sunday"": ""Open 24 hours"", ""Monday"": ""Open 24 hours"", ""Tuesday"": ""Open 24 hours"", ""Wednesday"": ""Open 24 hours"", ""Thursday"": ""Open 24 hours"", ""Friday"": ""Open 24 hours"", ""Saturday"": ""Open 24 hours""}","Sunday,Open 24 hours|Monday,Open 24 hours|Tuesday,Open 24 hours|Wednesday,Open 24 hours|Thursday,Open 24 hours|Friday,Open 24 hours|Saturday,Open 24 hours",Sunday:Open 24 hours|Monday:Open 24 hours|Tuesday:Open 24 hours|Wednesday:Open 24 hours|Thursday:Open 24 hours|Friday:Open 24 hours|Saturday:Open 24 hours,,,OPERATIONAL,"{""Offerings"": {""Repair services"": true}}",,,,https://lh3.googleusercontent.com/-hYO5dFIQRFU/AAAAAAAAAAI/AAAAAAAAAAA/Ibfutzii5PI/s44-p-k-no-ns-nd/photo.jpg,,,True,109136416022144155200,"High Class Plumbing, LLC",https://www.google.com/maps/contrib/109136416022144155200,,https://www.highclassplumbingllc.com/contact/?utm_source=google&utm_medium=business_profile&utm_campaign=booking,,https://www.highclassplumbingllc.com/contact/?utm_source=google&utm_medium=business_profile&utm_campaign=booking,"https://www.google.com/maps/place/High+Class+Plumbing%2C+LLC/@30.000254899999998,-89.931339,14z/data=!4m8!1m2!2m1!1sHigh+Class+Plumbing%2C+LLC!3m4!1s0x4b1d47242aa3b65:0xf5cd4fde51b9c146!8m2!3d30.000254899999998!4d-89.931339","https://www.google.com/maps/place/High+Class+Plumbing%2C+LLC/@30.000254899999998,-89.931339,13.99z/data=!4m16!1m7!3m6!1s0x4b1d47242aa3b65:0xf5cd4fde51b9c146!2sHigh+Class+Plumbing%2C+LLC!8m2!3d30.000254899999998!4d-89.931339!16s%2Fg%2F11ckvg1dmb!3m7!1s0x4b1d47242aa3b65:0xf5cd4fde51b9c146!8m2!3d30.000254899999998!4d-89.931339!9m1!1b1!16s%2Fg%2F11ckvg1dmb?entry=ttu",ChIJZTuqQnLUsQQRRsG5Ud5PzfU,0x4b1d47242aa3b65:0xf5cd4fde51b9c146,17711900725790490950,/g/11x73jbm1s,-734843347919060666,,john@smith.com,BLACKLISTED,Complainer,,,,,,,,,,,,,,,,,,,,,,5042153918,mobile,T-Mobile USA Inc.,,,,,,,,,,,,,,,,,,,,,,,,,"Plumbing Company New Orleans, LA | Free Estimates",wordpress,"Need a plumbing company in New Orleans, LA? Call (504) 215-3918 for fast, honest service from High Class Plumbing, LLC. Free estimates available!",,False,True
"water damage restoration service, 70179, New Orleans, LA, US",LA-911 Biohazard Response,La 911 Biohazard Response,,"Water damage restoration service, Service establishment, Crime victim service",Crime victim service,Water damage restoration service,+1 504-396-0089,mobile,Verizon Wireless,True,,,,,,,,,,30.1764326,-90.1960344,8944464482fffff,America/Chicago,,True,,,,,,,,,,,,,,,"{""Sunday"": ""Open 24 hours"", ""Monday"": ""Open 24 hours"", ""Tuesday"": ""Open 24 hours"", ""Wednesday"": ""Open 24 hours"", ""Thursday"": ""Open 24 hours"", ""Friday"": ""Open 24 hours"", ""Saturday"": ""Open 24 hours""}","Sunday,Open 24 hours|Monday,Open 24 hours|Tuesday,Open 24 hours|Wednesday,Open 24 hours|Thursday,Open 24 hours|Friday,Open 24 hours|Saturday,Open 24 hours",Sunday:Open 24 hours|Monday:Open 24 hours|Tuesday:Open 24 hours|Wednesday:Open 24 hours|Thursday:Open 24 hours|Friday:Open 24 hours|Saturday:Open 24 hours,,,OPERATIONAL,{},,,,https://lh5.googleusercontent.com/-Ck9PWfhoNik/AAAAAAAAAAI/AAAAAAAAAAA/hD27SxWbVVg/s44-p-k-no-ns-nd/photo.jpg,,,True,111055095346784351027,LA-911 Biohazard Response,https://www.google.com/maps/contrib/111055095346784351027,,,,,"https://www.google.com/maps/place/LA-911+Biohazard+Response/@30.1764326,-90.1960344,14z/data=!4m8!1m2!2m1!1sLA-911+Biohazard+Response!3m4!1s0x319b2221a7aab2b:0x5e59ce757dfddb77!8m2!3d30.1764326!4d-90.1960344","https://www.google.com/maps/place/LA-911+Biohazard+Response/@30.1764326,-90.1960344,13.99z/data=!4m16!1m7!3m6!1s0x319b2221a7aab2b:0x5e59ce757dfddb77!2sLA-911+Biohazard+Response!8m2!3d30.1764326!4d-90.1960344!16s%2Fg%2F11ckvg1dmb!3m7!1s0x319b2221a7aab2b:0x5e59ce757dfddb77!8m2!3d30.1764326!4d-90.1960344!9m1!1b1!16s%2Fg%2F11ckvg1dmb?entry=ttu",ChIJK6t6GiKyGQMRd9v9fXXOWV4,0x319b2221a7aab2b:0x5e59ce757dfddb77,6798692116512758647,/g/11x6gdwjzm,None,,,,,,,,,,,,,,,,,,,,,,,,,,,,,,,,,,,,,,,,,,,,,,,,,,,,,,,,,,
"water damage restoration service, 70179, New Orleans, LA, US",Prime Solutions,Prime Solutions,https://linktr.ee/primetimenola,"Contractor, Electrician, Plumber",Contractor,Contractor,+1 504-302-8728,landline,,,"609 Metairie Rd #8134, Metairie, LA 70005",None,609 Metairie Rd #8134,Metairie,70005,Louisiana,Louisiana,United States of America,US,29.9874151,-90.1299793,89444655327ffff,America/Chicago,,False,4.8,129.0,https://search.google.com/local/reviews?placeid=ChIJyUUyqWOxIIYRRjaCHTpbGsU&q=*&authuser=0&hl=en&gl=US,,,5.0,0.0,0.0,0.0,124.0,275.0,https://lh3.googleusercontent.com/p/AF1QipPiG7pF35HI-AtyZrm417taYHbNs_Yfz_CA0_z1=w800-h500-k-no,https://lh3.googleusercontent.com/p/AF1QipPiG7pF35HI-AtyZrm417taYHbNs_Yfz_CA0_z1=w1600-h1000-k-no,,"{""Sunday"": ""Open 24 hours"", ""Monday"": ""Open 24 hours"", ""Tuesday"": ""Open 24 hours"", ""Wednesday"": ""Open 24 hours"", ""Thursday"": ""Open 24 hours"", ""Friday"": ""Open 24 hours"", ""Saturday"": ""Open 24 hours""}","Sunday,Open 24 hours|Monday,Open 24 hours|Tuesday,Open 24 hours|Wednesday,Open 24 hours|Thursday,Open 24 hours|Friday,Open 24 hours|Saturday,Open 24 hours",Sunday:Open 24 hours|Monday:Open 24 hours|Tuesday:Open 24 hours|Wednesday:Open 24 hours|Thursday:Open 24 hours|Friday:Open 24 hours|Saturday:Open 24 hours,,,OPERATIONAL,"{""Service options"": {""Online estimates"": true, ""Onsite services"": true}, ""Accessibility"": {""Wheelchair accessible parking lot"": true}, ""Crowd"": {""LGBTQ+ friendly"": true}, ""Parking"": {""On-site parking"": true}, ""Other"": {""LGBTQ+ friendly"": true}}",,,,https://lh6.googleusercontent.com/-P7ueVIqF6Tk/AAAAAAAAAAI/AAAAAAAAAAA/QVtGA9VzRXA/s44-p-k-no-ns-nd/photo.jpg,,,True,109037194575101715984,Prime Solutions,https://www.google.com/maps/contrib/109037194575101715984,,https://bookedin.com/book/prime-solutions-,,https://bookedin.com/book/prime-solutions-,"https://www.google.com/maps/place/Prime+Solutions/@29.9874151,-90.1299793,14z/data=!4m8!1m2!2m1!1sPrime+Solutions!3m4!1s0x8620b163a93245c9:0xc51a5b3a1d823646!8m2!3d29.9874151!4d-90.1299793","https://www.google.com/maps/place/Prime+Solutions/@29.9874151,-90.1299793,13.99z/data=!4m16!1m7!3m6!1s0x8620b163a93245c9:0xc51a5b3a1d823646!2sPrime+Solutions!8m2!3d29.9874151!4d-90.1299793!16s%2Fg%2F11ckvg1dmb!3m7!1s0x8620b163a93245c9:0xc51a5b3a1d823646!8m2!3d29.9874151!4d-90.1299793!9m1!1b1!16s%2Fg%2F11ckvg1dmb?entry=ttu",ChIJyUUyqWOxIIYRRjaCHTpbGsU,0x8620b163a93245c9:0xc51a5b3a1d823646,14202764680027584070,/g/11h_ftl8hq,-4243979393681967546,,gkloof@gmail.com,RECEIVING,SMTP validated,Guillaume Kloof,Guillaume,Kloof,Owner,,sleevesmusic@gmail.com,RECEIVING,Verified,Sam Manford,Sam,Manford,,233264121439,nick.t@blstr.co,RECEIVING,Catch All,Nick Threapleton,Nick,Threapleton,Digital Campaign Manager,,18089550050,voip,HAWAIIAN TELCOM SERVICES COMPA,,16237426200,MCLEODUSA TELECOMMUNICATIONS S,landline,,17166561530,"ONVOY, LLC  NY",landline,,https://www.facebook.com/mammafrancesca914,https://www.instagram.com/linktr.ee,https://www.linkedin.com/company/ms-attorney-general,https://www.tiktok.com/@linktr.ee,https://medium.com/@cfryerdev,https://www.reddit.com/user/realestateucr,,https://www.snapchat.com/add/goldenhand.uk,https://t.me/radiokitchenbarbatumi,https://wa.me/13053591025,https://twitter.com/SynergyFCNY,https://vimeo.com/user213607046,https://www.youtube.com/channel/UCwZuH72lqIZ2YG7npnl8jyw,https://github.com/qom-one,,Report a Violation | Trust Center | Linktree,Gatsby 5.8.1,We take user security and safety very seriously at Linktree. Use this form to report a violation.,"Linktr.ee,Linktree,Linking Tool,Bio Link,link,links",False,False
"water damage restoration service, 70179, New Orleans, LA, US",Sunlight Contractors,Sunlight Contractors,https://www.sunlightcontractors.com/%3Futm_source%3Dgoogle%26utm_medium%3Dorganic%26utm_term%3Dgbp-listing-sun-nola,"Insulation contractor, Contractor",Insulation contractor,Insulation contractor,+1 504-919-9993,mobile,"NEW CINGULAR WIRELESS PCS, LLC - GA",,"650 Poydras St Suite 1400 Rm 33, New Orleans, LA 70130",Warehouse District,650 Poydras St Suite 1400 Rm 33,New Orleans,70130,Louisiana,Louisiana,United States of America,US,29.9488746,-90.0701146,894446420b3ffff,America/Chicago,,False,5.0,593.0,https://search.google.com/local/reviews?placeid=ChIJ79MiCaCoIIYR8KFGND6KkvM&q=*&authuser=0&hl=en&gl=US,,,4.0,0.0,0.0,1.0,588.0,408.0,https://lh3.googleusercontent.com/p/AF1QipNuqd4obrmQ-drtqmFwHwPYMj4ez13yuXMCN0dP=w800-h500-k-no,https://lh3.googleusercontent.com/p/AF1QipNuqd4obrmQ-drtqmFwHwPYMj4ez13yuXMCN0dP=w1600-h1000-k-no,,"{""Sunday"": ""Closed"", ""Monday"": ""7AM-5PM"", ""Tuesday"": ""7AM-5PM"", ""Wednesday"": ""7AM-5PM"", ""Thursday"": ""7AM-5PM"", ""Friday"": ""7AM-5PM"", ""Saturday"": ""Closed""}","Sunday,|Monday,7AM,5PM|Tuesday,7AM,5PM|Wednesday,7AM,5PM|Thursday,7AM,5PM|Friday,7AM,5PM|Saturday,",Sunday:Closed|Monday:7AM-5PM|Tuesday:7AM-5PM|Wednesday:7AM-5PM|Thursday:7AM-5PM|Friday:7AM-5PM|Saturday:Closed,,,OPERATIONAL,"{""From the business"": {""Identifies as women-owned"": true}, ""Service options"": {""Online estimates"": true, ""Onsite services"": true}, ""Other"": {""Identifies as women-owned"": true}}",,,,https://lh4.googleusercontent.com/-9Djcti6of_8/AAAAAAAAAAI/AAAAAAAAAAA/DHCsFmdu9Gs/s44-p-k-no-ns-nd/photo.jpg,,,True,118053225336884909496,Sunlight Contractors,https://www.google.com/maps/contrib/118053225336884909496,,http://www.sunlightcontractors.com/contact/,,http://www.sunlightcontractors.com/contact/,"https://www.google.com/maps/place/Sunlight+Contractors/@29.9488746,-90.0701146,14z/data=!4m8!1m2!2m1!1sSunlight+Contractors!3m4!1s0x8620a8a00922d3ef:0xf3928a3e3446a1f0!8m2!3d29.9488746!4d-90.0701146","https://www.google.com/maps/place/Sunlight+Contractors/@29.9488746,-90.0701146,13.99z/data=!4m16!1m7!3m6!1s0x8620a8a00922d3ef:0xf3928a3e3446a1f0!2sSunlight+Contractors!8m2!3d29.9488746!4d-90.0701146!16s%2Fg%2F11ckvg1dmb!3m7!1s0x8620a8a00922d3ef:0xf3928a3e3446a1f0!8m2!3d29.9488746!4d-90.0701146!9m1!1b1!16s%2Fg%2F11ckvg1dmb?entry=ttu",ChIJ79MiCaCoIIYR8KFGND6KkvM,0x8620a8a00922d3ef:0xf3928a3e3446a1f0,17551242697585893872,/g/11bw61rvb7,-895501376123657744,,pimpmenob5@yahoo.es,INVALID,Undeliverable,Oscar Barrera,Oscar,Barrera,Digital Media And Logistic Manager,,jsabet@sunlightcontractors.com,RECEIVING,SMTP validated,Justin Sabet-Peyman,Justin,Sabet-Peyman,Principal Private Equity,,cyates@sunlightcontractors.com,RECEIVING,SMTP validated,Corey Yates,Corey,Yates,Owner,15042222082,15049199993,mobile,"NEW CINGULAR WIRELESS PCS, LLC - GA",,15042222082,T-Mobile USA Inc.,mobile,,,,,,https://www.facebook.com/SunlightContractorsLLC/,,http://www.linkedin.com/company/5219378,,,,,,,,https://twitter.com/sprayfoamnola,,https://www.youtube.com/user/SunlightContractors,,,Spray Foam Insulation New Orleans - Baton Rouge - Louisiana,,"Sunlight Contractors are the New Orleans spray foam insulation experts for residential and commercial buildings, serving all Southern Louisiana.",,,
"water damage restoration service, 70179, New Orleans, LA, US",Riverbend Renovation,Riverbend Renovation,https://riverbendrenovation.com/,"Water damage restoration service, Bathroom remodeler, Fire damage restoration service, Kitchen remodeler, Waste management service, General contractor",General contractor,Water damage restoration service,+1 504-215-8825,mobile,T-Mobile USA Inc.,,"1500 S Lopez St, New Orleans, LA 70125",Gert Town,1500 S Lopez St,New Orleans,70125,Louisiana,Louisiana,United States of America,US,29.9544632,-90.1034016,8944465528bffff,America/Chicago,,False,4.9,53.0,https://search.google.com/local/reviews?placeid=ChIJ_WKtinalIIYRvGZUfXJzEAo&q=*&authuser=0&hl=en&gl=US,,,0.0,0.0,1.0,2.0,50.0,23.0,https://lh3.googleusercontent.com/gps-cs-s/AG0ilSxfI40RMjZTIXCIS22juLri4aYQFG-3vxMTiLVmfu-WKUiPMWIPO7CV4Enq_zj_SHr2xnIfGGevEInjoX9b1wDv9yO8F1MA1J7QYjZHde8XyQ1pCktUy20Co8If9VGLmcIwmATYsw=w800-h500-k-no,https://lh3.googleusercontent.com/gps-cs-s/AG0ilSxfI40RMjZTIXCIS22juLri4aYQFG-3vxMTiLVmfu-WKUiPMWIPO7CV4Enq_zj_SHr2xnIfGGevEInjoX9b1wDv9yO8F1MA1J7QYjZHde8XyQ1pCktUy20Co8If9VGLmcIwmATYsw=w1600-h1000-k-no,,"{""Sunday"": ""Closed"", ""Monday"": ""8AM-5PM"", ""Tuesday"": ""8AM-5PM"", ""Wednesday"": ""8AM-5PM"", ""Thursday"": ""8AM-5PM"", ""Friday"": ""8AM-5PM"", ""Saturday"": ""Closed""}","Sunday,|Monday,8AM,5PM|Tuesday,8AM,5PM|Wednesday,8AM,5PM|Thursday,8AM,5PM|Friday,8AM,5PM|Saturday,",Sunday:Closed|Monday:8AM-5PM|Tuesday:8AM-5PM|Wednesday:8AM-5PM|Thursday:8AM-5PM|Friday:8AM-5PM|Saturday:Closed,,,OPERATIONAL,"{""Service options"": {""Online estimates"": false}}",,,,https://lh6.googleusercontent.com/-zzRTOOWHheA/AAAAAAAAAAI/AAAAAAAAAAA/Qkm4qOnGB_4/s44-p-k-no-ns-nd/photo.jpg,,,True,107803167358370067223,Riverbend Renovation,https://www.google.com/maps/contrib/107803167358370067223,,https://riverbendrenovation.com?rwg_token=ACgRB3f91ZksDj18S8ltgtsT8XPq3C_CEF-SFz3gMZl9MBf6YyJtUzf3VvjqhCfr4DNPSyjBfTfxTnAcboqWFMqSyVILCuqPQwEmEFsL8XJ9bU-lTPdseLI%3D,,https://riverbendrenovation.com?rwg_token=ACgRB3f91ZksDj18S8ltgtsT8XPq3C_CEF-SFz3gMZl9MBf6YyJtUzf3VvjqhCfr4DNPSyjBfTfxTnAcboqWFMqSyVILCuqPQwEmEFsL8XJ9bU-lTPdseLI%3D,"https://www.google.com/maps/place/Riverbend+Renovation/@29.9544632,-90.1034016,14z/data=!4m8!1m2!2m1!1sRiverbend+Renovation!3m4!1s0x8620a5768aad62fd:0xa1073727d5466bc!8m2!3d29.9544632!4d-90.1034016","https://www.google.com/maps/place/Riverbend+Renovation/@29.9544632,-90.1034016,13.99z/data=!4m16!1m7!3m6!1s0x8620a5768aad62fd:0xa1073727d5466bc!2sRiverbend+Renovation!8m2!3d29.9544632!4d-90.1034016!16s%2Fg%2F11ckvg1dmb!3m7!1s0x8620a5768aad62fd:0xa1073727d5466bc!8m2!3d29.9544632!4d-90.1034016!9m1!1b1!16s%2Fg%2F11ckvg1dmb?entry=ttu",ChIJ_WKtinalIIYRvGZUfXJzEAo,0x8620a5768aad62fd:0xa1073727d5466bc,725206475572799164,/g/11f7hw5z4x,725206475572799164,,contact@sansoxygen.com,RECEIVING,Role,,,,,,info@riverbendrenovation.com,RECEIVING,Role,,,,,,eben@eyebytes.com,RECEIVING,Verified,,,,,,5043042066,landline,,,5042158825,T-Mobile USA Inc.,mobile,,,,,,https://www.facebook.com/riverbendrenovation,https://www.instagram.com/riverbendrenovation,,,,,,,,,,,,https://github.com/andrew-paglinawan/,,"Riverbend Renovation - Kitchen Renovation, Bathroom Renovations, Kenner Renovation Services",Starfield Technologies; Go Daddy Website Builder 8.0.0000,"Riverbend Renovation offers Kenner renovation services, including expert kitchen renovation and bathroom renovations to transform your home.",,False,True
"water damage restoration service, 70179, New Orleans, LA, US",The Mold Man LLC,The Mold Man,,"Water damage restoration service, Service establishment",Water damage restoration service,Water damage restoration service,+1 504-944-2000,landline,,,,,,,,,,,,,,,America/Chicago,,True,,,,,,,,,,,1.0,https://lh3.googleusercontent.com/p/AF1QipNVeYVWhFF3tED_WMmL-FKZBzA3D5ZODEcNXXdx=w800-h500-k-no,https://lh3.googleusercontent.com/p/AF1QipNVeYVWhFF3tED_WMmL-FKZBzA3D5ZODEcNXXdx=w1600-h1000-k-no,,"{""Sunday"": ""Closed"", ""Monday"": ""9AM-5PM"", ""Tuesday"": ""9AM-5PM"", ""Wednesday"": ""9AM-5PM"", ""Thursday"": ""9AM-5PM"", ""Friday"": ""9AM-5PM"", ""Saturday"": ""Closed""}","Sunday,|Monday,9AM,5PM|Tuesday,9AM,5PM|Wednesday,9AM,5PM|Thursday,9AM,5PM|Friday,9AM,5PM|Saturday,",Sunday:Closed|Monday:9AM-5PM|Tuesday:9AM-5PM|Wednesday:9AM-5PM|Thursday:9AM-5PM|Friday:9AM-5PM|Saturday:Closed,,,OPERATIONAL,{},,,,https://lh4.googleusercontent.com/-fQaxUTdYkqU/AAAAAAAAAAI/AAAAAAAAAAA/5tLv4dpeXwA/s44-p-k-no-ns-nd/photo.jpg,,,True,116831443454330236720,The Mold Man LLC,https://www.google.com/maps/contrib/116831443454330236720,,,,,"https://www.google.com/maps/place/The+Mold+Man+LLC/@None,None,14z/data=!4m8!1m2!2m1!1sThe+Mold+Man+LLC!3m4!1s0x8620a9c7c3917c9d:0xdfead7cf3dbf93ca!8m2!3dNone!4dNone","https://www.google.com/maps/place/The+Mold+Man+LLC/@None,None,13.99z/data=!4m16!1m7!3m6!1s0x8620a9c7c3917c9d:0xdfead7cf3dbf93ca!2sThe+Mold+Man+LLC!8m2!3dNone!4dNone!16s%2Fg%2F11ckvg1dmb!3m7!1s0x8620a9c7c3917c9d:0xdfead7cf3dbf93ca!8m2!3dNone!4dNone!9m1!1b1!16s%2Fg%2F11ckvg1dmb?entry=ttu",ChIJnXyRw8epIIYRypO_Pc_X6t8,0x8620a9c7c3917c9d:0xdfead7cf3dbf93ca,16134945900102390730,/g/11cssy016x,None,,,,,,,,,,,,,,,,,,,,,,,,,,,,,,,,,,,,,,,,,,,,,,,,,,,,,,,,,,
"water damage restoration service, 70179, New Orleans, LA, US","Natal's Air Conditioning, Plumbing & Electrical",Natals Air Conditioning Plumbing And Electrical,https://www.natalsairconditioning.com/%3Futm_source%3Dgbp%26utm_medium%3Dorganic,"HVAC contractor, Air conditioning repair service, Electrician, Plumber",HVAC contractor,HVAC contractor,+1 504-666-9124,mobile,CELLCO PARTNERSHIP DBA VERIZON WIRELESS - LA,,"2630 Banks St, New Orleans, LA 70119",Tulane - Gravier,2630 Banks St,New Orleans,70119,Louisiana,Louisiana,United States of America,US,29.962241499999998,-90.0891717,8944465524bffff,America/Chicago,,False,4.9,1980.0,https://search.google.com/local/reviews?placeid=ChIJg7YRe3avIIYR99uXjsMN2QU&q=*&authuser=0&hl=en&gl=US,,,28.0,8.0,9.0,24.0,1911.0,104.0,https://lh3.googleusercontent.com/gps-cs-s/AG0ilSxp6E1-7bCDRtbbtGpBMYvFAjpY_PUXVjIrkIljXrd352TX4y8I4Te66dcYKcUHc16aYC1ENsV3rRDwRvCQZjWCZ24UlM4YMPYyHjBrWhDRs0oRebMbEoxH4P3Uc2E2lPNFwabm=w800-h500-k-no,https://lh3.googleusercontent.com/gps-cs-s/AG0ilSxp6E1-7bCDRtbbtGpBMYvFAjpY_PUXVjIrkIljXrd352TX4y8I4Te66dcYKcUHc16aYC1ENsV3rRDwRvCQZjWCZ24UlM4YMPYyHjBrWhDRs0oRebMbEoxH4P3Uc2E2lPNFwabm=w1600-h1000-k-no,,"{""Sunday"": ""Open 24 hours"", ""Monday"": ""Open 24 hours"", ""Tuesday"": ""Open 24 hours"", ""Wednesday"": ""Open 24 hours"", ""Thursday"": ""Open 24 hours"", ""Friday"": ""Open 24 hours"", ""Saturday"": ""Open 24 hours""}","Sunday,Open 24 hours|Monday,Open 24 hours|Tuesday,Open 24 hours|Wednesday,Open 24 hours|Thursday,Open 24 hours|Friday,Open 24 hours|Saturday,Open 24 hours",Sunday:Open 24 hours|Monday:Open 24 hours|Tuesday:Open 24 hours|Wednesday:Open 24 hours|Thursday:Open 24 hours|Friday:Open 24 hours|Saturday:Open 24 hours,,,OPERATIONAL,"{""Service options"": {""Onsite services"": true}, ""Offerings"": {""Installation service"": true, ""Repair services"": true}}",,,,https://lh5.googleusercontent.com/-aLDTdwkNzBE/AAAAAAAAAAI/AAAAAAAAAAA/c-Mnc1C0cAY/s44-p-k-no-ns-nd/photo.jpg,,,True,115156921229570603021,"Natal's Air Conditioning, Plumbing & Electrical",https://www.google.com/maps/contrib/115156921229570603021,,https://www.natalsairconditioning.com/contact/schedule-service,,"https://www.natalsairconditioning.com/contact/schedule-service, https://book.servicetitan.com/xoo7hbzrgt0i00awo76avq7l?rwg_token=ACgRB3cCE0LXPsxUxCOo8jvUOtV_mOCIVCC0h82-VCdqfQAJ4A6lZyhSSxnraKHtnlNYkCnVf-2TNPuat0ZQmDsk48_AevONiw%3D%3D","https://www.google.com/maps/place/Natal%27s+Air+Conditioning%2C+Plumbing+%26+Electrical/@29.962241499999998,-90.0891717,14z/data=!4m8!1m2!2m1!1sNatal%27s+Air+Conditioning%2C+Plumbing+%26+Electrical!3m4!1s0x8620af767b11b683:0x5d90dc38e97dbf7!8m2!3d29.962241499999998!4d-90.0891717","https://www.google.com/maps/place/Natal%27s+Air+Conditioning%2C+Plumbing+%26+Electrical/@29.962241499999998,-90.0891717,13.99z/data=!4m16!1m7!3m6!1s0x8620af767b11b683:0x5d90dc38e97dbf7!2sNatal%27s+Air+Conditioning%2C+Plumbing+%26+Electrical!8m2!3d29.962241499999998!4d-90.0891717!16s%2Fg%2F11ckvg1dmb!3m7!1s0x8620af767b11b683:0x5d90dc38e97dbf7!8m2!3d29.962241499999998!4d-90.0891717!9m1!1b1!16s%2Fg%2F11ckvg1dmb?entry=ttu",ChIJg7YRe3avIIYR99uXjsMN2QU,0x8620af767b11b683:0x5d90dc38e97dbf7,421383173697952759,/g/1261m4rtn,421383173697952759,,jesse@natalsairconditioning.com,INVALID,Undeliverable,Jesse Jacks,Jesse,Jacks,Heating Air Conditioning Service Technician,,tommy@natalsairconditioning.com,INVALID,Undeliverable,Tommy Godwin,Tommy,Godwin,Heating Air Conditioning Specialist,,simona.jones@comcast.com,INVALID,Undeliverable,Lavon Jones,Lavon,Jones,Service Technician,,5048210005,fixed line,"BANDWIDTH.COM CLEC, LLC - LA",,9852409554,,landline,,,,,,https://www.facebook.com/CallNatals/,https://instagram.com/callnatals,https://www.linkedin.com/company/natal-air-conditioning-inc,http://www.tiktok.com/@callnatals,,,,,,,https://twitter.com/CallNatals,,https://www.youtube.com/channel/UC2yQ8WcrHRgQsPdhCiP5otw,https://github.com/paulirish/,,"Send Us a Message | Natal's Air Conditioning, Plumbing & Electrical",,"Have a question or comment for the team at Natal's Air Conditioning, Plumbing & Electrical? Fill out our quick form here to send us a message.",,False,False
"water damage restoration service, 70179, New Orleans, LA, US",Who Did Dat Painting & Flooring Inc,Who Did Dat Painting And Flooring,https://www.wddpnf.com/,"Painter, Dry wall contractor, Floor refinishing service, Flooring contractor, Tile contractor, Wood floor installation service",Painter,Painter,+1 504-265-1655,landline,,,"2728 Amelia St, New Orleans, LA 70115",Milan,2728 Amelia St,New Orleans,70115,Louisiana,Louisiana,United States of America,US,29.9383105,-90.097948,89444655643ffff,America/Chicago,,False,4.6,10.0,https://search.google.com/local/reviews?placeid=ChIJx7ywL3YYboQR5n09XJKr3jQ&q=*&authuser=0&hl=en&gl=US,,,1.0,0.0,0.0,0.0,9.0,40.0,https://lh3.googleusercontent.com/p/AF1QipOSK0v40d5MP4D4O8IEHPWaP3zV7p24mwC2ofTF=w800-h500-k-no,https://lh3.googleusercontent.com/p/AF1QipOSK0v40d5MP4D4O8IEHPWaP3zV7p24mwC2ofTF=w1600-h1000-k-no,,"{""Sunday"": ""Open 24 hours"", ""Monday"": ""Open 24 hours"", ""Tuesday"": ""Open 24 hours"", ""Wednesday"": ""Open 24 hours"", ""Thursday"": ""Open 24 hours"", ""Friday"": ""Open 24 hours"", ""Saturday"": ""Open 24 hours""}","Sunday,Open 24 hours|Monday,Open 24 hours|Tuesday,Open 24 hours|Wednesday,Open 24 hours|Thursday,Open 24 hours|Friday,Open 24 hours|Saturday,Open 24 hours",Sunday:Open 24 hours|Monday:Open 24 hours|Tuesday:Open 24 hours|Wednesday:Open 24 hours|Thursday:Open 24 hours|Friday:Open 24 hours|Saturday:Open 24 hours,,,OPERATIONAL,{},,,,https://lh5.googleusercontent.com/-L_kXymXSGII/AAAAAAAAAAI/AAAAAAAAAAA/bgL0T6cLOVw/s44-p-k-no-ns-nd/photo.jpg,,,True,106920741572600017707,Who Did Dat Painting & Flooring Inc,https://www.google.com/maps/contrib/106920741572600017707,,,,,"https://www.google.com/maps/place/Who+Did+Dat+Painting+%26+Flooring+Inc/@29.9383105,-90.097948,14z/data=!4m8!1m2!2m1!1sWho+Did+Dat+Painting+%26+Flooring+Inc!3m4!1s0x846e18762fb0bcc7:0x34deab925c3d7de6!8m2!3d29.9383105!4d-90.097948","https://www.google.com/maps/place/Who+Did+Dat+Painting+%26+Flooring+Inc/@29.9383105,-90.097948,13.99z/data=!4m16!1m7!3m6!1s0x846e18762fb0bcc7:0x34deab925c3d7de6!2sWho+Did+Dat+Painting+%26+Flooring+Inc!8m2!3d29.9383105!4d-90.097948!16s%2Fg%2F11ckvg1dmb!3m7!1s0x846e18762fb0bcc7:0x34deab925c3d7de6!8m2!3d29.9383105!4d-90.097948!9m1!1b1!16s%2Fg%2F11ckvg1dmb?entry=ttu",ChIJx7ywL3YYboQR5n09XJKr3jQ,0x846e18762fb0bcc7:0x34deab925c3d7de6,3809670979903127014,/g/11vzcwpnj8,3809670979903127014,,eben@eyebytes.com,RECEIVING,Verified,,,,,,wddpnf@gmail.com,RECEIVING,Verified,,,,,,,,,,,,,,5042651655,landline,,,,,,,,,,,,,,,,,,,,,,,,,,Login,Starfield Technologies; Go Daddy Website Builder 8.0.0000,"Dependable House Painter, Bathroom Remodel, and Flooring Contractor Call Who Did Dat Painting and Flooring for a Honest Reliable Company To Remodel Your Home.",,False,True
"water damage restoration service, 70179, New Orleans, LA, US",JUST IN CASE HANDYMAN SERVICES LLC,Just In Case Handyman Services,,"Water damage restoration service, Carpenter, Fence contractor, Masonry contractor, Painting, Roofing contractor, Handyman/Handywoman/Handyperson",Handyman/Handywoman/Handyperson,Water damage restoration service,+1 504-415-2513,mobile,T-Mobile USA Inc.,,"6269 Colbert St, New Orleans, LA 70124",Lakeview,6269 Colbert St,New Orleans,70124,Louisiana,Louisiana,United States of America,US,30.0044443,-90.11114189999999,89444642d73ffff,America/Chicago,,False,1.0,1.0,https://search.google.com/local/reviews?placeid=ChIJGaLybAWvIIYRlmzEzGBdc90&q=*&authuser=0&hl=en&gl=US,,,1.0,0.0,0.0,0.0,0.0,1.0,https://streetviewpixels-pa.googleapis.com/v1/thumbnail?panoid=81SEJNyZ7QmaNUNVFxN30g&cb_client=search.gws-prod.gps&w=800&h=500&yaw=95.52117&pitch=0&thumbfov=100,https://streetviewpixels-pa.googleapis.com/v1/thumbnail?panoid=81SEJNyZ7QmaNUNVFxN30g&cb_client=search.gws-prod.gps&w=1600&h=1000&yaw=95.52117&pitch=0&thumbfov=100,,"{""Sunday"": ""Closed"", ""Monday"": ""8AM-5PM"", ""Tuesday"": ""8AM-5PM"", ""Wednesday"": ""8AM-5PM"", ""Thursday"": ""8AM-5PM"", ""Friday"": ""8AM-5PM"", ""Saturday"": ""Closed""}","Sunday,|Monday,8AM,5PM|Tuesday,8AM,5PM|Wednesday,8AM,5PM|Thursday,8AM,5PM|Friday,8AM,5PM|Saturday,",Sunday:Closed|Monday:8AM-5PM|Tuesday:8AM-5PM|Wednesday:8AM-5PM|Thursday:8AM-5PM|Friday:8AM-5PM|Saturday:Closed,,,OPERATIONAL,"{""Service options"": {""Online estimates"": false, ""Onsite services"": false}}",,,,https://lh4.googleusercontent.com/-LzjgOG8Ce44/AAAAAAAAAAI/AAAAAAAAAAA/_4ks6Fr5NWQ/s44-p-k-no-ns-nd/photo.jpg,,,True,100326412078421242157,JUST IN CASE HANDYMAN SERVICES LLC,https://www.google.com/maps/contrib/100326412078421242157,,,,,"https://www.google.com/maps/place/JUST+IN+CASE+HANDYMAN+SERVICES+LLC/@30.0044443,-90.11114189999999,14z/data=!4m8!1m2!2m1!1sJUST+IN+CASE+HANDYMAN+SERVICES+LLC!3m4!1s0x8620af056cf2a219:0xdd735d60ccc46c96!8m2!3d30.0044443!4d-90.11114189999999","https://www.google.com/maps/place/JUST+IN+CASE+HANDYMAN+SERVICES+LLC/@30.0044443,-90.11114189999999,13.99z/data=!4m16!1m7!3m6!1s0x8620af056cf2a219:0xdd735d60ccc46c96!2sJUST+IN+CASE+HANDYMAN+SERVICES+LLC!8m2!3d30.0044443!4d-90.11114189999999!16s%2Fg%2F11ckvg1dmb!3m7!1s0x8620af056cf2a219:0xdd735d60ccc46c96!8m2!3d30.0044443!4d-90.11114189999999!9m1!1b1!16s%2Fg%2F11ckvg1dmb?entry=ttu",ChIJGaLybAWvIIYRlmzEzGBdc90,0x8620af056cf2a219:0xdd735d60ccc46c96,15957200575037467798,/g/11jrck3ybl,-2489543498672083818,,,,,,,,,,,,,,,,,,,,,,,,,,,,,,,,,,,,,,,,,,,,,,,,,,,,,,,,,,
"water damage restoration service, 70179, New Orleans, LA, US",ProClean Services,Proclean Services,https://procleannola.net/,"Pressure washing service, Dryer vent cleaning service, Service establishment, Gutter cleaning service, House cleaning service, Window cleaning service",Pressure washing service,Pressure washing service,+1 504-547-6854,landline,,,,,,,,,,,,30.186631,-89.9526745,8944464dc53ffff,America/Chicago,,True,5.0,401.0,https://search.google.com/local/reviews?placeid=ChIJ0fpfVVqmIIYRt23dEoBOCMM&q=*&authuser=0&hl=en&gl=US,,,3.0,0.0,0.0,4.0,394.0,584.0,https://lh3.googleusercontent.com/p/AF1QipOx6diUfAqRfAFiERsy9a1zrhYx_3byf7zeWVSu=w800-h500-k-no,https://lh3.googleusercontent.com/p/AF1QipOx6diUfAqRfAFiERsy9a1zrhYx_3byf7zeWVSu=w1600-h1000-k-no,,"{""Sunday"": ""Closed"", ""Monday"": ""8AM-6PM"", ""Tuesday"": ""8AM-6PM"", ""Wednesday"": ""8AM-6PM"", ""Thursday"": ""8AM-6PM"", ""Friday"": ""8AM-6PM"", ""Saturday"": ""Closed""}","Sunday,|Monday,8AM,6PM|Tuesday,8AM,6PM|Wednesday,8AM,6PM|Thursday,8AM,6PM|Friday,8AM,6PM|Saturday,",Sunday:Closed|Monday:8AM-6PM|Tuesday:8AM-6PM|Wednesday:8AM-6PM|Thursday:8AM-6PM|Friday:8AM-6PM|Saturday:Closed,,,OPERATIONAL,"{""Service options"": {""Online estimates"": true}}",,,,https://lh4.googleusercontent.com/-OEXkQbsS33o/AAAAAAAAAAI/AAAAAAAAAAA/NJnTYVnAk10/s44-p-k-no-ns-nd/photo.jpg,,,True,103749048206699388203,ProClean Services,https://www.google.com/maps/contrib/103749048206699388203,,https://procleannola.net/contact-us/,,https://procleannola.net/contact-us/,"https://www.google.com/maps/place/ProClean+Services/@30.186631,-89.9526745,14z/data=!4m8!1m2!2m1!1sProClean+Services!3m4!1s0x8620a65a555ffad1:0xc3084e8012dd6db7!8m2!3d30.186631!4d-89.9526745","https://www.google.com/maps/place/ProClean+Services/@30.186631,-89.9526745,13.99z/data=!4m16!1m7!3m6!1s0x8620a65a555ffad1:0xc3084e8012dd6db7!2sProClean+Services!8m2!3d30.186631!4d-89.9526745!16s%2Fg%2F11ckvg1dmb!3m7!1s0x8620a65a555ffad1:0xc3084e8012dd6db7!8m2!3d30.186631!4d-89.9526745!9m1!1b1!16s%2Fg%2F11ckvg1dmb?entry=ttu",ChIJ0fpfVVqmIIYRt23dEoBOCMM,0x8620a65a555ffad1:0xc3084e8012dd6db7,14053568949188914615,/g/1hhxc5lg7,-4393175124520637001,,proclean4313@yahoo.com,RECEIVING,SMTP validated,,,,,,proclean4313@yahoo.com,RECEIVING,SMTP validated,,,,,,proclean4313@yahoo.com,RECEIVING,SMTP validated,,,,,,5046164313,mobile,"NEW CINGULAR WIRELESS PCS, LLC - GA",,5046164313,"NEW CINGULAR WIRELESS PCS, LLC - GA",mobile,,5046164313,"NEW CINGULAR WIRELESS PCS, LLC - GA",mobile,,https://www.facebook.com/ProCleanServicesLA/,https://www.instagram.com/explore,https://www.linkedin.com/company/proclean-services-louisiana,,,,,,,,https://twitter.com/wordpress,,,,,Pressure Washing Service in New Orleans - ProClean Services,WordPress 6.1.1,ProClean Services is the NOLA's top-choice for Pressure Washing. Residential Cleaning & Commercial Cleaning • Call us today • 504-616-4313,,False,False
"water damage restoration service, 70179, New Orleans, LA, US",Abry Brothers Inc,Abry Brothers,https://abrybrothers.com/,General contractor,General contractor,General contractor,+1 504-488-2671,fixed line,"COMCAST PHONE OF LOUISIANA, LL",,"3319 Orleans Ave, New Orleans, LA 70119",Bayou St. John,3319 Orleans Ave,New Orleans,70119,Louisiana,Louisiana,United States of America,US,29.975562099999998,-90.0895728,89444642ccbffff,America/Chicago,,False,4.7,96.0,https://search.google.com/local/reviews?placeid=ChIJgcioOV-vIIYR8FGY4fNU4bk&q=*&authuser=0&hl=en&gl=US,,,6.0,0.0,1.0,1.0,88.0,8.0,https://lh3.googleusercontent.com/gps-cs-s/AG0ilSy2b9ogQ5te6ufsf4M6GLnkRTBdjWrTaZXCgEQnktA0SBw60CsytbuAy-kke06kt8g_fxFlmPuIv_8gcxwdcdtj1xWjL9kcOwagEaT-UkUPIp6SoC5kqqldv7WXMMkZ9Pef_gk=w800-h500-k-no,https://lh3.googleusercontent.com/gps-cs-s/AG0ilSy2b9ogQ5te6ufsf4M6GLnkRTBdjWrTaZXCgEQnktA0SBw60CsytbuAy-kke06kt8g_fxFlmPuIv_8gcxwdcdtj1xWjL9kcOwagEaT-UkUPIp6SoC5kqqldv7WXMMkZ9Pef_gk=w1600-h1000-k-no,,"{""Sunday"": ""Closed"", ""Monday"": ""7:30AM-4PM"", ""Tuesday"": ""7:30AM-4PM"", ""Wednesday"": ""7:30AM-4PM"", ""Thursday"": ""7:30AM-4PM"", ""Friday"": ""7:30AM-4PM"", ""Saturday"": ""Closed""}","Sunday,|Monday,7:30AM,4PM|Tuesday,7:30AM,4PM|Wednesday,7:30AM,4PM|Thursday,7:30AM,4PM|Friday,7:30AM,4PM|Saturday,",Sunday:Closed|Monday:7:30AM-4PM|Tuesday:7:30AM-4PM|Wednesday:7:30AM-4PM|Thursday:7:30AM-4PM|Friday:7:30AM-4PM|Saturday:Closed,,,OPERATIONAL,{},,,,https://lh6.googleusercontent.com/-tx_a9XEx0iw/AAAAAAAAAAI/AAAAAAAAAAA/HDVIs645Uok/s44-p-k-no-ns-nd/photo.jpg,,,True,102517783128077943618,Abry Brothers Inc,https://www.google.com/maps/contrib/102517783128077943618,,,,,"https://www.google.com/maps/place/Abry+Brothers+Inc/@29.975562099999998,-90.0895728,14z/data=!4m8!1m2!2m1!1sAbry+Brothers+Inc!3m4!1s0x8620af5f39a8c881:0xb9e154f3e19851f0!8m2!3d29.975562099999998!4d-90.0895728","https://www.google.com/maps/place/Abry+Brothers+Inc/@29.975562099999998,-90.0895728,13.99z/data=!4m16!1m7!3m6!1s0x8620af5f39a8c881:0xb9e154f3e19851f0!2sAbry+Brothers+Inc!8m2!3d29.975562099999998!4d-90.0895728!16s%2Fg%2F11ckvg1dmb!3m7!1s0x8620af5f39a8c881:0xb9e154f3e19851f0!8m2!3d29.975562099999998!4d-90.0895728!9m1!1b1!16s%2Fg%2F11ckvg1dmb?entry=ttu",ChIJgcioOV-vIIYR8FGY4fNU4bk,0x8620af5f39a8c881:0xb9e154f3e19851f0,13394080173215207920,/g/1ts3lkfm,-5052663900494343696,,gregabry@gmail.com,RECEIVING,Verified,Greg Abry,Greg,Abry,,15042143533,jwatt@abrybrothers.com,RECEIVING,SMTP validated,Jeff Watters,Jeff,Watters,President,,dahrens@abrybrothers.com,RECEIVING,SMTP validated,Debby Ahrens,Debby,Ahrens,Owner,,15044882671,fixed line,"COMCAST PHONE OF LOUISIANA, LL",,15042143533,"NEW CINGULAR WIRELESS PCS, LLC - GA",mobile,,,,,,https://www.facebook.com/profile.php?id=100066665706543,,http://www.linkedin.com/company/6773567,,,,,,,,,,,,,Abry Brothers | New Orleans Shoring Contractor – New Orleans Shoring Contractor,WordPress 4.7.21,"The oldest SHORING CONTRACTOR in New Orleans, Abry Brothers’ out preforms all SHORING CONTRACTORS in the area. For THE New Orleans SHORING CONTRACTOR, call Abry Brothers.",Shoring Contractor,,
"water damage restoration service, 70179, New Orleans, LA, US","Bienvenu Brothers Enterprises, Inc.",Bienvenu Brothers Enterprises,https://www.bienvenu.com/,"Plumber, Air conditioning contractor, Air conditioning repair service, Drainage service, Furnace repair service, Heating contractor, Heating equipment supplier, Hot water system supplier, HVAC contractor, Water softening equipment supplier",Plumber,Plumber,+1 504-835-7783,fixed line,"COMCAST PHONE OF LOUISIANA, LL",,"212 Elmeer Ave, Metairie, LA 70005",None,212 Elmeer Ave,Metairie,70005,Louisiana,Louisiana,United States of America,US,29.990672999999997,-90.1369612,89444655e1bffff,America/Chicago,,False,4.2,33.0,https://search.google.com/local/reviews?placeid=ChIJI_18yO6vIIYR0o88et2J3ns&q=*&authuser=0&hl=en&gl=US,,,5.0,1.0,1.0,3.0,23.0,6.0,https://lh3.googleusercontent.com/p/AF1QipMnEMpBzLbHeqe5Q9TE6lN4MR3TnsydcRhXjJzv=w800-h500-k-no,https://lh3.googleusercontent.com/p/AF1QipMnEMpBzLbHeqe5Q9TE6lN4MR3TnsydcRhXjJzv=w1600-h1000-k-no,,"{""Sunday"": ""Open 24 hours"", ""Monday"": ""Open 24 hours"", ""Tuesday"": ""Open 24 hours"", ""Wednesday"": ""Open 24 hours"", ""Thursday"": ""Open 24 hours"", ""Friday"": ""Open 24 hours"", ""Saturday"": ""Open 24 hours""}","Sunday,Open 24 hours|Monday,Open 24 hours|Tuesday,Open 24 hours|Wednesday,Open 24 hours|Thursday,Open 24 hours|Friday,Open 24 hours|Saturday,Open 24 hours",Sunday:Open 24 hours|Monday:Open 24 hours|Tuesday:Open 24 hours|Wednesday:Open 24 hours|Thursday:Open 24 hours|Friday:Open 24 hours|Saturday:Open 24 hours,,,OPERATIONAL,"{""Service options"": {""Onsite services"": true, ""Online estimates"": false}, ""Offerings"": {""Repair services"": true}, ""Payments"": {""Credit cards"": true}}",,,,https://lh6.googleusercontent.com/-qoBxpgkv8pE/AAAAAAAAAAI/AAAAAAAAAAA/bTThXc9nlNE/s44-p-k-no-ns-nd/photo.jpg,,,True,114437556213259882200,"Bienvenu Brothers Enterprises, Inc.",https://www.google.com/maps/contrib/114437556213259882200,,https://www.bienvenu.com/contact/,,https://www.bienvenu.com/contact/,"https://www.google.com/maps/place/Bienvenu+Brothers+Enterprises%2C+Inc./@29.990672999999997,-90.1369612,14z/data=!4m8!1m2!2m1!1sBienvenu+Brothers+Enterprises%2C+Inc.!3m4!1s0x8620afeec87cfd23:0x7bde89dd7a3c8fd2!8m2!3d29.990672999999997!4d-90.1369612","https://www.google.com/maps/place/Bienvenu+Brothers+Enterprises%2C+Inc./@29.990672999999997,-90.1369612,13.99z/data=!4m16!1m7!3m6!1s0x8620afeec87cfd23:0x7bde89dd7a3c8fd2!2sBienvenu+Brothers+Enterprises%2C+Inc.!8m2!3d29.990672999999997!4d-90.1369612!16s%2Fg%2F11ckvg1dmb!3m7!1s0x8620afeec87cfd23:0x7bde89dd7a3c8fd2!8m2!3d29.990672999999997!4d-90.1369612!9m1!1b1!16s%2Fg%2F11ckvg1dmb?entry=ttu",ChIJI_18yO6vIIYR0o88et2J3ns,0x8620afeec87cfd23:0x7bde89dd7a3c8fd2,8925723095826468818,/g/1thsrr6y,8925723095826468818,,info@bienvenu.com,RECEIVING,SMTP validated,Louis Bienvenu,Louis,Bienvenu,Owner,15048357783,louis@bienvenu.com,INVALID,Cannot validate,"Bienvenu, Louis","Bienvenu,",Louis,Marketing Analyst,15048357783,keith@bienvenu.com,RECEIVING,SMTP validated,Keith Bienvenu,Keith,Bienvenu,Treasurer,,5048357783,fixed line,"COMCAST PHONE OF LOUISIANA, LL",,15048357783,"COMCAST PHONE OF LOUISIANA, LL",fixed line,,15048357783,"COMCAST PHONE OF LOUISIANA, LL",fixed line,,https://www.facebook.com/pages/Bienvenu-Brothers-Plumbing/143992478963921,,http://www.linkedin.com/company/6363000,,,,,,,,https://twitter.com/bienvenubros,,https://www.youtube.com/channel/UCBCdrtegrWVzEGBRgXaKR3g/,,,"Metairie, LA Plumbing & HVAC Repair | Bienvenu Brothers",WordPress 5.6.9,"Bienvenu Brothers provides HVAC repair services for the Metairie, LA, area. Contact our plumbing, heating and cooling experts today for more info!",,False,False
"water damage restoration service, 70179, New Orleans, LA, US",D&G Carpet Cleaning,D And G Carpet Cleaning,http://dgcarpetclean.com/,"Water damage restoration service, Service establishment, Upholstery cleaning service, Carpet cleaning service",Carpet cleaning service,Water damage restoration service,+1 504-418-0950,mobile,"NEW CINGULAR WIRELESS PCS, LLC",,,,,,,,,,,30.0326605,-89.88256349999999,8944464a367ffff,America/Chicago,,True,4.9,555.0,https://search.google.com/local/reviews?placeid=ChIJb0ZCGdalIIYR1___PecvvdA&q=*&authuser=0&hl=en&gl=US,,,8.0,1.0,2.0,7.0,537.0,42.0,https://lh3.googleusercontent.com/p/AF1QipNYLkqOrlrlrJtNzrZq_Belz23IiYkrIVvgv5ng=w800-h500-k-no,https://lh3.googleusercontent.com/p/AF1QipNYLkqOrlrlrJtNzrZq_Belz23IiYkrIVvgv5ng=w1600-h1000-k-no,,"{""Sunday"": ""Closed"", ""Monday"": ""8AM-8PM"", ""Tuesday"": ""8AM-8PM"", ""Wednesday"": ""8AM-8PM"", ""Thursday"": ""8AM-8PM"", ""Friday"": ""8AM-8PM"", ""Saturday"": ""8AM-8PM""}","Sunday,|Monday,8AM,8PM|Tuesday,8AM,8PM|Wednesday,8AM,8PM|Thursday,8AM,8PM|Friday,8AM,8PM|Saturday,8AM,8PM",Sunday:Closed|Monday:8AM-8PM|Tuesday:8AM-8PM|Wednesday:8AM-8PM|Thursday:8AM-8PM|Friday:8AM-8PM|Saturday:8AM-8PM,,,OPERATIONAL,{},,,,https://lh3.googleusercontent.com/-uN6Datr-DoU/AAAAAAAAAAI/AAAAAAAAAAA/1c6IRpgxBLw/s44-p-k-no-ns-nd/photo.jpg,,,True,102127454593063571556,D&G Carpet Cleaning,https://www.google.com/maps/contrib/102127454593063571556,,,,,"https://www.google.com/maps/place/D%26G+Carpet+Cleaning/@30.0326605,-89.88256349999999,14z/data=!4m8!1m2!2m1!1sD%26G+Carpet+Cleaning!3m4!1s0x8620a5d61942466f:0xd0bd2fe73dffffd7!8m2!3d30.0326605!4d-89.88256349999999","https://www.google.com/maps/place/D%26G+Carpet+Cleaning/@30.0326605,-89.88256349999999,13.99z/data=!4m16!1m7!3m6!1s0x8620a5d61942466f:0xd0bd2fe73dffffd7!2sD%26G+Carpet+Cleaning!8m2!3d30.0326605!4d-89.88256349999999!16s%2Fg%2F11ckvg1dmb!3m7!1s0x8620a5d61942466f:0xd0bd2fe73dffffd7!8m2!3d30.0326605!4d-89.88256349999999!9m1!1b1!16s%2Fg%2F11ckvg1dmb?entry=ttu",ChIJb0ZCGdalIIYR1___PecvvdA,0x8620a5d61942466f:0xd0bd2fe73dffffd7,15041231000711462871,/g/12llw8w2f,-3405513072998088745,,nola@dgcarpetclean.com,RECEIVING,SMTP validated,Dan Doychev,Dan,Doychev,,,carpetcleaningdoychevgroup@gmail.com,RECEIVING,SMTP validated,,,,,,,,,,,,,,15044180950,mobile,"NEW CINGULAR WIRELESS PCS, LLC",,5044180950,"NEW CINGULAR WIRELESS PCS, LLC",mobile,,,,,,https://www.facebook.com/dgcarpetclean,https://www.instagram.com/dgcleaning01,https://www.linkedin.com/company/d,,,,,,,,https://twitter.com/DGcarpetclean,,https://www.youtube.com/channel/UCbK27Jj5rVHZOpf8FXLezeQ,,,Best Company for Carpet Cleaning-D&G Carpet Cleaning,WordPress 6.8.3,The best company for carpet cleaning in New Orleans. Our expert team provides quality services to ensure your carpets are clean and well-maintained. Choose us for unparalleled carpet care!,"Carpet Cleaning, New Orleans Carpet Cleaning, Carpet Cleaning New Orleans, Carpet Cleaners, Upholstery Cleaning New Orleans, Rug Cleaning New Orleans, Tile Cleaning, Tile and Grout Cleaning",False,True
"water damage restoration service, 70179, New Orleans, LA, US",Doug's Service Company,Dougs Service Company,https://calldougs.com/%3Futm_source%3Dgoogle-gbp%26utm_medium%3Dorganic%26utm_campaign%3D*446*dougs-la,"Air conditioning contractor, Electrician, Service establishment, Electric generator shop, Heating contractor, Home automation company, HVAC contractor, Plumber",Air conditioning contractor,Air conditioning contractor,+1 504-356-5111,fixed line,"BANDWIDTH.COM CLEC, LLC - LA",,,,,,,,,,,30.0326605,-89.88256349999999,8944464a367ffff,America/Chicago,,True,5.0,2.0,https://search.google.com/local/reviews?placeid=ChIJHekuZPavIIYRNEVkG_OfwRY&q=*&authuser=0&hl=en&gl=US,,,0.0,0.0,0.0,0.0,2.0,222.0,https://lh3.googleusercontent.com/p/AF1QipNv0yqWCp2xlu-u8QLysr6BATFo17SHxS20xIjK=w800-h500-k-no,https://lh3.googleusercontent.com/p/AF1QipNv0yqWCp2xlu-u8QLysr6BATFo17SHxS20xIjK=w1600-h1000-k-no,,"{""Sunday"": ""Open 24 hours"", ""Monday"": ""Open 24 hours"", ""Tuesday"": ""Open 24 hours"", ""Wednesday"": ""Open 24 hours"", ""Thursday"": ""Open 24 hours"", ""Friday"": ""Open 24 hours"", ""Saturday"": ""Open 24 hours""}","Sunday,Open 24 hours|Monday,Open 24 hours|Tuesday,Open 24 hours|Wednesday,Open 24 hours|Thursday,Open 24 hours|Friday,Open 24 hours|Saturday,Open 24 hours",Sunday:Open 24 hours|Monday:Open 24 hours|Tuesday:Open 24 hours|Wednesday:Open 24 hours|Thursday:Open 24 hours|Friday:Open 24 hours|Saturday:Open 24 hours,,,OPERATIONAL,"{""From the business"": {""Identifies as women-owned"": true}, ""Offerings"": {""Repair services"": true}, ""Other"": {""Identifies as women-owned"": true}}",,,,https://lh3.googleusercontent.com/-2L_LT2CWxLw/AAAAAAAAAAI/AAAAAAAAAAA/uJvoL3rRWD8/s44-p-k-no-ns-nd/photo.jpg,,,True,108394836233456497687,Doug's Service Company,https://www.google.com/maps/contrib/108394836233456497687,,https://www.calldougs.com/contact-us/,,https://www.calldougs.com/contact-us/,"https://www.google.com/maps/place/Doug%27s+Service+Company/@30.0326605,-89.88256349999999,14z/data=!4m8!1m2!2m1!1sDoug%27s+Service+Company!3m4!1s0x8620aff6642ee91d:0x16c19ff31b644534!8m2!3d30.0326605!4d-89.88256349999999","https://www.google.com/maps/place/Doug%27s+Service+Company/@30.0326605,-89.88256349999999,13.99z/data=!4m16!1m7!3m6!1s0x8620aff6642ee91d:0x16c19ff31b644534!2sDoug%27s+Service+Company!8m2!3d30.0326605!4d-89.88256349999999!16s%2Fg%2F11ckvg1dmb!3m7!1s0x8620aff6642ee91d:0x16c19ff31b644534!8m2!3d30.0326605!4d-89.88256349999999!9m1!1b1!16s%2Fg%2F11ckvg1dmb?entry=ttu",ChIJHekuZPavIIYRNEVkG_OfwRY,0x8620aff6642ee91d:0x16c19ff31b644534,1639767605824996660,/g/11g0tps3np,1639767605824996660,,jt@calldougs.com,RECEIVING,SMTP validated,Jeff Tauzin,Jeff,Tauzin,Vice President/General Manager,19857461116,matthew@calldougs.com,INVALID,Undeliverable,Matthew Etchie,Matthew,Etchie,,19852109283,douglaskilfoil@gmail.com,RECEIVING,Verified,Doug Kilfoil,Doug,Kilfoil,Independent Business Owner,,9857461116,fixed line,"BANDWIDTH.COM CLEC, LLC - LA",,19854413456,,landline,,19857461116,"BANDWIDTH.COM CLEC, LLC - LA",fixed line,,https://www.facebook.com/pages/Dougs/110332179000702,https://www.instagram.com/dougsservicecompany,https://www.linkedin.com/company/doug's-refrigeration,,,,,,,,https://twitter.com/Dougs1459,,,,,"Plumber, Electrician, AC & Refrigeration | Houma & Thibodaux",WordPress 6.1.1,"Call Doug’s for AC, plumbing, electrical, refrigeration or generators in Houma and Thibodaux, LA. We've been providing great service since 1988.",,True,False
"water damage restoration service, 70179, New Orleans, LA, US",R.E.F. General Labor Services,R E F General Labor Services,,"Water damage restoration service, Carpenter, Dry wall contractor, Electrical installation service, Service establishment, Fence contractor, Painter, Plumber, Tree service, Handyman/Handywoman/Handyperson",Handyman/Handywoman/Handyperson,Water damage restoration service,+1 504-913-2102,mobile,CELLCO PARTNERSHIP DBA VERIZON WIRELESS - LA,,,,,,,,,,,29.946623,-90.235751,89444656e7bffff,America/Chicago,,True,,,,,,,,,,,14.0,https://lh3.googleusercontent.com/p/AF1QipNRwjEWYq_nFxl3BHMX_1akFsVFhw-uosbFHk5c=w800-h500-k-no,https://lh3.googleusercontent.com/p/AF1QipNRwjEWYq_nFxl3BHMX_1akFsVFhw-uosbFHk5c=w1600-h1000-k-no,,"{""Sunday"": ""Closed"", ""Monday"": ""7AM-8PM"", ""Tuesday"": ""7AM-8PM"", ""Wednesday"": ""7AM-8PM"", ""Thursday"": ""7AM-8PM"", ""Friday"": ""8AM-8PM"", ""Saturday"": ""8AM-2PM""}","Sunday,|Monday,7AM,8PM|Tuesday,7AM,8PM|Wednesday,7AM,8PM|Thursday,7AM,8PM|Friday,8AM,8PM|Saturday,8AM,2PM",Sunday:Closed|Monday:7AM-8PM|Tuesday:7AM-8PM|Wednesday:7AM-8PM|Thursday:7AM-8PM|Friday:8AM-8PM|Saturday:8AM-2PM,,,OPERATIONAL,{},,,,https://lh4.googleusercontent.com/-fuera_T4vKI/AAAAAAAAAAI/AAAAAAAAAAA/VPjlbuoCl40/s44-p-k-no-ns-nd/photo.jpg,,,True,103255035748984671851,R.E.F. General Labor Services,https://www.google.com/maps/contrib/103255035748984671851,,,,,"https://www.google.com/maps/place/R.E.F.+General+Labor+Services/@29.946623,-90.235751,14z/data=!4m8!1m2!2m1!1sR.E.F.+General+Labor+Services!3m4!1s0x8620b1be9208ecd3:0xd3773368b3728615!8m2!3d29.946623!4d-90.235751","https://www.google.com/maps/place/R.E.F.+General+Labor+Services/@29.946623,-90.235751,13.99z/data=!4m16!1m7!3m6!1s0x8620b1be9208ecd3:0xd3773368b3728615!2sR.E.F.+General+Labor+Services!8m2!3d29.946623!4d-90.235751!16s%2Fg%2F11ckvg1dmb!3m7!1s0x8620b1be9208ecd3:0xd3773368b3728615!8m2!3d29.946623!4d-90.235751!9m1!1b1!16s%2Fg%2F11ckvg1dmb?entry=ttu",ChIJ0-wIkr6xIIYRFYZys2gzd9M,0x8620b1be9208ecd3:0xd3773368b3728615,15237704389011605013,/g/11f610xlw9,None,,,,,,,,,,,,,,,,,,,,,,,,,,,,,,,,,,,,,,,,,,,,,,,,,,,,,,,,,,
"water damage restoration service, 70179, New Orleans, LA, US",Elyod Construction,Elyod Construction,https://www.elyodconstruction.com/,"Construction company, Contractor, Custom home builder, General contractor, Home builder, Interior construction contractor, Remodeler, Roofing contractor",Construction company,Construction company,+1 504-608-0533,landline,,,"1102 Music St, New Orleans, LA 70117",St. Roch,1102 Music St,New Orleans,70117,Louisiana,Louisiana,United States of America,US,29.9692956,-90.0511659,894446423c7ffff,America/Chicago,,False,4.6,29.0,https://search.google.com/local/reviews?placeid=ChIJE-EWEIenIIYR73PjPwN9118&q=*&authuser=0&hl=en&gl=US,,,3.0,0.0,0.0,1.0,25.0,40.0,https://lh3.googleusercontent.com/p/AF1QipMPc_oqTIefSgTyiCVLLf_NhNidFdWDh8MhjG5n=w800-h500-k-no,https://lh3.googleusercontent.com/p/AF1QipMPc_oqTIefSgTyiCVLLf_NhNidFdWDh8MhjG5n=w1600-h1000-k-no,,"{""Sunday"": ""Closed"", ""Monday"": ""7AM-7PM"", ""Tuesday"": ""7AM-7PM"", ""Wednesday"": ""7AM-7PM"", ""Thursday"": ""7AM-7PM"", ""Friday"": ""7AM-7PM"", ""Saturday"": ""7AM-7PM""}","Sunday,|Monday,7AM,7PM|Tuesday,7AM,7PM|Wednesday,7AM,7PM|Thursday,7AM,7PM|Friday,7AM,7PM|Saturday,7AM,7PM",Sunday:Closed|Monday:7AM-7PM|Tuesday:7AM-7PM|Wednesday:7AM-7PM|Thursday:7AM-7PM|Friday:7AM-7PM|Saturday:7AM-7PM,,,OPERATIONAL,"{""Service options"": {""Online estimates"": true, ""Language assistance"": ""Spanish""}}",,,,https://lh4.googleusercontent.com/-EIZw2avCnI4/AAAAAAAAAAI/AAAAAAAAAAA/88E83qFHvU8/s44-p-k-no-ns-nd/photo.jpg,,,True,113787829791895374580,Elyod Construction,https://www.google.com/maps/contrib/113787829791895374580,,https://www.elyodconstruction.com/contact,,https://www.elyodconstruction.com/contact,"https://www.google.com/maps/place/Elyod+Construction/@29.9692956,-90.0511659,14z/data=!4m8!1m2!2m1!1sElyod+Construction!3m4!1s0x8620a7871016e113:0x5fd77d033fe373ef!8m2!3d29.9692956!4d-90.0511659","https://www.google.com/maps/place/Elyod+Construction/@29.9692956,-90.0511659,13.99z/data=!4m16!1m7!3m6!1s0x8620a7871016e113:0x5fd77d033fe373ef!2sElyod+Construction!8m2!3d29.9692956!4d-90.0511659!16s%2Fg%2F11ckvg1dmb!3m7!1s0x8620a7871016e113:0x5fd77d033fe373ef!8m2!3d29.9692956!4d-90.0511659!9m1!1b1!16s%2Fg%2F11ckvg1dmb?entry=ttu",ChIJE-EWEIenIIYR73PjPwN9118,0x8620a7871016e113:0x5fd77d033fe373ef,6906126006506189807,/g/11sffbfnff,6906126006506189807,,jason@elyodconstruction.com,RECEIVING,SMTP validated,,,,,,jason@elyodconstruction.com,RECEIVING,SMTP validated,,,,,,jason@elyodconstruction.com,RECEIVING,SMTP validated,,,,,,5043908946,mobile,"NEW CINGULAR WIRELESS PCS, LLC - GA",,15043908946,"NEW CINGULAR WIRELESS PCS, LLC - GA",mobile,,5043908946,"NEW CINGULAR WIRELESS PCS, LLC - GA",mobile,,https://www.facebook.com/100982095845763,,,,,,,,,,,,,,,ElyodConstruction,,,,,
"water damage restoration service, 70179, New Orleans, LA, US",Battco Construction & Maintenance,Battco Construction And Maintenance,http://www.battcoconstruction.com/,"Water damage restoration service, Construction company, Demolition contractor, Fire damage restoration service, General contractor",General contractor,Water damage restoration service,+1 504-465-9411,landline,,,"21 29th St, Kenner, LA 70062",None,21 29th St,Kenner,70062,Louisiana,Louisiana,United States of America,US,30.0060754,-90.2734165,8944460b29bffff,America/Chicago,,False,5.0,3.0,https://search.google.com/local/reviews?placeid=ChIJxaKrULq3IIYR4PMTTsbQ0RM&q=*&authuser=0&hl=en&gl=US,,,0.0,0.0,0.0,0.0,3.0,4.0,https://lh3.googleusercontent.com/p/AF1QipNbibAd9lN26k7z0VL-3duvMqMi1Btk3XcDkT3w=w800-h500-k-no,https://lh3.googleusercontent.com/p/AF1QipNbibAd9lN26k7z0VL-3duvMqMi1Btk3XcDkT3w=w1600-h1000-k-no,,"{""Sunday"": ""Closed"", ""Monday"": ""8AM-4:30PM"", ""Tuesday"": ""8AM-4:30PM"", ""Wednesday"": ""8AM-4:30PM"", ""Thursday"": ""8AM-4:30PM"", ""Friday"": ""8AM-3PM"", ""Saturday"": ""Closed""}","Sunday,|Monday,8AM,4:30PM|Tuesday,8AM,4:30PM|Wednesday,8AM,4:30PM|Thursday,8AM,4:30PM|Friday,8AM,3PM|Saturday,",Sunday:Closed|Monday:8AM-4:30PM|Tuesday:8AM-4:30PM|Wednesday:8AM-4:30PM|Thursday:8AM-4:30PM|Friday:8AM-3PM|Saturday:Closed,,,OPERATIONAL,"{""Accessibility"": {""Wheelchair accessible entrance"": true, ""Wheelchair accessible parking lot"": true}}",,,,https://lh6.googleusercontent.com/-P67MbVkcnc4/AAAAAAAAAAI/AAAAAAAAAAA/u83x7DXMuNc/s44-p-k-no-ns-nd/photo.jpg,,,True,100266703827826080578,Battco Construction & Maintenance,https://www.google.com/maps/contrib/100266703827826080578,,,,,"https://www.google.com/maps/place/Battco+Construction+%26+Maintenance/@30.0060754,-90.2734165,14z/data=!4m8!1m2!2m1!1sBattco+Construction+%26+Maintenance!3m4!1s0x8620b7ba50aba2c5:0x13d1d0c64e13f3e0!8m2!3d30.0060754!4d-90.2734165","https://www.google.com/maps/place/Battco+Construction+%26+Maintenance/@30.0060754,-90.2734165,13.99z/data=!4m16!1m7!3m6!1s0x8620b7ba50aba2c5:0x13d1d0c64e13f3e0!2sBattco+Construction+%26+Maintenance!8m2!3d30.0060754!4d-90.2734165!16s%2Fg%2F11ckvg1dmb!3m7!1s0x8620b7ba50aba2c5:0x13d1d0c64e13f3e0!8m2!3d30.0060754!4d-90.2734165!9m1!1b1!16s%2Fg%2F11ckvg1dmb?entry=ttu",ChIJxaKrULq3IIYR4PMTTsbQ0RM,0x8620b7ba50aba2c5:0x13d1d0c64e13f3e0,1428152106985190368,/g/1tdvq2r9,1428152106985190368,,joey@battcoconstruction.com,INVALID,Cannot validate,Joey Battaglia,Joey,Battaglia,President,,info@battcoconstruction.com,INVALID,Invalid SMTP,Mike Battaglia,Mike,Battaglia,,15044659411,j.battaglia@battcoconstruction.com,INVALID,Invalid SMTP,Joe Battaglia,Joe,Battaglia,,,15044659411,landline,,,,,,,,,,,,,http://www.linkedin.com/company/3157324,,,,,,,,,,,,,Battco | Construction and Maintenance New Orleans Louisiana,Divi v.3.29.3,,,,
"water damage restoration service, 70179, New Orleans, LA, US",Prizm Construction,Prizm Construction,https://www.prizmnola.com/,"Remodeler, Construction company",Remodeler,Remodeler,+1 504-308-1055,fixed line,"BANDWIDTH.COM CLEC, LLC - LA",,"3118 Burgundy St, New Orleans, LA 70117",Bywater,3118 Burgundy St,New Orleans,70117,Louisiana,Louisiana,United States of America,US,29.9652268,-90.04447669999999,894446423dbffff,America/Chicago,,False,4.9,59.0,https://search.google.com/local/reviews?placeid=ChIJw5TbGE6nIIYRj7-yZrRSc0A&q=*&authuser=0&hl=en&gl=US,,,2.0,0.0,0.0,0.0,57.0,71.0,https://lh3.googleusercontent.com/p/AF1QipOy1Qhm92byxk0lvzEoCHwb6ix3T4DNjf4UNpVJ=w800-h500-k-no,https://lh3.googleusercontent.com/p/AF1QipOy1Qhm92byxk0lvzEoCHwb6ix3T4DNjf4UNpVJ=w1600-h1000-k-no,,"{""Sunday"": ""Closed"", ""Monday"": ""9AM-5PM"", ""Tuesday"": ""9AM-5PM"", ""Wednesday"": ""9AM-5PM"", ""Thursday"": ""9AM-5PM"", ""Friday"": ""9AM-5PM"", ""Saturday"": ""Closed""}","Sunday,|Monday,9AM,5PM|Tuesday,9AM,5PM|Wednesday,9AM,5PM|Thursday,9AM,5PM|Friday,9AM,5PM|Saturday,",Sunday:Closed|Monday:9AM-5PM|Tuesday:9AM-5PM|Wednesday:9AM-5PM|Thursday:9AM-5PM|Friday:9AM-5PM|Saturday:Closed,,,OPERATIONAL,{},,,,https://lh3.googleusercontent.com/-ZoOHi7gdq4Y/AAAAAAAAAAI/AAAAAAAAAAA/ebwrwP_6ofA/s44-p-k-no-ns-nd/photo.jpg,,,True,113460254221127351522,Prizm Construction,https://www.google.com/maps/contrib/113460254221127351522,,,,,"https://www.google.com/maps/place/Prizm+Construction/@29.9652268,-90.04447669999999,14z/data=!4m8!1m2!2m1!1sPrizm+Construction!3m4!1s0x8620a74e18db94c3:0x407352b466b2bf8f!8m2!3d29.9652268!4d-90.04447669999999","https://www.google.com/maps/place/Prizm+Construction/@29.9652268,-90.04447669999999,13.99z/data=!4m16!1m7!3m6!1s0x8620a74e18db94c3:0x407352b466b2bf8f!2sPrizm+Construction!8m2!3d29.9652268!4d-90.04447669999999!16s%2Fg%2F11ckvg1dmb!3m7!1s0x8620a74e18db94c3:0x407352b466b2bf8f!8m2!3d29.9652268!4d-90.04447669999999!9m1!1b1!16s%2Fg%2F11ckvg1dmb?entry=ttu",ChIJw5TbGE6nIIYRj7-yZrRSc0A,0x8620a74e18db94c3:0x407352b466b2bf8f,4644146575519694735,/g/11flbg46hq,4644146575519694735,,info@mysite.com,RECEIVING,Confirmed,,,,,,prizmnola@gmail.com,RECEIVING,Verified,,,,,,builybythao@gmail.com,INVALID,Undeliverable,,,,,,,,,,,,,,,,,,,,,,,,,,,,,,,,,About | Prizm Construction,Wix.com Website Builder,"Prizm Construction is a local, licensed, and insured company providing home improvements services specializing in kitchen and bathroom renovation.","Business, tagline",False,False
"water damage restoration service, 70179, New Orleans, LA, US",New Orleans Handyman,New Orleans Handyman,https://www.nohandyman.com/,"Handyman/Handywoman/Handyperson, Carpenter, Construction company, Debris removal service, Demolition contractor, Fence contractor, Gutter cleaning service, Landscape designer, Plumber, Pressure washing service",Handyman/Handywoman/Handyperson,Handyman/Handywoman/Handyperson,+1 504-358-0399,mobile,T-Mobile USA Inc.,,"141 Allen Toussaint Blvd #1166, New Orleans, LA 70124",Lake Shore - Lake Vista,141 Allen Toussaint Blvd #1166,New Orleans,70124,Louisiana,Louisiana,United States of America,US,30.020260999999998,-90.1113956,89444642903ffff,America/Chicago,,False,4.9,72.0,https://search.google.com/local/reviews?placeid=ChIJ5-r5B-ewIIYRY6LEeu_-ZI0&q=*&authuser=0&hl=en&gl=US,,,2.0,0.0,1.0,0.0,69.0,278.0,https://lh3.googleusercontent.com/p/AF1QipPZvF6rN5vMbHykVsPU2ESYtyeT2MCagH7z2NXl=w800-h500-k-no,https://lh3.googleusercontent.com/p/AF1QipPZvF6rN5vMbHykVsPU2ESYtyeT2MCagH7z2NXl=w1600-h1000-k-no,,"{""Sunday"": ""Closed"", ""Monday"": ""8AM-5PM"", ""Tuesday"": ""8AM-5PM"", ""Wednesday"": ""8AM-5PM"", ""Thursday"": ""8AM-5PM"", ""Friday"": ""8AM-5PM"", ""Saturday"": ""Closed""}","Sunday,|Monday,8AM,5PM|Tuesday,8AM,5PM|Wednesday,8AM,5PM|Thursday,8AM,5PM|Friday,8AM,5PM|Saturday,",Sunday:Closed|Monday:8AM-5PM|Tuesday:8AM-5PM|Wednesday:8AM-5PM|Thursday:8AM-5PM|Friday:8AM-5PM|Saturday:Closed,,,OPERATIONAL,"{""Service options"": {""Onsite services"": true, ""Language assistance"": ""English""}}",,,,https://lh3.googleusercontent.com/-m_7GX4GgoJ0/AAAAAAAAAAI/AAAAAAAAAAA/XnetR0nJRdY/s44-p-k-no-ns-nd/photo.jpg,,,True,105222161554728596844,New Orleans Handyman,https://www.google.com/maps/contrib/105222161554728596844,,https://www.nohandyman.com/contact/,,https://www.nohandyman.com/contact/,"https://www.google.com/maps/place/New+Orleans+Handyman/@30.020260999999998,-90.1113956,14z/data=!4m8!1m2!2m1!1sNew+Orleans+Handyman!3m4!1s0x8620b0e707f9eae7:0x8d64feef7ac4a263!8m2!3d30.020260999999998!4d-90.1113956","https://www.google.com/maps/place/New+Orleans+Handyman/@30.020260999999998,-90.1113956,13.99z/data=!4m16!1m7!3m6!1s0x8620b0e707f9eae7:0x8d64feef7ac4a263!2sNew+Orleans+Handyman!8m2!3d30.020260999999998!4d-90.1113956!16s%2Fg%2F11ckvg1dmb!3m7!1s0x8620b0e707f9eae7:0x8d64feef7ac4a263!8m2!3d30.020260999999998!4d-90.1113956!9m1!1b1!16s%2Fg%2F11ckvg1dmb?entry=ttu",ChIJ5-r5B-ewIIYRY6LEeu_-ZI0,0x8620b0e707f9eae7:0x8d64feef7ac4a263,10188548561529250403,/g/12hq94q_0,-8258195512180301213,,nohandyman1@gmail.com,RECEIVING,SMTP validated,,,,,,,,,,,,,,,,,,,,,,5043580399,mobile,T-Mobile USA Inc.,,,,,,,,,,https://www.facebook.com/neworleanshandyman,,,,,,,,,,,,,,,About New Orleans Handyman - Home Maintenance Company,WordPress 6.8.3,We are a team of experienced and reliable handyman serving in the New Orleans metro since 2014. Click here to know more about our work or services.,,False,True
"water damage restoration service, 70179, New Orleans, LA, US",CASTILLO BUILDERS,Castillo Builders,http://castilobuilders.com/,"Water damage restoration service, Bathroom remodeler, Building consultant, Building restoration service, Custom home builder, Foundation, Home builder, Kitchen remodeler, Roofing contractor, Construction company",Construction company,Water damage restoration service,+1 504-298-0415,fixed line,"ONVOY, LLC - LA",,"609 Metairie Rd, Metairie, LA 70005",None,609 Metairie Rd,Metairie,70005,Louisiana,Louisiana,United States of America,US,29.9874151,-90.1299793,89444655327ffff,America/Chicago,,False,4.7,65.0,https://search.google.com/local/reviews?placeid=ChIJIeYdxJKvIIYR8kv_bzq8E00&q=*&authuser=0&hl=en&gl=US,,,4.0,0.0,1.0,1.0,59.0,45.0,https://lh3.googleusercontent.com/p/AF1QipPQ4t8mLrlzqEEwlhZKvy__j3SPHaqo2qOa3gv0=w800-h500-k-no,https://lh3.googleusercontent.com/p/AF1QipPQ4t8mLrlzqEEwlhZKvy__j3SPHaqo2qOa3gv0=w1600-h1000-k-no,,"{""Sunday"": ""Closed"", ""Monday"": ""8AM-6PM"", ""Tuesday"": ""8AM-6PM"", ""Wednesday"": ""8AM-6PM"", ""Thursday"": ""8AM-6PM"", ""Friday"": ""8AM-6PM"", ""Saturday"": ""8AM-6PM""}","Sunday,|Monday,8AM,6PM|Tuesday,8AM,6PM|Wednesday,8AM,6PM|Thursday,8AM,6PM|Friday,8AM,6PM|Saturday,8AM,6PM",Sunday:Closed|Monday:8AM-6PM|Tuesday:8AM-6PM|Wednesday:8AM-6PM|Thursday:8AM-6PM|Friday:8AM-6PM|Saturday:8AM-6PM,,,OPERATIONAL,"{""From the business"": {""Identifies as Latino-owned"": true, ""Identifies as women-owned"": true}, ""Service options"": {""Online estimates"": true, ""Onsite services"": true}, ""Accessibility"": {""Wheelchair accessible entrance"": true, ""Wheelchair accessible parking lot"": true, ""Wheelchair accessible restroom"": true, ""Wheelchair accessible seating"": true}, ""Parking"": {""Free parking lot"": true, ""Free street parking"": true, ""On-site parking"": true}, ""Other"": {""Identifies as women-owned"": true, ""Identifies as Latino-owned"": true}}",,,,https://lh5.googleusercontent.com/--AxA7feq0-4/AAAAAAAAAAI/AAAAAAAAAAA/KXt_z8qwUVI/s44-p-k-no-ns-nd/photo.jpg,,,True,117750477616861529854,CASTILLO BUILDERS,https://www.google.com/maps/contrib/117750477616861529854,,,,,"https://www.google.com/maps/place/CASTILLO+BUILDERS/@29.9874151,-90.1299793,14z/data=!4m8!1m2!2m1!1sCASTILLO+BUILDERS!3m4!1s0x8620af92c41de621:0x4d13bc3a6fff4bf2!8m2!3d29.9874151!4d-90.1299793","https://www.google.com/maps/place/CASTILLO+BUILDERS/@29.9874151,-90.1299793,13.99z/data=!4m16!1m7!3m6!1s0x8620af92c41de621:0x4d13bc3a6fff4bf2!2sCASTILLO+BUILDERS!8m2!3d29.9874151!4d-90.1299793!16s%2Fg%2F11ckvg1dmb!3m7!1s0x8620af92c41de621:0x4d13bc3a6fff4bf2!8m2!3d29.9874151!4d-90.1299793!9m1!1b1!16s%2Fg%2F11ckvg1dmb?entry=ttu",ChIJIeYdxJKvIIYR8kv_bzq8E00,0x8620af92c41de621:0x4d13bc3a6fff4bf2,5553989724651080690,/g/11g6rl1crl,5553989724651080690,,castillobuilder@gmail.com,RECEIVING,SMTP validated,,,,,,,,,,,,,,,,,,,,,,5042980415,fixed line,"ONVOY, LLC - LA",,,,,,,,,,,,,,,,,,,,,,,,,Commanders Palace,Wix.com Website Builder,Contact Castillo Builders for all your building needs in New Orleans and the Southern US. We're here to bring your projects to life.,"new orleans, roofing, home elevations, foundation repair, construction, remodeling, Kitchen remodel, bathroom remodel, shoring, leveling",False,False
"water damage restoration service, 70179, New Orleans, LA, US",Happy Homes Improvements,Happy Homes Improvements,https://happyhomereno.com/,"Water damage restoration service, Bathroom remodeler, Concrete contractor, Flooring contractor, Kitchen remodeler, Landscaper, Painter, Roofing contractor, Siding contractor, Remodeler",Remodeler,Water damage restoration service,+1 504-224-3408,mobile,CELLCO PARTNERSHIP DBA VERIZON WIRELESS - LA,,"828 Transcontinental Dr, Metairie, LA 70001",None,828 Transcontinental Dr,Metairie,70001,Louisiana,Louisiana,United States of America,US,29.983067,-90.18892249999999,8944465433bffff,America/Chicago,,False,5.0,2.0,https://search.google.com/local/reviews?placeid=ChIJEdkuZ3C4QgIRYnK4BRjd-ws&q=*&authuser=0&hl=en&gl=US,,,0.0,0.0,0.0,0.0,2.0,9.0,https://lh3.googleusercontent.com/p/AF1QipPeMyV0nK4M4ZgKjVAiuqfCuLhrBL7b1TEPRwFB=w800-h500-k-no,https://lh3.googleusercontent.com/p/AF1QipPeMyV0nK4M4ZgKjVAiuqfCuLhrBL7b1TEPRwFB=w1600-h1000-k-no,,"{""Sunday"": ""8AM-8PM"", ""Monday"": ""8AM-8PM"", ""Tuesday"": ""8AM-8PM"", ""Wednesday"": ""8AM-8PM"", ""Thursday"": ""8AM-8PM"", ""Friday"": ""8AM-8PM"", ""Saturday"": ""8AM-8PM""}","Sunday,8AM,8PM|Monday,8AM,8PM|Tuesday,8AM,8PM|Wednesday,8AM,8PM|Thursday,8AM,8PM|Friday,8AM,8PM|Saturday,8AM,8PM",Sunday:8AM-8PM|Monday:8AM-8PM|Tuesday:8AM-8PM|Wednesday:8AM-8PM|Thursday:8AM-8PM|Friday:8AM-8PM|Saturday:8AM-8PM,,,OPERATIONAL,"{""Accessibility"": {""Wheelchair accessible entrance"": true, ""Wheelchair accessible parking lot"": true}, ""Parking"": {""On-site parking"": true}}",,,,https://lh3.googleusercontent.com/-JlKHt5NwYhg/AAAAAAAAAAI/AAAAAAAAAAA/OiwQVdEUXmw/s44-p-k-no-ns-nd/photo.jpg,,,True,100695313040338207671,Happy Homes Improvements,https://www.google.com/maps/contrib/100695313040338207671,,,,,"https://www.google.com/maps/place/Happy+Homes+Improvements/@29.983067,-90.18892249999999,14z/data=!4m8!1m2!2m1!1sHappy+Homes+Improvements!3m4!1s0x242b870672ed911:0xbfbdd1805b87262!8m2!3d29.983067!4d-90.18892249999999","https://www.google.com/maps/place/Happy+Homes+Improvements/@29.983067,-90.18892249999999,13.99z/data=!4m16!1m7!3m6!1s0x242b870672ed911:0xbfbdd1805b87262!2sHappy+Homes+Improvements!8m2!3d29.983067!4d-90.18892249999999!16s%2Fg%2F11ckvg1dmb!3m7!1s0x242b870672ed911:0xbfbdd1805b87262!8m2!3d29.983067!4d-90.18892249999999!9m1!1b1!16s%2Fg%2F11ckvg1dmb?entry=ttu",ChIJEdkuZ3C4QgIRYnK4BRjd-ws,0x242b870672ed911:0xbfbdd1805b87262,863526848816509538,/g/11y3v6l7ky,863526848816509538,,,,,,,,,,,,,,,,,,,,,,,,,,5042243408,mobile,CELLCO PARTNERSHIP DBA VERIZON WIRELESS - LA,,,,,,,,,,,,,,,,,,,,,,,,,Local New Orleans Home Remodeling Experts | Happy Home Improvements,Site Kit by Google 1.166.0,Looking for a locally trusted home remodeling company? Contact Happy Home Improvements today for a free in home consultation. Call us today!,,False,False
"water damage restoration service, 70179, New Orleans, LA, US",Stanley Steemer,Stanley Steemer,https://www.stanleysteemer.com/locations/LA/New-Orleans/454,"Water damage restoration service, Air duct cleaning service, Upholstery cleaning service, Carpet cleaning service",Carpet cleaning service,Water damage restoration service,+1 504-468-8290,fixed line,"COMCAST PHONE OF LOUISIANA, LL",,"2612 Lexington Ave, Kenner, LA 70062",None,2612 Lexington Ave,Kenner,70062,Louisiana,Louisiana,United States of America,US,30.0033073,-90.2506312,89444654d0fffff,America/Chicago,,False,4.8,1946.0,https://search.google.com/local/reviews?placeid=ChIJQWYrlhG3IIYR8-8uQJemVFI&q=*&authuser=0&hl=en&gl=US,,,43.0,16.0,19.0,36.0,1832.0,119.0,https://lh3.googleusercontent.com/gps-cs-s/AG0ilSxvxic_2lxsNCa2e63_T9LJSbSyXIwW_Wj3sLkXV-tgHKj6H499C1F53T37tFJkRgedrQjVpC3d3Yh6T1kTYWn00gluzCZIJUZ64DENd0t8udcgoqV0aeX8cL5bwPjKuRVpaAW60A=w800-h500-k-no,https://lh3.googleusercontent.com/gps-cs-s/AG0ilSxvxic_2lxsNCa2e63_T9LJSbSyXIwW_Wj3sLkXV-tgHKj6H499C1F53T37tFJkRgedrQjVpC3d3Yh6T1kTYWn00gluzCZIJUZ64DENd0t8udcgoqV0aeX8cL5bwPjKuRVpaAW60A=w1600-h1000-k-no,,"{""Sunday"": ""Closed"", ""Monday"": ""8AM-5PM"", ""Tuesday"": ""8AM-5PM"", ""Wednesday"": ""8AM-5PM"", ""Thursday"": ""8AM-5PM"", ""Friday"": ""8AM-5PM"", ""Saturday"": ""Closed""}","Sunday,|Monday,8AM,5PM|Tuesday,8AM,5PM|Wednesday,8AM,5PM|Thursday,8AM,5PM|Friday,8AM,5PM|Saturday,",Sunday:Closed|Monday:8AM-5PM|Tuesday:8AM-5PM|Wednesday:8AM-5PM|Thursday:8AM-5PM|Friday:8AM-5PM|Saturday:Closed,,,OPERATIONAL,"{""Service options"": {""Online estimates"": true, ""Onsite services"": true}, ""Accessibility"": {""Wheelchair accessible parking lot"": true}}",,,,https://lh5.googleusercontent.com/-6zL1YqOSG34/AAAAAAAAAAI/AAAAAAAAAAA/_d0vsPW2Kt8/s44-p-k-no-ns-nd/photo.jpg,,,True,106060377814944514280,Stanley Steemer,https://www.google.com/maps/contrib/106060377814944514280,,https://www.stanleysteemer.com/cleaning-quote-pricing?utm_source=google&utm_medium=organic&utm_campaign=gmb_appt,,https://www.stanleysteemer.com/cleaning-quote-pricing?utm_source=google&utm_medium=organic&utm_campaign=gmb_appt,"https://www.google.com/maps/place/Stanley+Steemer/@30.0033073,-90.2506312,14z/data=!4m8!1m2!2m1!1sStanley+Steemer!3m4!1s0x8620b711962b6641:0x5254a697402eeff3!8m2!3d30.0033073!4d-90.2506312","https://www.google.com/maps/place/Stanley+Steemer/@30.0033073,-90.2506312,13.99z/data=!4m16!1m7!3m6!1s0x8620b711962b6641:0x5254a697402eeff3!2sStanley+Steemer!8m2!3d30.0033073!4d-90.2506312!16s%2Fg%2F11ckvg1dmb!3m7!1s0x8620b711962b6641:0x5254a697402eeff3!8m2!3d30.0033073!4d-90.2506312!9m1!1b1!16s%2Fg%2F11ckvg1dmb?entry=ttu",ChIJQWYrlhG3IIYR8-8uQJemVFI,0x8620b711962b6641:0x5254a697402eeff3,5932549777700876275,/g/1tczkvgz,5932549777700876275,,steven.thompson@steemer.com,UNKNOWN,Cannot validate,Steven Thompson,Steven,Thompson,President,18007777777,leeanne.walters@steemer.com,UNKNOWN,Cannot validate,Leeanne Walters,Leeanne,Walters,Executive Assistant,18582719988,sylvia.cortez@steemer.com,UNKNOWN,Cannot validate,Sylvia Cortez,Sylvia,Cortez,Human Resources Manager,18582719988,18007833637,unknown,,,13372355700,,landline,,19048298214,"COMCAST PHONE OF FLORIDA, LLC ",fixed line,,http://www.facebook.com/stanleysteemer,https://www.instagram.com/stanleysteemerofficial,http://www.linkedin.com/company/stanley-steemer,,,,,,,,http://www.twitter.com/stanleysteemer,,https://www.youtube.com/user/stanleysteemer,,,Home & Business Professional Floor Cleaning Services | Stanley Steemer,,"Stanley Steemer provides the best floor cleaning services like carpet cleaning, hardwood floor cleaning, tile and grout cleaning, area rug cleaning and more. We also clean air ducts. Find a Stanley Steemer near you and schedule an appointment online today.",,False,True
"water damage restoration service, 70179, New Orleans, LA, US","Boh Bros Construction Co., L.L.C.",Boh Bros Construction Co L L C,https://bohbros.com/,"Construction company, Asphalt contractor, General contractor, Paving contractor, Pile driving service, Road construction company, Utility contractor",Construction company,Construction company,+1 800-284-3377,toll_free,,,"730 S Tonti St, New Orleans, LA 70119",Tulane - Gravier,730 S Tonti St,New Orleans,70119,Louisiana,Louisiana,United States of America,US,29.955840199999997,-90.0904087,89444642527ffff,America/Chicago,,False,5.0,8.0,https://search.google.com/local/reviews?placeid=ChIJoSJCkeulIIYRnI1oi1CUrlQ&q=*&authuser=0&hl=en&gl=US,,,0.0,0.0,0.0,0.0,8.0,22.0,https://lh3.googleusercontent.com/p/AF1QipNlrOxdGFoLOOkMGKIpoXDngBAEhZJjutRgQRqG=w800-h500-k-no,https://lh3.googleusercontent.com/p/AF1QipNlrOxdGFoLOOkMGKIpoXDngBAEhZJjutRgQRqG=w1600-h1000-k-no,,"{""Sunday"": ""Closed"", ""Monday"": ""8AM-5PM"", ""Tuesday"": ""8AM-5PM"", ""Wednesday"": ""8AM-5PM"", ""Thursday"": ""8AM-5PM"", ""Friday"": ""8AM-5PM"", ""Saturday"": ""Closed""}","Sunday,|Monday,8AM,5PM|Tuesday,8AM,5PM|Wednesday,8AM,5PM|Thursday,8AM,5PM|Friday,8AM,5PM|Saturday,",Sunday:Closed|Monday:8AM-5PM|Tuesday:8AM-5PM|Wednesday:8AM-5PM|Thursday:8AM-5PM|Friday:8AM-5PM|Saturday:Closed,,,OPERATIONAL,"{""Accessibility"": {""Wheelchair accessible entrance"": true, ""Wheelchair accessible parking lot"": true}, ""Parking"": {""Free street parking"": true}}",,,,https://lh6.googleusercontent.com/-b6f5I18D_4c/AAAAAAAAAAI/AAAAAAAAAAA/MVC05FwvAAo/s44-p-k-no-ns-nd/photo.jpg,,,True,115563607803565952660,"Boh Bros Construction Co., L.L.C.",https://www.google.com/maps/contrib/115563607803565952660,,,,,"https://www.google.com/maps/place/Boh+Bros+Construction+Co.%2C+L.L.C./@29.955840199999997,-90.0904087,14z/data=!4m8!1m2!2m1!1sBoh+Bros+Construction+Co.%2C+L.L.C.!3m4!1s0x8620a5eb914222a1:0x54ae94508b688d9c!8m2!3d29.955840199999997!4d-90.0904087","https://www.google.com/maps/place/Boh+Bros+Construction+Co.%2C+L.L.C./@29.955840199999997,-90.0904087,13.99z/data=!4m16!1m7!3m6!1s0x8620a5eb914222a1:0x54ae94508b688d9c!2sBoh+Bros+Construction+Co.%2C+L.L.C.!8m2!3d29.955840199999997!4d-90.0904087!16s%2Fg%2F11ckvg1dmb!3m7!1s0x8620a5eb914222a1:0x54ae94508b688d9c!8m2!3d29.955840199999997!4d-90.0904087!9m1!1b1!16s%2Fg%2F11ckvg1dmb?entry=ttu",ChIJoSJCkeulIIYRnI1oi1CUrlQ,0x8620a5eb914222a1:0x54ae94508b688d9c,6101977618790780316,/g/1tr7d4lc,6101977618790780316,,captralph@cox.net,BLACKLISTED,Complainer,Ralph Diaz,Ralph,Diaz,Project Manager,,joshc@barriere.com,INVALID,Undeliverable,Josh Clement,Josh,Clement,Project Manager - Boh Bros Construction,12815732012,srush@bohbros.com,RECEIVING,Confirmed,Stewart Rush,Stewart,Rush,Project Manager,15045264364,15048212400,fixed line,"ONVOY, LLC - LA",,19853404200,,landline,,12815732012,,landline,,https://www.facebook.com/bohbros,,https://www.linkedin.com/company/bohbrosconstructioncollc,,,,,,,,https://www.twitter.com/bohbros,,,,,Home | Boh Bros Construction | Gulf Coast Heavy Civil Construction,Divi v.4.17.6,"Boh Bros. is a family-owned General Contractor specializing in heavy civil construction, marine, piling, utilities, paving, and asphalt.",,False,False
"water damage restoration service, 70179, New Orleans, LA, US",Clayton Construction Service LLC,Clayton Construction Service,http://www.claytonconstructionservice.com/,"General contractor, Construction company, Deck builder, Roofing contractor, Gutter service, Metal construction company, Sheet metal contractor",Roofing contractor,General contractor,+1 504-641-6111,mobile,T-Mobile USA Inc.,,"4902 Canal St #207, New Orleans, LA 70119",Mid-City,4902 Canal St #207,New Orleans,70119,Louisiana,Louisiana,United States of America,US,29.979958,-90.10910899999999,8944465534fffff,America/Chicago,,False,4.9,19.0,https://search.google.com/local/reviews?placeid=ChIJH4eIMnmvIIYRxkYprfC0I3U&q=*&authuser=0&hl=en&gl=US,,,0.0,0.0,0.0,1.0,18.0,32.0,https://lh3.googleusercontent.com/p/AF1QipM9MujH0lUL-wJgXEZvkl_bjlea6xxF3UompYfU=w800-h500-k-no,https://lh3.googleusercontent.com/p/AF1QipM9MujH0lUL-wJgXEZvkl_bjlea6xxF3UompYfU=w1600-h1000-k-no,,"{""Sunday"": ""Closed"", ""Monday"": ""8AM-5PM"", ""Tuesday"": ""8AM-5PM"", ""Wednesday"": ""8AM-5PM"", ""Thursday"": ""8AM-5PM"", ""Friday"": ""8AM-5PM"", ""Saturday"": ""Closed""}","Sunday,|Monday,8AM,5PM|Tuesday,8AM,5PM|Wednesday,8AM,5PM|Thursday,8AM,5PM|Friday,8AM,5PM|Saturday,",Sunday:Closed|Monday:8AM-5PM|Tuesday:8AM-5PM|Wednesday:8AM-5PM|Thursday:8AM-5PM|Friday:8AM-5PM|Saturday:Closed,,,OPERATIONAL,{},,,,https://lh6.googleusercontent.com/-AwM8bBPSV7s/AAAAAAAAAAI/AAAAAAAAAAA/a71oElNC9Lc/s44-p-k-no-ns-nd/photo.jpg,,,True,104201330867150101744,Clayton Construction Service LLC,https://www.google.com/maps/contrib/104201330867150101744,,,,,"https://www.google.com/maps/place/Clayton+Construction+Service+LLC/@29.979958,-90.10910899999999,14z/data=!4m8!1m2!2m1!1sClayton+Construction+Service+LLC!3m4!1s0x8620af793288871f:0x7523b4f0ad2946c6!8m2!3d29.979958!4d-90.10910899999999","https://www.google.com/maps/place/Clayton+Construction+Service+LLC/@29.979958,-90.10910899999999,13.99z/data=!4m16!1m7!3m6!1s0x8620af793288871f:0x7523b4f0ad2946c6!2sClayton+Construction+Service+LLC!8m2!3d29.979958!4d-90.10910899999999!16s%2Fg%2F11ckvg1dmb!3m7!1s0x8620af793288871f:0x7523b4f0ad2946c6!8m2!3d29.979958!4d-90.10910899999999!9m1!1b1!16s%2Fg%2F11ckvg1dmb?entry=ttu",ChIJH4eIMnmvIIYRxkYprfC0I3U,0x8620af793288871f:0x7523b4f0ad2946c6,8440789072412755654,/g/11g7z7tf7c,8440789072412755654,,mail@claytonconstructionservice.com,RECEIVING,SMTP validated,,,,,,,,,,,,,,,,,,,,,,5046416111,mobile,T-Mobile USA Inc.,,9853063427,Onvoy,landline,True,,,,,https://www.facebook.com/claytonconstructionservice/,,,,,,,,,,,,,,,"Roofing company, roofing contractor & replacement roof New Orleans",wordpress,"We are your roofing company, roofing contractor & replacement roof services for the Greater New Orleans area. We install and repair all roofing types.",,False,False
"water damage restoration service, 70179, New Orleans, LA, US",New Orleans Restoration Properties,New Orleans Restoration Properties,http://nolarp.com/,Property management company,Property management company,Property management company,+1 504-324-7157,landline,,,"804 N Broad St, New Orleans, LA 70119",Tremé / Lafitte,804 N Broad St,New Orleans,70119,Louisiana,Louisiana,United States of America,US,29.971372799999997,-90.08204429999999,89444642133ffff,America/Chicago,,False,,,,,,,,,,,1.0,https://streetviewpixels-pa.googleapis.com/v1/thumbnail?panoid=gEfDg43WNBj70mPanA63Tw&cb_client=search.gws-prod.gps&w=800&h=500&yaw=115.39897&pitch=0&thumbfov=100,https://streetviewpixels-pa.googleapis.com/v1/thumbnail?panoid=gEfDg43WNBj70mPanA63Tw&cb_client=search.gws-prod.gps&w=1600&h=1000&yaw=115.39897&pitch=0&thumbfov=100,,,,,,,OPERATIONAL,{},,,,,,,False,None,New Orleans Restoration Properties,,,,,,"https://www.google.com/maps/place/New+Orleans+Restoration+Properties/@29.971372799999997,-90.08204429999999,14z/data=!4m8!1m2!2m1!1sNew+Orleans+Restoration+Properties!3m4!1s0x8620a5f853bd09bd:0xfef1bf0d73e5ce82!8m2!3d29.971372799999997!4d-90.08204429999999","https://www.google.com/maps/place/New+Orleans+Restoration+Properties/@29.971372799999997,-90.08204429999999,13.99z/data=!4m16!1m7!3m6!1s0x8620a5f853bd09bd:0xfef1bf0d73e5ce82!2sNew+Orleans+Restoration+Properties!8m2!3d29.971372799999997!4d-90.08204429999999!16s%2Fg%2F11ckvg1dmb!3m7!1s0x8620a5f853bd09bd:0xfef1bf0d73e5ce82!8m2!3d29.971372799999997!4d-90.08204429999999!9m1!1b1!16s%2Fg%2F11ckvg1dmb?entry=ttu",ChIJvQm9U_ilIIYRgs7lcw2_8f4,0x8620a5f853bd09bd:0xfef1bf0d73e5ce82,18370674419520884354,/g/11h292l6k6,None,,pirons@nolarp.com,RECEIVING,Verified,Paul Irons,Paul,Irons,Managing Member,24986551685,info@nolarp.com,RECEIVING,SMTP validated,,,,,,,,,,,,,,5042510358,mobile,,,24986551685,,,,5046216773,,mobile,,https://www.facebook.com/neworleansrestorationproperties/,https://www.instagram.com/nolarestorationproperties,https://www.linkedin.com/company/new-orleans-restoration-properties,,,,,,,,,,https://www.youtube.com/channel/UCO0sKJwN4IHR5iBZYiAooxA,,,Log In ‹ New Orleans Restoration Properties — WordPress,wordpress,Fully Restored Historical New Orleans Homes For Sale. Historical homes brought back to their former glory. Many Locations to Choose From.,,False,False
"water damage restoration service, 70179, New Orleans, LA, US",C&A Construction LA LLC,C And A Construction La,https://www.caconstructionlallc.com/,"Water damage restoration service, Bathroom remodeler, Dry wall contractor, Service establishment, Interior construction contractor, Kitchen remodeler, Painter, Remodeler, Roofing contractor, Siding contractor, Construction company",Construction company,Water damage restoration service,+1 504-205-2082,mobile,T-Mobile USA Inc.,,,,,,,,,,,30.206675599999997,-91.47088339999999,8944446ea27ffff,America/Chicago,,True,5.0,1.0,https://search.google.com/local/reviews?placeid=ChIJoZwCmAhKeksRpaBCEvQhbzY&q=*&authuser=0&hl=en&gl=US,,,0.0,0.0,0.0,0.0,1.0,13.0,https://lh3.googleusercontent.com/p/AF1QipPMZYJRjbMnyRxGijwAW6BpTgkJ9XO1NEbSDGM=w800-h500-k-no,https://lh3.googleusercontent.com/p/AF1QipPMZYJRjbMnyRxGijwAW6BpTgkJ9XO1NEbSDGM=w1600-h1000-k-no,,"{""Sunday"": ""Closed"", ""Monday"": ""8AM-6PM"", ""Tuesday"": ""8AM-6PM"", ""Wednesday"": ""8AM-6PM"", ""Thursday"": ""8AM-6PM"", ""Friday"": ""8AM-6PM"", ""Saturday"": ""9AM-2PM""}","Sunday,|Monday,8AM,6PM|Tuesday,8AM,6PM|Wednesday,8AM,6PM|Thursday,8AM,6PM|Friday,8AM,6PM|Saturday,9AM,2PM",Sunday:Closed|Monday:8AM-6PM|Tuesday:8AM-6PM|Wednesday:8AM-6PM|Thursday:8AM-6PM|Friday:8AM-6PM|Saturday:9AM-2PM,,,OPERATIONAL,"{""Service options"": {""Online estimates"": true}}",,,,https://lh6.googleusercontent.com/-cMOh4vODnek/AAAAAAAAAAI/AAAAAAAAAAA/EzuWgPXscMM/s44-p-k-no-ns-nd/photo.jpg,,,True,112482608394661719953,C&A Construction LA LLC,https://www.google.com/maps/contrib/112482608394661719953,,,,,"https://www.google.com/maps/place/C%26A+Construction+LA+LLC/@30.206675599999997,-91.47088339999999,14z/data=!4m8!1m2!2m1!1sC%26A+Construction+LA+LLC!3m4!1s0x4b7a4a0898029ca1:0x366f21f41242a0a5!8m2!3d30.206675599999997!4d-91.47088339999999","https://www.google.com/maps/place/C%26A+Construction+LA+LLC/@30.206675599999997,-91.47088339999999,13.99z/data=!4m16!1m7!3m6!1s0x4b7a4a0898029ca1:0x366f21f41242a0a5!2sC%26A+Construction+LA+LLC!8m2!3d30.206675599999997!4d-91.47088339999999!16s%2Fg%2F11ckvg1dmb!3m7!1s0x4b7a4a0898029ca1:0x366f21f41242a0a5!8m2!3d30.206675599999997!4d-91.47088339999999!9m1!1b1!16s%2Fg%2F11ckvg1dmb?entry=ttu",ChIJoZwCmAhKeksRpaBCEvQhbzY,0x4b7a4a0898029ca1:0x366f21f41242a0a5,3922391132625084581,/g/11v0s7brmt,3922391132625084581,,caconstructionlallc@gmail.com,RECEIVING,SMTP validated,,,,,,,,,,,,,,,,,,,,,,5042052082,mobile,T-Mobile USA Inc.,,,,,,,,,,https://www.facebook.com/profile.php,,,,,,,,,,,,,,,Home,MyWebsite NOW,,,False,False
"water damage restoration service, 70179, New Orleans, LA, US",Southern Plumbing,Southern Plumbing,,"Plumber, Service establishment",Plumber,Plumber,+1 504-941-2769,landline,,,,,,,,,,,,30.027376999999998,-89.9526745,8944464130fffff,America/Chicago,,True,5.0,13.0,https://search.google.com/local/reviews?placeid=ChIJLQQZXeXg9YURmcWivFM58ms&q=*&authuser=0&hl=en&gl=US,,,0.0,0.0,0.0,0.0,13.0,4.0,https://lh3.googleusercontent.com/p/AF1QipMkEpzVlJSTdjlhYQSr-WHC9xhKSjkRzlry4p9F=w800-h500-k-no,https://lh3.googleusercontent.com/p/AF1QipMkEpzVlJSTdjlhYQSr-WHC9xhKSjkRzlry4p9F=w1600-h1000-k-no,,"{""Sunday"": ""Closed"", ""Monday"": ""8AM-5PM"", ""Tuesday"": ""8AM-5PM"", ""Wednesday"": ""8AM-5PM"", ""Thursday"": ""8AM-5PM"", ""Friday"": ""8AM-5PM"", ""Saturday"": ""Closed""}","Sunday,|Monday,8AM,5PM|Tuesday,8AM,5PM|Wednesday,8AM,5PM|Thursday,8AM,5PM|Friday,8AM,5PM|Saturday,",Sunday:Closed|Monday:8AM-5PM|Tuesday:8AM-5PM|Wednesday:8AM-5PM|Thursday:8AM-5PM|Friday:8AM-5PM|Saturday:Closed,,,OPERATIONAL,"{""Offerings"": {""Repair services"": true}, ""Payments"": {""Credit cards"": true}}",,,,https://lh4.googleusercontent.com/-mJrlw5q3KS0/AAAAAAAAAAI/AAAAAAAAAAA/XegHtlPqPBY/s44-p-k-no-ns-nd/photo.jpg,,,True,109341839014501897310,Southern Plumbing,https://www.google.com/maps/contrib/109341839014501897310,,,,,"https://www.google.com/maps/place/Southern+Plumbing/@30.027376999999998,-89.9526745,14z/data=!4m8!1m2!2m1!1sSouthern+Plumbing!3m4!1s0x85f5e0e55d19042d:0x6bf23953bca2c599!8m2!3d30.027376999999998!4d-89.9526745","https://www.google.com/maps/place/Southern+Plumbing/@30.027376999999998,-89.9526745,13.99z/data=!4m16!1m7!3m6!1s0x85f5e0e55d19042d:0x6bf23953bca2c599!2sSouthern+Plumbing!8m2!3d30.027376999999998!4d-89.9526745!16s%2Fg%2F11ckvg1dmb!3m7!1s0x85f5e0e55d19042d:0x6bf23953bca2c599!8m2!3d30.027376999999998!4d-89.9526745!9m1!1b1!16s%2Fg%2F11ckvg1dmb?entry=ttu",ChIJLQQZXeXg9YURmcWivFM58ms,0x85f5e0e55d19042d:0x6bf23953bca2c599,7778342538232120729,/g/11wxpvtsk1,7778342538232120729,,,,,,,,,,,,,,,,,,,,,,,,,,,,,,,,,,,,,,,,,,,,,,,,,,,,,,,,,,
"water damage restoration service, 70179, New Orleans, LA, US","Banner Property Management, Inc.",Banner Property Management,http://bpmcentral.com/,"Water damage restoration service, Bathroom remodeler, Building restoration service, Fire damage restoration service, Home builder, Kitchen remodeler, General contractor",General contractor,Water damage restoration service,+1 504-888-8350,fixed line,"BELLSOUTH TELECOMM, INC DBA SO",,"3228 N Turnbull Dr, Metairie, LA 70002",None,3228 N Turnbull Dr,Metairie,70002,Louisiana,Louisiana,United States of America,US,30.003261,-90.168752,894446558b3ffff,America/Chicago,,False,5.0,26.0,https://search.google.com/local/reviews?placeid=ChIJN2pbUUewIIYRKcoRcr02NZ8&q=*&authuser=0&hl=en&gl=US,,,0.0,0.0,0.0,0.0,26.0,73.0,https://lh3.googleusercontent.com/p/AF1QipOt-JklyVir9YfFi4WsxtQ2OT-jgI_2h7Uucx4e=w800-h500-k-no,https://lh3.googleusercontent.com/p/AF1QipOt-JklyVir9YfFi4WsxtQ2OT-jgI_2h7Uucx4e=w1600-h1000-k-no,,"{""Sunday"": ""Closed"", ""Monday"": ""8AM-4:30PM"", ""Tuesday"": ""8AM-4:30PM"", ""Wednesday"": ""8AM-4:30PM"", ""Thursday"": ""8AM-4:30PM"", ""Friday"": ""8AM-4:30PM"", ""Saturday"": ""Closed""}","Sunday,|Monday,8AM,4:30PM|Tuesday,8AM,4:30PM|Wednesday,8AM,4:30PM|Thursday,8AM,4:30PM|Friday,8AM,4:30PM|Saturday,",Sunday:Closed|Monday:8AM-4:30PM|Tuesday:8AM-4:30PM|Wednesday:8AM-4:30PM|Thursday:8AM-4:30PM|Friday:8AM-4:30PM|Saturday:Closed,,,OPERATIONAL,"{""Service options"": {""Onsite services"": false}, ""Accessibility"": {""Wheelchair accessible parking lot"": true}, ""Parking"": {""Free street parking"": true}}",,,,https://lh3.googleusercontent.com/-5RCzfTERtws/AAAAAAAAAAI/AAAAAAAAAAA/4GII1RM2Ibs/s44-p-k-no-ns-nd/photo.jpg,,,True,117219341671813751261,"Banner Property Management, Inc.",https://www.google.com/maps/contrib/117219341671813751261,,,,,"https://www.google.com/maps/place/Banner+Property+Management%2C+Inc./@30.003261,-90.168752,14z/data=!4m8!1m2!2m1!1sBanner+Property+Management%2C+Inc.!3m4!1s0x8620b047515b6a37:0x9f3536bd7211ca29!8m2!3d30.003261!4d-90.168752","https://www.google.com/maps/place/Banner+Property+Management%2C+Inc./@30.003261,-90.168752,13.99z/data=!4m16!1m7!3m6!1s0x8620b047515b6a37:0x9f3536bd7211ca29!2sBanner+Property+Management%2C+Inc.!8m2!3d30.003261!4d-90.168752!16s%2Fg%2F11ckvg1dmb!3m7!1s0x8620b047515b6a37:0x9f3536bd7211ca29!8m2!3d30.003261!4d-90.168752!9m1!1b1!16s%2Fg%2F11ckvg1dmb?entry=ttu",ChIJN2pbUUewIIYRKcoRcr02NZ8,0x8620b047515b6a37:0x9f3536bd7211ca29,11472135813086693929,/g/1tz71rs3,-6974608260622857687,,m.banner@bpmcentral.com,RECEIVING,Catch All,Marc Banner,Marc,Banner,,,sales@bpmnola.com,RECEIVING,SMTP validated,,,,,,info@bpmcentral.com,RECEIVING,Catch All,,,,,,5048888350,fixed line,"BELLSOUTH TELECOMM, INC DBA SO",,,,,,,,,,http://www.facebook.com/bpmnola,https://www.instagram.com/bpmnola,http://www.linkedin.com/company/bpm-interior-designs,,,,,,,,,,,,,BPM General Contracting - Home Remodeling | Metairie LA,WordPress 6.1.1,"Established in 1991, BPM Property Management is a locally owned & operated construction company ready to help you with any home construction or remodeling project!",,False,True
"water damage restoration service, 70179, New Orleans, LA, US","Zito's Plating & Polishing Works, Inc.",Zitos Plating And Polishing Works,,"Water damage restoration service, Coppersmith, Lamp repair service, Lighting store, Metal finisher, Metal workshop, Plating service, Repair service, Silversmith, Metal polishing service",Metal polishing service,Water damage restoration service,+1 504-482-5771,landline,,,"4421 Banks St, New Orleans, LA 70119",Mid-City,4421 Banks St,New Orleans,70119,Louisiana,Louisiana,United States of America,US,29.9748186,-90.1066659,89444642c97ffff,America/Chicago,,False,4.6,27.0,https://search.google.com/local/reviews?placeid=ChIJ2WiR-n2vIIYR2A0Cui2OkKE&q=*&authuser=0&hl=en&gl=US,,,2.0,0.0,1.0,0.0,24.0,216.0,https://lh3.googleusercontent.com/p/AF1QipPOCwGpNdYGzLH4X71iEjk74G7j40Ctpn_zOGLf=w800-h500-k-no,https://lh3.googleusercontent.com/p/AF1QipPOCwGpNdYGzLH4X71iEjk74G7j40Ctpn_zOGLf=w1600-h1000-k-no,,"{""Sunday"": ""Closed"", ""Monday"": ""8AM-5PM"", ""Tuesday"": ""8AM-5PM"", ""Wednesday"": ""8AM-5PM"", ""Thursday"": ""8AM-5PM"", ""Friday"": ""8AM-12PM"", ""Saturday"": ""Closed""}","Sunday,|Monday,8AM,5PM|Tuesday,8AM,5PM|Wednesday,8AM,5PM|Thursday,8AM,5PM|Friday,8AM,12PM|Saturday,",Sunday:Closed|Monday:8AM-5PM|Tuesday:8AM-5PM|Wednesday:8AM-5PM|Thursday:8AM-5PM|Friday:8AM-12PM|Saturday:Closed,,,OPERATIONAL,"{""Accessibility"": {""Wheelchair accessible entrance"": true, ""Wheelchair accessible parking lot"": true}, ""Crowd"": {""LGBTQ+ friendly"": true, ""Transgender safespace"": true}, ""Other"": {""LGBTQ+ friendly"": true}}",,,,https://lh3.googleusercontent.com/-GrJVUnM7xXE/AAAAAAAAAAI/AAAAAAAAAAA/HSW2joVtrCg/s44-p-k-no-ns-nd/photo.jpg,,,True,107052523258546247214,"Zito's Plating & Polishing Works, Inc.",https://www.google.com/maps/contrib/107052523258546247214,,,,,"https://www.google.com/maps/place/Zito%27s+Plating+%26+Polishing+Works%2C+Inc./@29.9748186,-90.1066659,14z/data=!4m8!1m2!2m1!1sZito%27s+Plating+%26+Polishing+Works%2C+Inc.!3m4!1s0x8620af7dfa9168d9:0xa1908e2dba020dd8!8m2!3d29.9748186!4d-90.1066659","https://www.google.com/maps/place/Zito%27s+Plating+%26+Polishing+Works%2C+Inc./@29.9748186,-90.1066659,13.99z/data=!4m16!1m7!3m6!1s0x8620af7dfa9168d9:0xa1908e2dba020dd8!2sZito%27s+Plating+%26+Polishing+Works%2C+Inc.!8m2!3d29.9748186!4d-90.1066659!16s%2Fg%2F11ckvg1dmb!3m7!1s0x8620af7dfa9168d9:0xa1908e2dba020dd8!8m2!3d29.9748186!4d-90.1066659!9m1!1b1!16s%2Fg%2F11ckvg1dmb?entry=ttu",ChIJ2WiR-n2vIIYR2A0Cui2OkKE,0x8620af7dfa9168d9:0xa1908e2dba020dd8,11641961363798101464,/g/1tdmf752,-6804782709911450152,,,,,,,,,,,,,,,,,,,,,,,,,,,,,,,,,,,,,,,,,,,,,,,,,,,,,,,,,,
"water damage restoration service, 70179, New Orleans, LA, US",Carpet & Tile,Carpet And Tile,,"Water damage restoration service, Air duct cleaning service, Upholstery cleaning service, Carpet cleaning service",Carpet cleaning service,Water damage restoration service,,,,,"8817 W Judge Perez Dr, Chalmette, LA 70043",None,8817 W Judge Perez Dr,Chalmette,70043,Louisiana,Louisiana,United States of America,US,29.9515508,-89.9726251,89444643283ffff,America/Chicago,,False,5.0,27.0,https://search.google.com/local/reviews?placeid=ChIJwWiRoGwdnogRsmcQgDIuG0o&q=*&authuser=0&hl=en&gl=US,,,0.0,0.0,0.0,0.0,27.0,63.0,https://lh3.googleusercontent.com/gps-cs-s/AG0ilSwOlNCCsNKgr02JNodZjN5RqVlNeaeIP2qkSCgaxZ1QAXmULvhLcT6d1xq81xDJIGhd3WJIbLOK6ElC2sp-grgcBF2IajqMmKMeH6EBu5jdXYj6ohM51a6j2k9uO8iWlbAm98H9=w800-h500-k-no,https://lh3.googleusercontent.com/gps-cs-s/AG0ilSwOlNCCsNKgr02JNodZjN5RqVlNeaeIP2qkSCgaxZ1QAXmULvhLcT6d1xq81xDJIGhd3WJIbLOK6ElC2sp-grgcBF2IajqMmKMeH6EBu5jdXYj6ohM51a6j2k9uO8iWlbAm98H9=w1600-h1000-k-no,,"{""Sunday"": ""9AM-7PM"", ""Monday"": ""7AM-8PM"", ""Tuesday"": ""7AM-8PM"", ""Wednesday"": ""7AM-8PM"", ""Thursday"": ""7AM-8PM"", ""Friday"": ""7AM-8PM"", ""Saturday"": ""9AM-7PM""}","Sunday,9AM,7PM|Monday,7AM,8PM|Tuesday,7AM,8PM|Wednesday,7AM,8PM|Thursday,7AM,8PM|Friday,7AM,8PM|Saturday,9AM,7PM",Sunday:9AM-7PM|Monday:7AM-8PM|Tuesday:7AM-8PM|Wednesday:7AM-8PM|Thursday:7AM-8PM|Friday:7AM-8PM|Saturday:9AM-7PM,,,OPERATIONAL,"{""Planning"": {""Appointment required"": true}}",,,,,,,False,None,Carpet & Tile,,,,,,"https://www.google.com/maps/place/Carpet+%26+Tile/@29.9515508,-89.9726251,14z/data=!4m8!1m2!2m1!1sCarpet+%26+Tile!3m4!1s0x889e1d6ca09168c1:0x4a1b2e32801067b2!8m2!3d29.9515508!4d-89.9726251","https://www.google.com/maps/place/Carpet+%26+Tile/@29.9515508,-89.9726251,13.99z/data=!4m16!1m7!3m6!1s0x889e1d6ca09168c1:0x4a1b2e32801067b2!2sCarpet+%26+Tile!8m2!3d29.9515508!4d-89.9726251!16s%2Fg%2F11ckvg1dmb!3m7!1s0x889e1d6ca09168c1:0x4a1b2e32801067b2!8m2!3d29.9515508!4d-89.9726251!9m1!1b1!16s%2Fg%2F11ckvg1dmb?entry=ttu",ChIJwWiRoGwdnogRsmcQgDIuG0o,0x889e1d6ca09168c1:0x4a1b2e32801067b2,5339912577609656242,/g/1hm5jkt6k,5339912577609656242,,,,,,,,,,,,,,,,,,,,,,,,,,,,,,,,,,,,,,,,,,,,,,,,,,,,,,,,,,
"water damage restoration service, 70179, New Orleans, LA, US","iREMEDIATE, LLC",Iremediate,https://www.iremediate.com/,"Water damage restoration service, Service establishment",Water damage restoration service,Water damage restoration service,+1 337-438-6211,mobile,"NEW CINGULAR WIRELESS PCS, LLC - GA",,,,,,,,,,,30.001354499999998,-90.17926949999999,89444655d0bffff,America/Chicago,,True,,,,,,,,,,,9.0,https://lh3.googleusercontent.com/p/AF1QipPcuW0tPphk7q2Oxz8xRPhQUkNpRDz1NYHPGajT=w800-h500-k-no,https://lh3.googleusercontent.com/p/AF1QipPcuW0tPphk7q2Oxz8xRPhQUkNpRDz1NYHPGajT=w1600-h1000-k-no,,"{""Sunday"": ""9AM-5PM"", ""Monday"": ""9AM-5PM"", ""Tuesday"": ""9AM-5PM"", ""Wednesday"": ""9AM-5PM"", ""Thursday"": ""9AM-5PM"", ""Friday"": ""9AM-5PM"", ""Saturday"": ""9AM-5PM""}","Sunday,9AM,5PM|Monday,9AM,5PM|Tuesday,9AM,5PM|Wednesday,9AM,5PM|Thursday,9AM,5PM|Friday,9AM,5PM|Saturday,9AM,5PM",Sunday:9AM-5PM|Monday:9AM-5PM|Tuesday:9AM-5PM|Wednesday:9AM-5PM|Thursday:9AM-5PM|Friday:9AM-5PM|Saturday:9AM-5PM,,,OPERATIONAL,"{""Service options"": {""Online estimates"": true}}",,,,https://lh3.googleusercontent.com/-3C_Uk4Jmqgg/AAAAAAAAAAI/AAAAAAAAAAA/XqWvceAHOVw/s44-p-k-no-ns-nd/photo.jpg,,,True,113805149921691693826,"iREMEDIATE, LLC",https://www.google.com/maps/contrib/113805149921691693826,,,,,"https://www.google.com/maps/place/iREMEDIATE%2C+LLC/@30.001354499999998,-90.17926949999999,14z/data=!4m8!1m2!2m1!1siREMEDIATE%2C+LLC!3m4!1s0x8f6e9e0a391c9dab:0x71fd1f0a9af5b18b!8m2!3d30.001354499999998!4d-90.17926949999999","https://www.google.com/maps/place/iREMEDIATE%2C+LLC/@30.001354499999998,-90.17926949999999,13.99z/data=!4m16!1m7!3m6!1s0x8f6e9e0a391c9dab:0x71fd1f0a9af5b18b!2siREMEDIATE%2C+LLC!8m2!3d30.001354499999998!4d-90.17926949999999!16s%2Fg%2F11ckvg1dmb!3m7!1s0x8f6e9e0a391c9dab:0x71fd1f0a9af5b18b!8m2!3d30.001354499999998!4d-90.17926949999999!9m1!1b1!16s%2Fg%2F11ckvg1dmb?entry=ttu",ChIJq50cOQqebo8Ri7H1mgof_XE,0x8f6e9e0a391c9dab:0x71fd1f0a9af5b18b,8213755425803579787,/g/11wh_gtcds,None,,eben@eyebytes.com,RECEIVING,Verified,,,,,,dal@iremediate.com,UNKNOWN,Cannot validate,,,,,,,,,,,,,,13374386211,mobile,"NEW CINGULAR WIRELESS PCS, LLC - GA",,,,,,,,,,,https://www.instagram.com/iremediate,,,,,,,,,,,,,,iREMEDIATE.COM - Home,Starfield Technologies; Go Daddy Website Builder 8.0.0000,iREMEDIATE.COM is a Louisiana licensed mold contractor and IICRC certified firm specializing in remediation & storm damage assessments.,,False,False
"water damage restoration service, 70181, New Orleans, LA, US",EMERGENCY WATER REMOVAL & DISASTER RECOVERY - GET 1 DRY,Emergency Water Removal And Disaster Recovery Get 1 Dry,https://www.get1dry.com/,Water damage restoration service,Water damage restoration service,Water damage restoration service,+1 888-438-1379,,See available results,True,"14297 US-90, Boutte, LA 70039",None,14297 US-90,Boutte,70039,Louisiana,Louisiana,United States of America,US,29.888862399999997,-90.4152122,8944461ae8fffff,America/Chicago,,False,5.0,1.0,https://search.google.com/local/reviews?placeid=ChIJGfFa8DfFIIYRrRrm_6PNBZI&q=*&authuser=0&hl=en&gl=US,,,0.0,0.0,0.0,0.0,1.0,9.0,https://lh3.googleusercontent.com/p/AF1QipP067fbleWrfgKbzdbLS_Q2pY5FPK7oDjinGrtn=w800-h500-k-no,https://lh3.googleusercontent.com/p/AF1QipP067fbleWrfgKbzdbLS_Q2pY5FPK7oDjinGrtn=w1600-h1000-k-no,,"{""Sunday"": ""Open 24 hours"", ""Monday"": ""Open 24 hours"", ""Tuesday"": ""Open 24 hours"", ""Wednesday"": ""Open 24 hours"", ""Thursday"": ""Open 24 hours"", ""Friday"": ""Open 24 hours"", ""Saturday"": ""Open 24 hours""}","Sunday,Open 24 hours|Monday,Open 24 hours|Tuesday,Open 24 hours|Wednesday,Open 24 hours|Thursday,Open 24 hours|Friday,Open 24 hours|Saturday,Open 24 hours",Sunday:Open 24 hours|Monday:Open 24 hours|Tuesday:Open 24 hours|Wednesday:Open 24 hours|Thursday:Open 24 hours|Friday:Open 24 hours|Saturday:Open 24 hours,,,OPERATIONAL,{},,,,https://lh4.googleusercontent.com/-VYkfj22bSUg/AAAAAAAAAAI/AAAAAAAAAAA/VfPTUDSbpoA/s44-p-k-no-ns-nd/photo.jpg,,,True,115954578869851509448,EMERGENCY WATER REMOVAL & DISASTER RECOVERY - GET 1 DRY,https://www.google.com/maps/contrib/115954578869851509448,,,,,"https://www.google.com/maps/place/EMERGENCY+WATER+REMOVAL+%26+DISASTER+RECOVERY+-+GET+1+DRY/@29.888862399999997,-90.4152122,14z/data=!4m8!1m2!2m1!1sEMERGENCY+WATER+REMOVAL+%26+DISASTER+RECOVERY+-+GET+1+DRY!3m4!1s0x8620c537f05af119:0x9205cda3ffe61aad!8m2!3d29.888862399999997!4d-90.4152122","https://www.google.com/maps/place/EMERGENCY+WATER+REMOVAL+%26+DISASTER+RECOVERY+-+GET+1+DRY/@29.888862399999997,-90.4152122,13.99z/data=!4m16!1m7!3m6!1s0x8620c537f05af119:0x9205cda3ffe61aad!2sEMERGENCY+WATER+REMOVAL+%26+DISASTER+RECOVERY+-+GET+1+DRY!8m2!3d29.888862399999997!4d-90.4152122!16s%2Fg%2F11ckvg1dmb!3m7!1s0x8620c537f05af119:0x9205cda3ffe61aad!8m2!3d29.888862399999997!4d-90.4152122!9m1!1b1!16s%2Fg%2F11ckvg1dmb?entry=ttu",ChIJGfFa8DfFIIYRrRrm_6PNBZI,0x8620c537f05af119:0x9205cda3ffe61aad,10522042208677665453,/g/11yp4l3086,-7924701865031886163,,info@get1dry.com,INVALID,Invalid DNS,,,,,,,,,,,,,,,,,,,,,,,,,,,,,,,,,,,,,,,,,,,,,,,,,,,,,,
"water damage restoration service, 70181, New Orleans, LA, US",Guarantee Restoration Services,Guarantee Restoration Services,https://www.guaranteerestoration.com/,Fire damage restoration service,Fire damage restoration service,Fire damage restoration service,+1 504-558-9795,landline,,,"10600 River Rd, St Rose, LA 70087",None,10600 River Rd,St Rose,70087,Louisiana,Louisiana,United States of America,US,29.965488999999998,-90.297381,89444619a47ffff,America/Chicago,,False,4.8,59.0,https://search.google.com/local/reviews?placeid=ChIJN3JmBaK3IIYRAwb6pB9Fd-U&q=*&authuser=0&hl=en&gl=US,,,2.0,0.0,0.0,5.0,52.0,16.0,https://lh3.googleusercontent.com/p/AF1QipNCqrbgn2gIl8t8IFAQYeK92xL2u8rGFo4fkiCK=w800-h500-k-no,https://lh3.googleusercontent.com/p/AF1QipNCqrbgn2gIl8t8IFAQYeK92xL2u8rGFo4fkiCK=w1600-h1000-k-no,,"{""Sunday"": ""Open 24 hours"", ""Monday"": ""Open 24 hours"", ""Tuesday"": ""Open 24 hours"", ""Wednesday"": ""Open 24 hours"", ""Thursday"": ""Open 24 hours"", ""Friday"": ""Open 24 hours"", ""Saturday"": ""Open 24 hours""}","Sunday,Open 24 hours|Monday,Open 24 hours|Tuesday,Open 24 hours|Wednesday,Open 24 hours|Thursday,Open 24 hours|Friday,Open 24 hours|Saturday,Open 24 hours",Sunday:Open 24 hours|Monday:Open 24 hours|Tuesday:Open 24 hours|Wednesday:Open 24 hours|Thursday:Open 24 hours|Friday:Open 24 hours|Saturday:Open 24 hours,,,OPERATIONAL,"{""Accessibility"": {""Wheelchair accessible entrance"": true, ""Wheelchair accessible parking lot"": true}}",,,,https://lh3.googleusercontent.com/-U75h3II9jlU/AAAAAAAAAAI/AAAAAAAAAAA/l20itCshKSY/s44-p-k-no-ns-nd/photo.jpg,,,True,107506152352556458506,Guarantee Restoration Services,https://www.google.com/maps/contrib/107506152352556458506,,,,,"https://www.google.com/maps/place/Guarantee+Restoration+Services/@29.965488999999998,-90.297381,14z/data=!4m8!1m2!2m1!1sGuarantee+Restoration+Services!3m4!1s0x8620b7a205667237:0xe577451fa4fa0603!8m2!3d29.965488999999998!4d-90.297381","https://www.google.com/maps/place/Guarantee+Restoration+Services/@29.965488999999998,-90.297381,13.99z/data=!4m16!1m7!3m6!1s0x8620b7a205667237:0xe577451fa4fa0603!2sGuarantee+Restoration+Services!8m2!3d29.965488999999998!4d-90.297381!16s%2Fg%2F11ckvg1dmb!3m7!1s0x8620b7a205667237:0xe577451fa4fa0603!8m2!3d29.965488999999998!4d-90.297381!9m1!1b1!16s%2Fg%2F11ckvg1dmb?entry=ttu",ChIJN3JmBaK3IIYRAwb6pB9Fd-U,0x8620b7a205667237:0xe577451fa4fa0603,16534760559128217091,/g/11f34y393m,-1911983514581334525,,shawnfolks@stopguarantee.com,RECEIVING,Confirmed,Shawn Folks,Shawn,Folks,Chief Executive Officer,12257538682,deepfriedsoccer@yahoo.com,RECEIVING,Confirmed,James Freyder,James,Freyder,Warehouse And Equipment Manager,12257155965,ronald@manuelbuilders.com,RECEIVING,Catch All,Ronald Lepine,Ronald,Lepine,Estimator,,8003494357,toll_free,,,18003494357,,toll_free,,12257538682,"TELNYX, LLC",fixed line,,https://www.facebook.com/BatonRougeEmergencyCleaningAndRestoration,http://instagram.com/grsgulfcoast,https://www.linkedin.com/company/guarantee-restoration-services,,,,,,,,https://twitter.com/guaranteebr,,https://www.youtube.com/channel/UCnCNs5LGZefRmLO7qhKI8rw,,,Guarantee Restoration Services | Commercial Property Restoration,,"Guarantee Restoration Services is the leading property damage restoration company along the Gulf Coast. Our team provides quick response and solutions to restore a business after a fire, water, wind, mold or other property damage.",,False,False
"water damage restoration service, 70181, New Orleans, LA, US",Disaster Masterz,Disaster Masterz,https://disastermasterz.com/,"Water damage restoration service, Fire damage restoration service",Water damage restoration service,Water damage restoration service,+1 504-229-2727,mobile,T-Mobile USA Inc.,,"1018 Central Ave #104, Metairie, LA 70001",None,1018 Central Ave #104,Metairie,70001,Louisiana,Louisiana,United States of America,US,29.9726997,-90.174602,8944465422fffff,America/Chicago,,False,5.0,40.0,https://search.google.com/local/reviews?placeid=ChIJ413HqcuAI4URR7xpuZ77p7c&q=*&authuser=0&hl=en&gl=US,,,0.0,0.0,0.0,0.0,40.0,47.0,https://lh3.googleusercontent.com/p/AF1QipPAqaEuN36sLtQAM_zFulz06fEkNp_nsKWa4gKz=w800-h500-k-no,https://lh3.googleusercontent.com/p/AF1QipPAqaEuN36sLtQAM_zFulz06fEkNp_nsKWa4gKz=w1600-h1000-k-no,,"{""Sunday"": ""Open 24 hours"", ""Monday"": ""Open 24 hours"", ""Tuesday"": ""Open 24 hours"", ""Wednesday"": ""Open 24 hours"", ""Thursday"": ""Open 24 hours"", ""Friday"": ""Open 24 hours"", ""Saturday"": ""Open 24 hours""}","Sunday,Open 24 hours|Monday,Open 24 hours|Tuesday,Open 24 hours|Wednesday,Open 24 hours|Thursday,Open 24 hours|Friday,Open 24 hours|Saturday,Open 24 hours",Sunday:Open 24 hours|Monday:Open 24 hours|Tuesday:Open 24 hours|Wednesday:Open 24 hours|Thursday:Open 24 hours|Friday:Open 24 hours|Saturday:Open 24 hours,,,OPERATIONAL,"{""Service options"": {""Onsite services"": true}, ""Accessibility"": {""Wheelchair accessible parking lot"": true}}",,,,https://lh4.googleusercontent.com/-pB40j5Gem5M/AAAAAAAAAAI/AAAAAAAAAAA/gXtx-K9hRFY/s44-p-k-no-ns-nd/photo.jpg,,,True,111424015217747401317,Disaster Masterz,https://www.google.com/maps/contrib/111424015217747401317,,,,,"https://www.google.com/maps/place/Disaster+Masterz/@29.9726997,-90.174602,14z/data=!4m8!1m2!2m1!1sDisaster+Masterz!3m4!1s0x852380cba9c75de3:0xb7a7fb9eb969bc47!8m2!3d29.9726997!4d-90.174602","https://www.google.com/maps/place/Disaster+Masterz/@29.9726997,-90.174602,13.99z/data=!4m16!1m7!3m6!1s0x852380cba9c75de3:0xb7a7fb9eb969bc47!2sDisaster+Masterz!8m2!3d29.9726997!4d-90.174602!16s%2Fg%2F11ckvg1dmb!3m7!1s0x852380cba9c75de3:0xb7a7fb9eb969bc47!8m2!3d29.9726997!4d-90.174602!9m1!1b1!16s%2Fg%2F11ckvg1dmb?entry=ttu",ChIJ413HqcuAI4URR7xpuZ77p7c,0x852380cba9c75de3:0xb7a7fb9eb969bc47,13233822689185610823,/g/11stnvp7h4,-5212921384523940793,,admin@disastermasterz.com,RECEIVING,SMTP validated,,,,,,paul@disastermasterz.com,RECEIVING,Catch All,,,,,,,,,,,,,,5046693842,mobile,T-Mobile USA Inc.,,5042292727,T-Mobile USA Inc.,mobile,,,,,,https://www.facebook.com/people/,,,,,,,,,,,,,,,Duct Cleaning Services New Orleans - Disaster Masterz,WordPress 6.8,Improve indoor air quality with professional duct cleaning services from Disaster Masterz. Our thorough services remove contaminants from your HVAC system.,,False,True
"water damage restoration service, 70181, New Orleans, LA, US",Clean Gulf Associates,Clean Gulf Associates,http://neworleanswaterdamagerestorations.com/,"Water damage restoration service, Environmental engineer, Non-profit organization, Environmental consultant",Environmental consultant,Water damage restoration service,+1 504-389-2444,landline,,,"650 Poydras St #1020, New Orleans, LA 70130",Warehouse District,650 Poydras St #1020,New Orleans,70130,Louisiana,Louisiana,United States of America,US,29.949011,-90.07025469999999,894446420b3ffff,America/Chicago,,False,5.0,24.0,https://search.google.com/local/reviews?placeid=ChIJVUoKnnSmIIYRa_VFJDqog1k&q=*&authuser=0&hl=en&gl=US,,,0.0,0.0,0.0,0.0,24.0,1.0,https://streetviewpixels-pa.googleapis.com/v1/thumbnail?panoid=qAyAaZr6z10HG7A1mA0TsQ&cb_client=search.gws-prod.gps&w=800&h=500&yaw=11.587018&pitch=0&thumbfov=100,https://streetviewpixels-pa.googleapis.com/v1/thumbnail?panoid=qAyAaZr6z10HG7A1mA0TsQ&cb_client=search.gws-prod.gps&w=1600&h=1000&yaw=11.587018&pitch=0&thumbfov=100,,"{""Sunday"": ""Open 24 hours"", ""Monday"": ""Open 24 hours"", ""Tuesday"": ""Open 24 hours"", ""Wednesday"": ""Open 24 hours"", ""Thursday"": ""Open 24 hours"", ""Friday"": ""Open 24 hours"", ""Saturday"": ""Open 24 hours""}","Sunday,Open 24 hours|Monday,Open 24 hours|Tuesday,Open 24 hours|Wednesday,Open 24 hours|Thursday,Open 24 hours|Friday,Open 24 hours|Saturday,Open 24 hours",Sunday:Open 24 hours|Monday:Open 24 hours|Tuesday:Open 24 hours|Wednesday:Open 24 hours|Thursday:Open 24 hours|Friday:Open 24 hours|Saturday:Open 24 hours,,,OPERATIONAL,"{""Service options"": {""Onsite services"": true}, ""Accessibility"": {""Wheelchair accessible entrance"": true, ""Wheelchair accessible parking lot"": true}}",,,,https://lh5.googleusercontent.com/-IJgCre5pkCQ/AAAAAAAAAAI/AAAAAAAAAAA/cu0O1S0Cshg/s44-p-k-no-ns-nd/photo.jpg,,,True,113781220083640262497,Clean Gulf Associates,https://www.google.com/maps/contrib/113781220083640262497,,,,,"https://www.google.com/maps/place/Clean+Gulf+Associates/@29.949011,-90.07025469999999,14z/data=!4m8!1m2!2m1!1sClean+Gulf+Associates!3m4!1s0x8620a6749e0a4a55:0x5983a83a2445f56b!8m2!3d29.949011!4d-90.07025469999999","https://www.google.com/maps/place/Clean+Gulf+Associates/@29.949011,-90.07025469999999,13.99z/data=!4m16!1m7!3m6!1s0x8620a6749e0a4a55:0x5983a83a2445f56b!2sClean+Gulf+Associates!8m2!3d29.949011!4d-90.07025469999999!16s%2Fg%2F11ckvg1dmb!3m7!1s0x8620a6749e0a4a55:0x5983a83a2445f56b!8m2!3d29.949011!4d-90.07025469999999!9m1!1b1!16s%2Fg%2F11ckvg1dmb?entry=ttu",ChIJVUoKnnSmIIYRa_VFJDqog1k,0x8620a6749e0a4a55:0x5983a83a2445f56b,6450184058994816363,/g/1tf_hs6c,6450184058994816363,,,,,,,,,,,,,,,,,,,,,,,,,,,,,,,,,,,,,,,,,,,,,,,,,,,,,,,,,False,False
"water damage restoration service, 70181, New Orleans, LA, US",Duke Restoration,Duke Restoration,,Water damage restoration service,Water damage restoration service,Water damage restoration service,+1 504-228-9935,mobile,CELLCO PARTNERSHIP DBA VERIZON WIRELESS - LA,,"2340 Tifton St, Kenner, LA 70062",None,2340 Tifton St,Kenner,70062,Louisiana,Louisiana,United States of America,US,29.999481,-90.25255899999999,89444654d13ffff,America/Chicago,,False,5.0,14.0,https://search.google.com/local/reviews?placeid=ChIJV54CM6G3IIYRne8-9noFtMM&q=*&authuser=0&hl=en&gl=US,,,0.0,0.0,0.0,0.0,14.0,8.0,https://lh3.googleusercontent.com/p/AF1QipO6tdGtLdHSFyiXyYVDzdj740Y8qfdIaqHCgHqr=w800-h500-k-no,https://lh3.googleusercontent.com/p/AF1QipO6tdGtLdHSFyiXyYVDzdj740Y8qfdIaqHCgHqr=w1600-h1000-k-no,,"{""Sunday"": ""Open 24 hours"", ""Monday"": ""Open 24 hours"", ""Tuesday"": ""Open 24 hours"", ""Wednesday"": ""Open 24 hours"", ""Thursday"": ""Open 24 hours"", ""Friday"": ""Open 24 hours"", ""Saturday"": ""Open 24 hours""}","Sunday,Open 24 hours|Monday,Open 24 hours|Tuesday,Open 24 hours|Wednesday,Open 24 hours|Thursday,Open 24 hours|Friday,Open 24 hours|Saturday,Open 24 hours",Sunday:Open 24 hours|Monday:Open 24 hours|Tuesday:Open 24 hours|Wednesday:Open 24 hours|Thursday:Open 24 hours|Friday:Open 24 hours|Saturday:Open 24 hours,,,OPERATIONAL,"{""Service options"": {""Online estimates"": true, ""Onsite services"": true}, ""Accessibility"": {""Wheelchair accessible seating"": true}, ""Amenities"": {""Gender-neutral restroom"": true}, ""Crowd"": {""LGBTQ+ friendly"": true, ""Transgender safespace"": true}, ""Parking"": {""Free parking garage"": true, ""Free parking lot"": true, ""Free street parking"": true, ""On-site parking"": true}, ""Other"": {""LGBTQ+ friendly"": true}}",,,,https://lh4.googleusercontent.com/-gzbQVnJUU4c/AAAAAAAAAAI/AAAAAAAAAAA/EFa-TqkVNOg/s44-p-k-no-ns-nd/photo.jpg,,,True,101021551236661926111,Duke Restoration,https://www.google.com/maps/contrib/101021551236661926111,,,,,"https://www.google.com/maps/place/Duke+Restoration/@29.999481,-90.25255899999999,14z/data=!4m8!1m2!2m1!1sDuke+Restoration!3m4!1s0x8620b7a133029e57:0xc3b4057af63eef9d!8m2!3d29.999481!4d-90.25255899999999","https://www.google.com/maps/place/Duke+Restoration/@29.999481,-90.25255899999999,13.99z/data=!4m16!1m7!3m6!1s0x8620b7a133029e57:0xc3b4057af63eef9d!2sDuke+Restoration!8m2!3d29.999481!4d-90.25255899999999!16s%2Fg%2F11ckvg1dmb!3m7!1s0x8620b7a133029e57:0xc3b4057af63eef9d!8m2!3d29.999481!4d-90.25255899999999!9m1!1b1!16s%2Fg%2F11ckvg1dmb?entry=ttu",ChIJV54CM6G3IIYRne8-9noFtMM,0x8620b7a133029e57:0xc3b4057af63eef9d,14101902358879334301,/g/11ln569h02,-4344841714830217315,,,,,,,,,,,,,,,,,,,,,,,,,,,,,,,,,,,,,,,,,,,,,,,,,,,,,,,,,,
"water damage restoration service, 70181, New Orleans, LA, US",Fc Home Renovations- Restoration Services,Fc Home Renovations Restoration Services,,"Water damage restoration service, General contractor",General contractor,Water damage restoration service,+1 504-738-4764,mobile,,,"66 Bimini Ave, Kenner, LA 70065",None,66 Bimini Ave,Kenner,70065,Louisiana,Louisiana,United States of America,US,30.0266274,-90.234601,8944465494fffff,America/Chicago,,False,5.0,10.0,https://search.google.com/local/reviews?placeid=ChIJq8h0Kv0mBCURKpInEYhvD94&q=*&authuser=0&hl=en&gl=US,,,0.0,0.0,0.0,0.0,10.0,49.0,https://lh3.googleusercontent.com/p/AF1QipMXT-y7t_A3X6oETyg6ojZjTnzTvI4AdotxVDJ0=w800-h500-k-no,https://lh3.googleusercontent.com/p/AF1QipMXT-y7t_A3X6oETyg6ojZjTnzTvI4AdotxVDJ0=w1600-h1000-k-no,,"{""Sunday"": ""Open 24 hours"", ""Monday"": ""Open 24 hours"", ""Tuesday"": ""Open 24 hours"", ""Wednesday"": ""Open 24 hours"", ""Thursday"": ""Open 24 hours"", ""Friday"": ""Open 24 hours"", ""Saturday"": ""Open 24 hours""}","Sunday,Open 24 hours|Monday,Open 24 hours|Tuesday,Open 24 hours|Wednesday,Open 24 hours|Thursday,Open 24 hours|Friday,Open 24 hours|Saturday,Open 24 hours",Sunday:Open 24 hours|Monday:Open 24 hours|Tuesday:Open 24 hours|Wednesday:Open 24 hours|Thursday:Open 24 hours|Friday:Open 24 hours|Saturday:Open 24 hours,,,OPERATIONAL,"{""Service options"": {""Online estimates"": true}}",,,,https://lh6.googleusercontent.com/-sg9N8Uk96ew/AAAAAAAAAAI/AAAAAAAAAAA/U2Qk1zfZ6cY/s44-p-k-no-ns-nd/photo.jpg,,,True,117912991558411991426,Fc Home Renovations- Restoration Services,https://www.google.com/maps/contrib/117912991558411991426,,,,,"https://www.google.com/maps/place/Fc+Home+Renovations-+Restoration+Services/@30.0266274,-90.234601,14z/data=!4m8!1m2!2m1!1sFc+Home+Renovations-+Restoration+Services!3m4!1s0x250426fd2a74c8ab:0xde0f6f881127922a!8m2!3d30.0266274!4d-90.234601","https://www.google.com/maps/place/Fc+Home+Renovations-+Restoration+Services/@30.0266274,-90.234601,13.99z/data=!4m16!1m7!3m6!1s0x250426fd2a74c8ab:0xde0f6f881127922a!2sFc+Home+Renovations-+Restoration+Services!8m2!3d30.0266274!4d-90.234601!16s%2Fg%2F11ckvg1dmb!3m7!1s0x250426fd2a74c8ab:0xde0f6f881127922a!8m2!3d30.0266274!4d-90.234601!9m1!1b1!16s%2Fg%2F11ckvg1dmb?entry=ttu",ChIJq8h0Kv0mBCURKpInEYhvD94,0x250426fd2a74c8ab:0xde0f6f881127922a,16001130631264703018,/g/11y2j20x_t,-2445613442444848598,,,,,,,,,,,,,,,,,,,,,,,,,,,,,,,,,,,,,,,,,,,,,,,,,,,,,,,,,,
"water damage restoration service, 70181, New Orleans, LA, US",Total Restoration Services,Total Restoration Services,,Water damage restoration service,Water damage restoration service,Water damage restoration service,+1 504-810-2850,mobile,"NEW CINGULAR WIRELESS PCS, LLC - GA",,"2348 Michigan Ave, Metairie, LA 70003",None,2348 Michigan Ave,Metairie,70003,Louisiana,Louisiana,United States of America,US,29.9989335,-90.2296076,8944465489bffff,America/Chicago,,False,5.0,5.0,https://search.google.com/local/reviews?placeid=ChIJI1verT63IIYRU68xyN7d7bc&q=*&authuser=0&hl=en&gl=US,,,0.0,0.0,0.0,0.0,5.0,23.0,https://lh3.googleusercontent.com/p/AF1QipOR-j0dHV4ofiXGT28WUKyXaUqXMSJzMJZqcEw3=w800-h500-k-no,https://lh3.googleusercontent.com/p/AF1QipOR-j0dHV4ofiXGT28WUKyXaUqXMSJzMJZqcEw3=w1600-h1000-k-no,,"{""Sunday"": ""Open 24 hours"", ""Monday"": ""Open 24 hours"", ""Tuesday"": ""Open 24 hours"", ""Wednesday"": ""Open 24 hours"", ""Thursday"": ""Open 24 hours"", ""Friday"": ""Open 24 hours"", ""Saturday"": ""Open 24 hours""}","Sunday,Open 24 hours|Monday,Open 24 hours|Tuesday,Open 24 hours|Wednesday,Open 24 hours|Thursday,Open 24 hours|Friday,Open 24 hours|Saturday,Open 24 hours",Sunday:Open 24 hours|Monday:Open 24 hours|Tuesday:Open 24 hours|Wednesday:Open 24 hours|Thursday:Open 24 hours|Friday:Open 24 hours|Saturday:Open 24 hours,,,OPERATIONAL,"{""Accessibility"": {""Wheelchair accessible parking lot"": true}}",,,,https://lh6.googleusercontent.com/-w-vjnZTB_sI/AAAAAAAAAAI/AAAAAAAAAAA/IUCSgkWQvgI/s44-p-k-no-ns-nd/photo.jpg,,,True,112979090543594286080,Total Restoration Services,https://www.google.com/maps/contrib/112979090543594286080,,,,,"https://www.google.com/maps/place/Total+Restoration+Services/@29.9989335,-90.2296076,14z/data=!4m8!1m2!2m1!1sTotal+Restoration+Services!3m4!1s0x8620b73eadde5b23:0xb7eddddec831af53!8m2!3d29.9989335!4d-90.2296076","https://www.google.com/maps/place/Total+Restoration+Services/@29.9989335,-90.2296076,13.99z/data=!4m16!1m7!3m6!1s0x8620b73eadde5b23:0xb7eddddec831af53!2sTotal+Restoration+Services!8m2!3d29.9989335!4d-90.2296076!16s%2Fg%2F11ckvg1dmb!3m7!1s0x8620b73eadde5b23:0xb7eddddec831af53!8m2!3d29.9989335!4d-90.2296076!9m1!1b1!16s%2Fg%2F11ckvg1dmb?entry=ttu",ChIJI1verT63IIYRU68xyN7d7bc,0x8620b73eadde5b23:0xb7eddddec831af53,13253493227332415315,/g/11lyn2lbrg,-5193250846377136301,,,,,,,,,,,,,,,,,,,,,,,,,,,,,,,,,,,,,,,,,,,,,,,,,,,,,,,,,,
"water damage restoration service, 70181, New Orleans, LA, US","Delise Restoration & Cleaning Services, LLC",Delise Restoration And Cleaning Services,https://deliserestoration.com/,"Fire damage restoration service, Air duct cleaning service, Cleaning service",Fire damage restoration service,Fire damage restoration service,+1 504-468-2895,landline,,,"2536 Florida Ave, Kenner, LA 70062",None,2536 Florida Ave,Kenner,70062,Louisiana,Louisiana,United States of America,US,30.0028293,-90.2415576,89444654d43ffff,America/Chicago,,False,,,,,,,,,,,4.0,https://lh3.googleusercontent.com/p/AF1QipMuLZMfd0iNsupFuD5_Bdso68C6-3S-eV-HMK5e=w800-h500-k-no,https://lh3.googleusercontent.com/p/AF1QipMuLZMfd0iNsupFuD5_Bdso68C6-3S-eV-HMK5e=w1600-h1000-k-no,,,,,,,OPERATIONAL,{},,,,https://lh5.googleusercontent.com/-G42KYJ7KtZ0/AAAAAAAAAAI/AAAAAAAAAAA/YTdeKa9-J4s/s44-p-k-no-ns-nd/photo.jpg,,,True,116580263377063436899,"Delise Restoration & Cleaning Services, LLC",https://www.google.com/maps/contrib/116580263377063436899,,,,,"https://www.google.com/maps/place/Delise+Restoration+%26+Cleaning+Services%2C+LLC/@30.0028293,-90.2415576,14z/data=!4m8!1m2!2m1!1sDelise+Restoration+%26+Cleaning+Services%2C+LLC!3m4!1s0x8620b73e72fd5f09:0x6d1ae47e22cf3d5b!8m2!3d30.0028293!4d-90.2415576","https://www.google.com/maps/place/Delise+Restoration+%26+Cleaning+Services%2C+LLC/@30.0028293,-90.2415576,13.99z/data=!4m16!1m7!3m6!1s0x8620b73e72fd5f09:0x6d1ae47e22cf3d5b!2sDelise+Restoration+%26+Cleaning+Services%2C+LLC!8m2!3d30.0028293!4d-90.2415576!16s%2Fg%2F11ckvg1dmb!3m7!1s0x8620b73e72fd5f09:0x6d1ae47e22cf3d5b!8m2!3d30.0028293!4d-90.2415576!9m1!1b1!16s%2Fg%2F11ckvg1dmb?entry=ttu",ChIJCV_9cj63IIYRWz3PIn7kGm0,0x8620b73e72fd5f09:0x6d1ae47e22cf3d5b,7861847329929641307,/g/1wg5yc70,None,,shelly@deliserestoration.com,RECEIVING,SMTP validated,Shelly Roper,Shelly,Roper,Administrator,15044682895,lillian@deliserestoration.com,INVALID,Cannot validate,Lillian Bonura,Lillian,Bonura,Office Manager,,info@deliserestoration.com,RECEIVING,SMTP validated,,,,,,5044682895,landline,,,15044682895,,landline,,,,,,,,http://www.linkedin.com/company/6977402,,,,,,,,,,,,,"Delise Restoration & Cleaning Services, LLC",WordPress 6.1.1,,,False,False
"water damage restoration service, 70181, New Orleans, LA, US",B&G Construction Inc,B And G Construction,https://bgnola.com/,"Water damage restoration service, Contractor, Custom home builder, General contractor, Fire damage restoration service",Fire damage restoration service,Water damage restoration service,+1 504-304-1459,fixed line,"LEVEL 3 COMMUNICATIONS, LLC - ",,"920 Tchoupitoulas St, New Orleans, LA 70130",Lower Garden District,920 Tchoupitoulas St,New Orleans,70130,Louisiana,Louisiana,United States of America,US,29.9424915,-90.0672161,89444642097ffff,America/Chicago,,False,5.0,1.0,https://search.google.com/local/reviews?placeid=ChIJoRXuTZinIIYR1TjEyP4-o8I&q=*&authuser=0&hl=en&gl=US,,,0.0,0.0,0.0,0.0,1.0,26.0,https://lh3.googleusercontent.com/p/AF1QipNRPQg4sRzblUT41_QFuGcYYnRfkHLWzt_rMJTV=w800-h500-k-no,https://lh3.googleusercontent.com/p/AF1QipNRPQg4sRzblUT41_QFuGcYYnRfkHLWzt_rMJTV=w1600-h1000-k-no,,"{""Sunday"": ""Closed"", ""Monday"": ""8AM-5PM"", ""Tuesday"": ""8AM-5PM"", ""Wednesday"": ""8AM-5PM"", ""Thursday"": ""8AM-5PM"", ""Friday"": ""8AM-5PM"", ""Saturday"": ""Closed""}","Sunday,|Monday,8AM,5PM|Tuesday,8AM,5PM|Wednesday,8AM,5PM|Thursday,8AM,5PM|Friday,8AM,5PM|Saturday,",Sunday:Closed|Monday:8AM-5PM|Tuesday:8AM-5PM|Wednesday:8AM-5PM|Thursday:8AM-5PM|Friday:8AM-5PM|Saturday:Closed,,,OPERATIONAL,"{""Parking"": {""Free street parking"": true, ""Paid parking lot"": true, ""Paid street parking"": true}}",,,,https://lh5.googleusercontent.com/-ZZi4t7C7ctU/AAAAAAAAAAI/AAAAAAAAAAA/k_nb8GFLxW0/s44-p-k-no-ns-nd/photo.jpg,,,True,113404163534057373245,B&G Construction Inc,https://www.google.com/maps/contrib/113404163534057373245,,,,,"https://www.google.com/maps/place/B%26G+Construction+Inc/@29.9424915,-90.0672161,14z/data=!4m8!1m2!2m1!1sB%26G+Construction+Inc!3m4!1s0x8620a7984dee15a1:0xc2a33efec8c438d5!8m2!3d29.9424915!4d-90.0672161","https://www.google.com/maps/place/B%26G+Construction+Inc/@29.9424915,-90.0672161,13.99z/data=!4m16!1m7!3m6!1s0x8620a7984dee15a1:0xc2a33efec8c438d5!2sB%26G+Construction+Inc!8m2!3d29.9424915!4d-90.0672161!16s%2Fg%2F11ckvg1dmb!3m7!1s0x8620a7984dee15a1:0xc2a33efec8c438d5!8m2!3d29.9424915!4d-90.0672161!9m1!1b1!16s%2Fg%2F11ckvg1dmb?entry=ttu",ChIJoRXuTZinIIYR1TjEyP4-o8I,0x8620a7984dee15a1:0xc2a33efec8c438d5,14025122928572774613,/g/11h3btdft2,-4421621145136777003,,,,,,,,,,,,,,,,,,,,,,,,,,5043041459,fixed line,"LEVEL 3 COMMUNICATIONS, LLC - ",,,,,,,,,,,,,,,,,,,,,,,,,Terms and Conditions - B&G Construction | Fire and Water Damage Restoration,Divi v.4.25.2,"For more than 40 years, our sole commitment has been to help Louisiana homeowners recover and rebuild their home after a fire. When disaster strikes, B&G Construction is here.",,False,True
"water damage restoration service, 70181, New Orleans, LA, US",Hebert Contractors,Hebert Contractors,https://www.workwithhebert.com/,"Water damage restoration service, Bathroom remodeler, Building restoration service, Construction company, Contractor, Handyman/Handywoman/Handyperson, Home builder, Kitchen remodeler, Remodeler, General contractor",General contractor,Water damage restoration service,+1 504-356-2602,landline,,,"3314 Audubon St, New Orleans, LA 70125",Gert Town,3314 Audubon St,New Orleans,70125,Louisiana,Louisiana,United States of America,US,29.959213199999997,-90.10892869999999,894446552bbffff,America/Chicago,,False,5.0,10.0,https://search.google.com/local/reviews?placeid=ChIJ_Qfnooo6YEcRT3bQNsoXV7Q&q=*&authuser=0&hl=en&gl=US,,,0.0,0.0,0.0,0.0,10.0,16.0,https://lh3.googleusercontent.com/p/AF1QipMzcsOLz64vHQJ0z1-e7UgtDt5OVSXYp2x2sXrF=w800-h500-k-no,https://lh3.googleusercontent.com/p/AF1QipMzcsOLz64vHQJ0z1-e7UgtDt5OVSXYp2x2sXrF=w1600-h1000-k-no,,"{""Sunday"": ""Closed"", ""Monday"": ""7AM-5PM"", ""Tuesday"": ""7AM-5PM"", ""Wednesday"": ""7AM-5PM"", ""Thursday"": ""7AM-5PM"", ""Friday"": ""7AM-5PM"", ""Saturday"": ""7AM-5PM""}","Sunday,|Monday,7AM,5PM|Tuesday,7AM,5PM|Wednesday,7AM,5PM|Thursday,7AM,5PM|Friday,7AM,5PM|Saturday,7AM,5PM",Sunday:Closed|Monday:7AM-5PM|Tuesday:7AM-5PM|Wednesday:7AM-5PM|Thursday:7AM-5PM|Friday:7AM-5PM|Saturday:7AM-5PM,,,OPERATIONAL,{},,,,https://lh5.googleusercontent.com/-2slesSlyoBQ/AAAAAAAAAAI/AAAAAAAAAAA/7FKw2cXGUOs/s44-p-k-no-ns-nd/photo.jpg,,,True,104866875056015030775,Hebert Contractors,https://www.google.com/maps/contrib/104866875056015030775,,,,,"https://www.google.com/maps/place/Hebert+Contractors/@29.959213199999997,-90.10892869999999,14z/data=!4m8!1m2!2m1!1sHebert+Contractors!3m4!1s0x47603a8aa2e707fd:0xb45717ca36d0764f!8m2!3d29.959213199999997!4d-90.10892869999999","https://www.google.com/maps/place/Hebert+Contractors/@29.959213199999997,-90.10892869999999,13.99z/data=!4m16!1m7!3m6!1s0x47603a8aa2e707fd:0xb45717ca36d0764f!2sHebert+Contractors!8m2!3d29.959213199999997!4d-90.10892869999999!16s%2Fg%2F11ckvg1dmb!3m7!1s0x47603a8aa2e707fd:0xb45717ca36d0764f!8m2!3d29.959213199999997!4d-90.10892869999999!9m1!1b1!16s%2Fg%2F11ckvg1dmb?entry=ttu",ChIJ_Qfnooo6YEcRT3bQNsoXV7Q,0x47603a8aa2e707fd:0xb45717ca36d0764f,12994881407071319631,/g/11vz8p9fnc,-5451862666638231985,,info@workwithhebert.com,RECEIVING,SMTP validated,,,,,,,,,,,,,,,,,,,,,,5043562602,landline,,,,,,,,,,,http://facebook.com/squarespace,http://instagram.com/squarespace,,,,,,,,,http://twitter.com/squarespace,,,,,Hebert Contractors LLC,,,,False,False
"water damage restoration service, 70181, New Orleans, LA, US",JAB Restoration,Jab Restoration,https://www.jabrestoration.com/,"Construction company, Service establishment",Construction company,Construction company,+1 504-515-3808,landline,,,,,,,,,,,,30.937373599999997,-91.40087,8944400c20fffff,America/Chicago,,True,5.0,2.0,,,,0.0,0.0,0.0,0.0,2.0,,,,,"{""Sunday"": ""Closed"", ""Monday"": ""7AM-5PM"", ""Tuesday"": ""7AM-5PM"", ""Wednesday"": ""7AM-5PM"", ""Thursday"": ""7AM-5PM"", ""Friday"": ""7AM-5PM"", ""Saturday"": ""7AM-5PM""}","Sunday,|Monday,7AM,5PM|Tuesday,7AM,5PM|Wednesday,7AM,5PM|Thursday,7AM,5PM|Friday,7AM,5PM|Saturday,7AM,5PM",Sunday:Closed|Monday:7AM-5PM|Tuesday:7AM-5PM|Wednesday:7AM-5PM|Thursday:7AM-5PM|Friday:7AM-5PM|Saturday:7AM-5PM,,,OPERATIONAL,{},,,,https://lh6.googleusercontent.com/-CKiU57GtjHU/AAAAAAAAAAI/AAAAAAAAAAA/ID1wa07lEx8/s44-p-k-no-ns-nd/photo.jpg,,,True,105557364223919122172,JAB Restoration,https://www.google.com/maps/contrib/105557364223919122172,,,,,"https://www.google.com/maps/place/JAB+Restoration/@30.937373599999997,-91.40087,14z/data=!4m8!1m2!2m1!1sJAB+Restoration!3m4!1s0x6750a77edf759813:0x7b9c9b49f66b099d!8m2!3d30.937373599999997!4d-91.40087","https://www.google.com/maps/place/JAB+Restoration/@30.937373599999997,-91.40087,13.99z/data=!4m16!1m7!3m6!1s0x6750a77edf759813:0x7b9c9b49f66b099d!2sJAB+Restoration!8m2!3d30.937373599999997!4d-91.40087!16s%2Fg%2F11ckvg1dmb!3m7!1s0x6750a77edf759813:0x7b9c9b49f66b099d!8m2!3d30.937373599999997!4d-91.40087!9m1!1b1!16s%2Fg%2F11ckvg1dmb?entry=ttu",ChIJE5h1336nUGcRnQlr9kmbnHs,0x6750a77edf759813:0x7b9c9b49f66b099d,8907164905001126301,/g/11ydyk60dm,None,,,,,,,,,,,,,,,,,,,,,,,,,,18552046518,tollfree,,,,,,,,,,,,,,,,,,,,,,,,,,Not Available,,,,,
"water damage restoration service, 70181, New Orleans, LA, US",Alfapros,Alfapros,https://creative-solutions-3.ueniweb.com/,"Water damage restoration service, Service establishment, Flooring contractor, Home builder, Home inspector, Remodeler, Handyman/Handywoman/Handyperson",Handyman/Handywoman/Handyperson,Water damage restoration service,,,,,,,,,,,,,,34.0343276,-84.16050849999999,8944c12a14bffff,America/New_York,,True,5.0,1.0,https://search.google.com/local/reviews?placeid=ChIJ22SUO0-nIIYRJTk0zWDrbNs&q=*&authuser=0&hl=en&gl=US,,,0.0,0.0,0.0,0.0,1.0,75.0,https://lh3.googleusercontent.com/p/AF1QipPMeH5oijgEoNNYNtdQjqvHc1Srn7KR5Jy5p6Lw=w800-h500-k-no,https://lh3.googleusercontent.com/p/AF1QipPMeH5oijgEoNNYNtdQjqvHc1Srn7KR5Jy5p6Lw=w1600-h1000-k-no,,"{""Monday"": ""8AM-5PM"", ""Tuesday"": ""8AM-5PM"", ""Wednesday"": ""8AM-5PM"", ""Thursday"": ""8AM-5PM"", ""Friday"": ""8AM-5PM"", ""Saturday"": ""Closed"", ""Sunday"": ""Closed""}","Sunday,|Monday,8AM,5PM|Tuesday,8AM,5PM|Wednesday,8AM,5PM|Thursday,8AM,5PM|Friday,8AM,5PM|Saturday,",Monday:8AM-5PM|Tuesday:8AM-5PM|Wednesday:8AM-5PM|Thursday:8AM-5PM|Friday:8AM-5PM|Saturday:Closed|Sunday:Closed,,,OPERATIONAL,"{""Service options"": {""Online estimates"": false, ""Language assistance"": ""American Sign Language, Arabic, Cantonese, English, Filipino, French, German, Haitian Creole, Hindi, Italian, Korean, Mandarin, Polish, Portuguese, Romanian, Russian, Spanish, Ukrainian, Vietnamese""}, ""Crowd"": {""LGBTQ+ friendly"": true}, ""Other"": {""LGBTQ+ friendly"": true}}",,,,https://lh6.googleusercontent.com/-_5n43FLJ8Ew/AAAAAAAAAAI/AAAAAAAAAAA/j0KPPOd5FjE/s44-p-k-no-ns-nd/photo.jpg,,,True,112814999790158055033,Alfapros,https://www.google.com/maps/contrib/112814999790158055033,,,,,"https://www.google.com/maps/place/Alfapros/@34.0343276,-84.16050849999999,14z/data=!4m8!1m2!2m1!1sAlfapros!3m4!1s0x8620a74f3b9464db:0xdb6ceb60cd343925!8m2!3d34.0343276!4d-84.16050849999999","https://www.google.com/maps/place/Alfapros/@34.0343276,-84.16050849999999,13.99z/data=!4m16!1m7!3m6!1s0x8620a74f3b9464db:0xdb6ceb60cd343925!2sAlfapros!8m2!3d34.0343276!4d-84.16050849999999!16s%2Fg%2F11ckvg1dmb!3m7!1s0x8620a74f3b9464db:0xdb6ceb60cd343925!8m2!3d34.0343276!4d-84.16050849999999!9m1!1b1!16s%2Fg%2F11ckvg1dmb?entry=ttu",ChIJ22SUO0-nIIYRJTk0zWDrbNs,0x8620a74f3b9464db:0xdb6ceb60cd343925,15811271192783108389,/g/11hfj_1w9q,-2635472880926443227,,0ericward0@gmail.com,RECEIVING,SMTP validated,,,,,,,,,,,,,,,,,,,,,,,,,,,,,,,,,,,,,,,,,,,,,,,,,Quality Services - Creative Solutions | Handyman in New Orleans,,"I treat your property like my property. Whether it’s framing, restoration, or general cleaning, you can count on me to see it through. I'm so proud of my craftsmanship and attention to detail that I guarantee every single service. I respect your hom",,False,False
"water damage restoration service, 70181, New Orleans, LA, US","iMold Consultants, LLC",Imold Consultants,,"Water damage restoration service, Building inspector, Environmental consultant",Environmental consultant,Water damage restoration service,+1 504-644-9525,mobile,"NEW CINGULAR WIRELESS PCS, LLC - GA",,"133 Enterprise Dr, Gretna, LA 70056",None,133 Enterprise Dr,Gretna,70056,Louisiana,Louisiana,United States of America,US,29.8957786,-90.0427385,89444651d47ffff,America/Chicago,,False,5.0,1.0,https://search.google.com/local/reviews?placeid=ChIJB--EXz6nIIYRNgsV4Ir8rVY&q=*&authuser=0&hl=en&gl=US,,,0.0,0.0,0.0,0.0,1.0,1.0,https://streetviewpixels-pa.googleapis.com/v1/thumbnail?panoid=gyE0hNAmNpGcmn-cwrLAVQ&cb_client=search.gws-prod.gps&w=800&h=500&yaw=109.29937&pitch=0&thumbfov=100,https://streetviewpixels-pa.googleapis.com/v1/thumbnail?panoid=gyE0hNAmNpGcmn-cwrLAVQ&cb_client=search.gws-prod.gps&w=1600&h=1000&yaw=109.29937&pitch=0&thumbfov=100,,"{""Sunday"": ""Open 24 hours"", ""Monday"": ""Open 24 hours"", ""Tuesday"": ""Open 24 hours"", ""Wednesday"": ""Open 24 hours"", ""Thursday"": ""8:30AM-5PM"", ""Friday"": ""Open 24 hours"", ""Saturday"": ""8:30AM-5PM""}","Sunday,Open 24 hours|Monday,Open 24 hours|Tuesday,Open 24 hours|Wednesday,Open 24 hours|Thursday,8:30AM,5PM|Friday,Open 24 hours|Saturday,8:30AM,5PM",Sunday:Open 24 hours|Monday:Open 24 hours|Tuesday:Open 24 hours|Wednesday:Open 24 hours|Thursday:8:30AM-5PM|Friday:Open 24 hours|Saturday:8:30AM-5PM,,,OPERATIONAL,"{""Accessibility"": {""Wheelchair accessible parking lot"": true}}",,,,https://lh3.googleusercontent.com/-RPcZl6zF4pI/AAAAAAAAAAI/AAAAAAAAAAA/sza7FVc0KlA/s44-p-k-no-ns-nd/photo.jpg,,,True,106466952632891140134,"iMold Consultants, LLC",https://www.google.com/maps/contrib/106466952632891140134,,,,,"https://www.google.com/maps/place/iMold+Consultants%2C+LLC/@29.8957786,-90.0427385,14z/data=!4m8!1m2!2m1!1siMold+Consultants%2C+LLC!3m4!1s0x8620a73e5f84ef07:0x56adfc8ae0150b36!8m2!3d29.8957786!4d-90.0427385","https://www.google.com/maps/place/iMold+Consultants%2C+LLC/@29.8957786,-90.0427385,13.99z/data=!4m16!1m7!3m6!1s0x8620a73e5f84ef07:0x56adfc8ae0150b36!2siMold+Consultants%2C+LLC!8m2!3d29.8957786!4d-90.0427385!16s%2Fg%2F11ckvg1dmb!3m7!1s0x8620a73e5f84ef07:0x56adfc8ae0150b36!8m2!3d29.8957786!4d-90.0427385!9m1!1b1!16s%2Fg%2F11ckvg1dmb?entry=ttu",ChIJB--EXz6nIIYRNgsV4Ir8rVY,0x8620a73e5f84ef07:0x56adfc8ae0150b36,6245925931627907894,/g/11fks5hckc,6245925931627907894,,,,,,,,,,,,,,,,,,,,,,,,,,,,,,,,,,,,,,,,,,,,,,,,,,,,,,,,,,
"water damage restoration service, 70181, New Orleans, LA, US",Mold Inspection & Testing New Orleans LA,Mold Inspection And Testing New Orleans La,http://www.moldinspectionandtest.com/new-orleans-la,"Home inspector, Commercial real estate inspector, Service establishment",Home inspector,Home inspector,+1 504-533-8719,fixed line,"LEVEL 3 COMMUNICATIONS, LLC - ",,,,,,,,,,,30.937373599999997,-91.40087,8944400c20fffff,America/Chicago,,True,4.4,32.0,https://search.google.com/local/reviews?placeid=ChIJcyTXEreoIIYRPaHp2199X_0&q=*&authuser=0&hl=en&gl=US,,,5.0,0.0,0.0,0.0,27.0,97.0,https://lh3.googleusercontent.com/p/AF1QipMFkKcYE7WQ_JS9rhkc4N3zRydDFaEZIr_yqb2X=w800-h500-k-no,https://lh3.googleusercontent.com/p/AF1QipMFkKcYE7WQ_JS9rhkc4N3zRydDFaEZIr_yqb2X=w1600-h1000-k-no,,"{""Sunday"": ""8AM-8PM"", ""Monday"": ""8AM-8PM"", ""Tuesday"": ""8AM-8PM"", ""Wednesday"": ""8AM-8PM"", ""Thursday"": ""8AM-8PM"", ""Friday"": ""8AM-8PM"", ""Saturday"": ""8AM-8PM""}","Sunday,8AM,8PM|Monday,8AM,8PM|Tuesday,8AM,8PM|Wednesday,8AM,8PM|Thursday,8AM,8PM|Friday,8AM,8PM|Saturday,8AM,8PM",Sunday:8AM-8PM|Monday:8AM-8PM|Tuesday:8AM-8PM|Wednesday:8AM-8PM|Thursday:8AM-8PM|Friday:8AM-8PM|Saturday:8AM-8PM,,,OPERATIONAL,"{""Planning"": {""Appointment required"": true}}",,,,https://lh4.googleusercontent.com/-z_qB7Vol7QI/AAAAAAAAAAI/AAAAAAAAAAA/4HBYxvIWxsE/s44-p-k-no-ns-nd/photo.jpg,,,True,105159163383122091710,Mold Inspection & Testing New Orleans LA,https://www.google.com/maps/contrib/105159163383122091710,,,,,"https://www.google.com/maps/place/Mold+Inspection+%26+Testing+New+Orleans+LA/@30.937373599999997,-91.40087,14z/data=!4m8!1m2!2m1!1sMold+Inspection+%26+Testing+New+Orleans+LA!3m4!1s0x8620a8b712d72473:0xfd5f7d5fdbe9a13d!8m2!3d30.937373599999997!4d-91.40087","https://www.google.com/maps/place/Mold+Inspection+%26+Testing+New+Orleans+LA/@30.937373599999997,-91.40087,13.99z/data=!4m16!1m7!3m6!1s0x8620a8b712d72473:0xfd5f7d5fdbe9a13d!2sMold+Inspection+%26+Testing+New+Orleans+LA!8m2!3d30.937373599999997!4d-91.40087!16s%2Fg%2F11ckvg1dmb!3m7!1s0x8620a8b712d72473:0xfd5f7d5fdbe9a13d!8m2!3d30.937373599999997!4d-91.40087!9m1!1b1!16s%2Fg%2F11ckvg1dmb?entry=ttu",ChIJcyTXEreoIIYRPaHp2199X_0,0x8620a8b712d72473:0xfd5f7d5fdbe9a13d,18257449265048166717,/g/1jkxhc8x_,-189294808661384899,,zach@zachofalltradesllc.com,INVALID,Undeliverable,Zach Purchase,Zach,Purchase,Owner,,office@mitmold.com,RECEIVING,SMTP validated,,,,,,mitmold@gmail.com,RECEIVING,SMTP validated,,,,,,8556006653,toll_free,,,9412195511,T-Mobile USA Inc.,mobile,,6123999001,,landline,,https://www.facebook.com/MoldInspectionandTesting/,,http://www.linkedin.com/company/5023197,,,,,,,,http://twitter.com/mitmold,,,,,Mold Inspection | Mold Testing,,"MI&T is the largest mold inspection only company in the United States, offering over 40 major metropolitan areas mold testing without a conflict of interest.","Mold Inspection, Mold Testing, Mold Expert, Mold Inspection and Testing",False,True
"water damage restoration service, 70181, New Orleans, LA, US",PuroClean,Puroclean,https://www.puroclean.com/,Water damage restoration service,Water damage restoration service,Water damage restoration service,,,,,"204 Trefny Ave, Metairie, LA 70003",None,204 Trefny Ave,Metairie,70003,Louisiana,Louisiana,United States of America,US,29.9777348,-90.20109629999999,894446543b7ffff,America/Chicago,,False,,,,,,,,,,,1.0,https://streetviewpixels-pa.googleapis.com/v1/thumbnail?panoid=e1VAXNu1UzT9k8ZEVi_1Mw&cb_client=search.gws-prod.gps&w=800&h=500&yaw=263.0108&pitch=0&thumbfov=100,https://streetviewpixels-pa.googleapis.com/v1/thumbnail?panoid=e1VAXNu1UzT9k8ZEVi_1Mw&cb_client=search.gws-prod.gps&w=1600&h=1000&yaw=263.0108&pitch=0&thumbfov=100,,"{""Sunday"": ""Closed"", ""Monday"": ""Open 24 hours"", ""Tuesday"": ""Open 24 hours"", ""Wednesday"": ""Open 24 hours"", ""Thursday"": ""Open 24 hours"", ""Friday"": ""Open 24 hours"", ""Saturday"": ""Open 24 hours""}","Sunday,|Monday,Open 24 hours|Tuesday,Open 24 hours|Wednesday,Open 24 hours|Thursday,Open 24 hours|Friday,Open 24 hours|Saturday,Open 24 hours",Sunday:Closed|Monday:Open 24 hours|Tuesday:Open 24 hours|Wednesday:Open 24 hours|Thursday:Open 24 hours|Friday:Open 24 hours|Saturday:Open 24 hours,,,OPERATIONAL,{},,,,,,,False,None,PuroClean,,,,,,"https://www.google.com/maps/place/PuroClean/@29.9777348,-90.20109629999999,14z/data=!4m8!1m2!2m1!1sPuroClean!3m4!1s0x8620b09e9d98fd9f:0x7eccbf82da9df9c9!8m2!3d29.9777348!4d-90.20109629999999","https://www.google.com/maps/place/PuroClean/@29.9777348,-90.20109629999999,13.99z/data=!4m16!1m7!3m6!1s0x8620b09e9d98fd9f:0x7eccbf82da9df9c9!2sPuroClean!8m2!3d29.9777348!4d-90.20109629999999!16s%2Fg%2F11ckvg1dmb!3m7!1s0x8620b09e9d98fd9f:0x7eccbf82da9df9c9!8m2!3d29.9777348!4d-90.20109629999999!9m1!1b1!16s%2Fg%2F11ckvg1dmb?entry=ttu",ChIJn_2YnZ6wIIYRyfmd2oK_zH4,0x8620b09e9d98fd9f:0x7eccbf82da9df9c9,9136888312762333641,/g/11f122lx8_,None,,ukjackusa@gmail.com,RECEIVING,Verified,Jonathan Beever,Jonathan,Beever,President,18458534433,bsktballgurl@sbcglobal.net,INVALID,Invalid SMTP,Shaunley Sharp,Shaunley,Sharp,Director Of Marketing,,parker.builders@comcast.net,INVALID,Undeliverable,David Parker,David,Parker,Owner,,8007757876,toll_free,,,44124422,Telappliant Ltd,unknown,,2144632252,"TWILIO INTERNATIONAL, INC.",voip,,http://www.facebook.com/puroclean-1408888999414419,https://www.instagram.com/puroclean_of_downers_grove,https://www.linkedin.com/company/puroclean-restoration-professionals---stevens-point-wi,,,,,,,,http://www.twitter.com/puroclean,,https://www.youtube.com/user/purosystems,,,1-2-3 of Property Restoration with PuroClean Downers Grove,wordpress,"PuroClean helps DuPage customers and businesses with fire, smoke, and water damage, mold removal, and biohazard and reconstruction services.",,False,False
"water damage restoration service, 70181, New Orleans, LA, US",Complete Sheetrock Services LLC,Complete Sheetrock Services,,"Water damage restoration service, Dry wall contractor",Dry wall contractor,Water damage restoration service,+1 504-232-1776,mobile,CELLCO PARTNERSHIP DBA VERIZON WIRELESS - LA,,"3312 Claire Ave, Gretna, LA 70053",None,3312 Claire Ave,Gretna,70053,Louisiana,Louisiana,United States of America,US,29.887452699999997,-90.04877839999999,89444651d13ffff,America/Chicago,,False,4.5,15.0,https://search.google.com/local/reviews?placeid=ChIJUVKii8CnIIYRWKyWN1vPkhM&q=*&authuser=0&hl=en&gl=US,,,2.0,0.0,0.0,0.0,13.0,12.0,https://lh3.googleusercontent.com/p/AF1QipOyuaj-pt9jaCGRlFuO3H_uW8mDj6jvl6CGEVFe=w800-h500-k-no,https://lh3.googleusercontent.com/p/AF1QipOyuaj-pt9jaCGRlFuO3H_uW8mDj6jvl6CGEVFe=w1600-h1000-k-no,,"{""Sunday"": ""Closed"", ""Monday"": ""8AM-5PM"", ""Tuesday"": ""8AM-5PM"", ""Wednesday"": ""9AM-5PM"", ""Thursday"": ""8AM-5PM"", ""Friday"": ""8AM-5PM"", ""Saturday"": ""8AM-5PM""}","Sunday,|Monday,8AM,5PM|Tuesday,8AM,5PM|Wednesday,9AM,5PM|Thursday,8AM,5PM|Friday,8AM,5PM|Saturday,8AM,5PM",Sunday:Closed|Monday:8AM-5PM|Tuesday:8AM-5PM|Wednesday:9AM-5PM|Thursday:8AM-5PM|Friday:8AM-5PM|Saturday:8AM-5PM,,,OPERATIONAL,"{""Service options"": {""Online estimates"": false, ""Onsite services"": false}}",,,,https://lh5.googleusercontent.com/-17_cklvQ65w/AAAAAAAAAAI/AAAAAAAAAAA/rdwd70LgpKU/s44-p-k-no-ns-nd/photo.jpg,,,True,112813675871902712101,Complete Sheetrock Services LLC,https://www.google.com/maps/contrib/112813675871902712101,,,,,"https://www.google.com/maps/place/Complete+Sheetrock+Services+LLC/@29.887452699999997,-90.04877839999999,14z/data=!4m8!1m2!2m1!1sComplete+Sheetrock+Services+LLC!3m4!1s0x8620a7c08ba25251:0x1392cf5b3796ac58!8m2!3d29.887452699999997!4d-90.04877839999999","https://www.google.com/maps/place/Complete+Sheetrock+Services+LLC/@29.887452699999997,-90.04877839999999,13.99z/data=!4m16!1m7!3m6!1s0x8620a7c08ba25251:0x1392cf5b3796ac58!2sComplete+Sheetrock+Services+LLC!8m2!3d29.887452699999997!4d-90.04877839999999!16s%2Fg%2F11ckvg1dmb!3m7!1s0x8620a7c08ba25251:0x1392cf5b3796ac58!8m2!3d29.887452699999997!4d-90.04877839999999!9m1!1b1!16s%2Fg%2F11ckvg1dmb?entry=ttu",ChIJUVKii8CnIIYRWKyWN1vPkhM,0x8620a7c08ba25251:0x1392cf5b3796ac58,1410417624001981528,/g/11p5kcggds,1410417624001981528,,,,,,,,,,,,,,,,,,,,,,,,,,,,,,,,,,,,,,,,,,,,,,,,,,,,,,,,,,
"water damage restoration service, 70181, New Orleans, LA, US",Gulf Coast Solutions,Gulf Coast Solutions,,"Water damage restoration service, Construction company, Fire damage restoration service, Remodeler",Water damage restoration service,Water damage restoration service,+1 504-452-0835,mobile,"NEW CINGULAR WIRELESS PCS, LLC - GA",,"4417 Transcontinental Dr Suite E, Metairie, LA 70006",None,4417 Transcontinental Dr Suite E,Metairie,70006,Louisiana,Louisiana,United States of America,US,30.017932499999997,-90.1983259,89444654a0bffff,America/Chicago,,False,,,,,,,,,,,2.0,https://streetviewpixels-pa.googleapis.com/v1/thumbnail?panoid=QuHId-XzRxoVEplV-dmU9w&cb_client=search.gws-prod.gps&w=800&h=500&yaw=60.006676&pitch=0&thumbfov=100,https://lh3.googleusercontent.com/p/AF1QipOpcNvt1VOTM13ExPAYJH1MFEIlRM0b-oGXpNEJ=w1600-h1000-k-no,,"{""Sunday"": ""Open 24 hours"", ""Monday"": ""Open 24 hours"", ""Tuesday"": ""Open 24 hours"", ""Wednesday"": ""Open 24 hours"", ""Thursday"": ""Open 24 hours"", ""Friday"": ""Open 24 hours"", ""Saturday"": ""Open 24 hours""}","Sunday,Open 24 hours|Monday,Open 24 hours|Tuesday,Open 24 hours|Wednesday,Open 24 hours|Thursday,Open 24 hours|Friday,Open 24 hours|Saturday,Open 24 hours",Sunday:Open 24 hours|Monday:Open 24 hours|Tuesday:Open 24 hours|Wednesday:Open 24 hours|Thursday:Open 24 hours|Friday:Open 24 hours|Saturday:Open 24 hours,,,OPERATIONAL,"{""Accessibility"": {""Wheelchair accessible entrance"": true, ""Wheelchair accessible parking lot"": true}}",,,,https://lh3.googleusercontent.com/-JBOt7vsMq6w/AAAAAAAAAAI/AAAAAAAAAAA/g87ErWF7uHM/s44-p-k-no-ns-nd/photo.jpg,,,True,114857127095343423571,Gulf Coast Solutions,https://www.google.com/maps/contrib/114857127095343423571,,,,,"https://www.google.com/maps/place/Gulf+Coast+Solutions/@30.017932499999997,-90.1983259,14z/data=!4m8!1m2!2m1!1sGulf+Coast+Solutions!3m4!1s0x6f9fb12b6bddad4f:0xcf7f05ba312a4bc6!8m2!3d30.017932499999997!4d-90.1983259","https://www.google.com/maps/place/Gulf+Coast+Solutions/@30.017932499999997,-90.1983259,13.99z/data=!4m16!1m7!3m6!1s0x6f9fb12b6bddad4f:0xcf7f05ba312a4bc6!2sGulf+Coast+Solutions!8m2!3d30.017932499999997!4d-90.1983259!16s%2Fg%2F11ckvg1dmb!3m7!1s0x6f9fb12b6bddad4f:0xcf7f05ba312a4bc6!8m2!3d30.017932499999997!4d-90.1983259!9m1!1b1!16s%2Fg%2F11ckvg1dmb?entry=ttu",ChIJT63dayuxn28RxksqMboFf88,0x6f9fb12b6bddad4f:0xcf7f05ba312a4bc6,14951675585140247494,/g/11wn51z1v_,None,,,,,,,,,,,,,,,,,,,,,,,,,,,,,,,,,,,,,,,,,,,,,,,,,,,,,,,,,,
"water damage restoration service, 70181, New Orleans, LA, US",Peralta Renovations,Peralta Renovations,https://peraltarenovations.com/%3Futm_source%3Dgoogle%26utm_medium%3Dorganic%26utm_campaign%3Dgmb-primary-link,"Roofing contractor, Construction company, Gutter service, Painting, Siding contractor",Roofing contractor,Roofing contractor,+1 504-388-3003,mobile,"NEW CINGULAR WIRELESS PCS, LLC - GA",,"1908 Clearview Pkwy Suite 102, Metairie, LA 70001",None,1908 Clearview Pkwy Suite 102,Metairie,70001,Louisiana,Louisiana,United States of America,US,29.9917087,-90.18160739999999,89444655dd7ffff,America/Chicago,,False,5.0,61.0,https://search.google.com/local/reviews?placeid=ChIJGdxr3GK7IIYRoVAN9zZF8Sc&q=*&authuser=0&hl=en&gl=US,,,0.0,0.0,0.0,0.0,61.0,295.0,https://lh3.googleusercontent.com/p/AF1QipM9FhdqRsegSfQeeWBtQHSOtEHrIfkRdKeXBJWZ=w800-h500-k-no,https://lh3.googleusercontent.com/p/AF1QipM9FhdqRsegSfQeeWBtQHSOtEHrIfkRdKeXBJWZ=w1600-h1000-k-no,,"{""Sunday"": ""Closed"", ""Monday"": ""7AM-7PM"", ""Tuesday"": ""7AM-7PM"", ""Wednesday"": ""7AM-7PM"", ""Thursday"": ""7AM-7PM"", ""Friday"": ""7AM-7PM"", ""Saturday"": ""7AM-3PM""}","Sunday,|Monday,7AM,7PM|Tuesday,7AM,7PM|Wednesday,7AM,7PM|Thursday,7AM,7PM|Friday,7AM,7PM|Saturday,7AM,3PM",Sunday:Closed|Monday:7AM-7PM|Tuesday:7AM-7PM|Wednesday:7AM-7PM|Thursday:7AM-7PM|Friday:7AM-7PM|Saturday:7AM-3PM,,,OPERATIONAL,"{""Service options"": {""Onsite services"": true}, ""Accessibility"": {""Wheelchair accessible parking lot"": true}}",,,,https://lh4.googleusercontent.com/-oHq1pIPObc8/AAAAAAAAAAI/AAAAAAAAAAA/r0VCtnOwQ_c/s44-p-k-no-ns-nd/photo.jpg,,,True,101555054557954048818,Peralta Renovations,https://www.google.com/maps/contrib/101555054557954048818,,https://peraltarenovations.com/free-estimate/?utm_source=google&utm_medium=organic&utm_campaign=gmb-appt-link,,https://peraltarenovations.com/free-estimate/?utm_source=google&utm_medium=organic&utm_campaign=gmb-appt-link,"https://www.google.com/maps/place/Peralta+Renovations/@29.9917087,-90.18160739999999,14z/data=!4m8!1m2!2m1!1sPeralta+Renovations!3m4!1s0x8620bb62dc6bdc19:0x27f14536f70d50a1!8m2!3d29.9917087!4d-90.18160739999999","https://www.google.com/maps/place/Peralta+Renovations/@29.9917087,-90.18160739999999,13.99z/data=!4m16!1m7!3m6!1s0x8620bb62dc6bdc19:0x27f14536f70d50a1!2sPeralta+Renovations!8m2!3d29.9917087!4d-90.18160739999999!16s%2Fg%2F11ckvg1dmb!3m7!1s0x8620bb62dc6bdc19:0x27f14536f70d50a1!8m2!3d29.9917087!4d-90.18160739999999!9m1!1b1!16s%2Fg%2F11ckvg1dmb?entry=ttu",ChIJGdxr3GK7IIYRoVAN9zZF8Sc,0x8620bb62dc6bdc19:0x27f14536f70d50a1,2878157739241853089,/g/11rkgkhnwl,2878157739241853089,,info@peraltarenovations.com,RECEIVING,SMTP validated,,,,,,,,,,,,,,,,,,,,,,15045596514,mobile,"NEW CINGULAR WIRELESS PCS, LLC - GA",,15043848751,,landline,,5045596514,"NEW CINGULAR WIRELESS PCS, LLC - GA",mobile,,https://www.facebook.com/PeraltaRenovations,https://www.instagram.com/peraltarenovations,,,,,,,,,,,,,,$1000 Off Roof Replacements | Roofing Company – About Us,WordPress 6.8.3,"Save $1,000 on your full roof replacement – discover why we’re New Orleans’ premier roofing company—quality service and trust await you.",,False,False
"water damage restoration service, 70181, New Orleans, LA, US",Cage and Company Cleaning Service LLC,Cage And Company Cleaning Service,,"Water damage restoration service, Carpet cleaning service, Cleaners, Debris removal service, Service establishment, House cleaning service, Pressure washing service, Sanitation service, Pool cleaning service",Pool cleaning service,Water damage restoration service,+1 504-515-4000,landline,,,,,,,,,,,,30.0326605,-89.9849895,89444641c43ffff,America/Chicago,,True,5.0,5.0,https://search.google.com/local/reviews?placeid=ChIJVR_q5Qq3IIYRG1xdBWCN2q4&q=*&authuser=0&hl=en&gl=US,,,0.0,0.0,0.0,0.0,5.0,10.0,https://lh3.googleusercontent.com/p/AF1QipNZD6ykH6aLIYs7lCH_vmfmepxkOf187vfnl0g0=w800-h500-k-no,https://lh3.googleusercontent.com/p/AF1QipNZD6ykH6aLIYs7lCH_vmfmepxkOf187vfnl0g0=w1600-h1000-k-no,,"{""Sunday"": ""Closed"", ""Monday"": ""Closed"", ""Tuesday"": ""9AM-5PM"", ""Wednesday"": ""9AM-5PM"", ""Thursday"": ""9AM-5PM"", ""Friday"": ""9AM-5PM"", ""Saturday"": ""9AM-5PM""}","Sunday,|Monday,|Tuesday,9AM,5PM|Wednesday,9AM,5PM|Thursday,9AM,5PM|Friday,9AM,5PM|Saturday,9AM,5PM",Sunday:Closed|Monday:Closed|Tuesday:9AM-5PM|Wednesday:9AM-5PM|Thursday:9AM-5PM|Friday:9AM-5PM|Saturday:9AM-5PM,,,OPERATIONAL,{},,,,https://lh4.googleusercontent.com/-bJ-awdsLxb8/AAAAAAAAAAI/AAAAAAAAAAA/U1hzx1Vjh_4/s44-p-k-no-ns-nd/photo.jpg,,,True,117413362372649511010,Cage and Company Cleaning Service LLC,https://www.google.com/maps/contrib/117413362372649511010,,,,,"https://www.google.com/maps/place/Cage+and+Company+Cleaning+Service+LLC/@30.0326605,-89.9849895,14z/data=!4m8!1m2!2m1!1sCage+and+Company+Cleaning+Service+LLC!3m4!1s0x8620b70ae5ea1f55:0xaeda8d60055d5c1b!8m2!3d30.0326605!4d-89.9849895","https://www.google.com/maps/place/Cage+and+Company+Cleaning+Service+LLC/@30.0326605,-89.9849895,13.99z/data=!4m16!1m7!3m6!1s0x8620b70ae5ea1f55:0xaeda8d60055d5c1b!2sCage+and+Company+Cleaning+Service+LLC!8m2!3d30.0326605!4d-89.9849895!16s%2Fg%2F11ckvg1dmb!3m7!1s0x8620b70ae5ea1f55:0xaeda8d60055d5c1b!8m2!3d30.0326605!4d-89.9849895!9m1!1b1!16s%2Fg%2F11ckvg1dmb?entry=ttu",ChIJVR_q5Qq3IIYRG1xdBWCN2q4,0x8620b70ae5ea1f55:0xaeda8d60055d5c1b,12599538351068765211,/g/11n033rbkb,-5847205722640786405,,,,,,,,,,,,,,,,,,,,,,,,,,,,,,,,,,,,,,,,,,,,,,,,,,,,,,,,,,
"water damage restoration service, 70181, New Orleans, LA, US",Complete Sheetrock Services,Complete Sheetrock Services,,"Water damage restoration service, Bathroom remodeler, Dry wall contractor, Service establishment, Fire damage restoration service, Kitchen remodeler, Painting, Contractor",Contractor,Water damage restoration service,+1 504-232-1776,mobile,CELLCO PARTNERSHIP DBA VERIZON WIRELESS - LA,,,,,,,,,,,31.925613,-91.07061999999999,8944430856fffff,America/Chicago,,True,3.8,10.0,https://search.google.com/local/reviews?placeid=ChIJvbpofM6mIIYRx1kImlqN_gk&q=*&authuser=0&hl=en&gl=US,,,3.0,0.0,0.0,0.0,7.0,8.0,https://lh3.googleusercontent.com/gps-cs-s/AG0ilSzHvnRvlL0juDf1TCG1A8QWbdJCqY9zCOr6BpUGGrWrVngreo1HeZgtAPxXuHSTCIzDqqkbdVLNXeodVy3t-sWj1Gb-saseTYlBiSPncX0YwOumHBN3HU6LRW_KRQYD3nUhmoIvbg=w800-h500-k-no,https://lh3.googleusercontent.com/gps-cs-s/AG0ilSzHvnRvlL0juDf1TCG1A8QWbdJCqY9zCOr6BpUGGrWrVngreo1HeZgtAPxXuHSTCIzDqqkbdVLNXeodVy3t-sWj1Gb-saseTYlBiSPncX0YwOumHBN3HU6LRW_KRQYD3nUhmoIvbg=w1600-h1000-k-no,,"{""Sunday"": ""Open 24 hours"", ""Monday"": ""Open 24 hours"", ""Tuesday"": ""Open 24 hours"", ""Wednesday"": ""Open 24 hours"", ""Thursday"": ""Open 24 hours"", ""Friday"": ""Open 24 hours"", ""Saturday"": ""Open 24 hours""}","Sunday,Open 24 hours|Monday,Open 24 hours|Tuesday,Open 24 hours|Wednesday,Open 24 hours|Thursday,Open 24 hours|Friday,Open 24 hours|Saturday,Open 24 hours",Sunday:Open 24 hours|Monday:Open 24 hours|Tuesday:Open 24 hours|Wednesday:Open 24 hours|Thursday:Open 24 hours|Friday:Open 24 hours|Saturday:Open 24 hours,,,OPERATIONAL,{},,,,https://lh4.googleusercontent.com/-6GYoHX0Sehs/AAAAAAAAAAI/AAAAAAAAAAA/a8Wg2wUODOA/s44-p-k-no-ns-nd/photo.jpg,,,True,100695935266793393971,Complete Sheetrock Services,https://www.google.com/maps/contrib/100695935266793393971,,,,,"https://www.google.com/maps/place/Complete+Sheetrock+Services/@31.925613,-91.07061999999999,14z/data=!4m8!1m2!2m1!1sComplete+Sheetrock+Services!3m4!1s0x8620a6ce7c68babd:0x9fe8d5a9a0859c7!8m2!3d31.925613!4d-91.07061999999999","https://www.google.com/maps/place/Complete+Sheetrock+Services/@31.925613,-91.07061999999999,13.99z/data=!4m16!1m7!3m6!1s0x8620a6ce7c68babd:0x9fe8d5a9a0859c7!2sComplete+Sheetrock+Services!8m2!3d31.925613!4d-91.07061999999999!16s%2Fg%2F11ckvg1dmb!3m7!1s0x8620a6ce7c68babd:0x9fe8d5a9a0859c7!8m2!3d31.925613!4d-91.07061999999999!9m1!1b1!16s%2Fg%2F11ckvg1dmb?entry=ttu",ChIJvbpofM6mIIYRx1kImlqN_gk,0x8620a6ce7c68babd:0x9fe8d5a9a0859c7,720168410696669639,/g/1thhkwdt,720168410696669639,,,,,,,,,,,,,,,,,,,,,,,,,,,,,,,,,,,,,,,,,,,,,,,,,,,,,,,,,,
"water damage restoration service, 70181, New Orleans, LA, US",Simplex Roof,Simplex Roof,https://simplexroof.com/,"Water damage restoration service, Contractor, General contractor, Gutter service, Remodeler, Repair service, Siding contractor, Roofing contractor, Waterproofing service",Roofing contractor,Water damage restoration service,+1 504-384-0676,landline,,,"1 Galleria Blvd Suite 1900, Metairie, LA 70001",None,1 Galleria Blvd Suite 1900,Metairie,70001,Louisiana,Louisiana,United States of America,US,29.9959152,-90.15220509999999,894446558dbffff,America/Chicago,,False,5.0,64.0,https://search.google.com/local/reviews?placeid=ChIJryNt6xmxIIYRktKGYIit6Wk&q=*&authuser=0&hl=en&gl=US,,,0.0,0.0,0.0,0.0,64.0,208.0,https://lh3.googleusercontent.com/p/AF1QipPEHjsSq-y109MqmBgAa8WlqLazFE-gtahcsb2f=w800-h500-k-no,https://lh3.googleusercontent.com/p/AF1QipPEHjsSq-y109MqmBgAa8WlqLazFE-gtahcsb2f=w1600-h1000-k-no,,"{""Sunday"": ""Open 24 hours"", ""Monday"": ""Open 24 hours"", ""Tuesday"": ""Open 24 hours"", ""Wednesday"": ""Open 24 hours"", ""Thursday"": ""Open 24 hours"", ""Friday"": ""Open 24 hours"", ""Saturday"": ""Open 24 hours""}","Sunday,Open 24 hours|Monday,Open 24 hours|Tuesday,Open 24 hours|Wednesday,Open 24 hours|Thursday,Open 24 hours|Friday,Open 24 hours|Saturday,Open 24 hours",Sunday:Open 24 hours|Monday:Open 24 hours|Tuesday:Open 24 hours|Wednesday:Open 24 hours|Thursday:Open 24 hours|Friday:Open 24 hours|Saturday:Open 24 hours,,,OPERATIONAL,"{""Service options"": {""Onsite services"": true, ""Language assistance"": ""English, Spanish""}, ""Accessibility"": {""Wheelchair accessible parking lot"": true}}",,,,https://lh5.googleusercontent.com/-maDAS0i_nFA/AAAAAAAAAAI/AAAAAAAAAAA/C9P1hpZx_po/s44-p-k-no-ns-nd/photo.jpg,,,True,109270409959104083803,Simplex Roof,https://www.google.com/maps/contrib/109270409959104083803,,https://simplexroof.com/free-roof-inspection.html,,https://simplexroof.com/free-roof-inspection.html,"https://www.google.com/maps/place/Simplex+Roof/@29.9959152,-90.15220509999999,14z/data=!4m8!1m2!2m1!1sSimplex+Roof!3m4!1s0x8620b119eb6d23af:0x69e9ad886086d292!8m2!3d29.9959152!4d-90.15220509999999","https://www.google.com/maps/place/Simplex+Roof/@29.9959152,-90.15220509999999,13.99z/data=!4m16!1m7!3m6!1s0x8620b119eb6d23af:0x69e9ad886086d292!2sSimplex+Roof!8m2!3d29.9959152!4d-90.15220509999999!16s%2Fg%2F11ckvg1dmb!3m7!1s0x8620b119eb6d23af:0x69e9ad886086d292!8m2!3d29.9959152!4d-90.15220509999999!9m1!1b1!16s%2Fg%2F11ckvg1dmb?entry=ttu",ChIJryNt6xmxIIYRktKGYIit6Wk,0x8620b119eb6d23af:0x69e9ad886086d292,7631821844802622098,/g/11jzsh7vy9,7631821844802622098,,info@simplexroof.com,RECEIVING,SMTP validated,,,,,,jose.cabrera@simplexroof.com,RECEIVING,Catch All,,,,,,,,,,,,,,15043840676,landline,,,18328558685,T-Mobile,mobile,True,5043840676,,landline,,https://www.facebook.com/simplexroofrepair,https://www.instagram.com/simplex_roof,,,,,,,,,https://twitter.com/https,,,,,"Roofing Contractor Near You in Tomball, TX | Repairs",WordPress 6.8.3,"Looking for a roofing contractor near you in Tomball, TX? We specialize in roof repair and roof replacement services. Contact us today for expert solutions!",,False,False
"water damage restoration service, 70181, New Orleans, LA, US",Roof Squad,Roof Squad,https://www.roofsquad.com/neworleans-roofing-repairs-replacements%3Futm_source%3DGoogle%2BBusiness%2BProfile%26utm_medium%3DOrganic%26utm_campaign%3DGBP%2BLouisiana,Roofing contractor,Roofing contractor,Roofing contractor,+1 504-294-5800,mobile,T-Mobile USA Inc.,,"2815 Division Street #202, Metairie, LA 70002",None,2815 Division Street #202,Metairie,70002,Louisiana,Louisiana,United States of America,US,30.000168199999997,-90.1642322,89444655883ffff,America/Chicago,,False,4.9,200.0,https://search.google.com/local/reviews?placeid=ChIJQY_l-Uy3IIYRpT0HnnNUlEQ&q=*&authuser=0&hl=en&gl=US,,,4.0,0.0,1.0,0.0,195.0,48.0,https://lh3.googleusercontent.com/p/AF1QipOL973uh6EzmZJ3CA2q5UTToBvbnVZQkhYvwwo7=w800-h500-k-no,https://lh3.googleusercontent.com/p/AF1QipOL973uh6EzmZJ3CA2q5UTToBvbnVZQkhYvwwo7=w1600-h1000-k-no,,"{""Sunday"": ""Open 24 hours"", ""Monday"": ""Open 24 hours"", ""Tuesday"": ""Open 24 hours"", ""Wednesday"": ""Open 24 hours"", ""Thursday"": ""Open 24 hours"", ""Friday"": ""Open 24 hours"", ""Saturday"": ""Open 24 hours""}","Sunday,Open 24 hours|Monday,Open 24 hours|Tuesday,Open 24 hours|Wednesday,Open 24 hours|Thursday,Open 24 hours|Friday,Open 24 hours|Saturday,Open 24 hours",Sunday:Open 24 hours|Monday:Open 24 hours|Tuesday:Open 24 hours|Wednesday:Open 24 hours|Thursday:Open 24 hours|Friday:Open 24 hours|Saturday:Open 24 hours,,,OPERATIONAL,"{""Service options"": {""Online estimates"": true, ""Onsite services"": true}, ""Accessibility"": {""Wheelchair accessible parking lot"": true}}",,,,https://lh5.googleusercontent.com/-HtzT9sRUNRM/AAAAAAAAAAI/AAAAAAAAAAA/zKaHFRJTjwM/s44-p-k-no-ns-nd/photo.jpg,,,True,111624529132271027563,Roof Squad,https://www.google.com/maps/contrib/111624529132271027563,,https://www.roofsquad.com/neworleans-roofing-repairs-replacements,,"https://www.roofsquad.com/neworleans-roofing-repairs-replacements, https://directorii.com/us/la/metairie/roof-squad-reviews-432/?rwg_token=ACgRB3cxCzxppSW7G2fRn9qi-luuKTkOn1LtGrus1ArYXw7bRMlnlTeXdaWJnP8zm7w1yet7ejPXn6-allF0Pt6zXtCzYAaVTmDX527gRJfZ4_TI75Uug4Y%3D","https://www.google.com/maps/place/Roof+Squad/@30.000168199999997,-90.1642322,14z/data=!4m8!1m2!2m1!1sRoof+Squad!3m4!1s0x8620b74cf9e58f41:0x449454739e073da5!8m2!3d30.000168199999997!4d-90.1642322","https://www.google.com/maps/place/Roof+Squad/@30.000168199999997,-90.1642322,13.99z/data=!4m16!1m7!3m6!1s0x8620b74cf9e58f41:0x449454739e073da5!2sRoof+Squad!8m2!3d30.000168199999997!4d-90.1642322!16s%2Fg%2F11ckvg1dmb!3m7!1s0x8620b74cf9e58f41:0x449454739e073da5!8m2!3d30.000168199999997!4d-90.1642322!9m1!1b1!16s%2Fg%2F11ckvg1dmb?entry=ttu",ChIJQY_l-Uy3IIYRpT0HnnNUlEQ,0x8620b74cf9e58f41:0x449454739e073da5,4941667546681523621,/g/11fjvzm08l,4941667546681523621,,support@roofrepairsquad.com,RECEIVING,SMTP validated,,,,,,support.colorado@roofrepairsquad.com,INVALID,Invalid DNS,,,,,,info@roofrepairsquad.com,RECEIVING,Role,,,,,,18665400944,toll_free,,,17208689615,,landline,,6025550199,,,,http://www.facebook.com/roofrepairsquad,https://www.instagram.com/roofrepairsquad,http://www.linkedin.com/company/roof-repair-squad,,,,,,,,http://www.twitter.com/roof_squad,,,,,Roof Squad | Best Rated Roofing Company,,Leading commercial and residential roofing company with the best industry warranties. We are roofing contractors that offer quality roof repairs and roof replacements with certified roofing systems and superior workmanship. Call us for a free roof inspection and estimate.,,,
"water damage restoration service, 70181, New Orleans, LA, US",All American Inspections & Testing,All American Inspections And Testing,http://www.allamericaninspections.com/,"Water damage restoration service, Asbestos testing service, Building inspector, Environmental consultant, Service establishment, Soil testing service, Home inspector, Water testing service",Home inspector,Water damage restoration service,+1 985-249-4556,mobile,CELLCO PARTNERSHIP DBA VERIZON,,,,,,,,,,,30.132191499999998,-90.470809,8944460e273ffff,America/Chicago,,True,5.0,160.0,https://search.google.com/local/reviews?placeid=ChIJC238DzivIIYRoXyYcVAcL1I&q=*&authuser=0&hl=en&gl=US,,,0.0,1.0,0.0,2.0,157.0,44.0,https://lh3.googleusercontent.com/p/AF1QipPOC4eijj6foVnaMqQ121r58fqM2gb00pTZ-yTB=w800-h500-k-no,https://lh3.googleusercontent.com/p/AF1QipPOC4eijj6foVnaMqQ121r58fqM2gb00pTZ-yTB=w1600-h1000-k-no,,"{""Sunday"": ""Closed"", ""Monday"": ""8AM-6PM"", ""Tuesday"": ""8AM-6PM"", ""Wednesday"": ""8AM-6PM"", ""Thursday"": ""8AM-6PM"", ""Friday"": ""8AM-6PM"", ""Saturday"": ""9AM-5PM""}","Sunday,|Monday,8AM,6PM|Tuesday,8AM,6PM|Wednesday,8AM,6PM|Thursday,8AM,6PM|Friday,8AM,6PM|Saturday,9AM,5PM",Sunday:Closed|Monday:8AM-6PM|Tuesday:8AM-6PM|Wednesday:8AM-6PM|Thursday:8AM-6PM|Friday:8AM-6PM|Saturday:9AM-5PM,,,OPERATIONAL,{},,,,https://lh4.googleusercontent.com/-T6rNwY1cAEY/AAAAAAAAAAI/AAAAAAAAAAA/C7yPNYZfDnk/s44-p-k-no-ns-nd/photo.jpg,,,True,111244207300802405309,All American Inspections & Testing,https://www.google.com/maps/contrib/111244207300802405309,,http://www.allamericanhomeinspections.biz/order-an-inspection.html,,http://www.allamericanhomeinspections.biz/order-an-inspection.html,"https://www.google.com/maps/place/All+American+Inspections+%26+Testing/@30.132191499999998,-90.470809,14z/data=!4m8!1m2!2m1!1sAll+American+Inspections+%26+Testing!3m4!1s0x8620af380ffc6d0b:0x522f1c5071987ca1!8m2!3d30.132191499999998!4d-90.470809","https://www.google.com/maps/place/All+American+Inspections+%26+Testing/@30.132191499999998,-90.470809,13.99z/data=!4m16!1m7!3m6!1s0x8620af380ffc6d0b:0x522f1c5071987ca1!2sAll+American+Inspections+%26+Testing!8m2!3d30.132191499999998!4d-90.470809!16s%2Fg%2F11ckvg1dmb!3m7!1s0x8620af380ffc6d0b:0x522f1c5071987ca1!8m2!3d30.132191499999998!4d-90.470809!9m1!1b1!16s%2Fg%2F11ckvg1dmb?entry=ttu",ChIJC238DzivIIYRoXyYcVAcL1I,0x8620af380ffc6d0b:0x522f1c5071987ca1,5921983166844271777,/g/1tx1tk3p,5921983166844271777,,jlh@allamericaninspections.com,INVALID,Invalid DNS,,,,,,info@inspectnola.com,UNKNOWN,Cannot validate,,,,,,,,,,,,,,19852494556,mobile,CELLCO PARTNERSHIP DBA VERIZON,,12252528097,"NEW CINGULAR WIRELESS PCS, LLC - GA",mobile,,15042378166,,mobile,,,https://www.instagram.com/p,,,,,,,,,,,,,,blog - Inspect Nola,Site Kit by Google 1.166.0,"Discover more about commercial property inspections offered by All American Inspections & Testing in New Orleans, LA.",,False,True
"water damage restoration service, 70181, New Orleans, LA, US","J&D Multiservices,LLC",J And D Multiservices,https://www.jdmultiservices.net/%3Futm_source%3Dgooglemap%26utm_medium%3Dorganic%26utm_campaign%3Dgooglebusinessprofile,"Painting, Bathroom remodeler, Service establishment, Flooring contractor, Kitchen remodeler, Remodeler",Painting,Painting,+1 504-701-0193,mobile,T-Mobile USA Inc.,,,,,,,,,,,30.1805055,-90.085819,8944464e9afffff,America/Chicago,,True,5.0,23.0,https://search.google.com/local/reviews?placeid=ChIJn8O2t22wIIYRGzICesFj8Ac&q=*&authuser=0&hl=en&gl=US,,,0.0,0.0,0.0,0.0,23.0,1022.0,https://lh3.googleusercontent.com/p/AF1QipOIHbdxIBIdbNm4j0TUvlR4T1RjNYpFgQZRsbUP=w800-h500-k-no,https://lh3.googleusercontent.com/p/AF1QipOIHbdxIBIdbNm4j0TUvlR4T1RjNYpFgQZRsbUP=w1600-h1000-k-no,,"{""Sunday"": ""Closed"", ""Monday"": ""8AM-5PM"", ""Tuesday"": ""8AM-5PM"", ""Wednesday"": ""8AM-5PM"", ""Thursday"": ""8AM-5PM"", ""Friday"": ""8AM-5PM"", ""Saturday"": ""Closed""}","Sunday,|Monday,8AM,5PM|Tuesday,8AM,5PM|Wednesday,8AM,5PM|Thursday,8AM,5PM|Friday,8AM,5PM|Saturday,",Sunday:Closed|Monday:8AM-5PM|Tuesday:8AM-5PM|Wednesday:8AM-5PM|Thursday:8AM-5PM|Friday:8AM-5PM|Saturday:Closed,,,OPERATIONAL,"{""Service options"": {""Online estimates"": true}}",,,,https://lh6.googleusercontent.com/-ydqfOtMwxhc/AAAAAAAAAAI/AAAAAAAAAAA/OerAjEAsWQA/s44-p-k-no-ns-nd/photo.jpg,,,True,114304644738119267670,"J&D Multiservices,LLC",https://www.google.com/maps/contrib/114304644738119267670,,,,,"https://www.google.com/maps/place/J%26D+Multiservices%2CLLC/@30.1805055,-90.085819,14z/data=!4m8!1m2!2m1!1sJ%26D+Multiservices%2CLLC!3m4!1s0x8620b06db7b6c39f:0x7f063c17a02321b!8m2!3d30.1805055!4d-90.085819","https://www.google.com/maps/place/J%26D+Multiservices%2CLLC/@30.1805055,-90.085819,13.99z/data=!4m16!1m7!3m6!1s0x8620b06db7b6c39f:0x7f063c17a02321b!2sJ%26D+Multiservices%2CLLC!8m2!3d30.1805055!4d-90.085819!16s%2Fg%2F11ckvg1dmb!3m7!1s0x8620b06db7b6c39f:0x7f063c17a02321b!8m2!3d30.1805055!4d-90.085819!9m1!1b1!16s%2Fg%2F11ckvg1dmb?entry=ttu",ChIJn8O2t22wIIYRGzICesFj8Ac,0x8620b06db7b6c39f:0x7f063c17a02321b,572066835302855195,/g/11cfh7z07,572066835302855195,,jdmultiservicesllc@gmail.com,RECEIVING,SMTP validated,,,,,,,,,,,,,,,,,,,,,,5047010193,mobile,T-Mobile USA Inc.,,5045107633,T-Mobile,mobile,True,,,,,https://www.facebook.com/JDMULTISERVICESLLC/,https://www.instagram.com/multiservicesllc/?igshid=YTQwZjQ0NmI0OA%3D%3D&utm_source=qr,,https://www.tiktok.com/@jdmultiservicesllc,,,,,,,,,,,,"Kitchen & Bathroom Remodeling Experts | J & D Multiservices, LLC – Kenner, LA",,"Transform your kitchen and bathroom with expert remodeling by J & D Multiservices, LLC. Over 25 years of experience. Licensed, insured & BBB accredited. Free estimates.",roofing and flooring,False,False
"water damage restoration service, 70181, New Orleans, LA, US",Richard's Painting of New Orleans,Richards Painting Of New Orleans,https://www.richardspainting.net/new-orleans-estimates,"Water damage restoration service, Carpenter, Dry wall contractor, Painter, Pressure washing service, Property maintenance, Stair contractor, Wallpaper installer, Painting, Wood floor installation service",Painting,Water damage restoration service,+1 504-387-6116,landline,,,"308 Lowerline St, New Orleans, LA 70118",Black Pearl,308 Lowerline St,New Orleans,70118,Louisiana,Louisiana,United States of America,US,29.9340014,-90.13187909999999,8944465540fffff,America/Chicago,,False,4.9,68.0,https://search.google.com/local/reviews?placeid=ChIJgQrfp3ylIIYRzuybrktbq60&q=*&authuser=0&hl=en&gl=US,,,2.0,0.0,0.0,1.0,65.0,23.0,https://lh3.googleusercontent.com/p/AF1QipOWKRBf1WMB9BIXVBeV6bhtCeuTs0KdCq7fdzR2=w800-h500-k-no,https://lh3.googleusercontent.com/p/AF1QipOWKRBf1WMB9BIXVBeV6bhtCeuTs0KdCq7fdzR2=w1600-h1000-k-no,,"{""Sunday"": ""9AM-2PM"", ""Monday"": ""9AM-5PM"", ""Tuesday"": ""9AM-5PM"", ""Wednesday"": ""9AM-5PM"", ""Thursday"": ""9AM-5PM"", ""Friday"": ""9AM-5PM"", ""Saturday"": ""9AM-5PM""}","Sunday,9AM,2PM|Monday,9AM,5PM|Tuesday,9AM,5PM|Wednesday,9AM,5PM|Thursday,9AM,5PM|Friday,9AM,5PM|Saturday,9AM,5PM",Sunday:9AM-2PM|Monday:9AM-5PM|Tuesday:9AM-5PM|Wednesday:9AM-5PM|Thursday:9AM-5PM|Friday:9AM-5PM|Saturday:9AM-5PM,,,OPERATIONAL,"{""From the business"": {""Identifies as women-owned"": true}, ""Service options"": {""Online estimates"": true, ""Onsite services"": true}, ""Other"": {""Identifies as women-owned"": true}}",,,,https://lh3.googleusercontent.com/-csRcQk8oPbk/AAAAAAAAAAI/AAAAAAAAAAA/aKE4P1HOwxA/s44-p-k-no-ns-nd/photo.jpg,,,True,102204090070095002182,Richard's Painting of New Orleans,https://www.google.com/maps/contrib/102204090070095002182,,,,,"https://www.google.com/maps/place/Richard%27s+Painting+of+New+Orleans/@29.9340014,-90.13187909999999,14z/data=!4m8!1m2!2m1!1sRichard%27s+Painting+of+New+Orleans!3m4!1s0x8620a57ca7df0a81:0xadab5b4bae9becce!8m2!3d29.9340014!4d-90.13187909999999","https://www.google.com/maps/place/Richard%27s+Painting+of+New+Orleans/@29.9340014,-90.13187909999999,13.99z/data=!4m16!1m7!3m6!1s0x8620a57ca7df0a81:0xadab5b4bae9becce!2sRichard%27s+Painting+of+New+Orleans!8m2!3d29.9340014!4d-90.13187909999999!16s%2Fg%2F11ckvg1dmb!3m7!1s0x8620a57ca7df0a81:0xadab5b4bae9becce!8m2!3d29.9340014!4d-90.13187909999999!9m1!1b1!16s%2Fg%2F11ckvg1dmb?entry=ttu",ChIJgQrfp3ylIIYRzuybrktbq60,0x8620a57ca7df0a81:0xadab5b4bae9becce,12514196370189184206,/g/11sdxrv2c2,-5932547703520367410,,richardspaintingbarnegat@gmail.com,RECEIVING,SMTP validated,,,,,,info@richardspainting.net,RECEIVING,SMTP validated,,,,,,richardspaintingjohnsoncity@gmail.com,RECEIVING,Verified,,,,,,8003541690,toll_free,,,18003541690,,toll_free,,17048568101,TIME WARNER CBL INFO SVC (NC) ,fixed line,,https://www.facebook.com/richardspaintingmooresville/,https://www.instagram.com/richards.painting,https://www.linkedin.com/company/richard-s-painting-co-llc,,,,,,,,https://twitter.com/Richpaintingco,,https://www.youtube.com/channel/UCGr18ZphBEXlkT-GxHGmI-w,,,Richard's Painting,,,,False,True
"water damage restoration service, 70181, New Orleans, LA, US",Jake & Son - Plaster and Sheetrock,Jake And Son Plaster And Sheetrock,http://www.jakeandson.com/,"Dry wall contractor, Service establishment, Handyman/Handywoman/Handyperson, Plasterer",Dry wall contractor,Dry wall contractor,+1 504-835-7151,landline,,,,,,,,,,,,30.1805055,-90.01078749999999,8944464c107ffff,America/Chicago,,True,4.9,251.0,https://search.google.com/local/reviews?placeid=ChIJtQtOmOOvIIYRyYJcmHo5B8Y&q=*&authuser=0&hl=en&gl=US,,,4.0,0.0,0.0,1.0,246.0,46.0,https://lh3.googleusercontent.com/gps-cs-s/AG0ilSzkMfcn2U4VcLbCF0x3b3SCBfsFXeC1dp_6tVDPb9qVYpwTyhL3kFrZMxiZOfqzbQ5wqp0rgUCQmG0QMEm736RsNrcITeyYlrScRLqQhhHahY19bz4SgmCXr-hd9MZKPmuY33SbHA=w800-h500-k-no,https://lh3.googleusercontent.com/gps-cs-s/AG0ilSzkMfcn2U4VcLbCF0x3b3SCBfsFXeC1dp_6tVDPb9qVYpwTyhL3kFrZMxiZOfqzbQ5wqp0rgUCQmG0QMEm736RsNrcITeyYlrScRLqQhhHahY19bz4SgmCXr-hd9MZKPmuY33SbHA=w1600-h1000-k-no,,"{""Sunday"": ""9AM-5PM"", ""Monday"": ""6AM-8PM"", ""Tuesday"": ""6AM-8PM"", ""Wednesday"": ""6AM-7PM"", ""Thursday"": ""6AM-8PM"", ""Friday"": ""6AM-8PM"", ""Saturday"": ""6AM-8PM""}","Sunday,9AM,5PM|Monday,6AM,8PM|Tuesday,6AM,8PM|Wednesday,6AM,7PM|Thursday,6AM,8PM|Friday,6AM,8PM|Saturday,6AM,8PM",Sunday:9AM-5PM|Monday:6AM-8PM|Tuesday:6AM-8PM|Wednesday:6AM-7PM|Thursday:6AM-8PM|Friday:6AM-8PM|Saturday:6AM-8PM,,,OPERATIONAL,"{""Service options"": {""Online estimates"": true, ""Language assistance"": ""English""}}",,,,https://lh4.googleusercontent.com/-6eGZ1xVJi9g/AAAAAAAAAAI/AAAAAAAAAAA/8Xu_R_XjsLI/s44-p-k-no-ns-nd/photo.jpg,,,True,112648662608624867530,Jake & Son - Plaster and Sheetrock,https://www.google.com/maps/contrib/112648662608624867530,,,,,"https://www.google.com/maps/place/Jake+%26+Son+-+Plaster+and+Sheetrock/@30.1805055,-90.01078749999999,14z/data=!4m8!1m2!2m1!1sJake+%26+Son+-+Plaster+and+Sheetrock!3m4!1s0x8620afe3984e0bb5:0xc607397a985c82c9!8m2!3d30.1805055!4d-90.01078749999999","https://www.google.com/maps/place/Jake+%26+Son+-+Plaster+and+Sheetrock/@30.1805055,-90.01078749999999,13.99z/data=!4m16!1m7!3m6!1s0x8620afe3984e0bb5:0xc607397a985c82c9!2sJake+%26+Son+-+Plaster+and+Sheetrock!8m2!3d30.1805055!4d-90.01078749999999!16s%2Fg%2F11ckvg1dmb!3m7!1s0x8620afe3984e0bb5:0xc607397a985c82c9!8m2!3d30.1805055!4d-90.01078749999999!9m1!1b1!16s%2Fg%2F11ckvg1dmb?entry=ttu",ChIJtQtOmOOvIIYRyYJcmHo5B8Y,0x8620afe3984e0bb5:0xc607397a985c82c9,14269437143051698889,/g/1tfrh3l4,-4177306930657852727,,jake@jakeandson.com,INVALID,Cannot validate,,,,,,photo@jakeandson.com,INVALID,Undeliverable,,,,,,,,,,,,,,15048357151,landline,,,,,,,,,,,http://facebook.com/jakeandson,http://instagram.com/jakeandson,,,,,,,,,https://twitter.com/intent/,,https://www.youtube.com/channel/UCZ6FBilkzsLOKKf3hk67blg,,,Contact by phone or email today! | Jake & Son,AccelerateWP 3.19.0.1-1.1-29,Open 7 days a week. Available anytime for a fast response to your drywall or plaster needs. Serving South Louisiana and Greater New Orleans area,,False,True
"water damage restoration service, 70181, New Orleans, LA, US",Hibbs Construction LLC,Hibbs Construction,,"Water damage restoration service, Deck builder, Demolition contractor, Service establishment, Excavating contractor",Excavating contractor,Water damage restoration service,+1 504-275-9450,landline,,,,,,,,,,,,30.188941,-90.31105649999999,8944467235bffff,America/Chicago,,True,5.0,4.0,https://search.google.com/local/reviews?placeid=ChIJ-_3KlBqt500Rsp66zmF7bSk&q=*&authuser=0&hl=en&gl=US,,,0.0,0.0,0.0,0.0,4.0,88.0,https://lh3.googleusercontent.com/p/AF1QipOPN0kWWL9f3aZIeivcZw8TbXP0djOAkL4fq5rr=w800-h500-k-no,https://lh3.googleusercontent.com/p/AF1QipOPN0kWWL9f3aZIeivcZw8TbXP0djOAkL4fq5rr=w1600-h1000-k-no,,"{""Sunday"": ""Closed"", ""Monday"": ""6AM-5PM"", ""Tuesday"": ""6AM-5PM"", ""Wednesday"": ""6AM-5PM"", ""Thursday"": ""6AM-5PM"", ""Friday"": ""6AM-5PM"", ""Saturday"": ""6AM-2PM""}","Sunday,|Monday,6AM,5PM|Tuesday,6AM,5PM|Wednesday,6AM,5PM|Thursday,6AM,5PM|Friday,6AM,5PM|Saturday,6AM,2PM",Sunday:Closed|Monday:6AM-5PM|Tuesday:6AM-5PM|Wednesday:6AM-5PM|Thursday:6AM-5PM|Friday:6AM-5PM|Saturday:6AM-2PM,,,OPERATIONAL,{},,,,https://lh4.googleusercontent.com/-xOSLi8E3Kio/AAAAAAAAAAI/AAAAAAAAAAA/BeUfygZ-6Dg/s44-p-k-no-ns-nd/photo.jpg,,,True,110104025844545385652,Hibbs Construction LLC,https://www.google.com/maps/contrib/110104025844545385652,,,,,"https://www.google.com/maps/place/Hibbs+Construction+LLC/@30.188941,-90.31105649999999,14z/data=!4m8!1m2!2m1!1sHibbs+Construction+LLC!3m4!1s0x4de7ad1a94cafdfb:0x296d7b61ceba9eb2!8m2!3d30.188941!4d-90.31105649999999","https://www.google.com/maps/place/Hibbs+Construction+LLC/@30.188941,-90.31105649999999,13.99z/data=!4m16!1m7!3m6!1s0x4de7ad1a94cafdfb:0x296d7b61ceba9eb2!2sHibbs+Construction+LLC!8m2!3d30.188941!4d-90.31105649999999!16s%2Fg%2F11ckvg1dmb!3m7!1s0x4de7ad1a94cafdfb:0x296d7b61ceba9eb2!8m2!3d30.188941!4d-90.31105649999999!9m1!1b1!16s%2Fg%2F11ckvg1dmb?entry=ttu",ChIJ-_3KlBqt500Rsp66zmF7bSk,0x4de7ad1a94cafdfb:0x296d7b61ceba9eb2,2985177788026887858,/g/11vlrkl8xq,2985177788026887858,,,,,,,,,,,,,,,,,,,,,,,,,,,,,,,,,,,,,,,,,,,,,,,,,,,,,,,,,,
"water damage restoration service, 70181, New Orleans, LA, US",Brea Construction,Brea Construction,http://www.breaconstruction.com/,"Construction company, Bathroom remodeler, Contractor, Flooring contractor, Remodeler",Construction company,Construction company,+1 504-327-6724,mobile,T-Mobile USA Inc.,,"1420 N Cumberland St, Metairie, LA 70003",None,1420 N Cumberland St,Metairie,70003,Louisiana,Louisiana,United States of America,US,29.992309,-90.2238859,89444654c7bffff,America/Chicago,,False,5.0,45.0,https://search.google.com/local/reviews?placeid=ChIJQVZtMIevIIYRItLP_r6o9mA&q=*&authuser=0&hl=en&gl=US,,,0.0,0.0,0.0,0.0,45.0,67.0,https://lh3.googleusercontent.com/gps-cs-s/AG0ilSznFk2cXpPvW3_zQxmunGHp5CporCi_cKxgh8L3lkNwuKevybeDL8CQ_JBf0vDNl17539JIp13onc4SP4m2zwpheNblDZ1Ev463l9gf5WhWlfeKH-Ug-Bxl-sVrCe40tqW4r0bVWg=w800-h500-k-no,https://lh3.googleusercontent.com/gps-cs-s/AG0ilSznFk2cXpPvW3_zQxmunGHp5CporCi_cKxgh8L3lkNwuKevybeDL8CQ_JBf0vDNl17539JIp13onc4SP4m2zwpheNblDZ1Ev463l9gf5WhWlfeKH-Ug-Bxl-sVrCe40tqW4r0bVWg=w1600-h1000-k-no,,"{""Sunday"": ""7:30AM-8PM"", ""Monday"": ""7AM-8PM"", ""Tuesday"": ""7AM-8PM"", ""Wednesday"": ""7AM-8PM"", ""Thursday"": ""7AM-8PM"", ""Friday"": ""7AM-8PM"", ""Saturday"": ""7AM-8PM""}","Sunday,7:30AM,8PM|Monday,7AM,8PM|Tuesday,7AM,8PM|Wednesday,7AM,8PM|Thursday,7AM,8PM|Friday,7AM,8PM|Saturday,7AM,8PM",Sunday:7:30AM-8PM|Monday:7AM-8PM|Tuesday:7AM-8PM|Wednesday:7AM-8PM|Thursday:7AM-8PM|Friday:7AM-8PM|Saturday:7AM-8PM,,,OPERATIONAL,"{""Service options"": {""Language assistance"": ""English, Portuguese, Spanish""}}",,,,https://lh3.googleusercontent.com/-UBTILt91ezI/AAAAAAAAAAI/AAAAAAAAAAA/58FholL1COQ/s44-p-k-no-ns-nd/photo.jpg,,,True,112833044125091611094,Brea Construction,https://www.google.com/maps/contrib/112833044125091611094,,,,,"https://www.google.com/maps/place/Brea+Construction/@29.992309,-90.2238859,14z/data=!4m8!1m2!2m1!1sBrea+Construction!3m4!1s0x8620af87306d5641:0x60f6a8befecfd222!8m2!3d29.992309!4d-90.2238859","https://www.google.com/maps/place/Brea+Construction/@29.992309,-90.2238859,13.99z/data=!4m16!1m7!3m6!1s0x8620af87306d5641:0x60f6a8befecfd222!2sBrea+Construction!8m2!3d29.992309!4d-90.2238859!16s%2Fg%2F11ckvg1dmb!3m7!1s0x8620af87306d5641:0x60f6a8befecfd222!8m2!3d29.992309!4d-90.2238859!9m1!1b1!16s%2Fg%2F11ckvg1dmb?entry=ttu",ChIJQVZtMIevIIYRItLP_r6o9mA,0x8620af87306d5641:0x60f6a8befecfd222,6986957410184188450,/g/11kt_dzy7c,6986957410184188450,,micah@micahrich.com,RECEIVING,Catch All,,,,,,support@breaconstruction.com,RECEIVING,Catch All,,,,,,bc@breaconstruction.com,RECEIVING,Catch All,,,,,,5043276724,mobile,T-Mobile USA Inc.,,,,,,,,,,https://www.facebook.com/breaconstruction,https://www.instagram.com/BreaFlooring,,,,,,,,,,,,,,Contact Us,Starfield Technologies; Go Daddy Website Builder 8.0.0000,,,False,False
"water damage restoration service, 70181, New Orleans, LA, US",Fleur De Lis Construction,Fleur De Lis Construction,http://www.fdlconstruction.com/,General contractor,General contractor,General contractor,+1 504-305-1242,fixed line,"COMCAST PHONE OF LOUISIANA, LL",,"1509 Hickory Ave, New Orleans, LA 70123",None,1509 Hickory Ave,New Orleans,70123,Louisiana,Louisiana,United States of America,US,29.9600083,-90.2040014,894446541dbffff,America/Chicago,,False,4.3,3.0,https://search.google.com/local/reviews?placeid=ChIJ-yT7GW26IIYR1lGAzP0wTos&q=*&authuser=0&hl=en&gl=US,,,0.0,0.0,0.0,2.0,1.0,2.0,https://streetviewpixels-pa.googleapis.com/v1/thumbnail?panoid=o8ghquFqPPwTsT-5VXiF6g&cb_client=search.gws-prod.gps&w=800&h=500&yaw=51.757374&pitch=0&thumbfov=100,https://lh3.googleusercontent.com/p/AF1QipMaFW3fo1qsq0VXYzkWxYbHxGaUnqriVCibZ_fM=w1600-h1000-k-no,,"{""Sunday"": ""Closed"", ""Monday"": ""8AM-4PM"", ""Tuesday"": ""8AM-4PM"", ""Wednesday"": ""8AM-4PM"", ""Thursday"": ""8AM-4PM"", ""Friday"": ""8AM-4PM"", ""Saturday"": ""Closed""}","Sunday,|Monday,8AM,4PM|Tuesday,8AM,4PM|Wednesday,8AM,4PM|Thursday,8AM,4PM|Friday,8AM,4PM|Saturday,",Sunday:Closed|Monday:8AM-4PM|Tuesday:8AM-4PM|Wednesday:8AM-4PM|Thursday:8AM-4PM|Friday:8AM-4PM|Saturday:Closed,,,OPERATIONAL,"{""Accessibility"": {""Wheelchair accessible parking lot"": true}}",,,,https://lh6.googleusercontent.com/-CokUFaov9qU/AAAAAAAAAAI/AAAAAAAAAAA/xm27QWhCzmA/s44-p-k-no-ns-nd/photo.jpg,,,True,115242644258813012255,Fleur De Lis Construction,https://www.google.com/maps/contrib/115242644258813012255,,,,,"https://www.google.com/maps/place/Fleur+De+Lis+Construction/@29.9600083,-90.2040014,14z/data=!4m8!1m2!2m1!1sFleur+De+Lis+Construction!3m4!1s0x8620ba6d19fb24fb:0x8b4e30fdcc8051d6!8m2!3d29.9600083!4d-90.2040014","https://www.google.com/maps/place/Fleur+De+Lis+Construction/@29.9600083,-90.2040014,13.99z/data=!4m16!1m7!3m6!1s0x8620ba6d19fb24fb:0x8b4e30fdcc8051d6!2sFleur+De+Lis+Construction!8m2!3d29.9600083!4d-90.2040014!16s%2Fg%2F11ckvg1dmb!3m7!1s0x8620ba6d19fb24fb:0x8b4e30fdcc8051d6!8m2!3d29.9600083!4d-90.2040014!9m1!1b1!16s%2Fg%2F11ckvg1dmb?entry=ttu",ChIJ-yT7GW26IIYR1lGAzP0wTos,0x8620ba6d19fb24fb:0x8b4e30fdcc8051d6,10038014486071235030,/g/1tf9nm9x,-8408729587638316586,,kelly@fdlconstruction.com,RECEIVING,SMTP validated,,,,,,tommy@fdlconstruction.com,INVALID,Cannot validate,,,,,,timmy@fdlconstruction.com,RECEIVING,SMTP validated,,,,,,5043051242,fixed line,"COMCAST PHONE OF LOUISIANA, LL",,,,,,,,,,,,,,,,,,,,,,,,,Fleur de Lis Construction | Delivering top quality construction services at reasonable pricing since 2005.,WordPress 5.8.1,,,,
"water damage restoration service, 70181, New Orleans, LA, US",Alas Painting llc,Alas Painting,,"Painter, Construction company, Gutter cleaning service, House cleaning service, Painting, Window cleaning service",Painter,Painter,+1 504-505-9348,mobile,T-Mobile USA Inc.,,"436 Oak Ave, Bridge City, LA 70094",Nine Mile Point,436 Oak Ave,Bridge City,70094,Louisiana,Louisiana,United States of America,US,29.9449653,-90.1535828,89444655517ffff,America/Chicago,,False,5.0,2.0,https://search.google.com/local/reviews?placeid=ChIJVzKrFV23IIYR4KaPw7UMyCM&q=*&authuser=0&hl=en&gl=US,,,0.0,0.0,0.0,0.0,2.0,108.0,https://lh3.googleusercontent.com/p/AF1QipN8C0BT27RP8NbDbv55fYKZB8bogP7ngtnJ78t3=w800-h500-k-no,https://lh3.googleusercontent.com/p/AF1QipN8C0BT27RP8NbDbv55fYKZB8bogP7ngtnJ78t3=w1600-h1000-k-no,,"{""Sunday"": ""Open 24 hours"", ""Monday"": ""Open 24 hours"", ""Tuesday"": ""Open 24 hours"", ""Wednesday"": ""Open 24 hours"", ""Thursday"": ""Open 24 hours"", ""Friday"": ""Open 24 hours"", ""Saturday"": ""Open 24 hours""}","Sunday,Open 24 hours|Monday,Open 24 hours|Tuesday,Open 24 hours|Wednesday,Open 24 hours|Thursday,Open 24 hours|Friday,Open 24 hours|Saturday,Open 24 hours",Sunday:Open 24 hours|Monday:Open 24 hours|Tuesday:Open 24 hours|Wednesday:Open 24 hours|Thursday:Open 24 hours|Friday:Open 24 hours|Saturday:Open 24 hours,,,OPERATIONAL,"{""Service options"": {""Online estimates"": true, ""Onsite services"": true}}",,,,https://lh6.googleusercontent.com/-iWUEWFojVtA/AAAAAAAAAAI/AAAAAAAAAAA/k6XVcyBhcwE/s44-p-k-no-ns-nd/photo.jpg,,,True,103147351438285630131,Alas Painting llc,https://www.google.com/maps/contrib/103147351438285630131,,,,,"https://www.google.com/maps/place/Alas+Painting+llc/@29.9449653,-90.1535828,14z/data=!4m8!1m2!2m1!1sAlas+Painting+llc!3m4!1s0x8620b75d15ab3257:0x23c80cb5c38fa6e0!8m2!3d29.9449653!4d-90.1535828","https://www.google.com/maps/place/Alas+Painting+llc/@29.9449653,-90.1535828,13.99z/data=!4m16!1m7!3m6!1s0x8620b75d15ab3257:0x23c80cb5c38fa6e0!2sAlas+Painting+llc!8m2!3d29.9449653!4d-90.1535828!16s%2Fg%2F11ckvg1dmb!3m7!1s0x8620b75d15ab3257:0x23c80cb5c38fa6e0!8m2!3d29.9449653!4d-90.1535828!9m1!1b1!16s%2Fg%2F11ckvg1dmb?entry=ttu",ChIJVzKrFV23IIYR4KaPw7UMyCM,0x8620b75d15ab3257:0x23c80cb5c38fa6e0,2578324761479194336,/g/11j4_ggsqb,2578324761479194336,,,,,,,,,,,,,,,,,,,,,,,,,,,,,,,,,,,,,,,,,,,,,,,,,,,,,,,,,,
"water damage restoration service, 70181, New Orleans, LA, US",Raycon Contractors,Raycon Contractors,https://rayconcontractors.com/,Roofing contractor,Roofing contractor,Roofing contractor,+1 504-442-1958,mobile,CELLCO PARTNERSHIP DBA VERIZON WIRELESS - LA,,"2910 Lausat St, Metairie, LA 70001",None,2910 Lausat St,Metairie,70001,Louisiana,Louisiana,United States of America,US,29.972279,-90.1543501,894446551afffff,America/Chicago,,False,5.0,59.0,https://search.google.com/local/reviews?placeid=ChIJGd2YMJ_FIIYRAeDVpJwqHyU&q=*&authuser=0&hl=en&gl=US,,,0.0,0.0,0.0,1.0,58.0,93.0,https://lh3.googleusercontent.com/p/AF1QipNw-rrjzJVQdgWf3hjiDOqzQmbp5oQVF7qZ7Atf=w800-h500-k-no,https://lh3.googleusercontent.com/p/AF1QipNw-rrjzJVQdgWf3hjiDOqzQmbp5oQVF7qZ7Atf=w1600-h1000-k-no,,"{""Sunday"": ""Closed"", ""Monday"": ""7AM-4PM"", ""Tuesday"": ""7AM-4PM"", ""Wednesday"": ""7AM-4PM"", ""Thursday"": ""7AM-4PM"", ""Friday"": ""7AM-4PM"", ""Saturday"": ""Closed""}","Sunday,|Monday,7AM,4PM|Tuesday,7AM,4PM|Wednesday,7AM,4PM|Thursday,7AM,4PM|Friday,7AM,4PM|Saturday,",Sunday:Closed|Monday:7AM-4PM|Tuesday:7AM-4PM|Wednesday:7AM-4PM|Thursday:7AM-4PM|Friday:7AM-4PM|Saturday:Closed,,,OPERATIONAL,"{""Accessibility"": {""Wheelchair accessible parking lot"": true}}",,,,https://lh3.googleusercontent.com/-k4E7EJZVmk8/AAAAAAAAAAI/AAAAAAAAAAA/-h9l-PeRzKI/s44-p-k-no-ns-nd/photo.jpg,,,True,112629674717616759032,Raycon Contractors,https://www.google.com/maps/contrib/112629674717616759032,,,,,"https://www.google.com/maps/place/Raycon+Contractors/@29.972279,-90.1543501,14z/data=!4m8!1m2!2m1!1sRaycon+Contractors!3m4!1s0x8620c59f3098dd19:0x251f2a9ca4d5e001!8m2!3d29.972279!4d-90.1543501","https://www.google.com/maps/place/Raycon+Contractors/@29.972279,-90.1543501,13.99z/data=!4m16!1m7!3m6!1s0x8620c59f3098dd19:0x251f2a9ca4d5e001!2sRaycon+Contractors!8m2!3d29.972279!4d-90.1543501!16s%2Fg%2F11ckvg1dmb!3m7!1s0x8620c59f3098dd19:0x251f2a9ca4d5e001!8m2!3d29.972279!4d-90.1543501!9m1!1b1!16s%2Fg%2F11ckvg1dmb?entry=ttu",ChIJGd2YMJ_FIIYRAeDVpJwqHyU,0x8620c59f3098dd19:0x251f2a9ca4d5e001,2674903555950108673,/g/11h725x6z1,2674903555950108673,,ray@rayconcontractors.com,RECEIVING,SMTP validated,,,,,,terry@rayconcontractors.com,RECEIVING,SMTP validated,,,,,,david@rayconcontractors.com,RECEIVING,Verified,,,,,,5044421958,mobile,CELLCO PARTNERSHIP DBA VERIZON WIRELESS - LA,,,,,,,,,,https://www.facebook.com/Raycon-Contractors-110511403623526/,,,,,,,,,,,,,,,"Home | Raycon Contractors | Metairie, LA | roofer",WordPress 6.7.2,"Every roofer in our team can assist you with residential roofing, commercial roofing, roof placement and repair. Call Raycon Contractors at (504) 422-1958.",,False,False
"water damage restoration service, 70181, New Orleans, LA, US","Manson Services, Inc.",Manson Services,http://www.nolaroofer.com/,"Roofing contractor, Contractor, Siding contractor",Roofing contractor,Roofing contractor,+1 504-837-7868,landline,,,"1812 Manson Ave, Metairie, LA 70001",None,1812 Manson Ave,Metairie,70001,Louisiana,Louisiana,United States of America,US,29.9898597,-90.17380709999999,89444655cafffff,America/Chicago,,False,4.9,53.0,https://search.google.com/local/reviews?placeid=ChIJj3S9l26wIIYRaJvgiqWXBMc&q=*&authuser=0&hl=en&gl=US,,,1.0,1.0,0.0,0.0,51.0,8.0,https://lh3.googleusercontent.com/gps-cs-s/AG0ilSw5WDzmeXJrbn5e_LstZMoD4DR5nkuSSnir-lx3DIN7AbwVuDil3bJugcpVhOP9kpUuyA9suFR2BVdxTIVZ5q3MvsqkHOn--lzoJQMFwxAqiCieEAVDZ8c5gieyvbrOq-UTkyHk=w800-h500-k-no,https://lh3.googleusercontent.com/gps-cs-s/AG0ilSw5WDzmeXJrbn5e_LstZMoD4DR5nkuSSnir-lx3DIN7AbwVuDil3bJugcpVhOP9kpUuyA9suFR2BVdxTIVZ5q3MvsqkHOn--lzoJQMFwxAqiCieEAVDZ8c5gieyvbrOq-UTkyHk=w1600-h1000-k-no,,"{""Sunday"": ""Closed"", ""Monday"": ""8AM-5PM"", ""Tuesday"": ""8AM-5PM"", ""Wednesday"": ""8AM-5PM"", ""Thursday"": ""8AM-5PM"", ""Friday"": ""8AM-5PM"", ""Saturday"": ""8AM-11PM""}","Sunday,|Monday,8AM,5PM|Tuesday,8AM,5PM|Wednesday,8AM,5PM|Thursday,8AM,5PM|Friday,8AM,5PM|Saturday,8AM,11PM",Sunday:Closed|Monday:8AM-5PM|Tuesday:8AM-5PM|Wednesday:8AM-5PM|Thursday:8AM-5PM|Friday:8AM-5PM|Saturday:8AM-11PM,,,OPERATIONAL,"{""From the business"": {""Identifies as veteran-owned"": true}, ""Accessibility"": {""Wheelchair accessible parking lot"": true}, ""Other"": {""Identifies as veteran-owned"": true}}",,,,,,,False,None,"Manson Services, Inc.",,,,,,"https://www.google.com/maps/place/Manson+Services%2C+Inc./@29.9898597,-90.17380709999999,14z/data=!4m8!1m2!2m1!1sManson+Services%2C+Inc.!3m4!1s0x8620b06e97bd748f:0xc70497a58ae09b68!8m2!3d29.9898597!4d-90.17380709999999","https://www.google.com/maps/place/Manson+Services%2C+Inc./@29.9898597,-90.17380709999999,13.99z/data=!4m16!1m7!3m6!1s0x8620b06e97bd748f:0xc70497a58ae09b68!2sManson+Services%2C+Inc.!8m2!3d29.9898597!4d-90.17380709999999!16s%2Fg%2F11ckvg1dmb!3m7!1s0x8620b06e97bd748f:0xc70497a58ae09b68!8m2!3d29.9898597!4d-90.17380709999999!9m1!1b1!16s%2Fg%2F11ckvg1dmb?entry=ttu",ChIJj3S9l26wIIYRaJvgiqWXBMc,0x8620b06e97bd748f:0xc70497a58ae09b68,14340753850709875560,/g/1v2gf3cc,-4105990222999676056,,mansonservices@bellsouth.net,RECEIVING,SMTP validated,,,,,,john@nolaroofer.com,UNKNOWN,Cannot validate,,,,,,,,,,,,,,5048377868,landline,,,15048377868,,landline,,,,,,https://www.facebook.com/MansonServicesInc,,,,,,,,,,,,,,,"Commercial Roofing, New Orleans, LA | Manson Services Inc.",All in One SEO (AIOSEO) 4.9.0,"Looking for top-notch commercial roofing services in New Orleans, Louisiana? Contact our experienced team for all your roofing needs.","siding,roofing",False,False
"water damage restoration service, 70181, New Orleans, LA, US","ladcon, llc",Ladcon,,"Construction company, Service establishment",Construction company,Construction company,+1 504-235-6373,landline,,,,,,,,,,,,30.0326605,-89.9526745,8944464132bffff,America/Chicago,,True,5.0,12.0,https://search.google.com/local/reviews?placeid=ChIJfyE-slVh9moRF56Iv8-hyBc&q=*&authuser=0&hl=en&gl=US,,,0.0,0.0,0.0,0.0,12.0,13.0,https://lh3.googleusercontent.com/p/AF1QipPUPPGS9nPYKF_VFyM7KLFVVZf-A_NNGvxU5stX=w800-h500-k-no,https://lh3.googleusercontent.com/p/AF1QipPUPPGS9nPYKF_VFyM7KLFVVZf-A_NNGvxU5stX=w1600-h1000-k-no,,"{""Sunday"": ""Closed"", ""Monday"": ""8AM-5PM"", ""Tuesday"": ""8AM-5PM"", ""Wednesday"": ""8AM-5PM"", ""Thursday"": ""8AM-5PM"", ""Friday"": ""8AM-5PM"", ""Saturday"": ""Closed""}","Sunday,|Monday,8AM,5PM|Tuesday,8AM,5PM|Wednesday,8AM,5PM|Thursday,8AM,5PM|Friday,8AM,5PM|Saturday,",Sunday:Closed|Monday:8AM-5PM|Tuesday:8AM-5PM|Wednesday:8AM-5PM|Thursday:8AM-5PM|Friday:8AM-5PM|Saturday:Closed,,,OPERATIONAL,"{""Service options"": {""Language assistance"": ""Spanish""}}",,,,https://lh6.googleusercontent.com/-YEhduJ6KeTk/AAAAAAAAAAI/AAAAAAAAAAA/ftjYxBEkKZo/s44-p-k-no-ns-nd/photo.jpg,,,True,110990472804119992227,"ladcon, llc",https://www.google.com/maps/contrib/110990472804119992227,,,,,"https://www.google.com/maps/place/ladcon%2C+llc/@30.0326605,-89.9526745,14z/data=!4m8!1m2!2m1!1sladcon%2C+llc!3m4!1s0x6af66155b23e217f:0x17c8a1cfbf889e17!8m2!3d30.0326605!4d-89.9526745","https://www.google.com/maps/place/ladcon%2C+llc/@30.0326605,-89.9526745,13.99z/data=!4m16!1m7!3m6!1s0x6af66155b23e217f:0x17c8a1cfbf889e17!2sladcon%2C+llc!8m2!3d30.0326605!4d-89.9526745!16s%2Fg%2F11ckvg1dmb!3m7!1s0x6af66155b23e217f:0x17c8a1cfbf889e17!8m2!3d30.0326605!4d-89.9526745!9m1!1b1!16s%2Fg%2F11ckvg1dmb?entry=ttu",ChIJfyE-slVh9moRF56Iv8-hyBc,0x6af66155b23e217f:0x17c8a1cfbf889e17,1713797571858177559,/g/11w3lhpjvr,1713797571858177559,,,,,,,,,,,,,,,,,,,,,,,,,,,,,,,,,,,,,,,,,,,,,,,,,,,,,,,,,,
"water damage restoration service, 70181, New Orleans, LA, US",Victory Contractors LLC,Victory Contractors,https://victory-contractors-llc.ueniweb.com/%3Futm_campaign%3Dgmb,"Handyman/Handywoman/Handyperson, Service establishment, Flooring contractor, Janitorial service, Painter, Pressure washing service",Handyman/Handywoman/Handyperson,Handyman/Handywoman/Handyperson,+1 504-320-2333,mobile,T-Mobile USA Inc.,,,,,,,,,,,29.995506499999998,-90.15695149999999,894446558d3ffff,America/Chicago,,True,,,,,,,,,,,12.0,https://lh3.googleusercontent.com/p/AF1QipOVweZ4XdOFFaTCCgqgaTVNLBsVIajOr5XUmi3D=w800-h500-k-no,https://lh3.googleusercontent.com/p/AF1QipOVweZ4XdOFFaTCCgqgaTVNLBsVIajOr5XUmi3D=w1600-h1000-k-no,,"{""Sunday"": ""Closed"", ""Monday"": ""8AM-4PM"", ""Tuesday"": ""8AM-4PM"", ""Wednesday"": ""8AM-4PM"", ""Thursday"": ""8AM-4PM"", ""Friday"": ""8AM-4PM"", ""Saturday"": ""8AM-2PM""}","Sunday,|Monday,8AM,4PM|Tuesday,8AM,4PM|Wednesday,8AM,4PM|Thursday,8AM,4PM|Friday,8AM,4PM|Saturday,8AM,2PM",Sunday:Closed|Monday:8AM-4PM|Tuesday:8AM-4PM|Wednesday:8AM-4PM|Thursday:8AM-4PM|Friday:8AM-4PM|Saturday:8AM-2PM,,,OPERATIONAL,"{""Service options"": {""Online estimates"": true}}",,,,https://lh3.googleusercontent.com/-P5jiNXpfXCo/AAAAAAAAAAI/AAAAAAAAAAA/lUyKU1oDU24/s44-p-k-no-ns-nd/photo.jpg,,,True,102989144219661983394,Victory Contractors LLC,https://www.google.com/maps/contrib/102989144219661983394,,,,,"https://www.google.com/maps/place/Victory+Contractors+LLC/@29.995506499999998,-90.15695149999999,14z/data=!4m8!1m2!2m1!1sVictory+Contractors+LLC!3m4!1s0x644f83e07ef0d613:0xbe98f773bbf66895!8m2!3d29.995506499999998!4d-90.15695149999999","https://www.google.com/maps/place/Victory+Contractors+LLC/@29.995506499999998,-90.15695149999999,13.99z/data=!4m16!1m7!3m6!1s0x644f83e07ef0d613:0xbe98f773bbf66895!2sVictory+Contractors+LLC!8m2!3d29.995506499999998!4d-90.15695149999999!16s%2Fg%2F11ckvg1dmb!3m7!1s0x644f83e07ef0d613:0xbe98f773bbf66895!8m2!3d29.995506499999998!4d-90.15695149999999!9m1!1b1!16s%2Fg%2F11ckvg1dmb?entry=ttu",ChIJE9bwfuCDT2QRlWj2u3P3mL4,0x644f83e07ef0d613:0xbe98f773bbf66895,13733999140113115285,/g/11thqvyxhw,None,,gregory.aples@victorycontractors.org,RECEIVING,Verified,,,,,,,,,,,,,,,,,,,,,,,,,,,,,,,,,,,,,,,,,,,,,,,,,Quality Commercial & Residential Maintenance Services - Victory Contractors LLC | Commercial & Residential Maintenance | Kenner,,"With over 18 years of experience, our core maintenance services include washing solutions, painting services, floor care, handyman services,  janitorial services, structural maintenance and more! At Victory Contractors LLC, we can take care of many",,False,False
"water damage restoration service, 70181, New Orleans, LA, US",Terminix NOLA,Terminix Nola,https://terminixnola.com/%3Futm_source%3Dgbp%26utm_medium%3Dorganic%26utm_campaign%3Dgbp%2Bmetairie,Pest control service,Pest control service,Pest control service,+1 504-834-7330,landline,,,"2400 N Arnoult Rd, Metairie, LA 70001",None,2400 N Arnoult Rd,Metairie,70001,Louisiana,Louisiana,United States of America,US,29.9954078,-90.1612395,89444655c67ffff,America/Chicago,,False,4.8,1651.0,https://search.google.com/local/reviews?placeid=ChIJlxJ6QhawIIYRxv_uPrP_nlI&q=*&authuser=0&hl=en&gl=US,,,28.0,15.0,13.0,99.0,1496.0,319.0,https://lh3.googleusercontent.com/p/AF1QipPpDGMd-FbBLXwFUYTPpEiHGVTgOiJbVqRCP3Eb=w800-h500-k-no,https://lh3.googleusercontent.com/p/AF1QipPpDGMd-FbBLXwFUYTPpEiHGVTgOiJbVqRCP3Eb=w1600-h1000-k-no,,"{""Sunday"": ""Closed"", ""Monday"": ""8AM-9PM"", ""Tuesday"": ""8AM-9PM"", ""Wednesday"": ""8AM-9PM"", ""Thursday"": ""8AM-9PM"", ""Friday"": ""8AM-9PM"", ""Saturday"": ""8AM-9PM""}","Sunday,|Monday,8AM,9PM|Tuesday,8AM,9PM|Wednesday,8AM,9PM|Thursday,8AM,9PM|Friday,8AM,9PM|Saturday,8AM,9PM",Sunday:Closed|Monday:8AM-9PM|Tuesday:8AM-9PM|Wednesday:8AM-9PM|Thursday:8AM-9PM|Friday:8AM-9PM|Saturday:8AM-9PM,,,OPERATIONAL,"{""Service options"": {""Onsite services"": true}, ""Accessibility"": {""Wheelchair accessible entrance"": true, ""Wheelchair accessible parking lot"": true}}",,,,https://lh3.googleusercontent.com/-wfG2wGItU0I/AAAAAAAAAAI/AAAAAAAAAAA/a2IroNFExFc/s44-p-k-no-ns-nd/photo.jpg,,,True,105536053531565980597,Terminix NOLA,https://www.google.com/maps/contrib/105536053531565980597,,https://terminixnola.com/,,https://terminixnola.com/,"https://www.google.com/maps/place/Terminix+NOLA/@29.9954078,-90.1612395,14z/data=!4m8!1m2!2m1!1sTerminix+NOLA!3m4!1s0x8620b016427a1297:0x529effb33eeeffc6!8m2!3d29.9954078!4d-90.1612395","https://www.google.com/maps/place/Terminix+NOLA/@29.9954078,-90.1612395,13.99z/data=!4m16!1m7!3m6!1s0x8620b016427a1297:0x529effb33eeeffc6!2sTerminix+NOLA!8m2!3d29.9954078!4d-90.1612395!16s%2Fg%2F11ckvg1dmb!3m7!1s0x8620b016427a1297:0x529effb33eeeffc6!8m2!3d29.9954078!4d-90.1612395!9m1!1b1!16s%2Fg%2F11ckvg1dmb?entry=ttu",ChIJlxJ6QhawIIYRxv_uPrP_nlI,0x8620b016427a1297:0x529effb33eeeffc6,5953476902750453702,/g/1td3rvvl,5953476902750453702,,brett@planetguide.com,INVALID,Invalid DNS,,,,,,info@terminixno.com,RECEIVING,SMTP validated,,,,,,northshore@terminixno.com,RECEIVING,SMTP validated,,,,,,,,,,,,,,,,,,https://www.facebook.com/TERMINIXnola/,https://www.instagram.com/terminixnola,,,,,,,,,https://twitter.com/TerminixNOLA,,https://www.youtube.com/channel/UCi6W_mUK3_cMVsmgP-jWihQ,,,Terminix New Orleans Pest Control | We Protect Dat!,WordPress 6.0.3,Terminix New Orleans Pest Control - GOT PESTS? - We have effective solutions that will help to eliminate pest problems throughout the year. Our custom treatments adapt to the seasons to address seasonal pest activity all year long. Protect your business and home with Terminix!,,False,True
"water damage restoration service, 70181, New Orleans, LA, US",Lauricella & Sons,Lauricella And Sons,https://remodelerneworleans.com/,"General contractor, Contractor, Service establishment, Foundation, Millwork shop",General contractor,General contractor,+1 504-222-2854,mobile,T-Mobile USA Inc.,,,,,,,,,,,30.2578356,-90.090605,894446795b3ffff,America/Chicago,,True,4.9,15.0,https://search.google.com/local/reviews?placeid=ChIJ18l5Fm26IIYRD-m8Vu0-XAo&q=*&authuser=0&hl=en&gl=US,,,0.0,0.0,0.0,1.0,14.0,212.0,https://lh3.googleusercontent.com/p/AF1QipOkZGXHhpuXGZHwB-NERXFDdLe1AMSTjJJsvwyZ=w800-h500-k-no,https://lh3.googleusercontent.com/p/AF1QipOkZGXHhpuXGZHwB-NERXFDdLe1AMSTjJJsvwyZ=w1600-h1000-k-no,,"{""Sunday"": ""Closed"", ""Monday"": ""7AM-7PM"", ""Tuesday"": ""7AM-7PM"", ""Wednesday"": ""7AM-7PM"", ""Thursday"": ""7AM-7PM"", ""Friday"": ""7AM-7PM"", ""Saturday"": ""Closed""}","Sunday,|Monday,7AM,7PM|Tuesday,7AM,7PM|Wednesday,7AM,7PM|Thursday,7AM,7PM|Friday,7AM,7PM|Saturday,",Sunday:Closed|Monday:7AM-7PM|Tuesday:7AM-7PM|Wednesday:7AM-7PM|Thursday:7AM-7PM|Friday:7AM-7PM|Saturday:Closed,,,OPERATIONAL,"{""Service options"": {""Language assistance"": ""English""}}",,,,https://lh4.googleusercontent.com/-zwI5FywIjDM/AAAAAAAAAAI/AAAAAAAAAAA/wpjEnrkGjPU/s44-p-k-no-ns-nd/photo.jpg,,,True,101308690645247049594,Lauricella & Sons,https://www.google.com/maps/contrib/101308690645247049594,,,,,"https://www.google.com/maps/place/Lauricella+%26+Sons/@30.2578356,-90.090605,14z/data=!4m8!1m2!2m1!1sLauricella+%26+Sons!3m4!1s0x8620ba6d1679c9d7:0xa5c3eed56bce90f!8m2!3d30.2578356!4d-90.090605","https://www.google.com/maps/place/Lauricella+%26+Sons/@30.2578356,-90.090605,13.99z/data=!4m16!1m7!3m6!1s0x8620ba6d1679c9d7:0xa5c3eed56bce90f!2sLauricella+%26+Sons!8m2!3d30.2578356!4d-90.090605!16s%2Fg%2F11ckvg1dmb!3m7!1s0x8620ba6d1679c9d7:0xa5c3eed56bce90f!8m2!3d30.2578356!4d-90.090605!9m1!1b1!16s%2Fg%2F11ckvg1dmb?entry=ttu",ChIJ18l5Fm26IIYRD-m8Vu0-XAo,0x8620ba6d1679c9d7:0xa5c3eed56bce90f,746540827320051983,/g/1tgf841z,746540827320051983,,privacy@web.com,RECEIVING,Role,,,,,,,,,,,,,,,,,,,,,,5042222854,mobile,T-Mobile USA Inc.,,5047371114,AT&T Southeast,,True,9854291430,,landline,,http://www.facebook.com/1573950179536400,,,,,,,,,,,,,,,"Rotten Wood Repair for Historic Homes in New Orleans, LA | Free Estimates",,"Call Lauricella & Sons at 504-222-2854 now for expert Rotting Wood Repair & Restoration services for  historic homes in New Orleans, LA! Est. in 1974. Licensed & Insured.",,False,False
"water damage restoration service, 70181, New Orleans, LA, US",Stuart Services,Stuart Services,https://www.stuartservices.com/%3Futm_source%3Dgoogle%26utm_medium%3Dgbp-metairie,"Plumber, Air conditioning contractor, Air conditioning repair service, Drainage service, Electrician, Furnace repair service, Electric generator shop, Heating contractor, HVAC contractor, Lighting contractor",Plumber,Plumber,+1 504-332-8641,landline,Onvoy,True,"4724 Utica St, Metairie, LA 70006",None,4724 Utica St,Metairie,70006,Louisiana,Louisiana,United States of America,US,30.000047199999997,-90.18775099999999,89444655d17ffff,America/Chicago,,False,4.8,3376.0,https://search.google.com/local/reviews?placeid=ChIJEYl-ovWwIIYRjSV9pLj3owA&q=*&authuser=0&hl=en&gl=US,,,124.0,21.0,19.0,151.0,3061.0,116.0,https://lh3.googleusercontent.com/p/AF1QipOj3RTzcWolCF8InRgt5swBV2TkI7VIaVv6RNok=w800-h500-k-no,https://lh3.googleusercontent.com/p/AF1QipOj3RTzcWolCF8InRgt5swBV2TkI7VIaVv6RNok=w1600-h1000-k-no,,"{""Sunday"": ""Closed"", ""Monday"": ""8AM-5PM"", ""Tuesday"": ""8AM-5PM"", ""Wednesday"": ""8AM-5PM"", ""Thursday"": ""8AM-5PM"", ""Friday"": ""8AM-5PM"", ""Saturday"": ""Closed""}","Sunday,|Monday,8AM,5PM|Tuesday,8AM,5PM|Wednesday,8AM,5PM|Thursday,8AM,5PM|Friday,8AM,5PM|Saturday,",Sunday:Closed|Monday:8AM-5PM|Tuesday:8AM-5PM|Wednesday:8AM-5PM|Thursday:8AM-5PM|Friday:8AM-5PM|Saturday:Closed,,,OPERATIONAL,"{""Service options"": {""Onsite services"": true, ""Online estimates"": false, ""Language assistance"": ""English, Spanish, Vietnamese""}, ""Accessibility"": {""Wheelchair accessible entrance"": true, ""Wheelchair accessible parking lot"": true, ""Wheelchair accessible restroom"": true, ""Wheelchair accessible seating"": true, ""Assistive hearing loop"": false}, ""Offerings"": {""Repair services"": true}, ""Amenities"": {""Gender-neutral restroom"": true}, ""Crowd"": {""LGBTQ+ friendly"": true, ""Transgender safespace"": true}, ""Payments"": {""Credit cards"": true}, ""Parking"": {""Free parking lot"": true}, ""Other"": {""LGBTQ+ friendly"": true}}",,,,https://lh5.googleusercontent.com/-yqvSvuj5Si8/AAAAAAAAAAI/AAAAAAAAAAA/24Z61tKpj-M/s44-p-k-no-ns-nd/photo.jpg,,,True,104103490102200360543,Stuart Services,https://www.google.com/maps/contrib/104103490102200360543,,https://www.stuartservices.com/contact-us/?utm_source=google&utm_medium=organic&utm_campaign=GMB%20Listing%20Metairie,,https://www.stuartservices.com/contact-us/?utm_source=google&utm_medium=organic&utm_campaign=GMB%20Listing%20Metairie,"https://www.google.com/maps/place/Stuart+Services/@30.000047199999997,-90.18775099999999,14z/data=!4m8!1m2!2m1!1sStuart+Services!3m4!1s0x8620b0f5a27e8911:0xa3f7b8a47d258d!8m2!3d30.000047199999997!4d-90.18775099999999","https://www.google.com/maps/place/Stuart+Services/@30.000047199999997,-90.18775099999999,13.99z/data=!4m16!1m7!3m6!1s0x8620b0f5a27e8911:0xa3f7b8a47d258d!2sStuart+Services!8m2!3d30.000047199999997!4d-90.18775099999999!16s%2Fg%2F11ckvg1dmb!3m7!1s0x8620b0f5a27e8911:0xa3f7b8a47d258d!8m2!3d30.000047199999997!4d-90.18775099999999!9m1!1b1!16s%2Fg%2F11ckvg1dmb?entry=ttu",ChIJEYl-ovWwIIYRjSV9pLj3owA,0x8620b0f5a27e8911:0xa3f7b8a47d258d,46152793609545101,/g/1tf1c31p,46152793609545101,,stuartwalden25.sw@googlemail.com,RECEIVING,Verified,Stuart Walden,Stuart,Walden,,,jraspino@stuartservices.com,RECEIVING,SMTP validated,Jude Raspino,Jude,Raspino,Owner Human Resources Executives,,jrichardson@stuartservices.com,INVALID,Cannot validate,Jill Richardson,Jill,Richardson,Plumber,,8886505655,toll_free,,,5044555555,,mobile,,8888177902,,,,https://www.facebook.com/stuartservices/,,http://www.linkedin.com/company/8083623,,,,,,,,,,,,,New Orleans Plumber | Stuart Services,,"For more than 60 years, Stuart Services has been the trusted name for HVAC, electric & plumbing in the New Orleans area. Call today!",,,
"water damage restoration service, 70181, New Orleans, LA, US","King Cole Construction, LLC",King Cole Construction,http://www.kingcoleconstruction.com/,"Water damage restoration service, Bathroom remodeler, Carpenter, Fence contractor, Flooring contractor, Home builder, Kitchen remodeler, Roofing contractor, General contractor",General contractor,Water damage restoration service,+1 504-322-5080,fixed line,"BANDWIDTH.COM CLEC, LLC - LA",,"3222 Roman St, Metairie, LA 70001",None,3222 Roman St,Metairie,70001,Louisiana,Louisiana,United States of America,US,29.978733199999997,-90.157361,89444655ccbffff,America/Chicago,,False,4.2,15.0,https://search.google.com/local/reviews?placeid=ChIJq0BrHg-wIIYR90DA32m0psc&q=*&authuser=0&hl=en&gl=US,,,3.0,0.0,0.0,0.0,12.0,34.0,https://lh3.googleusercontent.com/p/AF1QipOBl4C2gChKSU_G0xcw0574a5x3u69D4fMH09Iu=w800-h500-k-no,https://lh3.googleusercontent.com/p/AF1QipOBl4C2gChKSU_G0xcw0574a5x3u69D4fMH09Iu=w1600-h1000-k-no,,"{""Sunday"": ""Closed"", ""Monday"": ""8AM-5PM"", ""Tuesday"": ""8AM-5PM"", ""Wednesday"": ""8AM-5PM"", ""Thursday"": ""8AM-5PM"", ""Friday"": ""8AM-5PM"", ""Saturday"": ""Closed""}","Sunday,|Monday,8AM,5PM|Tuesday,8AM,5PM|Wednesday,8AM,5PM|Thursday,8AM,5PM|Friday,8AM,5PM|Saturday,",Sunday:Closed|Monday:8AM-5PM|Tuesday:8AM-5PM|Wednesday:8AM-5PM|Thursday:8AM-5PM|Friday:8AM-5PM|Saturday:Closed,,,OPERATIONAL,"{""Service options"": {""Online estimates"": true, ""Onsite services"": true, ""Language assistance"": ""English, Spanish""}, ""Accessibility"": {""Wheelchair accessible parking lot"": true}, ""Parking"": {""Free parking lot"": true, ""On-site parking"": true}}",,,,https://lh4.googleusercontent.com/-Q9nwFMFWM7g/AAAAAAAAAAI/AAAAAAAAAAA/A8iKHj24XRk/s44-p-k-no-ns-nd/photo.jpg,,,True,102119391673377487713,"King Cole Construction, LLC",https://www.google.com/maps/contrib/102119391673377487713,,,,,"https://www.google.com/maps/place/King+Cole+Construction%2C+LLC/@29.978733199999997,-90.157361,14z/data=!4m8!1m2!2m1!1sKing+Cole+Construction%2C+LLC!3m4!1s0x8620b00f1e6b40ab:0xc7a6b469dfc040f7!8m2!3d29.978733199999997!4d-90.157361","https://www.google.com/maps/place/King+Cole+Construction%2C+LLC/@29.978733199999997,-90.157361,13.99z/data=!4m16!1m7!3m6!1s0x8620b00f1e6b40ab:0xc7a6b469dfc040f7!2sKing+Cole+Construction%2C+LLC!8m2!3d29.978733199999997!4d-90.157361!16s%2Fg%2F11ckvg1dmb!3m7!1s0x8620b00f1e6b40ab:0xc7a6b469dfc040f7!8m2!3d29.978733199999997!4d-90.157361!9m1!1b1!16s%2Fg%2F11ckvg1dmb?entry=ttu",ChIJq0BrHg-wIIYR90DA32m0psc,0x8620b00f1e6b40ab:0xc7a6b469dfc040f7,14386384426500112631,/g/11b_2jqqr2,-4060359647209438985,,kingcoleconstruction@gmail.com,RECEIVING,SMTP validated,,,,,,kingcolerealestate@gmail.com,RECEIVING,SMTP validated,,,,,,coler@kingcoleconstruction.com,RECEIVING,Catch All,,,,,,5043225080,fixed line,"BANDWIDTH.COM CLEC, LLC - LA",,,,,,,,,,https://www.facebook.com/kingcoleconstruction/,,,,,,,,,,,,,,,Contact – King Cole Construction,"Elementor 3.33.0; features: additional_custom_breakpoints; settings: css_print_method-external, google_font-enabled, font_display-auto","King Cole Construction is a Residential Contractor located in Metairie Louisiana specializing in custom homes, renovations & remodels","contractor, custom renovation, homes, king cole construction, remodel, residentail contractor",False,False
"water damage restoration service, 70181, New Orleans, LA, US",M&M Clean Restoration,M And M Clean Restoration,,Cleaning service,Servicio de limpieza,Cleaning service,+1 504-345-7348,mobile,T-Mobile USA Inc.,,"612 Clearview Pkwy, Metairie, LA 70001",None,612 Clearview Pkwy,Metairie,70001,Louisiana,Louisiana,United States of America,US,29.9801979,-90.1797721,8944465434fffff,America/Chicago,,False,,,,,,,,,,,2.0,https://lh3.googleusercontent.com/p/AF1QipOcb3-FlOzlz7EGbWzu3WtEZykR7NrKy9snMOe5=w800-h500-k-no,https://lh3.googleusercontent.com/p/AF1QipOcb3-FlOzlz7EGbWzu3WtEZykR7NrKy9snMOe5=w1600-h1000-k-no,,"{""Sunday"": ""Closed"", ""Monday"": ""8AM-5PM"", ""Tuesday"": ""8AM-5PM"", ""Wednesday"": ""8AM-5PM"", ""Thursday"": ""8AM-5PM"", ""Friday"": ""8AM-5PM"", ""Saturday"": ""8AM-5PM""}","Sunday,|Monday,8AM,5PM|Tuesday,8AM,5PM|Wednesday,8AM,5PM|Thursday,8AM,5PM|Friday,8AM,5PM|Saturday,8AM,5PM",Sunday:Closed|Monday:8AM-5PM|Tuesday:8AM-5PM|Wednesday:8AM-5PM|Thursday:8AM-5PM|Friday:8AM-5PM|Saturday:8AM-5PM,,,OPERATIONAL,"{""Service options"": {""Online estimates"": true, ""Onsite services"": false}, ""Accessibility"": {""Wheelchair accessible parking lot"": true}, ""Amenities"": {""Gender-neutral restroom"": true}}",,,,https://lh6.googleusercontent.com/-Pnl4R8uf8a0/AAAAAAAAAAI/AAAAAAAAAAA/4dry60cXzy8/s44-p-k-no-ns-nd/photo.jpg,,,True,113743442702356497418,M&M Clean Restoration,https://www.google.com/maps/contrib/113743442702356497418,,,,,"https://www.google.com/maps/place/M%26M+Clean+Restoration/@29.9801979,-90.1797721,14z/data=!4m8!1m2!2m1!1sM%26M+Clean+Restoration!3m4!1s0x8fd726bdded1b1fd:0xeaffdc1c34da830!8m2!3d29.9801979!4d-90.1797721","https://www.google.com/maps/place/M%26M+Clean+Restoration/@29.9801979,-90.1797721,13.99z/data=!4m16!1m7!3m6!1s0x8fd726bdded1b1fd:0xeaffdc1c34da830!2sM%26M+Clean+Restoration!8m2!3d29.9801979!4d-90.1797721!16s%2Fg%2F11ckvg1dmb!3m7!1s0x8fd726bdded1b1fd:0xeaffdc1c34da830!8m2!3d29.9801979!4d-90.1797721!9m1!1b1!16s%2Fg%2F11ckvg1dmb?entry=ttu",ChIJ_bHR3r0m148RMKhNw8H9rw4,0x8fd726bdded1b1fd:0xeaffdc1c34da830,1058343446102517808,/g/11rk8d3kh1,None,,,,,,,,,,,,,,,,,,,,,,,,,,,,,,,,,,,,,,,,,,,,,,,,,,,,,,,,,,
"water damage restoration service, 70181, New Orleans, LA, US",Toro Clean - Carpet Cleaning Service,Toro Clean Carpet Cleaning Service,http://www.torocleannola.com/,"Water damage restoration service, Cleaners, Cleaning service, Service establishment, House cleaning service, Janitorial service, Upholstery cleaning service, Carpet cleaning service",Carpet cleaning service,Water damage restoration service,+1 504-401-6115,mobile,CELLCO PARTNERSHIP DBA VERIZON WIRELESS - LA,,,,,,,,,,,30.025762999999998,-90.1960344,89444654a6fffff,America/Chicago,,True,4.3,6.0,https://search.google.com/local/reviews?placeid=ChIJ_y4ZMie3IIYRcRnmjcW0cpM&q=*&authuser=0&hl=en&gl=US,,,1.0,0.0,0.0,0.0,5.0,13.0,https://lh3.googleusercontent.com/p/AF1QipOwuBqS7EHmU_ux4FMxQYiOVtSEovx7di7ZTL8=w800-h500-k-no,https://lh3.googleusercontent.com/p/AF1QipOwuBqS7EHmU_ux4FMxQYiOVtSEovx7di7ZTL8=w1600-h1000-k-no,,"{""Sunday"": ""Closed"", ""Monday"": ""9AM-5PM"", ""Tuesday"": ""9AM-5PM"", ""Wednesday"": ""9AM-5PM"", ""Thursday"": ""9AM-5PM"", ""Friday"": ""9AM-5PM"", ""Saturday"": ""9AM-5PM""}","Sunday,|Monday,9AM,5PM|Tuesday,9AM,5PM|Wednesday,9AM,5PM|Thursday,9AM,5PM|Friday,9AM,5PM|Saturday,9AM,5PM",Sunday:Closed|Monday:9AM-5PM|Tuesday:9AM-5PM|Wednesday:9AM-5PM|Thursday:9AM-5PM|Friday:9AM-5PM|Saturday:9AM-5PM,,,OPERATIONAL,{},,,,https://lh3.googleusercontent.com/-2OIAzGxMT20/AAAAAAAAAAI/AAAAAAAAAAA/M1JYtuZcZ2A/s44-p-k-no-ns-nd/photo.jpg,,,True,109360357902408739000,Toro Clean - Carpet Cleaning Service,https://www.google.com/maps/contrib/109360357902408739000,,,,,"https://www.google.com/maps/place/Toro+Clean+-+Carpet+Cleaning+Service/@30.025762999999998,-90.1960344,14z/data=!4m8!1m2!2m1!1sToro+Clean+-+Carpet+Cleaning+Service!3m4!1s0x8620b72732192eff:0x9372b4c58de61971!8m2!3d30.025762999999998!4d-90.1960344","https://www.google.com/maps/place/Toro+Clean+-+Carpet+Cleaning+Service/@30.025762999999998,-90.1960344,13.99z/data=!4m16!1m7!3m6!1s0x8620b72732192eff:0x9372b4c58de61971!2sToro+Clean+-+Carpet+Cleaning+Service!8m2!3d30.025762999999998!4d-90.1960344!16s%2Fg%2F11ckvg1dmb!3m7!1s0x8620b72732192eff:0x9372b4c58de61971!8m2!3d30.025762999999998!4d-90.1960344!9m1!1b1!16s%2Fg%2F11ckvg1dmb?entry=ttu",ChIJ_y4ZMie3IIYRcRnmjcW0cpM,0x8620b72732192eff:0x9372b4c58de61971,10624753231502645617,/g/11j6tc4g14,-7821990842206905999,,,,,,,,,,,,,,,,,,,,,,,,,,5044016115,mobile,CELLCO PARTNERSHIP DBA VERIZON WIRELESS - LA,,15044016115,CELLCO PARTNERSHIP DBA VERIZON WIRELESS - LA,mobile,,,,,,https://www.facebook.com/acebook.com/,,,,,,,,,,,,https://www.youtube.com/channel/UCfUFmHRLX7YR7nTFEy402UA,https://github.com/Omnibus-Type/,,"Toro Clean - Best Carpet Cleaner - New Orleans, Louisiana",Starfield Technologies; Go Daddy Website Builder 8.0.0000,"Our cleaning professionals will clean your carpet, tile & grout and upholstery, leaving your home fresh and clean. Receive cleaning services you can trust! The best carpet cleaner in New Orleans, Metairie, Kenner and surrounding areas.",,,
"water damage restoration service, 70181, New Orleans, LA, US",B & H Roof Repairs LLC,B And H Roof Repairs,,Roofing contractor,Roofing contractor,Roofing contractor,+1 504-313-5451,mobile,CELLCO PARTNERSHIP DBA VERIZON WIRELESS - LA,,"Metairie, LA 70001",None,,Metairie,70001,Louisiana,Louisiana,United States of America,US,29.979785399999997,-90.163592,89444655cc7ffff,America/Chicago,,False,5.0,1.0,https://search.google.com/local/reviews?placeid=ChIJVVVVVQWwIIYRMLE53spGlFw&q=*&authuser=0&hl=en&gl=US,,,0.0,0.0,0.0,0.0,1.0,1.0,https://streetviewpixels-pa.googleapis.com/v1/thumbnail?panoid=OmT23gwFSaJe4Bxn3itRYA&cb_client=search.gws-prod.gps&w=800&h=500&yaw=94.13096&pitch=0&thumbfov=100,https://streetviewpixels-pa.googleapis.com/v1/thumbnail?panoid=OmT23gwFSaJe4Bxn3itRYA&cb_client=search.gws-prod.gps&w=1600&h=1000&yaw=94.13096&pitch=0&thumbfov=100,,,,,,,OPERATIONAL,{},,,,,,,False,None,B & H Roof Repairs LLC,,,,,,"https://www.google.com/maps/place/B+%26+H+Roof+Repairs+LLC/@29.979785399999997,-90.163592,14z/data=!4m8!1m2!2m1!1sB+%26+H+Roof+Repairs+LLC!3m4!1s0x8620b00555555555:0x5c9446cade39b130!8m2!3d29.979785399999997!4d-90.163592","https://www.google.com/maps/place/B+%26+H+Roof+Repairs+LLC/@29.979785399999997,-90.163592,13.99z/data=!4m16!1m7!3m6!1s0x8620b00555555555:0x5c9446cade39b130!2sB+%26+H+Roof+Repairs+LLC!8m2!3d29.979785399999997!4d-90.163592!16s%2Fg%2F11ckvg1dmb!3m7!1s0x8620b00555555555:0x5c9446cade39b130!8m2!3d29.979785399999997!4d-90.163592!9m1!1b1!16s%2Fg%2F11ckvg1dmb?entry=ttu",ChIJVVVVVQWwIIYRMLE53spGlFw,0x8620b00555555555:0x5c9446cade39b130,6671034785168208176,/g/1w2yztj8,6671034785168208176,,,,,,,,,,,,,,,,,,,,,,,,,,,,,,,,,,,,,,,,,,,,,,,,,,,,,,,,,,
"water damage restoration service, 70181, New Orleans, LA, US",Eagle Construction,Eagle Construction,https://topbusinessesusa.top/details/eagle-construction-ChIJr3i,Construction company,Construction company,Construction company,+1 504-339-2371,mobile,T-Mobile USA Inc.,,"537 Central Ave, New Orleans, LA 70121",None,537 Central Ave,New Orleans,70121,Louisiana,Louisiana,United States of America,US,29.961261399999998,-90.1719617,89444654217ffff,America/Chicago,,False,3.0,2.0,https://search.google.com/local/reviews?placeid=ChIJr3i_wza7IIYRj9ZxkEKTVl0&q=*&authuser=0&hl=en&gl=US,,,1.0,0.0,0.0,0.0,1.0,24.0,https://lh3.googleusercontent.com/gps-cs-s/AG0ilSy02OkZbSIzPhNlZdAd1fcPZ8nfXpQuGXAqujkdIx2shGn0QqUF_pdNNBWr8HBxdbxrWCAzrtihosX0jVwfbBw4ATpvcE8tUmDetrhlzMhBV-90_vQZ2nVP_tPD2wbLsTykAsl8=w800-h500-k-no,https://lh3.googleusercontent.com/gps-cs-s/AG0ilSy02OkZbSIzPhNlZdAd1fcPZ8nfXpQuGXAqujkdIx2shGn0QqUF_pdNNBWr8HBxdbxrWCAzrtihosX0jVwfbBw4ATpvcE8tUmDetrhlzMhBV-90_vQZ2nVP_tPD2wbLsTykAsl8=w1600-h1000-k-no,,"{""Sunday"": ""Closed"", ""Monday"": ""9AM-5PM"", ""Tuesday"": ""9AM-5PM"", ""Wednesday"": ""9AM-5PM"", ""Thursday"": ""9AM-5PM"", ""Friday"": ""9AM-5PM"", ""Saturday"": ""Closed""}","Sunday,|Monday,9AM,5PM|Tuesday,9AM,5PM|Wednesday,9AM,5PM|Thursday,9AM,5PM|Friday,9AM,5PM|Saturday,",Sunday:Closed|Monday:9AM-5PM|Tuesday:9AM-5PM|Wednesday:9AM-5PM|Thursday:9AM-5PM|Friday:9AM-5PM|Saturday:Closed,,,OPERATIONAL,"{""Service options"": {""Onsite services"": true}, ""Accessibility"": {""Wheelchair accessible parking lot"": true}}",,,,https://lh4.googleusercontent.com/-Y9iKbphBKzQ/AAAAAAAAAAI/AAAAAAAAAAA/Jmr-cu37U74/s44-p-k-no-ns-nd/photo.jpg,,,True,106683442779322602135,Eagle Construction,https://www.google.com/maps/contrib/106683442779322602135,,,,,"https://www.google.com/maps/place/Eagle+Construction/@29.961261399999998,-90.1719617,14z/data=!4m8!1m2!2m1!1sEagle+Construction!3m4!1s0x8620bb36c3bf78af:0x5d5693429071d68f!8m2!3d29.961261399999998!4d-90.1719617","https://www.google.com/maps/place/Eagle+Construction/@29.961261399999998,-90.1719617,13.99z/data=!4m16!1m7!3m6!1s0x8620bb36c3bf78af:0x5d5693429071d68f!2sEagle+Construction!8m2!3d29.961261399999998!4d-90.1719617!16s%2Fg%2F11ckvg1dmb!3m7!1s0x8620bb36c3bf78af:0x5d5693429071d68f!8m2!3d29.961261399999998!4d-90.1719617!9m1!1b1!16s%2Fg%2F11ckvg1dmb?entry=ttu",ChIJr3i_wza7IIYRj9ZxkEKTVl0,0x8620bb36c3bf78af:0x5d5693429071d68f,6725725007624918671,/g/11h07mgq16,6725725007624918671,,,,,,,,,,,,,,,,,,,,,,,,,,,,,,,,,,,,,,,,,,,,,,,,,,,,,TopUSADetails.com - Find Trusted Local Businesses Worldwide,,"Discover and connect with verified local businesses worldwide. Find trusted service providers, read reviews, and get contact information for businesses in your area.","local business directory, business finder, service providers, company reviews, business listings, local services",False,False
"water damage restoration service, 70181, New Orleans, LA, US",Pallastrelli Janitorial & FloorCare Services,Pallastrelli Janitorial And Floorcare Services,,"Water damage restoration service, Carpet cleaning service, Service establishment, Janitorial service, Pressure washing service",Pressure washing service,Water damage restoration service,+1 504-315-0467,mobile,AT&T,True,,,,,,,,,,29.995506499999998,-90.0874075,894446428d3ffff,America/Chicago,,True,,,,,,,,,,,300.0,https://lh3.googleusercontent.com/p/AF1QipPnNAPfpEjpnCWNoVCYqvQ2ZOL2qtgDrNb0syqg=w800-h500-k-no,https://lh3.googleusercontent.com/p/AF1QipPnNAPfpEjpnCWNoVCYqvQ2ZOL2qtgDrNb0syqg=w1600-h1000-k-no,,"{""Sunday"": ""Closed"", ""Monday"": ""9AM-6PM"", ""Tuesday"": ""9AM-6PM"", ""Wednesday"": ""9AM-6PM"", ""Thursday"": ""9AM-6PM"", ""Friday"": ""9:30AM-6PM"", ""Saturday"": ""10:30AM-2:30PM""}","Sunday,|Monday,9AM,6PM|Tuesday,9AM,6PM|Wednesday,9AM,6PM|Thursday,9AM,6PM|Friday,9:30AM,6PM|Saturday,10:30AM,2:30PM",Sunday:Closed|Monday:9AM-6PM|Tuesday:9AM-6PM|Wednesday:9AM-6PM|Thursday:9AM-6PM|Friday:9:30AM-6PM|Saturday:10:30AM-2:30PM,,,OPERATIONAL,{},,,,https://lh5.googleusercontent.com/-kZER67qSDr8/AAAAAAAAAAI/AAAAAAAAAAA/1XGenG3WYRs/s44-p-k-no-ns-nd/photo.jpg,,,True,112071452593605611255,Pallastrelli Janitorial & FloorCare Services,https://www.google.com/maps/contrib/112071452593605611255,,,,,"https://www.google.com/maps/place/Pallastrelli+Janitorial+%26+FloorCare+Services/@29.995506499999998,-90.0874075,14z/data=!4m8!1m2!2m1!1sPallastrelli+Janitorial+%26+FloorCare+Services!3m4!1s0x8620b73775c716d9:0x76f455ef0dcbbce8!8m2!3d29.995506499999998!4d-90.0874075","https://www.google.com/maps/place/Pallastrelli+Janitorial+%26+FloorCare+Services/@29.995506499999998,-90.0874075,13.99z/data=!4m16!1m7!3m6!1s0x8620b73775c716d9:0x76f455ef0dcbbce8!2sPallastrelli+Janitorial+%26+FloorCare+Services!8m2!3d29.995506499999998!4d-90.0874075!16s%2Fg%2F11ckvg1dmb!3m7!1s0x8620b73775c716d9:0x76f455ef0dcbbce8!8m2!3d29.995506499999998!4d-90.0874075!9m1!1b1!16s%2Fg%2F11ckvg1dmb?entry=ttu",ChIJ2RbHdTe3IIYR6LzLDe9V9HY,0x8620b73775c716d9:0x76f455ef0dcbbce8,8571570476009897192,/g/11f1fjz90l,None,,,,,,,,,,,,,,,,,,,,,,,,,,,,,,,,,,,,,,,,,,,,,,,,,,,,,,,,,,
"water damage restoration service, 70181, New Orleans, LA, US",Brooks Quality Painting,Brooks Quality Painting,https://www.brooksqualitypaint.com/,"Painter, Painting, Waterproofing service",Painter,Painter,+1 504-864-3697,fixed line,"BANDWIDTH.COM CLEC, LLC - LA",,"5860 Citrus Blvd Suite D-107, Harahan, LA 70123",None,5860 Citrus Blvd Suite D-107,Harahan,70123,Louisiana,Louisiana,United States of America,US,29.963010599999997,-90.20398949999999,894446541cbffff,America/Chicago,,False,4.7,34.0,https://search.google.com/local/reviews?placeid=ChIJ-8hQewmwIIYRAj635fj0aTs&q=*&authuser=0&hl=en&gl=US,,,2.0,1.0,0.0,0.0,31.0,116.0,https://lh3.googleusercontent.com/p/AF1QipMwOH2CwqITvyKp3lsbvBfLmbGsgqWMJuzbu5O0=w800-h500-k-no,https://lh3.googleusercontent.com/p/AF1QipMwOH2CwqITvyKp3lsbvBfLmbGsgqWMJuzbu5O0=w1600-h1000-k-no,,"{""Sunday"": ""Closed"", ""Monday"": ""8AM-4:30PM"", ""Tuesday"": ""8AM-4:30PM"", ""Wednesday"": ""8AM-4:30PM"", ""Thursday"": ""8AM-4:30PM"", ""Friday"": ""8AM-4:30PM"", ""Saturday"": ""Closed""}","Sunday,|Monday,8AM,4:30PM|Tuesday,8AM,4:30PM|Wednesday,8AM,4:30PM|Thursday,8AM,4:30PM|Friday,8AM,4:30PM|Saturday,",Sunday:Closed|Monday:8AM-4:30PM|Tuesday:8AM-4:30PM|Wednesday:8AM-4:30PM|Thursday:8AM-4:30PM|Friday:8AM-4:30PM|Saturday:Closed,,,OPERATIONAL,{},,,,https://lh4.googleusercontent.com/-PZG0zHuj57U/AAAAAAAAAAI/AAAAAAAAAAA/blo7rjPBmq0/s44-p-k-no-ns-nd/photo.jpg,,,True,113492657872981998326,Brooks Quality Painting,https://www.google.com/maps/contrib/113492657872981998326,,,,,"https://www.google.com/maps/place/Brooks+Quality+Painting/@29.963010599999997,-90.20398949999999,14z/data=!4m8!1m2!2m1!1sBrooks+Quality+Painting!3m4!1s0x8620b0097b50c8fb:0x3b69f4f8e5b73e02!8m2!3d29.963010599999997!4d-90.20398949999999","https://www.google.com/maps/place/Brooks+Quality+Painting/@29.963010599999997,-90.20398949999999,13.99z/data=!4m16!1m7!3m6!1s0x8620b0097b50c8fb:0x3b69f4f8e5b73e02!2sBrooks+Quality+Painting!8m2!3d29.963010599999997!4d-90.20398949999999!16s%2Fg%2F11ckvg1dmb!3m7!1s0x8620b0097b50c8fb:0x3b69f4f8e5b73e02!8m2!3d29.963010599999997!4d-90.20398949999999!9m1!1b1!16s%2Fg%2F11ckvg1dmb?entry=ttu",ChIJ-8hQewmwIIYRAj635fj0aTs,0x8620b0097b50c8fb:0x3b69f4f8e5b73e02,4281222270635425282,/g/1pv2l32mv,4281222270635425282,,,,,,,,,,,,,,,,,,,,,,,,,,5048643697,fixed line,"BANDWIDTH.COM CLEC, LLC - LA",,,,,,,,,,https://www.facebook.com/BrooksQuality/,,,,,,,,,,,,,,,New Virtual Private Server,,,ProPainter Websites 301 Brooks Quality Painting & Contracting,False,False
"water damage restoration service, 70181, New Orleans, LA, US","CertaPro Painters of New Orleans, LA",Certapro Painters Of New Orleans La,https://certapro.com/neworleans/%3Futm_source%3Dgoogle%26utm_medium%3Dorganic%26utm_campaign%3Dgmb,Painter,Painter,Painter,+1 504-264-6064,mobile,CELLCO PARTNERSHIP DBA VERIZON,,"1018 Central Ave Unit 105 D, Metairie, LA 70001",None,1018 Central Ave Unit 105 D,Metairie,70001,Louisiana,Louisiana,United States of America,US,29.9726997,-90.174602,8944465422fffff,America/Chicago,,False,4.7,165.0,https://search.google.com/local/reviews?placeid=ChIJV9zXyCqpIIYRSra9tSVtK7c&q=*&authuser=0&hl=en&gl=US,,,6.0,1.0,2.0,18.0,138.0,90.0,https://lh3.googleusercontent.com/p/AF1QipMwagNBx59xFlHo8RjnhFkPbRFDTaab7VvNyxgV=w800-h500-k-no,https://lh3.googleusercontent.com/p/AF1QipMwagNBx59xFlHo8RjnhFkPbRFDTaab7VvNyxgV=w1600-h1000-k-no,,"{""Sunday"": ""Closed"", ""Monday"": ""9AM-5PM"", ""Tuesday"": ""9AM-5PM"", ""Wednesday"": ""9AM-5PM"", ""Thursday"": ""9AM-5PM"", ""Friday"": ""9AM-5PM"", ""Saturday"": ""Closed""}","Sunday,|Monday,9AM,5PM|Tuesday,9AM,5PM|Wednesday,9AM,5PM|Thursday,9AM,5PM|Friday,9AM,5PM|Saturday,",Sunday:Closed|Monday:9AM-5PM|Tuesday:9AM-5PM|Wednesday:9AM-5PM|Thursday:9AM-5PM|Friday:9AM-5PM|Saturday:Closed,,,OPERATIONAL,"{""Service options"": {""Online estimates"": true, ""Onsite services"": true}}",,,,https://lh3.googleusercontent.com/-xaIbP-c2FPs/AAAAAAAAAAI/AAAAAAAAAAA/R_wQO6JD6cM/s44-p-k-no-ns-nd/photo.jpg,,,True,102624788516321694512,"CertaPro Painters of New Orleans, LA",https://www.google.com/maps/contrib/102624788516321694512,,https://certapro.com/neworleans/?utm_source=google&utm_medium=organic&utm_campaign=gmb&y_source=1_MTIzMDY3NDMtNzE1LWxvY2F0aW9uLnJlc2VydmF0aW9uX3VybA%3D%3D#estimate,,https://certapro.com/neworleans/?utm_source=google&utm_medium=organic&utm_campaign=gmb&y_source=1_MTIzMDY3NDMtNzE1LWxvY2F0aW9uLnJlc2VydmF0aW9uX3VybA%3D%3D#estimate,"https://www.google.com/maps/place/CertaPro+Painters+of+New+Orleans%2C+LA/@29.9726997,-90.174602,14z/data=!4m8!1m2!2m1!1sCertaPro+Painters+of+New+Orleans%2C+LA!3m4!1s0x8620a92ac8d7dc57:0xb72b6d25b5bdb64a!8m2!3d29.9726997!4d-90.174602","https://www.google.com/maps/place/CertaPro+Painters+of+New+Orleans%2C+LA/@29.9726997,-90.174602,13.99z/data=!4m16!1m7!3m6!1s0x8620a92ac8d7dc57:0xb72b6d25b5bdb64a!2sCertaPro+Painters+of+New+Orleans%2C+LA!8m2!3d29.9726997!4d-90.174602!16s%2Fg%2F11ckvg1dmb!3m7!1s0x8620a92ac8d7dc57:0xb72b6d25b5bdb64a!8m2!3d29.9726997!4d-90.174602!9m1!1b1!16s%2Fg%2F11ckvg1dmb?entry=ttu",ChIJV9zXyCqpIIYRSra9tSVtK7c,0x8620a92ac8d7dc57:0xb72b6d25b5bdb64a,13198763141669697098,/g/11dxm5j_j8,-5247980932039854518,,AVAY@CERTAPRO.COM,INVALID,Undeliverable,Anthony Vay,Anthony,Vay,,,DBLACK@CERTAPRO.COM,INVALID,Undeliverable,Debbie Black,Debbie,Black,,,vkinney@certapro.com,INVALID,Undeliverable,Valerie Kinney,Valerie,Kinney,Vice President Marketing At Certapro Painters,18006897271,18006897271,toll_free,,,1800,,,,18004623782,,toll_free,,https://facebook.com/CPSouthernMontana,https://www.instagram.com/certapro,https://www.linkedin.com/company/certa-pro-painter,https://www.tiktok.com/@certapropainters_omaha,,,,,,,http://www.twitter.com/certapro,,https://www.youtube.com/user/CertaProRocks,,,Reviews Archive - CertaPro Painters® of Southern Montana,wordpress,Professional house painters and commercial painters make up the team at CertaPro Painters® of Southern Montana. Request a FREE quote here.,"Local Painting Company, Painting Contractors Minneapolis, Painters Maple Grove, Professional Painters in NW Minneapolis, CertaPro of NW Minneapolis",False,False
"water damage restoration service, 70181, New Orleans, LA, US",JMA Painters - New Orleans,Jma Painters New Orleans,https://jmapainters.com/commercial-painting/,Painter,Painter,Painter,+1 504-229-2083,mobile,T-Mobile USA Inc.,,"412 Commerce Point A, New Orleans, LA 70123",None,412 Commerce Point A,New Orleans,70123,Louisiana,Louisiana,United States of America,US,29.9494901,-90.1872247,894446540cfffff,America/Chicago,,False,5.0,2.0,https://search.google.com/local/reviews?placeid=ChIJsbK_UPW6IIYRwXlYsFybaMk&q=*&authuser=0&hl=en&gl=US,,,0.0,0.0,0.0,0.0,2.0,26.0,https://lh3.googleusercontent.com/p/AF1QipMm-PoO51e7Fg87HvIGQ0gYQZGo2zdDm337qZa7=w800-h500-k-no,https://lh3.googleusercontent.com/p/AF1QipMm-PoO51e7Fg87HvIGQ0gYQZGo2zdDm337qZa7=w1600-h1000-k-no,,"{""Sunday"": ""Closed"", ""Monday"": ""8AM-5PM"", ""Tuesday"": ""8AM-5PM"", ""Wednesday"": ""8AM-5PM"", ""Thursday"": ""8AM-5PM"", ""Friday"": ""8AM-5PM"", ""Saturday"": ""9AM-5PM""}","Sunday,|Monday,8AM,5PM|Tuesday,8AM,5PM|Wednesday,8AM,5PM|Thursday,8AM,5PM|Friday,8AM,5PM|Saturday,9AM,5PM",Sunday:Closed|Monday:8AM-5PM|Tuesday:8AM-5PM|Wednesday:8AM-5PM|Thursday:8AM-5PM|Friday:8AM-5PM|Saturday:9AM-5PM,,,OPERATIONAL,{},,,,https://lh3.googleusercontent.com/-5v2M-KhY9nk/AAAAAAAAAAI/AAAAAAAAAAA/fNZRY-oJxfc/s44-p-k-no-ns-nd/photo.jpg,,,True,100113150167485654145,JMA Painters - New Orleans,https://www.google.com/maps/contrib/100113150167485654145,,,,,"https://www.google.com/maps/place/JMA+Painters+-+New+Orleans/@29.9494901,-90.1872247,14z/data=!4m8!1m2!2m1!1sJMA+Painters+-+New+Orleans!3m4!1s0x8620baf550bfb2b1:0xc9689b5cb05879c1!8m2!3d29.9494901!4d-90.1872247","https://www.google.com/maps/place/JMA+Painters+-+New+Orleans/@29.9494901,-90.1872247,13.99z/data=!4m16!1m7!3m6!1s0x8620baf550bfb2b1:0xc9689b5cb05879c1!2sJMA+Painters+-+New+Orleans!8m2!3d29.9494901!4d-90.1872247!16s%2Fg%2F11ckvg1dmb!3m7!1s0x8620baf550bfb2b1:0xc9689b5cb05879c1!8m2!3d29.9494901!4d-90.1872247!9m1!1b1!16s%2Fg%2F11ckvg1dmb?entry=ttu",ChIJsbK_UPW6IIYRwXlYsFybaMk,0x8620baf550bfb2b1:0xc9689b5cb05879c1,14513020621599308225,/g/11ckbqxsl4,-3933723452110243391,,jason@jmapainters.com,INVALID,SMTP validated,Jason Thibodeaux,Jason,Thibodeaux,Owner,,christopher@jmapainters.com,INVALID,Cannot validate,Christopher Novak,Christopher,Novak,Managing Director,,evelyn@jmapainters.com,INVALID,Cannot validate,Evelyn Smith,Evelyn,Smith,Owner,,3375348665,landline,,,13375348665,,landline,,5042292083,T-Mobile USA Inc.,mobile,,https://www.facebook.com/jmapainters/,,https://www.linkedin.com/company/jma-painting-co,,,,,,,,https://twitter.com/JMAPainters,,,,,Commercial Paint Contractor | Painting Company | Painting Services,Divi v.4.18.0,"Looking for a Commercial Paint Contractor? JMA Painting provides commercial painting services with locations in Lafayette and New Orleans, LA.",,False,True
"water damage restoration service, 70181, New Orleans, LA, US","One Man And A Toolbox, LLC",One Man And A Toolbox,https://onemanandatoolbox.org/,"Handyman/Handywoman/Handyperson, Bathroom remodeler, Carpenter, Contractor, Kitchen remodeler, Painter",Handyman/Handywoman/Handyperson,Handyman/Handywoman/Handyperson,+1 504-420-9300,landline,,,"5015 River Rd, Harahan, LA 70123",None,5015 River Rd,Harahan,70123,Louisiana,Louisiana,United States of America,US,29.9477756,-90.1742304,8944465462bffff,America/Chicago,,False,4.3,86.0,https://search.google.com/local/reviews?placeid=ChIJFejaYX6wIIYRC2ToGZky8MU&q=*&authuser=0&hl=en&gl=US,,,14.0,2.0,0.0,0.0,70.0,36.0,https://lh3.googleusercontent.com/p/AF1QipNKxCcQI33aSHLonv5y70lyuyOf5TVbSck-tjvJ=w800-h500-k-no,https://lh3.googleusercontent.com/p/AF1QipNKxCcQI33aSHLonv5y70lyuyOf5TVbSck-tjvJ=w1600-h1000-k-no,,"{""Sunday"": ""Closed"", ""Monday"": ""8AM-5PM"", ""Tuesday"": ""8AM-5PM"", ""Wednesday"": ""8AM-5PM"", ""Thursday"": ""8AM-5PM"", ""Friday"": ""8AM-5PM"", ""Saturday"": ""Closed""}","Sunday,|Monday,8AM,5PM|Tuesday,8AM,5PM|Wednesday,8AM,5PM|Thursday,8AM,5PM|Friday,8AM,5PM|Saturday,",Sunday:Closed|Monday:8AM-5PM|Tuesday:8AM-5PM|Wednesday:8AM-5PM|Thursday:8AM-5PM|Friday:8AM-5PM|Saturday:Closed,,,OPERATIONAL,"{""Service options"": {""Onsite services"": true}}",,,,https://lh3.googleusercontent.com/-ffUWtLLNAXg/AAAAAAAAAAI/AAAAAAAAAAA/HxGyhJMdkDg/s44-p-k-no-ns-nd/photo.jpg,,,True,101874652957265029415,"One Man And A Toolbox, LLC",https://www.google.com/maps/contrib/101874652957265029415,,,,,"https://www.google.com/maps/place/One+Man+And+A+Toolbox%2C+LLC/@29.9477756,-90.1742304,14z/data=!4m8!1m2!2m1!1sOne+Man+And+A+Toolbox%2C+LLC!3m4!1s0x8620b07e61dae815:0xc5f0329919e8640b!8m2!3d29.9477756!4d-90.1742304","https://www.google.com/maps/place/One+Man+And+A+Toolbox%2C+LLC/@29.9477756,-90.1742304,13.99z/data=!4m16!1m7!3m6!1s0x8620b07e61dae815:0xc5f0329919e8640b!2sOne+Man+And+A+Toolbox%2C+LLC!8m2!3d29.9477756!4d-90.1742304!16s%2Fg%2F11ckvg1dmb!3m7!1s0x8620b07e61dae815:0xc5f0329919e8640b!8m2!3d29.9477756!4d-90.1742304!9m1!1b1!16s%2Fg%2F11ckvg1dmb?entry=ttu",ChIJFejaYX6wIIYRC2ToGZky8MU,0x8620b07e61dae815:0xc5f0329919e8640b,14262955653028406283,/g/1hhhfs07v,-4183788420681145333,,john@onemanandatoolbox.org,RECEIVING,SMTP validated,,,,,,operations@onemanandatoolbox.org,BLACKLISTED,Cannot validate,,,,,,,,,,,,,,5044209300,landline,,,5044535055,"NEW CINGULAR WIRELESS PCS, LLC - GA",mobile,,,,,,https://www.facebook.com/OneManAndAToolBox,https://instagram.com/onemanandatoolbox,https://www.linkedin.com/company/one-man-and-a-toolbox,,,,,,,,,,,,,Contact - One Man And A Tool Box - handyman new orleans,WordPress 6.8.3,"Reliable handyman services in Kenner, LA. Local experts for home repairs, maintenance, business projects and more. Discover how we can help you.",,False,False
"water damage restoration service, 70181, New Orleans, LA, US",Summit Builders LLC,Summit Builders,,Swimming pool contractor,Swimming pool contractor,Swimming pool contractor,+1 504-419-5173,mobile,"NEW CINGULAR WIRELESS PCS, LLC - GA",,"5728 Plauche St B, Elmwood, LA 70123",None,5728 Plauche St B,Elmwood,70123,Louisiana,Louisiana,United States of America,US,29.9460104,-90.18909269999999,894446540d3ffff,America/Chicago,,False,4.1,35.0,https://search.google.com/local/reviews?placeid=ChIJMdVcWiinIIYRJPnju2ueM9A&q=*&authuser=0&hl=en&gl=US,,,7.0,1.0,0.0,0.0,27.0,55.0,https://lh3.googleusercontent.com/p/AF1QipOkFAK7SYQtTnu9ts5bD3bRwfLGq5yGNngJK5da=w800-h500-k-no,https://lh3.googleusercontent.com/p/AF1QipOkFAK7SYQtTnu9ts5bD3bRwfLGq5yGNngJK5da=w1600-h1000-k-no,,"{""Sunday"": ""Closed"", ""Monday"": ""7AM-5PM"", ""Tuesday"": ""7AM-5PM"", ""Wednesday"": ""7AM-5PM"", ""Thursday"": ""7AM-5PM"", ""Friday"": ""7AM-5PM"", ""Saturday"": ""9AM-5PM""}","Sunday,|Monday,7AM,5PM|Tuesday,7AM,5PM|Wednesday,7AM,5PM|Thursday,7AM,5PM|Friday,7AM,5PM|Saturday,9AM,5PM",Sunday:Closed|Monday:7AM-5PM|Tuesday:7AM-5PM|Wednesday:7AM-5PM|Thursday:7AM-5PM|Friday:7AM-5PM|Saturday:9AM-5PM,,,OPERATIONAL,"{""Service options"": {""Online estimates"": true, ""Onsite services"": true, ""Language assistance"": ""Spanish""}}",,,,https://lh5.googleusercontent.com/-avxakvUw5UE/AAAAAAAAAAI/AAAAAAAAAAA/FTuPyUG3uMg/s44-p-k-no-ns-nd/photo.jpg,,,True,105521444497887453441,Summit Builders LLC,https://www.google.com/maps/contrib/105521444497887453441,,,,,"https://www.google.com/maps/place/Summit+Builders+LLC/@29.9460104,-90.18909269999999,14z/data=!4m8!1m2!2m1!1sSummit+Builders+LLC!3m4!1s0x8620a7285a5cd531:0xd0339e6bbbe3f924!8m2!3d29.9460104!4d-90.18909269999999","https://www.google.com/maps/place/Summit+Builders+LLC/@29.9460104,-90.18909269999999,13.99z/data=!4m16!1m7!3m6!1s0x8620a7285a5cd531:0xd0339e6bbbe3f924!2sSummit+Builders+LLC!8m2!3d29.9460104!4d-90.18909269999999!16s%2Fg%2F11ckvg1dmb!3m7!1s0x8620a7285a5cd531:0xd0339e6bbbe3f924!8m2!3d29.9460104!4d-90.18909269999999!9m1!1b1!16s%2Fg%2F11ckvg1dmb?entry=ttu",ChIJMdVcWiinIIYRJPnju2ueM9A,0x8620a7285a5cd531:0xd0339e6bbbe3f924,15002508969252223268,/g/11gnrtrcvw,-3444235104457328348,,,,,,,,,,,,,,,,,,,,,,,,,,,,,,,,,,,,,,,,,,,,,,,,,,,,,,,,,,
"water damage restoration service, 70181, New Orleans, LA, US",Toro Clean - Carpet Cleaning Service,Toro Clean Carpet Cleaning Service,https://torocleannola.com/,"Water damage restoration service, Cleaners, Cleaning service, Service establishment, House cleaning service, Janitorial service, Upholstery cleaning service, Carpet cleaning service",Carpet cleaning service,Water damage restoration service,,,,,,,,,,,,,,30.1797039,-90.02540139999999,8944464ea6bffff,America/Chicago,,True,,,,,,,,,,,6.0,https://lh3.googleusercontent.com/p/AF1QipPxayy1ulWqLvlDI1Fjk2fOqQmJQDitsLCbY52P=w800-h500-k-no,https://lh3.googleusercontent.com/p/AF1QipPxayy1ulWqLvlDI1Fjk2fOqQmJQDitsLCbY52P=w1600-h1000-k-no,,"{""Sunday"": ""Closed"", ""Monday"": ""9AM-5PM"", ""Tuesday"": ""9AM-5PM"", ""Wednesday"": ""9AM-5PM"", ""Thursday"": ""9AM-5PM"", ""Friday"": ""9AM-5PM"", ""Saturday"": ""Closed""}","Sunday,|Monday,9AM,5PM|Tuesday,9AM,5PM|Wednesday,9AM,5PM|Thursday,9AM,5PM|Friday,9AM,5PM|Saturday,",Sunday:Closed|Monday:9AM-5PM|Tuesday:9AM-5PM|Wednesday:9AM-5PM|Thursday:9AM-5PM|Friday:9AM-5PM|Saturday:Closed,,,OPERATIONAL,"{""Service options"": {""Online estimates"": true}, ""Planning"": {""Appointment required"": true}}",,,,https://lh6.googleusercontent.com/-w-s4s9cuphE/AAAAAAAAAAI/AAAAAAAAAAA/OvJJu0fbjdg/s44-p-k-no-ns-nd/photo.jpg,,,True,118031285587586545743,Toro Clean - Carpet Cleaning Service,https://www.google.com/maps/contrib/118031285587586545743,,,,,"https://www.google.com/maps/place/Toro+Clean+-+Carpet+Cleaning+Service/@30.1797039,-90.02540139999999,14z/data=!4m8!1m2!2m1!1sToro+Clean+-+Carpet+Cleaning+Service!3m4!1s0x28be0404824ee3a9:0xfcd72bf7f6099fc0!8m2!3d30.1797039!4d-90.02540139999999","https://www.google.com/maps/place/Toro+Clean+-+Carpet+Cleaning+Service/@30.1797039,-90.02540139999999,13.99z/data=!4m16!1m7!3m6!1s0x28be0404824ee3a9:0xfcd72bf7f6099fc0!2sToro+Clean+-+Carpet+Cleaning+Service!8m2!3d30.1797039!4d-90.02540139999999!16s%2Fg%2F11ckvg1dmb!3m7!1s0x28be0404824ee3a9:0xfcd72bf7f6099fc0!8m2!3d30.1797039!4d-90.02540139999999!9m1!1b1!16s%2Fg%2F11ckvg1dmb?entry=ttu",ChIJqeNOggQEvigRwJ8J9vcr1_w,0x28be0404824ee3a9:0xfcd72bf7f6099fc0,18219079161535373248,/g/11r_ydkm2f,None,,,,,,,,,,,,,,,,,,,,,,,,,,5044016115,mobile,CELLCO PARTNERSHIP DBA VERIZON WIRELESS - LA,,15044016115,CELLCO PARTNERSHIP DBA VERIZON WIRELESS - LA,mobile,,,,,,https://www.facebook.com/acebook.com/,,,,,,,,,,,,https://www.youtube.com/channel/UCfUFmHRLX7YR7nTFEy402UA,https://github.com/Omnibus-Type/,,"Toro Clean - Best Carpet Cleaner - New Orleans, Louisiana",Starfield Technologies; Go Daddy Website Builder 8.0.0000,"Our cleaning professionals will clean your carpet, tile & grout and upholstery, leaving your home fresh and clean. Receive cleaning services you can trust! The best carpet cleaner in New Orleans, Metairie, Kenner and surrounding areas.",,,
"water damage restoration service, 70181, New Orleans, LA, US","Perdomo Roofing & Sheet Metal, LLC",Perdomo Roofing And Sheet Metal,http://www.nolaroof.com/,Roofing contractor,Roofing contractor,Roofing contractor,+1 504-885-6652,landline,,,"609 Oxley St, Kenner, LA 70062",None,609 Oxley St,Kenner,70062,Louisiana,Louisiana,United States of America,US,29.9780043,-90.2491865,89444656b57ffff,America/Chicago,,False,4.8,211.0,https://search.google.com/local/reviews?placeid=ChIJ7WpezyKwIIYR0YE9IVZ0HO0&q=*&authuser=0&hl=en&gl=US,,,5.0,1.0,2.0,5.0,198.0,353.0,https://lh3.googleusercontent.com/p/AF1QipMz2NMceC7EDCzVa8qhqcfSazKI0s2N21jwLfTl=w800-h500-k-no,https://lh3.googleusercontent.com/p/AF1QipMz2NMceC7EDCzVa8qhqcfSazKI0s2N21jwLfTl=w1600-h1000-k-no,,"{""Sunday"": ""Closed"", ""Monday"": ""8AM-5PM"", ""Tuesday"": ""8AM-5PM"", ""Wednesday"": ""8AM-5PM"", ""Thursday"": ""8AM-5PM"", ""Friday"": ""8AM-5PM"", ""Saturday"": ""Closed""}","Sunday,|Monday,8AM,5PM|Tuesday,8AM,5PM|Wednesday,8AM,5PM|Thursday,8AM,5PM|Friday,8AM,5PM|Saturday,",Sunday:Closed|Monday:8AM-5PM|Tuesday:8AM-5PM|Wednesday:8AM-5PM|Thursday:8AM-5PM|Friday:8AM-5PM|Saturday:Closed,,,OPERATIONAL,"{""Service options"": {""Onsite services"": true}, ""Accessibility"": {""Wheelchair accessible parking lot"": true}}",,,,https://lh4.googleusercontent.com/-Q8hr9Lar66I/AAAAAAAAAAI/AAAAAAAAAAA/FoQRkBnaaUY/s44-p-k-no-ns-nd/photo.jpg,,,True,108958840528211108361,"Perdomo Roofing & Sheet Metal, LLC",https://www.google.com/maps/contrib/108958840528211108361,,,,,"https://www.google.com/maps/place/Perdomo+Roofing+%26+Sheet+Metal%2C+LLC/@29.9780043,-90.2491865,14z/data=!4m8!1m2!2m1!1sPerdomo+Roofing+%26+Sheet+Metal%2C+LLC!3m4!1s0x8620b022cf5e6aed:0xed1c7456213d81d1!8m2!3d29.9780043!4d-90.2491865","https://www.google.com/maps/place/Perdomo+Roofing+%26+Sheet+Metal%2C+LLC/@29.9780043,-90.2491865,13.99z/data=!4m16!1m7!3m6!1s0x8620b022cf5e6aed:0xed1c7456213d81d1!2sPerdomo+Roofing+%26+Sheet+Metal%2C+LLC!8m2!3d29.9780043!4d-90.2491865!16s%2Fg%2F11ckvg1dmb!3m7!1s0x8620b022cf5e6aed:0xed1c7456213d81d1!8m2!3d29.9780043!4d-90.2491865!9m1!1b1!16s%2Fg%2F11ckvg1dmb?entry=ttu",ChIJ7WpezyKwIIYR0YE9IVZ0HO0,0x8620b022cf5e6aed:0xed1c7456213d81d1,17085658999610507729,/g/1td8zgz_,-1361085074099043887,,office@nolaroof.com,RECEIVING,SMTP validated,,,,,,eric@nolaroof.com,RECEIVING,SMTP validated,,,,,,jeanne@nolaroof.com,RECEIVING,Verified,,,,,,05048856652,,,,02256273514,,,,15048856652,,landline,,http://www.facebook.com/perdomoroofing,https://www.instagram.com/perdomoroofing,http://www.linkedin.com/company/perdomo-roofing-and-sheet-metal-llc,,,,,,,,,,,,,Contact Us | Perdomo,WP Rocket 3.19.4,"CONTACT US Perdomo Roofing & Sheet Metal, LLC is your local roofing and gutter expert since 2008. Please Fill Out This Form To Get In Touch (504) 885-66 ...",,False,False
"water damage restoration service, 70181, New Orleans, LA, US",Triton Roofing,Triton Roofing,https://www.tritonroofing.net/,Roofing contractor,Roofing contractor,Roofing contractor,+1 504-264-7770,landline,,,"5732 Salmen St Suite B, New Orleans, LA 70123",None,5732 Salmen St Suite B,New Orleans,70123,Louisiana,Louisiana,United States of America,US,29.959859299999998,-90.1969589,8944465403bffff,America/Chicago,,False,5.0,3.0,https://search.google.com/local/reviews?placeid=ChIJQ_Mi1CqlIIYRwWcTG3zdprw&q=*&authuser=0&hl=en&gl=US,,,0.0,0.0,0.0,0.0,3.0,16.0,https://lh3.googleusercontent.com/p/AF1QipO0-PvvCGlvKNS5K-oIEA7CSXskwNvDOlhwLqDU=w800-h500-k-no,https://lh3.googleusercontent.com/p/AF1QipO0-PvvCGlvKNS5K-oIEA7CSXskwNvDOlhwLqDU=w1600-h1000-k-no,,"{""Sunday"": ""Closed"", ""Monday"": ""8AM-6PM"", ""Tuesday"": ""8AM-6PM"", ""Wednesday"": ""8AM-6PM"", ""Thursday"": ""8AM-6PM"", ""Friday"": ""8AM-6PM"", ""Saturday"": ""Closed""}","Sunday,|Monday,8AM,6PM|Tuesday,8AM,6PM|Wednesday,8AM,6PM|Thursday,8AM,6PM|Friday,8AM,6PM|Saturday,",Sunday:Closed|Monday:8AM-6PM|Tuesday:8AM-6PM|Wednesday:8AM-6PM|Thursday:8AM-6PM|Friday:8AM-6PM|Saturday:Closed,,,OPERATIONAL,"{""From the business"": {""Identifies as women-owned"": true}, ""Accessibility"": {""Wheelchair accessible parking lot"": true}, ""Other"": {""Identifies as women-owned"": true}}",,,,https://lh6.googleusercontent.com/-s-BwHAe5qvw/AAAAAAAAAAI/AAAAAAAAAAA/UeRdltn1Rio/s44-p-k-no-ns-nd/photo.jpg,,,True,108071694992603654604,Triton Roofing,https://www.google.com/maps/contrib/108071694992603654604,,,,,"https://www.google.com/maps/place/Triton+Roofing/@29.959859299999998,-90.1969589,14z/data=!4m8!1m2!2m1!1sTriton+Roofing!3m4!1s0x8620a52ad422f343:0xbca6dd7c1b1367c1!8m2!3d29.959859299999998!4d-90.1969589","https://www.google.com/maps/place/Triton+Roofing/@29.959859299999998,-90.1969589,13.99z/data=!4m16!1m7!3m6!1s0x8620a52ad422f343:0xbca6dd7c1b1367c1!2sTriton+Roofing!8m2!3d29.959859299999998!4d-90.1969589!16s%2Fg%2F11ckvg1dmb!3m7!1s0x8620a52ad422f343:0xbca6dd7c1b1367c1!8m2!3d29.959859299999998!4d-90.1969589!9m1!1b1!16s%2Fg%2F11ckvg1dmb?entry=ttu",ChIJQ_Mi1CqlIIYRwWcTG3zdprw,0x8620a52ad422f343:0xbca6dd7c1b1367c1,13593796050364360641,/g/11mxzkk6ht,-4852948023345190975,,info@tritonroofing.net,RECEIVING,SMTP validated,,,,,,admin@tritonroofing.net,RECEIVING,Role,,,,,,lidiat@tritonroofing.net,INVALID,Cannot validate,,,,,,5042647770,landline,,,,,,,,,,,https://facebook.com/Tritonroofing1,,,,,,,,,,,,,,,Blog | Triton Roofing,Wix.com Website Builder,"Triton Roofing's goals have remained the same throughout our years in business; to serve customers with quality workmanship and customer service. We strive to maintain the highest level of professionalism, honesty, and fairness in our relationships with our customers, employees, and vendors.",,False,False
"water damage restoration service, 70181, New Orleans, LA, US",Air Kare Air Conditioning & Heating,Air Kare Air Conditioning And Heating,https://www.airkarellc.com/,"HVAC contractor, Air conditioning repair service, Air conditioning system supplier, Furnace repair service, Electric generator shop, Heating contractor",HVAC contractor,HVAC contractor,+1 504-467-8119,fixed line,"BANDWIDTH.COM CLEC, LLC - LA",,"5401 Jefferson Hwy STE J, New Orleans, LA 70123",None,5401 Jefferson Hwy STE J,New Orleans,70123,Louisiana,Louisiana,United States of America,US,29.9482161,-90.1835236,894446540cbffff,America/Chicago,,False,4.8,116.0,https://search.google.com/local/reviews?placeid=ChIJgSSCL6DPIIYRiYZeIi21XMs&q=*&authuser=0&hl=en&gl=US,,,6.0,1.0,0.0,1.0,108.0,39.0,https://lh3.googleusercontent.com/p/AF1QipPxN23uaav2IwKREpG296FXbwrx6UsohqcKCHXX=w800-h500-k-no,https://lh3.googleusercontent.com/p/AF1QipPxN23uaav2IwKREpG296FXbwrx6UsohqcKCHXX=w1600-h1000-k-no,,"{""Sunday"": ""Open 24 hours"", ""Monday"": ""Open 24 hours"", ""Tuesday"": ""Open 24 hours"", ""Wednesday"": ""Open 24 hours"", ""Thursday"": ""Open 24 hours"", ""Friday"": ""Open 24 hours"", ""Saturday"": ""Open 24 hours""}","Sunday,Open 24 hours|Monday,Open 24 hours|Tuesday,Open 24 hours|Wednesday,Open 24 hours|Thursday,Open 24 hours|Friday,Open 24 hours|Saturday,Open 24 hours",Sunday:Open 24 hours|Monday:Open 24 hours|Tuesday:Open 24 hours|Wednesday:Open 24 hours|Thursday:Open 24 hours|Friday:Open 24 hours|Saturday:Open 24 hours,,,OPERATIONAL,"{""Service options"": {""Online estimates"": true, ""Onsite services"": true}, ""Offerings"": {""Installation service"": true, ""Repair services"": true}}",,,,https://lh6.googleusercontent.com/-fZkAX45JmNg/AAAAAAAAAAI/AAAAAAAAAAA/CjRwhlIVav4/s44-p-k-no-ns-nd/photo.jpg,,,True,116770494360292748541,Air Kare Air Conditioning & Heating,https://www.google.com/maps/contrib/116770494360292748541,,https://www.airkarellc.com/contact-us/,,https://www.airkarellc.com/contact-us/,"https://www.google.com/maps/place/Air+Kare+Air+Conditioning+%26+Heating/@29.9482161,-90.1835236,14z/data=!4m8!1m2!2m1!1sAir+Kare+Air+Conditioning+%26+Heating!3m4!1s0x8620cfa02f822481:0xcb5cb52d225e8689!8m2!3d29.9482161!4d-90.1835236","https://www.google.com/maps/place/Air+Kare+Air+Conditioning+%26+Heating/@29.9482161,-90.1835236,13.99z/data=!4m16!1m7!3m6!1s0x8620cfa02f822481:0xcb5cb52d225e8689!2sAir+Kare+Air+Conditioning+%26+Heating!8m2!3d29.9482161!4d-90.1835236!16s%2Fg%2F11ckvg1dmb!3m7!1s0x8620cfa02f822481:0xcb5cb52d225e8689!8m2!3d29.9482161!4d-90.1835236!9m1!1b1!16s%2Fg%2F11ckvg1dmb?entry=ttu",ChIJgSSCL6DPIIYRiYZeIi21XMs,0x8620cfa02f822481:0xcb5cb52d225e8689,14653786493011527305,/g/1tk6w87n,-3792957580698024311,,info@airkarellc.com,RECEIVING,SMTP validated,,,,,,sales@airkarellc.com,RECEIVING,Role,,,,,,sales@airkarellc.com,RECEIVING,Role,,,,,,5044678119,fixed line,"BANDWIDTH.COM CLEC, LLC - LA",,9852730338,"NEW CINGULAR WIRELESS PCS, LLC - GA",mobile,,9857642866,AT&T Southeast,,True,https://www.facebook.com/AIRKARELLC/,https://instagram.com/airkarehvac,,,,,,,,,,,,,,Air Kare Air Conditioning & Heating,All in One SEO Pro (AIOSEO) 4.2.7.1,"At Air Kare, we are extremely proud to continually provide our customers with the best in quality workmanship and service from the moment you call us right through to the completion of your job.",,False,True
"water damage restoration service, 70182, New Orleans, LA, US",Azure,Azure,https://azurerestoration.com/,Fire damage restoration service,Fire damage restoration service,Fire damage restoration service,+1 504-420-7228,landline,,,"3205 Orleans Ave, New Orleans, LA 70119",Bayou St. John,3205 Orleans Ave,New Orleans,70119,Louisiana,Louisiana,United States of America,US,29.974736099999998,-90.0883523,89444642cdbffff,America/Chicago,,False,5.0,1.0,https://search.google.com/local/reviews?placeid=ChIJ8TSdGWGvIIYR-jlyTuBtZpI&q=*&authuser=0&hl=en&gl=US,,,0.0,0.0,0.0,0.0,1.0,45.0,https://lh3.googleusercontent.com/p/AF1QipOAmUTGirTil_U8fpdIhR_WEU9PRG6m7nni76RP=w800-h500-k-no,https://lh3.googleusercontent.com/p/AF1QipOAmUTGirTil_U8fpdIhR_WEU9PRG6m7nni76RP=w1600-h1000-k-no,,"{""Sunday"": ""Open 24 hours"", ""Monday"": ""Open 24 hours"", ""Tuesday"": ""Open 24 hours"", ""Wednesday"": ""Open 24 hours"", ""Thursday"": ""Open 24 hours"", ""Friday"": ""Open 24 hours"", ""Saturday"": ""Open 24 hours""}","Sunday,Open 24 hours|Monday,Open 24 hours|Tuesday,Open 24 hours|Wednesday,Open 24 hours|Thursday,Open 24 hours|Friday,Open 24 hours|Saturday,Open 24 hours",Sunday:Open 24 hours|Monday:Open 24 hours|Tuesday:Open 24 hours|Wednesday:Open 24 hours|Thursday:Open 24 hours|Friday:Open 24 hours|Saturday:Open 24 hours,,,OPERATIONAL,{},,,,https://lh5.googleusercontent.com/-KMaVEehrtMQ/AAAAAAAAAAI/AAAAAAAAAAA/lXQZHXNrPZs/s44-p-k-no-ns-nd/photo.jpg,,,True,103451396173825448478,Azure,https://www.google.com/maps/contrib/103451396173825448478,,,,,"https://www.google.com/maps/place/Azure/@29.974736099999998,-90.0883523,14z/data=!4m8!1m2!2m1!1sAzure!3m4!1s0x8620af61199d34f1:0x92666de04e7239fa!8m2!3d29.974736099999998!4d-90.0883523","https://www.google.com/maps/place/Azure/@29.974736099999998,-90.0883523,13.99z/data=!4m16!1m7!3m6!1s0x8620af61199d34f1:0x92666de04e7239fa!2sAzure!8m2!3d29.974736099999998!4d-90.0883523!16s%2Fg%2F11ckvg1dmb!3m7!1s0x8620af61199d34f1:0x92666de04e7239fa!8m2!3d29.974736099999998!4d-90.0883523!9m1!1b1!16s%2Fg%2F11ckvg1dmb?entry=ttu",ChIJ8TSdGWGvIIYR-jlyTuBtZpI,0x8620af61199d34f1:0x92666de04e7239fa,10549239987318176250,/g/11tc1nfs97,-7897504086391375366,,info@azurerestoration.com,RECEIVING,SMTP validated,,,,,,info@azurerestoration.com,RECEIVING,SMTP validated,,,,,,info@azurerestoration.com,RECEIVING,SMTP validated,,,,,,3057604006,fixed line,"ONVOY, LLC - FL",,8005054121,,toll_free,,13057604006,"ONVOY, LLC - FL",fixed line,,https://www.facebook.com/azurerestorationco/,https://www.instagram.com/azurerestoration,https://www.linkedin.com/company/azure-restoration/,,,,,,,,,,,,,Water Damage Restoration After a Flood - Azure Restoration,Total WordPress Theme v5.14,"When a flood hits, you'll need Water Damage Restoration to mitigate the damage to your property. To learn more, contact Azure Restoration now.",,True,True
"water damage restoration service, 70182, New Orleans, LA, US",Water Damage Services,Water Damage Services,https://www.waterdamageservices.com/,"Water damage restoration service, Building restoration service, Carpet cleaning service",Water damage restoration service,Water damage restoration service,+1 800-934-8000,toll_free,,,"2220 Eastman Ave Suite #109, Ventura, CA 93003",None,2220 Eastman Ave Suite #109,Ventura,93003,California,California,United States of America,US,34.2528264,-119.2294136,8929127914bffff,America/Los_Angeles,,False,4.7,52.0,https://search.google.com/local/reviews?placeid=ChIJxw9N7jOt6YAR2bqIkHR3z1M&q=*&authuser=0&hl=en&gl=US,,,3.0,0.0,1.0,1.0,47.0,42.0,https://lh3.googleusercontent.com/p/AF1QipOKzQBf9nlYukdaN34mGPLUXgMLCecDGPUhorM=w800-h500-k-no,https://lh3.googleusercontent.com/p/AF1QipOKzQBf9nlYukdaN34mGPLUXgMLCecDGPUhorM=w1600-h1000-k-no,,"{""Sunday"": ""Open 24 hours"", ""Monday"": ""Open 24 hours"", ""Tuesday"": ""Open 24 hours"", ""Wednesday"": ""Open 24 hours"", ""Thursday"": ""Open 24 hours"", ""Friday"": ""Open 24 hours"", ""Saturday"": ""Open 24 hours""}","Sunday,Open 24 hours|Monday,Open 24 hours|Tuesday,Open 24 hours|Wednesday,Open 24 hours|Thursday,Open 24 hours|Friday,Open 24 hours|Saturday,Open 24 hours",Sunday:Open 24 hours|Monday:Open 24 hours|Tuesday:Open 24 hours|Wednesday:Open 24 hours|Thursday:Open 24 hours|Friday:Open 24 hours|Saturday:Open 24 hours,,,OPERATIONAL,"{""Service options"": {""Online estimates"": true, ""Onsite services"": true}, ""Accessibility"": {""Wheelchair accessible entrance"": true, ""Wheelchair accessible parking lot"": true}, ""Parking"": {""On-site parking"": true}}",,,,https://lh5.googleusercontent.com/-I3mqlIkSnIM/AAAAAAAAAAI/AAAAAAAAAAA/UPn7FG3r-dU/s44-p-k-no-ns-nd/photo.jpg,,,True,105510212609772692336,Water Damage Services,https://www.google.com/maps/contrib/105510212609772692336,,,,,"https://www.google.com/maps/place/Water+Damage+Services/@34.2528264,-119.2294136,14z/data=!4m8!1m2!2m1!1sWater+Damage+Services!3m4!1s0x80e9ad33ee4d0fc7:0x53cf77749088bad9!8m2!3d34.2528264!4d-119.2294136","https://www.google.com/maps/place/Water+Damage+Services/@34.2528264,-119.2294136,13.99z/data=!4m16!1m7!3m6!1s0x80e9ad33ee4d0fc7:0x53cf77749088bad9!2sWater+Damage+Services!8m2!3d34.2528264!4d-119.2294136!16s%2Fg%2F11ckvg1dmb!3m7!1s0x80e9ad33ee4d0fc7:0x53cf77749088bad9!8m2!3d34.2528264!4d-119.2294136!9m1!1b1!16s%2Fg%2F11ckvg1dmb?entry=ttu",ChIJxw9N7jOt6YAR2bqIkHR3z1M,0x80e9ad33ee4d0fc7:0x53cf77749088bad9,6039176967851915993,/g/11tn0q_jmb,6039176967851915993,,info@waterdamageservices.com,RECEIVING,SMTP validated,,,,,,,,,,,,,,,,,,,,,,18009348000,toll_free,,,8009348000,,toll_free,,,,,,https://www.facebook.com/WaterDamageServices,https://www.instagram.com/waterdamageservices.ca,https://www.linkedin.com/company/water-damage-services-ca,,,,,,,,,,,,,Mold Removal and Remediation  |,WordPress 6.8.3,"Offering emergency mold removal & remediation services. Call Water Damage Services to assess, repair, sanitize, and restore areas affected by mold.",,False,True
"water damage restoration service, 70182, New Orleans, LA, US",PuroClean Restoration Services,Puroclean Restoration Services,http://www.puroclean.com/,Water damage restoration service,Water damage restoration service,Water damage restoration service,+1 504-218-2266,landline,,,"1718 Engineers Rd # B, Belle Chasse, LA 70037",None,1718 Engineers Rd # B,Belle Chasse,70037,Louisiana,Louisiana,United States of America,US,29.8506441,-90.0280961,894446502cfffff,America/Chicago,,False,3.5,2.0,https://search.google.com/local/reviews?placeid=ChIJUe_tXumgIIYRy5Za58dM8_o&q=*&authuser=0&hl=en&gl=US,,,0.0,1.0,0.0,0.0,1.0,1.0,https://streetviewpixels-pa.googleapis.com/v1/thumbnail?panoid=VUzfEJJaegh8Dn-qtXKLmQ&cb_client=search.gws-prod.gps&w=800&h=500&yaw=326.49197&pitch=0&thumbfov=100,https://streetviewpixels-pa.googleapis.com/v1/thumbnail?panoid=VUzfEJJaegh8Dn-qtXKLmQ&cb_client=search.gws-prod.gps&w=1600&h=1000&yaw=326.49197&pitch=0&thumbfov=100,,,,,,,OPERATIONAL,"{""Accessibility"": {""Wheelchair accessible parking lot"": true}}",,,,https://lh4.googleusercontent.com/-ZBUpBQ9U-bk/AAAAAAAAAAI/AAAAAAAAAAA/brjq9m9ASDw/s44-p-k-no-ns-nd/photo.jpg,,,True,100676782276607532419,PuroClean Restoration Services,https://www.google.com/maps/contrib/100676782276607532419,,,,,"https://www.google.com/maps/place/PuroClean+Restoration+Services/@29.8506441,-90.0280961,14z/data=!4m8!1m2!2m1!1sPuroClean+Restoration+Services!3m4!1s0x8620a0e95eedef51:0xfaf34cc7e75a96cb!8m2!3d29.8506441!4d-90.0280961","https://www.google.com/maps/place/PuroClean+Restoration+Services/@29.8506441,-90.0280961,13.99z/data=!4m16!1m7!3m6!1s0x8620a0e95eedef51:0xfaf34cc7e75a96cb!2sPuroClean+Restoration+Services!8m2!3d29.8506441!4d-90.0280961!16s%2Fg%2F11ckvg1dmb!3m7!1s0x8620a0e95eedef51:0xfaf34cc7e75a96cb!8m2!3d29.8506441!4d-90.0280961!9m1!1b1!16s%2Fg%2F11ckvg1dmb?entry=ttu",ChIJUe_tXumgIIYRy5Za58dM8_o,0x8620a0e95eedef51:0xfaf34cc7e75a96cb,18082881350286350027,/g/11bbrktklg,-363862723423201589,,ukjackusa@gmail.com,RECEIVING,Verified,Jonathan Beever,Jonathan,Beever,President,18458534433,bsktballgurl@sbcglobal.net,INVALID,Invalid SMTP,Shaunley Sharp,Shaunley,Sharp,Director Of Marketing,,parker.builders@comcast.net,INVALID,Undeliverable,David Parker,David,Parker,Owner,,8007757876,toll_free,,,44124422,Telappliant Ltd,unknown,,2144632252,"TWILIO INTERNATIONAL, INC.",voip,,http://www.facebook.com/puroclean-1408888999414419,https://www.instagram.com/puroclean_of_downers_grove,https://www.linkedin.com/company/puroclean-restoration-professionals---stevens-point-wi,,,,,,,,http://www.twitter.com/puroclean,,https://www.youtube.com/user/purosystems,,,1-2-3 of Property Restoration with PuroClean Downers Grove,wordpress,"PuroClean helps DuPage customers and businesses with fire, smoke, and water damage, mold removal, and biohazard and reconstruction services.",,False,False
"water damage restoration service, 70183, New Orleans, LA, US",Gulf States Services Group,Gulf States Services Group,https://www.gulfstatesservicesllc.com/,Air duct cleaning service,Air duct cleaning service,Air duct cleaning service,+1 504-944-3003,landline,,,"570 Iris Ave, New Orleans, LA 70121",None,570 Iris Ave,New Orleans,70121,Louisiana,Louisiana,United States of America,US,29.966787399999998,-90.13711029999999,89444655153ffff,America/Chicago,,False,5.0,20.0,https://search.google.com/local/reviews?placeid=ChIJB_ITVLqlIIYRIjljvgTUPhQ&q=*&authuser=0&hl=en&gl=US,,,0.0,0.0,0.0,0.0,20.0,40.0,https://lh3.googleusercontent.com/p/AF1QipM2qi4qu8NOtlsu1FFh8TU1ghnq5VwCAGE9JCHF=w800-h500-k-no,https://lh3.googleusercontent.com/p/AF1QipM2qi4qu8NOtlsu1FFh8TU1ghnq5VwCAGE9JCHF=w1600-h1000-k-no,,"{""Sunday"": ""Closed"", ""Monday"": ""9AM-5PM"", ""Tuesday"": ""9AM-5PM"", ""Wednesday"": ""9AM-5PM"", ""Thursday"": ""9AM-5PM"", ""Friday"": ""9AM-5PM"", ""Saturday"": ""Closed""}","Sunday,|Monday,9AM,5PM|Tuesday,9AM,5PM|Wednesday,9AM,5PM|Thursday,9AM,5PM|Friday,9AM,5PM|Saturday,",Sunday:Closed|Monday:9AM-5PM|Tuesday:9AM-5PM|Wednesday:9AM-5PM|Thursday:9AM-5PM|Friday:9AM-5PM|Saturday:Closed,,,OPERATIONAL,{},,,,https://lh5.googleusercontent.com/-DrXmRAH_hgk/AAAAAAAAAAI/AAAAAAAAAAA/025FIT22C-g/s44-p-k-no-ns-nd/photo.jpg,,,True,101760911114544748880,Gulf States Services Group,https://www.google.com/maps/contrib/101760911114544748880,,,,,"https://www.google.com/maps/place/Gulf+States+Services+Group/@29.966787399999998,-90.13711029999999,14z/data=!4m8!1m2!2m1!1sGulf+States+Services+Group!3m4!1s0x8620a5ba5413f207:0x143ed404be633922!8m2!3d29.966787399999998!4d-90.13711029999999","https://www.google.com/maps/place/Gulf+States+Services+Group/@29.966787399999998,-90.13711029999999,13.99z/data=!4m16!1m7!3m6!1s0x8620a5ba5413f207:0x143ed404be633922!2sGulf+States+Services+Group!8m2!3d29.966787399999998!4d-90.13711029999999!16s%2Fg%2F11ckvg1dmb!3m7!1s0x8620a5ba5413f207:0x143ed404be633922!8m2!3d29.966787399999998!4d-90.13711029999999!9m1!1b1!16s%2Fg%2F11ckvg1dmb?entry=ttu",ChIJB_ITVLqlIIYRIjljvgTUPhQ,0x8620a5ba5413f207:0x143ed404be633922,1458836446153750818,/g/11yd6vmrmt,1458836446153750818,,marcus@gulfstatesservicesllc.com,RECEIVING,Catch All,,,,,,,,,,,,,,,,,,,,,,5042515699,mobile,T-Mobile USA Inc.,,5049443003,,landline,,15049443003,,landline,,https://www.facebook.com/GulfStatesServicesGroup,https://www.instagram.com/gulfstatesservices,,,,,,,,,,,,,,Indoor Air Quality Inspections – Gulf States Services Llc,WordPress 6.8.3,"We specializes in HVAC / Duct Cleaning, Mold Remediation, and 
Decontamination services for commercial, residential, industrial and 
marine. Gulf States services the entire Greater New Orleans Area and the 
entire Gulf South.",,False,True
"water damage restoration service, 70183, New Orleans, LA, US",Real Home Remodeling,Real Home Remodeling,https://realremodel.net/,"Fire damage restoration service, Service establishment",Fire damage restoration service,Fire damage restoration service,+1 504-715-5581,mobile,"NEW CINGULAR WIRELESS PCS, LLC - GA",,,,,,,,,,,30.0326605,-89.88256349999999,8944464a367ffff,America/Chicago,,True,,,,,,,,,,,33.0,https://lh3.googleusercontent.com/p/AF1QipPz_v07xIIFe6w38pspGXADtUtO7hfObvDnmdGl=w800-h500-k-no,https://lh3.googleusercontent.com/p/AF1QipPz_v07xIIFe6w38pspGXADtUtO7hfObvDnmdGl=w1600-h1000-k-no,,"{""Sunday"": ""Open 24 hours"", ""Monday"": ""Open 24 hours"", ""Tuesday"": ""Open 24 hours"", ""Wednesday"": ""Open 24 hours"", ""Thursday"": ""Open 24 hours"", ""Friday"": ""Open 24 hours"", ""Saturday"": ""Open 24 hours""}","Sunday,Open 24 hours|Monday,Open 24 hours|Tuesday,Open 24 hours|Wednesday,Open 24 hours|Thursday,Open 24 hours|Friday,Open 24 hours|Saturday,Open 24 hours",Sunday:Open 24 hours|Monday:Open 24 hours|Tuesday:Open 24 hours|Wednesday:Open 24 hours|Thursday:Open 24 hours|Friday:Open 24 hours|Saturday:Open 24 hours,,,OPERATIONAL,{},,,,https://lh6.googleusercontent.com/-gYd0EeroaFM/AAAAAAAAAAI/AAAAAAAAAAA/m0SFX0Q1rlQ/s44-p-k-no-ns-nd/photo.jpg,,,True,117348523676571362262,Real Home Remodeling,https://www.google.com/maps/contrib/117348523676571362262,,,,,"https://www.google.com/maps/place/Real+Home+Remodeling/@30.0326605,-89.88256349999999,14z/data=!4m8!1m2!2m1!1sReal+Home+Remodeling!3m4!1s0x6ffecf73c92c1e41:0x9795269a73a4cc07!8m2!3d30.0326605!4d-89.88256349999999","https://www.google.com/maps/place/Real+Home+Remodeling/@30.0326605,-89.88256349999999,13.99z/data=!4m16!1m7!3m6!1s0x6ffecf73c92c1e41:0x9795269a73a4cc07!2sReal+Home+Remodeling!8m2!3d30.0326605!4d-89.88256349999999!16s%2Fg%2F11ckvg1dmb!3m7!1s0x6ffecf73c92c1e41:0x9795269a73a4cc07!8m2!3d30.0326605!4d-89.88256349999999!9m1!1b1!16s%2Fg%2F11ckvg1dmb?entry=ttu",ChIJQR4syXPP_m8RB8ykc5omlZc,0x6ffecf73c92c1e41:0x9795269a73a4cc07,10922678916064005127,/g/11whzhlllj,None,,,,,,,,,,,,,,,,,,,,,,,,,,,,,,,,,,,,,,,,,,,,,,,,,,,,,"Real Home Remodeling | Remodeling Slidell | New Orleans, LA, USA",Wix.com Website Builder,"Bathroom and Shower Renovations, Real Home Remodeling is a Full Service Custom Remodeling Company. Remodeling New Orleans.",,False,False
"water damage restoration service, 70183, New Orleans, LA, US",Geaux NOLA Handyman,Geaux Nola Handyman,,"Handyman/Handywoman/Handyperson, Construction company, Deck builder, Demolition contractor, General contractor, Home help, Painter, Pressure washing service, Remodeler, Repair service",Handyman/Handywoman/Handyperson,Handyman/Handywoman/Handyperson,+1 504-648-7327,landline,,,"1608 Roosevelt Blvd, Kenner, LA 70062",None,1608 Roosevelt Blvd,Kenner,70062,Louisiana,Louisiana,United States of America,US,29.9860124,-90.2347975,89444654c17ffff,America/Chicago,,False,5.0,5.0,https://search.google.com/local/reviews?placeid=ChIJ12Rrkmi3IIYR3Si1sx7wlsU&q=*&authuser=0&hl=en&gl=US,,,0.0,0.0,0.0,0.0,5.0,128.0,https://lh3.googleusercontent.com/p/AF1QipOEldEbzwu2FnTZ8cnAXPwE7WuG00UkfHgEdezY=w800-h500-k-no,https://lh3.googleusercontent.com/p/AF1QipOEldEbzwu2FnTZ8cnAXPwE7WuG00UkfHgEdezY=w1600-h1000-k-no,,"{""Sunday"": ""Open 24 hours"", ""Monday"": ""Open 24 hours"", ""Tuesday"": ""Open 24 hours"", ""Wednesday"": ""Open 24 hours"", ""Thursday"": ""Open 24 hours"", ""Friday"": ""Open 24 hours"", ""Saturday"": ""7AM-7PM""}","Sunday,Open 24 hours|Monday,Open 24 hours|Tuesday,Open 24 hours|Wednesday,Open 24 hours|Thursday,Open 24 hours|Friday,Open 24 hours|Saturday,7AM,7PM",Sunday:Open 24 hours|Monday:Open 24 hours|Tuesday:Open 24 hours|Wednesday:Open 24 hours|Thursday:Open 24 hours|Friday:Open 24 hours|Saturday:7AM-7PM,,,OPERATIONAL,"{""From the business"": {""Identifies as veteran-owned"": true}, ""Service options"": {""Online estimates"": true, ""Onsite services"": true}, ""Other"": {""Identifies as veteran-owned"": true}}",,,,https://lh6.googleusercontent.com/-KEbc6OaAi_I/AAAAAAAAAAI/AAAAAAAAAAA/h-ULpwyLwmY/s44-p-k-no-ns-nd/photo.jpg,,,True,108486626767998340251,Geaux NOLA Handyman,https://www.google.com/maps/contrib/108486626767998340251,,,,,"https://www.google.com/maps/place/Geaux+NOLA+Handyman/@29.9860124,-90.2347975,14z/data=!4m8!1m2!2m1!1sGeaux+NOLA+Handyman!3m4!1s0x8620b768926b64d7:0xc596f01eb3b528dd!8m2!3d29.9860124!4d-90.2347975","https://www.google.com/maps/place/Geaux+NOLA+Handyman/@29.9860124,-90.2347975,13.99z/data=!4m16!1m7!3m6!1s0x8620b768926b64d7:0xc596f01eb3b528dd!2sGeaux+NOLA+Handyman!8m2!3d29.9860124!4d-90.2347975!16s%2Fg%2F11ckvg1dmb!3m7!1s0x8620b768926b64d7:0xc596f01eb3b528dd!8m2!3d29.9860124!4d-90.2347975!9m1!1b1!16s%2Fg%2F11ckvg1dmb?entry=ttu",ChIJ12Rrkmi3IIYR3Si1sx7wlsU,0x8620b768926b64d7:0xc596f01eb3b528dd,14237831286633081053,/g/11nn01ghbx,-4208912787076470563,,,,,,,,,,,,,,,,,,,,,,,,,,,,,,,,,,,,,,,,,,,,,,,,,,,,,,,,,,
"water damage restoration service, 70183, New Orleans, LA, US",Cajun Duct Cleaning And Sanitizing,Cajun Duct Cleaning And Sanitizing,http://www.cajunductcleaningandsanitizing.com/,"Water damage restoration service, Air duct cleaning service",Air duct cleaning service,Water damage restoration service,+1 504-341-7459,landline,,,"654 Leson Ct, Harvey, LA 70058",None,654 Leson Ct,Harvey,70058,Louisiana,Louisiana,United States of America,US,29.9077555,-90.0668477,89444650a03ffff,America/Chicago,,False,4.5,41.0,https://search.google.com/local/reviews?placeid=ChIJN-NBtJmmIIYR7c47Ive_svM&q=*&authuser=0&hl=en&gl=US,,,3.0,2.0,0.0,1.0,35.0,4.0,https://streetviewpixels-pa.googleapis.com/v1/thumbnail?panoid=S1mSmVwyPHaV7i1GdjrInA&cb_client=search.gws-prod.gps&w=800&h=500&yaw=225.58965&pitch=0&thumbfov=100,https://lh3.googleusercontent.com/gps-cs-s/AG0ilSwGPLEwU4duEj_XLLf0LAxdepx5pHoeS3fePUOArAfQg_vwpzc2WQ9QCwU4JGW0KRld1xsjAhtmhlNHYKpwIuZG9SGAlSTN6SYxS35Ip212mBBoKU84IxAIK4IAIg4jB4UuBped=w1600-h1000-k-no,,"{""Sunday"": ""Closed"", ""Monday"": ""9AM-5PM"", ""Tuesday"": ""9AM-5PM"", ""Wednesday"": ""9AM-5PM"", ""Thursday"": ""9AM-5PM"", ""Friday"": ""9AM-5PM"", ""Saturday"": ""Closed""}","Sunday,|Monday,9AM,5PM|Tuesday,9AM,5PM|Wednesday,9AM,5PM|Thursday,9AM,5PM|Friday,9AM,5PM|Saturday,",Sunday:Closed|Monday:9AM-5PM|Tuesday:9AM-5PM|Wednesday:9AM-5PM|Thursday:9AM-5PM|Friday:9AM-5PM|Saturday:Closed,,,OPERATIONAL,{},,,,https://lh5.googleusercontent.com/-wX4GSyE70ro/AAAAAAAAAAI/AAAAAAAAAAA/e5mfgQqCXTU/s44-p-k-no-ns-nd/photo.jpg,,,True,114490719811951644507,Cajun Duct Cleaning And Sanitizing,https://www.google.com/maps/contrib/114490719811951644507,,,,,"https://www.google.com/maps/place/Cajun+Duct+Cleaning+And+Sanitizing/@29.9077555,-90.0668477,14z/data=!4m8!1m2!2m1!1sCajun+Duct+Cleaning+And+Sanitizing!3m4!1s0x8620a699b441e337:0xf3b2bff7223bceed!8m2!3d29.9077555!4d-90.0668477","https://www.google.com/maps/place/Cajun+Duct+Cleaning+And+Sanitizing/@29.9077555,-90.0668477,13.99z/data=!4m16!1m7!3m6!1s0x8620a699b441e337:0xf3b2bff7223bceed!2sCajun+Duct+Cleaning+And+Sanitizing!8m2!3d29.9077555!4d-90.0668477!16s%2Fg%2F11ckvg1dmb!3m7!1s0x8620a699b441e337:0xf3b2bff7223bceed!8m2!3d29.9077555!4d-90.0668477!9m1!1b1!16s%2Fg%2F11ckvg1dmb?entry=ttu",ChIJN-NBtJmmIIYR7c47Ive_svM,0x8620a699b441e337:0xf3b2bff7223bceed,17560308965223157485,/g/1hm42sz2d,-886435108486394131,,cajunductcleaning@gmail.com,RECEIVING,SMTP validated,,,,,,,,,,,,,,,,,,,,,,5043417459,landline,,,,,,,,,,,http://www.facebook.com/cajunductcleaning,,http://www.linkedin.com/company/cajun-duct-cleaning-&-sanitizing,,,,,,,,,,,,,Fire Restoration – Cajun Duct Cleaning & Sanitizing,WordPress 6.8.3,,,False,False
"water damage restoration service, 70183, New Orleans, LA, US",Five Star Painting of New Orleans,Five Star Painting Of New Orleans,https://www.fivestarpainting.com/new-orleans/%3Fcid%3DLSTL_FSP-US000189%26utm_source%3Dgmb%26utm_campaign%3Dlocal%26utm_medium%3Dorganic,Painter,Painter,Painter,+1 504-264-6044,landline,,,"3945 N Interstate 10 Service Rd W W Ste 100-K, Metairie, LA 70002",None,3945 N Interstate 10 Service Rd W W Ste 100-K,Metairie,70002,Louisiana,Louisiana,United States of America,US,29.998889199999997,-90.1735942,89444655d43ffff,America/Chicago,,False,4.8,216.0,https://search.google.com/local/reviews?placeid=ChIJx4jtZ1-6IIYRCnkeCpdz7ms&q=*&authuser=0&hl=en&gl=US,,,6.0,1.0,4.0,7.0,198.0,311.0,https://lh3.googleusercontent.com/p/AF1QipP1H26q9ZR5AjqO0Ly3kILVHK-_adjZLR7-qVXj=w800-h500-k-no,https://lh3.googleusercontent.com/p/AF1QipP1H26q9ZR5AjqO0Ly3kILVHK-_adjZLR7-qVXj=w1600-h1000-k-no,,"{""Sunday"": ""Open 24 hours"", ""Monday"": ""Open 24 hours"", ""Tuesday"": ""Open 24 hours"", ""Wednesday"": ""Open 24 hours"", ""Thursday"": ""Open 24 hours"", ""Friday"": ""Open 24 hours"", ""Saturday"": ""Open 24 hours""}","Sunday,Open 24 hours|Monday,Open 24 hours|Tuesday,Open 24 hours|Wednesday,Open 24 hours|Thursday,Open 24 hours|Friday,Open 24 hours|Saturday,Open 24 hours",Sunday:Open 24 hours|Monday:Open 24 hours|Tuesday:Open 24 hours|Wednesday:Open 24 hours|Thursday:Open 24 hours|Friday:Open 24 hours|Saturday:Open 24 hours,,,OPERATIONAL,"{""Service options"": {""Online estimates"": true, ""Onsite services"": true}, ""Accessibility"": {""Wheelchair accessible restroom"": false, ""Wheelchair accessible seating"": false}}",,,,https://lh5.googleusercontent.com/-otWsVEcsGe4/AAAAAAAAAAI/AAAAAAAAAAA/wlWLACrMRus/s44-p-k-no-ns-nd/photo.jpg,,,True,110977936659799325026,Five Star Painting of New Orleans,https://www.google.com/maps/contrib/110977936659799325026,,https://www.fivestarpainting.com/schedule-estimate/?utm_source=gmb&utm_medium=organic&utm_campaign=google_reserve&location=19672&rwg_token=ACgRB3c39eY14mfWftg_LdUBPFKFs7N5znRou4tCM36yHAx8sLReneJ281KFmsfcXnUI_LihTMZDADeg482_jVcrsB-lGAxEAiY8i-CgWIb4ED1Yi9OtuGo%3D,,https://www.fivestarpainting.com/schedule-estimate/?utm_source=gmb&utm_medium=organic&utm_campaign=google_reserve&location=19672&rwg_token=ACgRB3c39eY14mfWftg_LdUBPFKFs7N5znRou4tCM36yHAx8sLReneJ281KFmsfcXnUI_LihTMZDADeg482_jVcrsB-lGAxEAiY8i-CgWIb4ED1Yi9OtuGo%3D,"https://www.google.com/maps/place/Five+Star+Painting+of+New+Orleans/@29.998889199999997,-90.1735942,14z/data=!4m8!1m2!2m1!1sFive+Star+Painting+of+New+Orleans!3m4!1s0x8620ba5f67ed88c7:0x6bee73970a1e790a!8m2!3d29.998889199999997!4d-90.1735942","https://www.google.com/maps/place/Five+Star+Painting+of+New+Orleans/@29.998889199999997,-90.1735942,13.99z/data=!4m16!1m7!3m6!1s0x8620ba5f67ed88c7:0x6bee73970a1e790a!2sFive+Star+Painting+of+New+Orleans!8m2!3d29.998889199999997!4d-90.1735942!16s%2Fg%2F11ckvg1dmb!3m7!1s0x8620ba5f67ed88c7:0x6bee73970a1e790a!8m2!3d29.998889199999997!4d-90.1735942!9m1!1b1!16s%2Fg%2F11ckvg1dmb?entry=ttu",ChIJx4jtZ1-6IIYRCnkeCpdz7ms,0x8620ba5f67ed88c7:0x6bee73970a1e790a,7777280699062450442,/g/11c2qjc36g,7777280699062450442,,droussosart@communicationstrat.com,INVALID,Invalid DNS,Demis Roussosart,Demis,Roussosart,Partner,,jmanikas@communicationstrat.com,INVALID,Invalid DNS,John Manikas,John,Manikas,Partner,,gskp@bellsouth.net,RECEIVING,SMTP validated,George Mccarthy,George,Mccarthy,Managing Partner,15613104490,8882613633,toll_free,,,19137214931,"ONVOY, LLC  MO",fixed line,,12563805973,,landline,,https://www.facebook.com/FiveStarPaintingLLC/,https://www.instagram.com/fivestarpaintingllc,https://www.linkedin.com/company/five-star-painting-of-omaha,,,,,,,,https://www.twitter.com/5star_painting,,https://www.youtube.com/user/FiveStarPaintin/,,,Neighborly® | Five Star Painting,,Five Star Painting is proud to be a Neighborly company. Learn more about Neighborly or any of our comprehensive painting services when you call Five Star Painting!,,False,False
"water damage restoration service, 70184, New Orleans, LA, US",Water Brooklyn,Water Brooklyn,http://waterdamagerestorationbrooklyn.net/,"Water damage restoration service, Furnace repair service",Furnace repair service,Water damage restoration service,+1 646-980-2572,landline,,,"557 Atlantic Ave Suite 216, Brooklyn, NY 11217",Boerum Hill,557 Atlantic Ave Suite 216,Brooklyn,11217,New York,New York,United States of America,US,40.6842342,-73.9791961,892a100da7bffff,America/New_York,,False,5.0,31.0,https://search.google.com/local/reviews?placeid=ChIJDw24Dr1bwokRUn3-DxET8v4&q=*&authuser=0&hl=en&gl=US,,,0.0,0.0,0.0,0.0,31.0,8.0,https://lh3.googleusercontent.com/gps-cs-s/AG0ilSyCok2LZM4jVrNDB30Ke_wMY14jemfcXVgafig5Skyd54t0bw15sWwY2kOZLUuyQtS_-PLDcre8Ikrdp8bJ970cLm9hVwJ1oqd379nqR8FWnuOsfAIvOmI2At1WvmDzOACY5q8S6MAOhe0r=w800-h500-k-no,https://lh3.googleusercontent.com/gps-cs-s/AG0ilSyCok2LZM4jVrNDB30Ke_wMY14jemfcXVgafig5Skyd54t0bw15sWwY2kOZLUuyQtS_-PLDcre8Ikrdp8bJ970cLm9hVwJ1oqd379nqR8FWnuOsfAIvOmI2At1WvmDzOACY5q8S6MAOhe0r=w1600-h1000-k-no,,"{""Monday"": ""Open 24 hours"", ""Tuesday"": ""Open 24 hours"", ""Wednesday"": ""Open 24 hours"", ""Thursday"": ""Open 24 hours"", ""Friday"": ""Open 24 hours"", ""Saturday"": ""Open 24 hours"", ""Sunday"": ""Open 24 hours""}","Sunday,Open 24 hours|Monday,Open 24 hours|Tuesday,Open 24 hours|Wednesday,Open 24 hours|Thursday,Open 24 hours|Friday,Open 24 hours|Saturday,Open 24 hours",Monday:Open 24 hours|Tuesday:Open 24 hours|Wednesday:Open 24 hours|Thursday:Open 24 hours|Friday:Open 24 hours|Saturday:Open 24 hours|Sunday:Open 24 hours,,,OPERATIONAL,"{""Accessibility"": {""Wheelchair accessible entrance"": true}}",,,,,,,False,None,Water Brooklyn,,,,,,"https://www.google.com/maps/place/Water+Brooklyn/@40.6842342,-73.9791961,14z/data=!4m8!1m2!2m1!1sWater+Brooklyn!3m4!1s0x89c25bbd0eb80d0f:0xfef213110ffe7d52!8m2!3d40.6842342!4d-73.9791961","https://www.google.com/maps/place/Water+Brooklyn/@40.6842342,-73.9791961,13.99z/data=!4m16!1m7!3m6!1s0x89c25bbd0eb80d0f:0xfef213110ffe7d52!2sWater+Brooklyn!8m2!3d40.6842342!4d-73.9791961!16s%2Fg%2F11ckvg1dmb!3m7!1s0x89c25bbd0eb80d0f:0xfef213110ffe7d52!8m2!3d40.6842342!4d-73.9791961!9m1!1b1!16s%2Fg%2F11ckvg1dmb?entry=ttu",ChIJDw24Dr1bwokRUn3-DxET8v4,0x89c25bbd0eb80d0f:0xfef213110ffe7d52,18370766794001382738,/g/11lfqmby2g,-75977279708168878,,,,,,,,,,,,,,,,,,,,,,,,,,17187499625,landline,,,,,,,,,,,,,,,,,,,,,,,,,,"Water Damage Restoration Brooklyn, NY | (646) 980-2572","Elementor 3.25.9; settings: css_print_method-external, google_font-enabled, font_display-swap","Water Restoration Brooklyn offers comprehensive restoration services, specializing in water, fire, and mold remediation for both commercial and residential properties.",,False,False
"water damage restoration service, 70184, New Orleans, LA, US",Water Damage Restoration,Water Damage Restoration,https://restorationmanhattan.com/,"Water damage restoration service, Environmental consultant",Water damage restoration service,Water damage restoration service,+1 800-244-4146,toll_free,,,"162 W 56th St, New York, NY 10019",Manhattan,162 W 56th St,New York,10019,New York,New York,United States of America,US,40.764619499999995,-73.9803238,892a100d657ffff,America/New_York,,False,5.0,25.0,https://search.google.com/local/reviews?placeid=ChIJSfzCn6tZwokRRAYvK0s2yCA&q=*&authuser=0&hl=en&gl=US,,,0.0,0.0,0.0,1.0,24.0,9.0,https://lh3.googleusercontent.com/p/AF1QipN1XCUFeTwNSQ6A8ADQWUx6gtmI1A1gKmJAIi1y=w800-h500-k-no,https://lh3.googleusercontent.com/p/AF1QipN1XCUFeTwNSQ6A8ADQWUx6gtmI1A1gKmJAIi1y=w1600-h1000-k-no,,"{""Monday"": ""Open 24 hours"", ""Tuesday"": ""Open 24 hours"", ""Wednesday"": ""Open 24 hours"", ""Thursday"": ""Open 24 hours"", ""Friday"": ""Open 24 hours"", ""Saturday"": ""Open 24 hours"", ""Sunday"": ""Open 24 hours""}","Sunday,Open 24 hours|Monday,Open 24 hours|Tuesday,Open 24 hours|Wednesday,Open 24 hours|Thursday,Open 24 hours|Friday,Open 24 hours|Saturday,Open 24 hours",Monday:Open 24 hours|Tuesday:Open 24 hours|Wednesday:Open 24 hours|Thursday:Open 24 hours|Friday:Open 24 hours|Saturday:Open 24 hours|Sunday:Open 24 hours,,,OPERATIONAL,{},,,,https://lh6.googleusercontent.com/-ylPGQLX7Re0/AAAAAAAAAAI/AAAAAAAAAAA/Vz6XfLMdroU/s44-p-k-no-ns-nd/photo.jpg,,,True,102552661287065142308,Water Damage Restoration,https://www.google.com/maps/contrib/102552661287065142308,,,,,"https://www.google.com/maps/place/Water+Damage+Restoration/@40.764619499999995,-73.9803238,14z/data=!4m8!1m2!2m1!1sWater+Damage+Restoration!3m4!1s0x89c259ab9fc2fc49:0x20c8364b2b2f0644!8m2!3d40.764619499999995!4d-73.9803238","https://www.google.com/maps/place/Water+Damage+Restoration/@40.764619499999995,-73.9803238,13.99z/data=!4m16!1m7!3m6!1s0x89c259ab9fc2fc49:0x20c8364b2b2f0644!2sWater+Damage+Restoration!8m2!3d40.764619499999995!4d-73.9803238!16s%2Fg%2F11ckvg1dmb!3m7!1s0x89c259ab9fc2fc49:0x20c8364b2b2f0644!8m2!3d40.764619499999995!4d-73.9803238!9m1!1b1!16s%2Fg%2F11ckvg1dmb?entry=ttu",ChIJSfzCn6tZwokRRAYvK0s2yCA,0x89c259ab9fc2fc49:0x20c8364b2b2f0644,2362197701030774340,/g/11bc7151mq,2362197701030774340,,waterdamagerestorationny@gmail.com,RECEIVING,Verified,,,,,,office@wdrseattle.com,RECEIVING,Role,,,,,,waterdamagerestorationsseattle@gmail.com,RECEIVING,SMTP validated,,,,,,18002444146,toll_free,,,2062371089,,landline,,2063858599,,landline,,https://www.facebook.com/people/,,,,,,,,,,,,,,,Restoration Manhattan – We're the pros at turning 'WET' into 'DRY',WordPress 6.7.1,,,False,False
"water damage restoration service, 70184, New Orleans, LA, US",NY Flood Cleanup & Water Restoration Of Manhattan,Ny Flood Cleanup And Water Restoration Of Manhattan,https://nyfloodclean.com/nearme/flood-cleanup-manhattan/,Water damage restoration service,Water damage restoration service,Water damage restoration service,+1 347-519-2511,landline,,,"321 E 43rd St, New York, NY 10017",Manhattan,321 E 43rd St,New York,10017,New York,New York,United States of America,US,40.750242,-73.9704939,892a100d627ffff,America/New_York,,False,5.0,18.0,https://search.google.com/local/reviews?placeid=ChIJeTE1ZBRZwokRJCkMhFXiU-Y&q=*&authuser=0&hl=en&gl=US,,,0.0,0.0,0.0,0.0,18.0,3.0,https://lh3.googleusercontent.com/p/AF1QipOPV0QeGPQ451ASo9zfaZKiNFLTJBJyumqQzes2=w800-h500-k-no,https://lh3.googleusercontent.com/p/AF1QipOPV0QeGPQ451ASo9zfaZKiNFLTJBJyumqQzes2=w1600-h1000-k-no,,"{""Monday"": ""Open 24 hours"", ""Tuesday"": ""Open 24 hours"", ""Wednesday"": ""Open 24 hours"", ""Thursday"": ""Open 24 hours"", ""Friday"": ""12AM-4:30PM"", ""Saturday"": ""7:30PM-12AM"", ""Sunday"": ""Open 24 hours""}","Sunday,Open 24 hours|Monday,Open 24 hours|Tuesday,Open 24 hours|Wednesday,Open 24 hours|Thursday,Open 24 hours|Friday,12AM,4:30PM|Saturday,7:30PM,12AM",Monday:Open 24 hours|Tuesday:Open 24 hours|Wednesday:Open 24 hours|Thursday:Open 24 hours|Friday:12AM-4:30PM|Saturday:7:30PM-12AM|Sunday:Open 24 hours,,,OPERATIONAL,"{""Service options"": {""Onsite services"": true}}",,,,https://lh4.googleusercontent.com/-AdPI86h7e3k/AAAAAAAAAAI/AAAAAAAAAAA/VBcjVMNJpec/s44-p-k-no-ns-nd/photo.jpg,,,True,101404314136698490871,NY Flood Cleanup & Water Restoration Of Manhattan,https://www.google.com/maps/contrib/101404314136698490871,,,,,"https://www.google.com/maps/place/NY+Flood+Cleanup+%26+Water+Restoration+Of+Manhattan/@40.750242,-73.9704939,14z/data=!4m8!1m2!2m1!1sNY+Flood+Cleanup+%26+Water+Restoration+Of+Manhattan!3m4!1s0x89c2591464353179:0xe653e255840c2924!8m2!3d40.750242!4d-73.9704939","https://www.google.com/maps/place/NY+Flood+Cleanup+%26+Water+Restoration+Of+Manhattan/@40.750242,-73.9704939,13.99z/data=!4m16!1m7!3m6!1s0x89c2591464353179:0xe653e255840c2924!2sNY+Flood+Cleanup+%26+Water+Restoration+Of+Manhattan!8m2!3d40.750242!4d-73.9704939!16s%2Fg%2F11ckvg1dmb!3m7!1s0x89c2591464353179:0xe653e255840c2924!8m2!3d40.750242!4d-73.9704939!9m1!1b1!16s%2Fg%2F11ckvg1dmb?entry=ttu",ChIJeTE1ZBRZwokRJCkMhFXiU-Y,0x89c2591464353179:0xe653e255840c2924,16596857908705896740,/g/11sh25p8z_,-1849886165003654876,,info@nyfloodclean.com,INVALID,Undeliverable,,,,,,manhattan@nyfloodclean.com,RECEIVING,Verified,,,,,,,,,,,,,,,,,,,,,,,,,,,,,,,,,,,,,,,,,My WordPress – Just another WordPress site,wordpress,,,False,False
"water damage restoration service, 70184, New Orleans, LA, US",NYC Water Damage Restoration – Manhattan,Nyc Water Damage Restoration – Manhattan,https://nycwaterdamagerestoration.net/manhattan/,Water damage restoration service,Water damage restoration service,Water damage restoration service,+1 646-912-6774,mobile,"NEW CINGULAR WIRELESS PCS, LLC - DC",,"37 E 57th St, New York, NY 10022",Manhattan,37 E 57th St,New York,10022,New York,New York,United States of America,US,40.762618499999995,-73.9725383,892a100d613ffff,America/New_York,,False,5.0,7.0,https://search.google.com/local/reviews?placeid=ChIJrW832rRZwokRLVHqu3JgFro&q=*&authuser=0&hl=en&gl=US,,,0.0,0.0,0.0,0.0,7.0,2.0,https://streetviewpixels-pa.googleapis.com/v1/thumbnail?panoid=iPIQVNaptd6txA7b4Poktw&cb_client=search.gws-prod.gps&w=800&h=500&yaw=52.42136&pitch=0&thumbfov=100,https://streetviewpixels-pa.googleapis.com/v1/thumbnail?panoid=iPIQVNaptd6txA7b4Poktw&cb_client=search.gws-prod.gps&w=1600&h=1000&yaw=52.42136&pitch=0&thumbfov=100,,"{""Monday"": ""Open 24 hours"", ""Tuesday"": ""Open 24 hours"", ""Wednesday"": ""Open 24 hours"", ""Thursday"": ""Open 24 hours"", ""Friday"": ""Open 24 hours"", ""Saturday"": ""Open 24 hours"", ""Sunday"": ""Open 24 hours""}","Sunday,Open 24 hours|Monday,Open 24 hours|Tuesday,Open 24 hours|Wednesday,Open 24 hours|Thursday,Open 24 hours|Friday,Open 24 hours|Saturday,Open 24 hours",Monday:Open 24 hours|Tuesday:Open 24 hours|Wednesday:Open 24 hours|Thursday:Open 24 hours|Friday:Open 24 hours|Saturday:Open 24 hours|Sunday:Open 24 hours,,,OPERATIONAL,{},,,,https://lh6.googleusercontent.com/-5BbYNnOFPvU/AAAAAAAAAAI/AAAAAAAAAAA/2RcPnL9Z_54/s44-p-k-no-ns-nd/photo.jpg,,,True,110950166807669665233,NYC Water Damage Restoration – Manhattan,https://www.google.com/maps/contrib/110950166807669665233,,,,,"https://www.google.com/maps/place/NYC+Water+Damage+Restoration+%E2%80%93+Manhattan/@40.762618499999995,-73.9725383,14z/data=!4m8!1m2!2m1!1sNYC+Water+Damage+Restoration+%E2%80%93+Manhattan!3m4!1s0x89c259b4da376fad:0xba166072bbea512d!8m2!3d40.762618499999995!4d-73.9725383","https://www.google.com/maps/place/NYC+Water+Damage+Restoration+%E2%80%93+Manhattan/@40.762618499999995,-73.9725383,13.99z/data=!4m16!1m7!3m6!1s0x89c259b4da376fad:0xba166072bbea512d!2sNYC+Water+Damage+Restoration+%E2%80%93+Manhattan!8m2!3d40.762618499999995!4d-73.9725383!16s%2Fg%2F11ckvg1dmb!3m7!1s0x89c259b4da376fad:0xba166072bbea512d!8m2!3d40.762618499999995!4d-73.9725383!9m1!1b1!16s%2Fg%2F11ckvg1dmb?entry=ttu",ChIJrW832rRZwokRLVHqu3JgFro,0x89c259b4da376fad:0xba166072bbea512d,13409010986437464365,/g/11w8_swhp1,-5037733087272087251,,,,,,,,,,,,,,,,,,,,,,,,,,01234123123,,,,,,,,,,,,,,,,,,,,,,,,,,,NYC Water Damage Restoration – Oyster Bay – NYC Water Damage Restoration,WordPress 6.8.3,"nycwaterdamagerestoration.net is your first and best source for all of the information you’re looking for. From general topics to more of what you would expect to find here, nycwaterdamagerestoration.net has it all. We hope you find what you are searching for!",,False,True
"water damage restoration service, 70184, New Orleans, LA, US",NJ Water Damage Restoration Llc,Nj Water Damage Restoration,http://www.waterdamagemoldsolutions.com/,Water damage restoration service,Water damage restoration service,Water damage restoration service,+1 201-800-3530,landline,,,"162 Highland Ave, Clifton, NJ 07011",Botany Village,162 Highland Ave,Clifton,07011,New Jersey,New Jersey,United States of America,US,40.8731394,-74.1281709,892a10461c7ffff,America/New_York,,False,5.0,42.0,https://search.google.com/local/reviews?placeid=ChIJQ1E9Gnwhb6URoIx5ZzhU6m8&q=*&authuser=0&hl=en&gl=US,,,0.0,0.0,0.0,0.0,42.0,19.0,https://lh3.googleusercontent.com/p/AF1QipMaYiZmmagX7kMn2mVl2gqjfx2s8FBFLQBZPtUQ=w800-h500-k-no,https://lh3.googleusercontent.com/p/AF1QipMaYiZmmagX7kMn2mVl2gqjfx2s8FBFLQBZPtUQ=w1600-h1000-k-no,,"{""Monday"": ""Open 24 hours"", ""Tuesday"": ""Open 24 hours"", ""Wednesday"": ""Open 24 hours"", ""Thursday"": ""Open 24 hours"", ""Friday"": ""Open 24 hours"", ""Saturday"": ""Open 24 hours"", ""Sunday"": ""Open 24 hours""}","Sunday,Open 24 hours|Monday,Open 24 hours|Tuesday,Open 24 hours|Wednesday,Open 24 hours|Thursday,Open 24 hours|Friday,Open 24 hours|Saturday,Open 24 hours",Monday:Open 24 hours|Tuesday:Open 24 hours|Wednesday:Open 24 hours|Thursday:Open 24 hours|Friday:Open 24 hours|Saturday:Open 24 hours|Sunday:Open 24 hours,,,OPERATIONAL,{},,,,https://lh3.googleusercontent.com/-D-iSEEVCs2w/AAAAAAAAAAI/AAAAAAAAAAA/faLT9ZWoH8A/s44-p-k-no-ns-nd/photo.jpg,,,True,100726989187974626624,NJ Water Damage Restoration Llc,https://www.google.com/maps/contrib/100726989187974626624,,,,,"https://www.google.com/maps/place/NJ+Water+Damage+Restoration+Llc/@40.8731394,-74.1281709,14z/data=!4m8!1m2!2m1!1sNJ+Water+Damage+Restoration+Llc!3m4!1s0xa56f217c1a3d5143:0x6fea543867798ca0!8m2!3d40.8731394!4d-74.1281709","https://www.google.com/maps/place/NJ+Water+Damage+Restoration+Llc/@40.8731394,-74.1281709,13.99z/data=!4m16!1m7!3m6!1s0xa56f217c1a3d5143:0x6fea543867798ca0!2sNJ+Water+Damage+Restoration+Llc!8m2!3d40.8731394!4d-74.1281709!16s%2Fg%2F11ckvg1dmb!3m7!1s0xa56f217c1a3d5143:0x6fea543867798ca0!8m2!3d40.8731394!4d-74.1281709!9m1!1b1!16s%2Fg%2F11ckvg1dmb?entry=ttu",ChIJQ1E9Gnwhb6URoIx5ZzhU6m8,0xa56f217c1a3d5143:0x6fea543867798ca0,8064350683991215264,/g/11w823tx7y,8064350683991215264,,info@waterdamagemoldsolutions.com,UNKNOWN,Cannot validate,,,,,,,,,,,,,,,,,,,,,,2018003530,landline,,,,,,,,,,,,,,,,,,,,,,,,,,About Us | NJ Water Damage Restoration LLC,WordPress 6.8.3,,,False,True
"water damage restoration service, 70184, New Orleans, LA, US",Water Damage Restoration Service NYC,Water Damage Restoration Service Nyc,,Water damage restoration service,Water damage restoration service,Water damage restoration service,+1 315-630-7827,mobile,WARWICK VALLEY MOBILE TELEPHONE COMPANY - NY,,"230 Vesey St, New York, NY 10282",Manhattan,230 Vesey St,New York,10282,New York,New York,United States of America,US,40.7140744,-74.0153339,892a10728d3ffff,America/New_York,,False,5.0,5.0,https://search.google.com/local/reviews?placeid=ChIJ6_eHZu1bwokRV5pPoySkyBc&q=*&authuser=0&hl=en&gl=US,,,0.0,0.0,0.0,0.0,5.0,11.0,https://lh3.googleusercontent.com/p/AF1QipNALG_dnHNcELb2-nCniP1KljpNJnVl7Lq1wXEX=w800-h500-k-no,https://lh3.googleusercontent.com/p/AF1QipNALG_dnHNcELb2-nCniP1KljpNJnVl7Lq1wXEX=w1600-h1000-k-no,,"{""Monday"": ""6AM-11PM"", ""Tuesday"": ""6AM-11PM"", ""Wednesday"": ""6AM-11PM"", ""Thursday"": ""6AM-11PM"", ""Friday"": ""6AM-11PM"", ""Saturday"": ""8AM-8PM"", ""Sunday"": ""8AM-8PM""}","Sunday,8AM,8PM|Monday,6AM,11PM|Tuesday,6AM,11PM|Wednesday,6AM,11PM|Thursday,6AM,11PM|Friday,6AM,11PM|Saturday,8AM,8PM",Monday:6AM-11PM|Tuesday:6AM-11PM|Wednesday:6AM-11PM|Thursday:6AM-11PM|Friday:6AM-11PM|Saturday:8AM-8PM|Sunday:8AM-8PM,,,OPERATIONAL,"{""From the business"": {""Identifies as Black-owned"": true}, ""Service options"": {""Online estimates"": false, ""Onsite services"": false}, ""Accessibility"": {""Assistive hearing loop"": false, ""Wheelchair accessible restroom"": false, ""Wheelchair accessible seating"": false}, ""Crowd"": {""LGBTQ+ friendly"": true, ""Transgender safespace"": true}, ""Other"": {""Identifies as Black-owned"": true, ""LGBTQ+ friendly"": true}}",,,,https://lh5.googleusercontent.com/-1b1B1LvXZu4/AAAAAAAAAAI/AAAAAAAAAAA/rTrurSL6Xp4/s44-p-k-no-ns-nd/photo.jpg,,,True,104094416035545884972,Water Damage Restoration Service NYC,https://www.google.com/maps/contrib/104094416035545884972,,,,,"https://www.google.com/maps/place/Water+Damage+Restoration+Service+NYC/@40.7140744,-74.0153339,14z/data=!4m8!1m2!2m1!1sWater+Damage+Restoration+Service+NYC!3m4!1s0x89c25bed6687f7eb:0x17c8a424a34f9a57!8m2!3d40.7140744!4d-74.0153339","https://www.google.com/maps/place/Water+Damage+Restoration+Service+NYC/@40.7140744,-74.0153339,13.99z/data=!4m16!1m7!3m6!1s0x89c25bed6687f7eb:0x17c8a424a34f9a57!2sWater+Damage+Restoration+Service+NYC!8m2!3d40.7140744!4d-74.0153339!16s%2Fg%2F11ckvg1dmb!3m7!1s0x89c25bed6687f7eb:0x17c8a424a34f9a57!8m2!3d40.7140744!4d-74.0153339!9m1!1b1!16s%2Fg%2F11ckvg1dmb?entry=ttu",ChIJ6_eHZu1bwokRV5pPoySkyBc,0x89c25bed6687f7eb:0x17c8a424a34f9a57,1713800135480154711,/g/11pzjv7n7s,1713800135480154711,,,,,,,,,,,,,,,,,,,,,,,,,,,,,,,,,,,,,,,,,,,,,,,,,,,,,,,,,,
"water damage restoration service, 70184, New Orleans, LA, US",NJ Water and Mold,Nj Water And Mold,https://njwaterandmold.com/%3Futm_source%3DGoogle%26utm_medium%3DClick%26utm_id%3DGBP,"Water damage restoration service, Fire damage restoration service",Water damage restoration service,Water damage restoration service,+1 551-296-5376,landline,,,"1116 Edgewater Ave, Ridgefield, NJ 07657",None,1116 Edgewater Ave,Ridgefield,07657,New Jersey,New Jersey,United States of America,US,40.8354104,-74.01533839999999,892a1008343ffff,America/New_York,,False,4.9,131.0,https://search.google.com/local/reviews?placeid=ChIJ4cVHOKP3wokRjNP5RnW-kRU&q=*&authuser=0&hl=en&gl=US,,,0.0,0.0,3.0,1.0,127.0,220.0,https://lh3.googleusercontent.com/p/AF1QipPyHJP3dsbSOWHvBAknSe-FcpEfdVWBy_6Sez3d=w800-h500-k-no,https://lh3.googleusercontent.com/p/AF1QipPyHJP3dsbSOWHvBAknSe-FcpEfdVWBy_6Sez3d=w1600-h1000-k-no,,"{""Monday"": ""Open 24 hours"", ""Tuesday"": ""Open 24 hours"", ""Wednesday"": ""Open 24 hours"", ""Thursday"": ""Open 24 hours"", ""Friday"": ""Open 24 hours"", ""Saturday"": ""Open 24 hours"", ""Sunday"": ""Open 24 hours""}","Sunday,Open 24 hours|Monday,Open 24 hours|Tuesday,Open 24 hours|Wednesday,Open 24 hours|Thursday,Open 24 hours|Friday,Open 24 hours|Saturday,Open 24 hours",Monday:Open 24 hours|Tuesday:Open 24 hours|Wednesday:Open 24 hours|Thursday:Open 24 hours|Friday:Open 24 hours|Saturday:Open 24 hours|Sunday:Open 24 hours,,,OPERATIONAL,"{""From the business"": {""Identifies as women-owned"": true}, ""Service options"": {""Online estimates"": true, ""Onsite services"": true}, ""Accessibility"": {""Wheelchair accessible parking lot"": true, ""Wheelchair accessible seating"": true}, ""Crowd"": {""LGBTQ+ friendly"": true, ""Transgender safespace"": true}, ""Other"": {""LGBTQ+ friendly"": true, ""Identifies as women-owned"": true}}",,,,https://lh3.googleusercontent.com/-i4ZLNFyM6D8/AAAAAAAAAAI/AAAAAAAAAAA/BFQs5zXfvTs/s44-p-k-no-ns-nd/photo.jpg,,,True,116771430830266049518,NJ Water and Mold,https://www.google.com/maps/contrib/116771430830266049518,,https://njwaterandmold.com/contact/,,https://njwaterandmold.com/contact/,"https://www.google.com/maps/place/NJ+Water+and+Mold/@40.8354104,-74.01533839999999,14z/data=!4m8!1m2!2m1!1sNJ+Water+and+Mold!3m4!1s0x89c2f7a33847c5e1:0x1591be7546f9d38c!8m2!3d40.8354104!4d-74.01533839999999","https://www.google.com/maps/place/NJ+Water+and+Mold/@40.8354104,-74.01533839999999,13.99z/data=!4m16!1m7!3m6!1s0x89c2f7a33847c5e1:0x1591be7546f9d38c!2sNJ+Water+and+Mold!8m2!3d40.8354104!4d-74.01533839999999!16s%2Fg%2F11ckvg1dmb!3m7!1s0x89c2f7a33847c5e1:0x1591be7546f9d38c!8m2!3d40.8354104!4d-74.01533839999999!9m1!1b1!16s%2Fg%2F11ckvg1dmb?entry=ttu",ChIJ4cVHOKP3wokRjNP5RnW-kRU,0x89c2f7a33847c5e1:0x1591be7546f9d38c,1554232757330760588,/g/11bzrpzc96,1554232757330760588,,smith@njwaterandmold.com,INVALID,Undeliverable,,,,,,adac@njwaterandmold.com,RECEIVING,Verified,,,,,,adac@njwaterandmold.com,RECEIVING,Verified,,,,,,8449641545,toll_free,,,2013709851,CELLCO PARTNERSHIP DBA VERIZON WIRELESS - NJ,mobile,,40,,,,https://facebook.com/calbokool,https://instagram.com,https://www.linkedin.com/company/nj-water-and-mold,,,,,,,,,,,,,Water & Fire Damage Emergency Restoration Services,Redux 4.4.5,"NJ Water and Mold| Fire & Water Damage Restoration| Mold Remediation & More| Count on us for Fast & Reliable| Emergency Service, 24/7",,False,False
"water damage restoration service, 70184, New Orleans, LA, US",Water Damage Cleaning & Restoration Nyc,Water Damage Cleaning And Restoration Nyc,http://nycfloodcleanup.com/,"Water damage restoration service, Service establishment",Water damage restoration service,Water damage restoration service,+1 347-467-4717,landline,,,,,,,,,,,,40.6971415,-73.979506,892a1072d37ffff,America/New_York,,True,5.0,24.0,https://search.google.com/local/reviews?placeid=ChIJTZ7i-01YwokRGIJ9NNQVixs&q=*&authuser=0&hl=en&gl=US,,,0.0,0.0,0.0,1.0,23.0,16.0,https://lh3.googleusercontent.com/p/AF1QipPGKxpMLMFHEDvPm46Q0IqbgfdUqGnQ23xf-HKj=w800-h500-k-no,https://lh3.googleusercontent.com/p/AF1QipPGKxpMLMFHEDvPm46Q0IqbgfdUqGnQ23xf-HKj=w1600-h1000-k-no,,"{""Monday"": ""Open 24 hours"", ""Tuesday"": ""Open 24 hours"", ""Wednesday"": ""Open 24 hours"", ""Thursday"": ""Open 24 hours"", ""Friday"": ""Open 24 hours"", ""Saturday"": ""Open 24 hours"", ""Sunday"": ""Open 24 hours""}","Sunday,Open 24 hours|Monday,Open 24 hours|Tuesday,Open 24 hours|Wednesday,Open 24 hours|Thursday,Open 24 hours|Friday,Open 24 hours|Saturday,Open 24 hours",Monday:Open 24 hours|Tuesday:Open 24 hours|Wednesday:Open 24 hours|Thursday:Open 24 hours|Friday:Open 24 hours|Saturday:Open 24 hours|Sunday:Open 24 hours,,,OPERATIONAL,"{""From the business"": {""Identifies as LGBTQ+ owned"": true}, ""Other"": {""Identifies as LGBTQ+ owned"": true}}",,,,https://lh5.googleusercontent.com/-Ej-842JWXUg/AAAAAAAAAAI/AAAAAAAAAAA/o-YVcJ6kF5g/s44-p-k-no-ns-nd/photo.jpg,,,True,100250565819049277538,Water Damage Cleaning & Restoration Nyc,https://www.google.com/maps/contrib/100250565819049277538,,,,,"https://www.google.com/maps/place/Water+Damage+Cleaning+%26+Restoration+Nyc/@40.6971415,-73.979506,14z/data=!4m8!1m2!2m1!1sWater+Damage+Cleaning+%26+Restoration+Nyc!3m4!1s0x89c2584dfbe29e4d:0x1b8b15d4347d8218!8m2!3d40.6971415!4d-73.979506","https://www.google.com/maps/place/Water+Damage+Cleaning+%26+Restoration+Nyc/@40.6971415,-73.979506,13.99z/data=!4m16!1m7!3m6!1s0x89c2584dfbe29e4d:0x1b8b15d4347d8218!2sWater+Damage+Cleaning+%26+Restoration+Nyc!8m2!3d40.6971415!4d-73.979506!16s%2Fg%2F11ckvg1dmb!3m7!1s0x89c2584dfbe29e4d:0x1b8b15d4347d8218!8m2!3d40.6971415!4d-73.979506!9m1!1b1!16s%2Fg%2F11ckvg1dmb?entry=ttu",ChIJTZ7i-01YwokRGIJ9NNQVixs,0x89c2584dfbe29e4d:0x1b8b15d4347d8218,1984704061944726040,/g/11dft1k91t,1984704061944726040,,info@nycfloodcleanup.com,BLACKLISTED,Complainer,,,,,,john@nycfloodcleanup.com,BLACKLISTED,Complainer,,,,,,,,,,,,,,13474674717,landline,,,,,,,,,,,https://www.facebook.com/Water-Damage-Cleaning-Restoration-NYC-109437501417215,,,,,,,,,,,,,,,Contact Us - Water Damage Cleaning & Restoration NYC,WordPress 6.8.3,,,False,False
"water damage restoration service, 70184, New Orleans, LA, US","FloodCo USA - Water Damage Restoration, Mold Removal and Mold Testing, & Cleaning Services serving in Hoboken and Jersey City",Floodco Usa Water Damage Restoration Mold Removal And Mold Testing And Cleaning Services Serving In Hoboken And Jersey City,https://www.floodcousa.com/%3Futm_source%3Dgoogle%26utm_medium%3Dorganic%26utm_campaign%3Dgmb,Water damage restoration service,Water damage restoration service,Water damage restoration service,+1 201-533-0100,mobile,,,"1110 River Rd # 102, Edgewater, NJ 07020",None,1110 River Rd # 102,Edgewater,07020,New Jersey,New Jersey,United States of America,US,40.8327027,-73.9726927,892a1008107ffff,America/New_York,,False,4.8,37.0,https://search.google.com/local/reviews?placeid=ChIJSWAuhAlZwokRE_dM6BPANt0&q=*&authuser=0&hl=en&gl=US,,,2.0,0.0,0.0,0.0,35.0,87.0,https://lh3.googleusercontent.com/p/AF1QipOoKgcBNwDbtF-V3JBYHgLrU9i6MAXHM7BRYaWz=w800-h500-k-no,https://lh3.googleusercontent.com/p/AF1QipOoKgcBNwDbtF-V3JBYHgLrU9i6MAXHM7BRYaWz=w1600-h1000-k-no,,"{""Monday"": ""Open 24 hours"", ""Tuesday"": ""Open 24 hours"", ""Wednesday"": ""Open 24 hours"", ""Thursday"": ""Open 24 hours"", ""Friday"": ""Open 24 hours"", ""Saturday"": ""Open 24 hours"", ""Sunday"": ""Open 24 hours""}","Sunday,Open 24 hours|Monday,Open 24 hours|Tuesday,Open 24 hours|Wednesday,Open 24 hours|Thursday,Open 24 hours|Friday,Open 24 hours|Saturday,Open 24 hours",Monday:Open 24 hours|Tuesday:Open 24 hours|Wednesday:Open 24 hours|Thursday:Open 24 hours|Friday:Open 24 hours|Saturday:Open 24 hours|Sunday:Open 24 hours,,,OPERATIONAL,"{""Service options"": {""Online estimates"": true, ""Onsite services"": true, ""Language assistance"": ""Arabic, English, Korean, Spanish""}}",,,,https://lh4.googleusercontent.com/-r1D8G_mr2_U/AAAAAAAAAAI/AAAAAAAAAAA/oNoLUQAni1s/s44-p-k-no-ns-nd/photo.jpg,,,True,103143140640854085972,"FloodCo USA - Water Damage Restoration, Mold Removal and Mold Testing, & Cleaning Services serving in Hoboken and Jersey City",https://www.google.com/maps/contrib/103143140640854085972,,https://www.floodcousa.com/contact/,,https://www.floodcousa.com/contact/,"https://www.google.com/maps/place/FloodCo+USA+-+Water+Damage+Restoration%2C+Mold+Removal+and+Mold+Testing%2C+%26+Cleaning+Services+serving+in+Hoboken+and+Jersey+City/@40.8327027,-73.9726927,14z/data=!4m8!1m2!2m1!1sFloodCo+USA+-+Water+Damage+Restoration%2C+Mold+Removal+and+Mold+Testing%2C+%26+Cleaning+Services+serving+in+Hoboken+and+Jersey+City!3m4!1s0x89c25909842e6049:0xdd36c013e84cf713!8m2!3d40.8327027!4d-73.9726927","https://www.google.com/maps/place/FloodCo+USA+-+Water+Damage+Restoration%2C+Mold+Removal+and+Mold+Testing%2C+%26+Cleaning+Services+serving+in+Hoboken+and+Jersey+City/@40.8327027,-73.9726927,13.99z/data=!4m16!1m7!3m6!1s0x89c25909842e6049:0xdd36c013e84cf713!2sFloodCo+USA+-+Water+Damage+Restoration%2C+Mold+Removal+and+Mold+Testing%2C+%26+Cleaning+Services+serving+in+Hoboken+and+Jersey+City!8m2!3d40.8327027!4d-73.9726927!16s%2Fg%2F11ckvg1dmb!3m7!1s0x89c25909842e6049:0xdd36c013e84cf713!8m2!3d40.8327027!4d-73.9726927!9m1!1b1!16s%2Fg%2F11ckvg1dmb?entry=ttu",ChIJSWAuhAlZwokRE_dM6BPANt0,0x89c25909842e6049:0xdd36c013e84cf713,15940139122858718995,/g/12qgj6dwk,-2506604950850832621,,info@floodco.com,UNKNOWN,Cannot validate,,,,,,kerri@floodcousa.com,INVALID,Undeliverable,,,,,,info@floodcousa.com,RECEIVING,SMTP validated,,,,,,2015330100,mobile,,,2018226142,,landline,,,,,,https://www.facebook.com/FloodCoUSA,https://www.instagram.com/floodco_usa,,,,,,,,,https://twitter.com/FloodCoUSA,,https://www.youtube.com/channel/UCNs3FHCb08aoMcBdMhbU9DA,,,FloodCo USA | Water Damage Restoration | New Jersey & New York City,Wix.com Website Builder,FloodCo USA is water damage restoration experts for both residential and commercial properties in New Jersey and New York City area.,,False,False
"water damage restoration service, 70184, New Orleans, LA, US",Flooded Water Damage Cleanup,Flooded Water Damage Cleanup,http://a2z-restoration.com/,Contractor,Contractor,Contractor,+1 929-590-1290,landline,,,"631-28 Alderton Street Rego Park Queens, Rego Park, NY 11374",Rego Park,631-28 Alderton Street Rego Park Queens,Rego Park,11374,NY,New York,United States of America,US,40.725214799999996,-73.862747,892a100c57bffff,America/New_York,,False,5.0,25.0,https://search.google.com/local/reviews?placeid=ChIJzd1A_DhewokR1DgxWxVeLmg&q=*&authuser=0&hl=en&gl=US,,,0.0,0.0,0.0,0.0,25.0,24.0,https://lh3.googleusercontent.com/p/AF1QipPBokEosIgorppY4V1839zYUdmWcZqWxhKbGMtg=w800-h500-k-no,https://lh3.googleusercontent.com/p/AF1QipPBokEosIgorppY4V1839zYUdmWcZqWxhKbGMtg=w1600-h1000-k-no,,"{""Monday"": ""Open 24 hours"", ""Tuesday"": ""Open 24 hours"", ""Wednesday"": ""Open 24 hours"", ""Thursday"": ""Open 24 hours"", ""Friday"": ""Open 24 hours"", ""Saturday"": ""Open 24 hours"", ""Sunday"": ""Open 24 hours""}","Sunday,Open 24 hours|Monday,Open 24 hours|Tuesday,Open 24 hours|Wednesday,Open 24 hours|Thursday,Open 24 hours|Friday,Open 24 hours|Saturday,Open 24 hours",Monday:Open 24 hours|Tuesday:Open 24 hours|Wednesday:Open 24 hours|Thursday:Open 24 hours|Friday:Open 24 hours|Saturday:Open 24 hours|Sunday:Open 24 hours,,,OPERATIONAL,{},,,,https://lh5.googleusercontent.com/-hGqQyYRcu4U/AAAAAAAAAAI/AAAAAAAAAAA/y6ORdvjov5A/s44-p-k-no-ns-nd/photo.jpg,,,True,105171521918424720304,Flooded Water Damage Cleanup,https://www.google.com/maps/contrib/105171521918424720304,,,,,"https://www.google.com/maps/place/Flooded+Water+Damage+Cleanup/@40.725214799999996,-73.862747,14z/data=!4m8!1m2!2m1!1sFlooded+Water+Damage+Cleanup!3m4!1s0x89c25e38fc40ddcd:0x682e5e155b3138d4!8m2!3d40.725214799999996!4d-73.862747","https://www.google.com/maps/place/Flooded+Water+Damage+Cleanup/@40.725214799999996,-73.862747,13.99z/data=!4m16!1m7!3m6!1s0x89c25e38fc40ddcd:0x682e5e155b3138d4!2sFlooded+Water+Damage+Cleanup!8m2!3d40.725214799999996!4d-73.862747!16s%2Fg%2F11ckvg1dmb!3m7!1s0x89c25e38fc40ddcd:0x682e5e155b3138d4!8m2!3d40.725214799999996!4d-73.862747!9m1!1b1!16s%2Fg%2F11ckvg1dmb?entry=ttu",ChIJzd1A_DhewokR1DgxWxVeLmg,0x89c25e38fc40ddcd:0x682e5e155b3138d4,7507041074690472148,/g/11y2clj69_,7507041074690472148,,hello@rfuenzalida.com,INVALID,Undeliverable,,,,,,matt@pixelspread.com,RECEIVING,Verified,,,,,,,,,,,,,,,,,,,,,,,,,,,,,,,,,,,,,,,,,Login,Starfield Technologies; Go Daddy Website Builder 8.0.0000,A2Z Restoration Services offers top-notch fire and water damage restoration services to help you recover from any disaster quickly and efficiently.,,False,True
"water damage restoration service, 70186, New Orleans, LA, US",WATERGENIX LLC,Watergenix,,"Water damage restoration service, Service establishment",Water damage restoration service,Water damage restoration service,+1 985-334-1814,mobile,AT&T Mobility LLC,,,,,,,,,,,30.0475435,-90.0311584,89444640e7bffff,America/Chicago,,True,5.0,2.0,https://search.google.com/local/reviews?placeid=ChIJtaqa0JimpG4R2_F2eexbt4c&q=*&authuser=0&hl=en&gl=US,,,0.0,0.0,0.0,0.0,2.0,4.0,https://lh3.googleusercontent.com/p/AF1QipMdXcqAe0h5aoeRSGaxKGTETakpLlH5otq-Ds3L=w800-h500-k-no,https://lh3.googleusercontent.com/p/AF1QipMdXcqAe0h5aoeRSGaxKGTETakpLlH5otq-Ds3L=w1600-h1000-k-no,,"{""Sunday"": ""Open 24 hours"", ""Monday"": ""Open 24 hours"", ""Tuesday"": ""Open 24 hours"", ""Wednesday"": ""Open 24 hours"", ""Thursday"": ""Open 24 hours"", ""Friday"": ""Open 24 hours"", ""Saturday"": ""Open 24 hours""}","Sunday,Open 24 hours|Monday,Open 24 hours|Tuesday,Open 24 hours|Wednesday,Open 24 hours|Thursday,Open 24 hours|Friday,Open 24 hours|Saturday,Open 24 hours",Sunday:Open 24 hours|Monday:Open 24 hours|Tuesday:Open 24 hours|Wednesday:Open 24 hours|Thursday:Open 24 hours|Friday:Open 24 hours|Saturday:Open 24 hours,,,OPERATIONAL,{},,,,https://lh4.googleusercontent.com/-tYinV8oHO7k/AAAAAAAAAAI/AAAAAAAAAAA/NqfqiM8qWms/s44-p-k-no-ns-nd/photo.jpg,,,True,117308269271798543897,WATERGENIX LLC,https://www.google.com/maps/contrib/117308269271798543897,,,,,"https://www.google.com/maps/place/WATERGENIX+LLC/@30.0475435,-90.0311584,14z/data=!4m8!1m2!2m1!1sWATERGENIX+LLC!3m4!1s0x6ea4a698d09aaab5:0x87b75bec7976f1db!8m2!3d30.0475435!4d-90.0311584","https://www.google.com/maps/place/WATERGENIX+LLC/@30.0475435,-90.0311584,13.99z/data=!4m16!1m7!3m6!1s0x6ea4a698d09aaab5:0x87b75bec7976f1db!2sWATERGENIX+LLC!8m2!3d30.0475435!4d-90.0311584!16s%2Fg%2F11ckvg1dmb!3m7!1s0x6ea4a698d09aaab5:0x87b75bec7976f1db!8m2!3d30.0475435!4d-90.0311584!9m1!1b1!16s%2Fg%2F11ckvg1dmb?entry=ttu",ChIJtaqa0JimpG4R2_F2eexbt4c,0x6ea4a698d09aaab5:0x87b75bec7976f1db,9779386187066569179,/g/11ssqjb7hq,-8667357886642982437,,,,,,,,,,,,,,,,,,,,,,,,,,,,,,,,,,,,,,,,,,,,,,,,,,,,,,,,,,
"water damage restoration service, 70186, New Orleans, LA, US",Rescue Restoration LLC,Rescue Restoration,https://rescuerestorationllc.com/,"Water damage restoration service, Building restoration service, Fire damage restoration service",Water damage restoration service,Water damage restoration service,+1 985-718-5243,landline,,,"1000 Caruso Blvd #425C, Slidell, LA 70461",None,1000 Caruso Blvd #425C,Slidell,70461,Louisiana,Louisiana,United States of America,US,30.245571299999998,-89.7562196,894455b1e43ffff,America/Chicago,,False,5.0,8.0,https://search.google.com/local/reviews?placeid=ChIJG9s3dlXhnYgRgdZRT2pV8AU&q=*&authuser=0&hl=en&gl=US,,,0.0,0.0,0.0,0.0,8.0,48.0,https://lh3.googleusercontent.com/p/AF1QipPbbAY9arWet4hy5HSby1j5qdwQ-zzuosLtg-UE=w800-h500-k-no,https://lh3.googleusercontent.com/p/AF1QipPbbAY9arWet4hy5HSby1j5qdwQ-zzuosLtg-UE=w1600-h1000-k-no,,"{""Sunday"": ""Open 24 hours"", ""Monday"": ""Open 24 hours"", ""Tuesday"": ""Open 24 hours"", ""Wednesday"": ""Open 24 hours"", ""Thursday"": ""Open 24 hours"", ""Friday"": ""Open 24 hours"", ""Saturday"": ""Open 24 hours""}","Sunday,Open 24 hours|Monday,Open 24 hours|Tuesday,Open 24 hours|Wednesday,Open 24 hours|Thursday,Open 24 hours|Friday,Open 24 hours|Saturday,Open 24 hours",Sunday:Open 24 hours|Monday:Open 24 hours|Tuesday:Open 24 hours|Wednesday:Open 24 hours|Thursday:Open 24 hours|Friday:Open 24 hours|Saturday:Open 24 hours,,,OPERATIONAL,"{""Service options"": {""Onsite services"": true}, ""Accessibility"": {""Wheelchair accessible entrance"": true}, ""Amenities"": {""Gender-neutral restroom"": true}}",,,,https://lh5.googleusercontent.com/-yOTYd9WNf4k/AAAAAAAAAAI/AAAAAAAAAAA/NnaGIGfok6w/s44-p-k-no-ns-nd/photo.jpg,,,True,107846374433688246396,Rescue Restoration LLC,https://www.google.com/maps/contrib/107846374433688246396,,,,,"https://www.google.com/maps/place/Rescue+Restoration+LLC/@30.245571299999998,-89.7562196,14z/data=!4m8!1m2!2m1!1sRescue+Restoration+LLC!3m4!1s0x889de1557637db1b:0x5f0556a4f51d681!8m2!3d30.245571299999998!4d-89.7562196","https://www.google.com/maps/place/Rescue+Restoration+LLC/@30.245571299999998,-89.7562196,13.99z/data=!4m16!1m7!3m6!1s0x889de1557637db1b:0x5f0556a4f51d681!2sRescue+Restoration+LLC!8m2!3d30.245571299999998!4d-89.7562196!16s%2Fg%2F11ckvg1dmb!3m7!1s0x889de1557637db1b:0x5f0556a4f51d681!8m2!3d30.245571299999998!4d-89.7562196!9m1!1b1!16s%2Fg%2F11ckvg1dmb?entry=ttu",ChIJG9s3dlXhnYgRgdZRT2pV8AU,0x889de1557637db1b:0x5f0556a4f51d681,427935879685854849,/g/11yf6x8h3h,427935879685854849,,info@rescuerestorationllc.com,INVALID,Undeliverable,,,,,,,,,,,,,,,,,,,,,,5046051129,landline,Onvoy,True,9857185243,,landline,,,,,,,https://www.instagram.com/rescuerestorationllc,,,,,,,,,,,,,,Professional Mold Remediation & Removal in New Orleans – Safe & Certified Service - Rescue Restoration LLC,Divi v.4.27.4,"Professional mold remediation in New Orleans – free inspections by Rescue Restoration LLC. IICRC-certified technicians provide safe, thorough mold removal you can trust.",,False,False
"water damage restoration service, 70186, New Orleans, LA, US",CRDN,Crdn,https://www.crdn.com/,"Fire damage restoration service, Art restoration service",Fire damage restoration service,Fire damage restoration service,+1 504-212-4444,landline,,,"5357 Franklin Ave, New Orleans, LA 70122",Gentilly,5357 Franklin Ave,New Orleans,70122,Louisiana,Louisiana,United States of America,US,30.0135062,-90.0507184,89444640187ffff,America/Chicago,,False,3.5,10.0,https://search.google.com/local/reviews?placeid=ChIJ99R5GeSoIIYRyV5PhF9ZK30&q=*&authuser=0&hl=en&gl=US,,,3.0,0.0,1.0,1.0,5.0,6.0,https://lh3.googleusercontent.com/gps-cs-s/AG0ilSwltRBzDNE6RU2rdJZmIfGQrg_ak3NHMCXnszArMqrJNV3WHp1wN8Fu5WEkwSu3L3qxQPPczER9lYikMx91RBjP1EEtFnzkvLMxWFnzoGCABskojmAGyvpb9q4kB4pYGgslv38=w800-h500-k-no,https://lh3.googleusercontent.com/gps-cs-s/AG0ilSwltRBzDNE6RU2rdJZmIfGQrg_ak3NHMCXnszArMqrJNV3WHp1wN8Fu5WEkwSu3L3qxQPPczER9lYikMx91RBjP1EEtFnzkvLMxWFnzoGCABskojmAGyvpb9q4kB4pYGgslv38=w1600-h1000-k-no,,,,,,,OPERATIONAL,"{""Accessibility"": {""Wheelchair accessible entrance"": true}}",,,,https://lh6.googleusercontent.com/-G9KYwDJJQkM/AAAAAAAAAAI/AAAAAAAAAAA/vBr8EuPQw8g/s44-p-k-no-ns-nd/photo.jpg,,,True,107045088477712339699,CRDN,https://www.google.com/maps/contrib/107045088477712339699,,,,,"https://www.google.com/maps/place/CRDN/@30.0135062,-90.0507184,14z/data=!4m8!1m2!2m1!1sCRDN!3m4!1s0x8620a8e41979d4f7:0x7d2b595f844f5ec9!8m2!3d30.0135062!4d-90.0507184","https://www.google.com/maps/place/CRDN/@30.0135062,-90.0507184,13.99z/data=!4m16!1m7!3m6!1s0x8620a8e41979d4f7:0x7d2b595f844f5ec9!2sCRDN!8m2!3d30.0135062!4d-90.0507184!16s%2Fg%2F11ckvg1dmb!3m7!1s0x8620a8e41979d4f7:0x7d2b595f844f5ec9!8m2!3d30.0135062!4d-90.0507184!9m1!1b1!16s%2Fg%2F11ckvg1dmb?entry=ttu",ChIJ99R5GeSoIIYRyV5PhF9ZK30,0x8620a8e41979d4f7:0x7d2b595f844f5ec9,9019400945516109513,/g/1vgqdfzy,9019400945516109513,,mark@crdn.net,INVALID,Undeliverable,Mark Stephens,Mark,Stephens,Owner,,annette.bowen@crdn.com,INVALID,Undeliverable,Annette Bowen,Annette,Bowen,Area Marketing Manager,12482467878,kurtas.balczak@gmail.com,RECEIVING,Verified,Kurtas Balczak,Kurtas,Balczak,Software Developer,,18009632736,toll_free,,,18009732736,,toll_free,,18559360793,,toll_free,,http://www.facebook.com/crdn-of-northern-alabama-678327635554165,,http://www.linkedin.com/company/crdn,,,,,,,,http://www.twitter.com/crdn_corporate,,,,,Disaster Restoration Cleaning & Content Restoration Services,,"Experts in textile, electronic, art, contents and commercial restoration.","Textiles Restoration, Electronics Restoration, Art Restoration, Contents Restoration, Full Contents, Commercial Restoration, Mold Restoration, Water Restoration, Smoke Restoration, Emergency Restoration Services, Contents Packout Services, Commercial Contents Restoration",False,False
"water damage restoration service, 70186, New Orleans, LA, US",RC Solutions 24/7,Rc Solutions 24/7,https://www.rcsolutionsusa.com/,"Water damage restoration service, Service establishment, Fire damage restoration service, Building restoration service",Building restoration service,Water damage restoration service,+1 337-315-8136,mobile,"NEW CINGULAR WIRELESS PCS, LLC - GA",,,,,,,,,,,30.937373599999997,-91.40087,8944400c20fffff,America/Chicago,,True,5.0,1.0,https://search.google.com/local/reviews?placeid=ChIJybJtceLgPKwRcwE7H9NcAOE&q=*&authuser=0&hl=en&gl=US,,,0.0,0.0,0.0,0.0,1.0,19.0,https://lh3.googleusercontent.com/p/AF1QipP9i5F1-XSOEAugw6CPA68m5pV0Z3wMmosO8LkY=w800-h500-k-no,https://lh3.googleusercontent.com/p/AF1QipP9i5F1-XSOEAugw6CPA68m5pV0Z3wMmosO8LkY=w1600-h1000-k-no,,"{""Sunday"": ""Open 24 hours"", ""Monday"": ""Open 24 hours"", ""Tuesday"": ""Open 24 hours"", ""Wednesday"": ""Open 24 hours"", ""Thursday"": ""Open 24 hours"", ""Friday"": ""Open 24 hours"", ""Saturday"": ""Open 24 hours""}","Sunday,Open 24 hours|Monday,Open 24 hours|Tuesday,Open 24 hours|Wednesday,Open 24 hours|Thursday,Open 24 hours|Friday,Open 24 hours|Saturday,Open 24 hours",Sunday:Open 24 hours|Monday:Open 24 hours|Tuesday:Open 24 hours|Wednesday:Open 24 hours|Thursday:Open 24 hours|Friday:Open 24 hours|Saturday:Open 24 hours,,,OPERATIONAL,{},,,,https://lh6.googleusercontent.com/-B6kcYzY4Qq0/AAAAAAAAAAI/AAAAAAAAAAA/GVAYW4B64mI/s44-p-k-no-ns-nd/photo.jpg,,,True,104678711710823794221,RC Solutions 24/7,https://www.google.com/maps/contrib/104678711710823794221,,,,,"https://www.google.com/maps/place/RC+Solutions+24%2F7/@30.937373599999997,-91.40087,14z/data=!4m8!1m2!2m1!1sRC+Solutions+24%2F7!3m4!1s0xac3ce0e2716db2c9:0xe1005cd31f3b0173!8m2!3d30.937373599999997!4d-91.40087","https://www.google.com/maps/place/RC+Solutions+24%2F7/@30.937373599999997,-91.40087,13.99z/data=!4m16!1m7!3m6!1s0xac3ce0e2716db2c9:0xe1005cd31f3b0173!2sRC+Solutions+24%2F7!8m2!3d30.937373599999997!4d-91.40087!16s%2Fg%2F11ckvg1dmb!3m7!1s0xac3ce0e2716db2c9:0xe1005cd31f3b0173!8m2!3d30.937373599999997!4d-91.40087!9m1!1b1!16s%2Fg%2F11ckvg1dmb?entry=ttu",ChIJybJtceLgPKwRcwE7H9NcAOE,0xac3ce0e2716db2c9:0xe1005cd31f3b0173,16213060720365601139,/g/11yd9w2ms0,-2233683353343950477,,rcsolutions247@outlook.com,RECEIVING,SMTP validated,,,,,,contact@rcsolutionsusa.com,RECEIVING,SMTP validated,,,,,,,,,,,,,,13373158136,mobile,"NEW CINGULAR WIRELESS PCS, LLC - GA",,,,,,,,,,,,,,,,,,,,,,,,,Water – RC Solutions – USA,"Powered by LayerSlider 6.4.0 - Multi-Purpose, Responsive, Parallax, Mobile-Friendly Slider Plugin for WordPress.",BeAgro | Best WordPress theme for agricultural companies,,False,False
"water damage restoration service, 70186, New Orleans, LA, US",SERVPRO of Greater Covington and Mandeville,Servpro Of Greater Covington And Mandeville,https://www.servpro.com/locations/la/servpro-of-greater-covington-and-mandeville%3Futm_medium%3Dorganic%26utm_source%3Dgbp,"Water damage restoration service, Air duct cleaning service, Building restoration service, Carpet cleaning service, Cleaners, Crime victim service, Debris removal service, Fire damage restoration service, Waste management service",Water damage restoration service,Water damage restoration service,+1 985-871-5375,landline,,,"68424 James St, Mandeville, LA 70471",None,68424 James St,Mandeville,70471,Louisiana,Louisiana,United States of America,US,30.425725999999997,-90.04168,89444669563ffff,America/Chicago,,False,4.9,134.0,https://search.google.com/local/reviews?placeid=ChIJf5lPQHJDJ4YRmoG-SBDMxUg&q=*&authuser=0&hl=en&gl=US,,,4.0,0.0,0.0,4.0,126.0,231.0,https://lh3.googleusercontent.com/p/AF1QipNKFu9aO3_XcZ7lj953BsioJs8J4jetrMabZlXJ=w800-h500-k-no,https://lh3.googleusercontent.com/p/AF1QipNKFu9aO3_XcZ7lj953BsioJs8J4jetrMabZlXJ=w1600-h1000-k-no,,"{""Sunday"": ""Open 24 hours"", ""Monday"": ""Open 24 hours"", ""Tuesday"": ""Open 24 hours"", ""Wednesday"": ""Open 24 hours"", ""Thursday"": ""Open 24 hours"", ""Friday"": ""Open 24 hours"", ""Saturday"": ""Open 24 hours""}","Sunday,Open 24 hours|Monday,Open 24 hours|Tuesday,Open 24 hours|Wednesday,Open 24 hours|Thursday,Open 24 hours|Friday,Open 24 hours|Saturday,Open 24 hours",Sunday:Open 24 hours|Monday:Open 24 hours|Tuesday:Open 24 hours|Wednesday:Open 24 hours|Thursday:Open 24 hours|Friday:Open 24 hours|Saturday:Open 24 hours,"[{""online_service_hours"": {""Sunday"": ""Open 24 hours"", ""Monday"": ""Open 24 hours"", ""Tuesday"": ""Open 24 hours"", ""Wednesday"": ""Open 24 hours"", ""Thursday"": ""Open 24 hours"", ""Friday"": ""Open 24 hours"", ""Saturday"": ""Open 24 hours""}}]",,OPERATIONAL,"{""Service options"": {""Onsite services"": true}, ""Accessibility"": {""Wheelchair accessible entrance"": true, ""Wheelchair accessible parking lot"": true}}",,,,https://lh6.googleusercontent.com/-ggB2JbLyuRw/AAAAAAAAAAI/AAAAAAAAAAA/1yotZWoCE-Y/s44-p-k-no-ns-nd/photo.jpg,,,True,103994928563242843355,SERVPRO of Greater Covington and Mandeville,https://www.google.com/maps/contrib/103994928563242843355,,https://www.servpro.com/locations/la/servpro-of-greater-covington-and-mandeville?utm_medium=organic&utm_source=gbp,,https://www.servpro.com/locations/la/servpro-of-greater-covington-and-mandeville?utm_medium=organic&utm_source=gbp,"https://www.google.com/maps/place/SERVPRO+of+Greater+Covington+and+Mandeville/@30.425725999999997,-90.04168,14z/data=!4m8!1m2!2m1!1sSERVPRO+of+Greater+Covington+and+Mandeville!3m4!1s0x86274372404f997f:0x48c5cc1048be819a!8m2!3d30.425725999999997!4d-90.04168","https://www.google.com/maps/place/SERVPRO+of+Greater+Covington+and+Mandeville/@30.425725999999997,-90.04168,13.99z/data=!4m16!1m7!3m6!1s0x86274372404f997f:0x48c5cc1048be819a!2sSERVPRO+of+Greater+Covington+and+Mandeville!8m2!3d30.425725999999997!4d-90.04168!16s%2Fg%2F11ckvg1dmb!3m7!1s0x86274372404f997f:0x48c5cc1048be819a!8m2!3d30.425725999999997!4d-90.04168!9m1!1b1!16s%2Fg%2F11ckvg1dmb?entry=ttu",ChIJf5lPQHJDJ4YRmoG-SBDMxUg,0x86274372404f997f:0x48c5cc1048be819a,5243821711454798234,/g/1tmpf924,5243821711454798234,,kbrooks@servpronet.com,RECEIVING,Verified,Kim Brooks,Kim,Brooks,Corporate Communications Coordinator,6154510200x1644,TCAWDERY@SERVPRO.COM,INVALID,Undeliverable,Terry Cawdery,Terry,Cawdery,,,peskenazi@servpronet.com,INVALID,Undeliverable,Patricia Eskenazi,Patricia,Eskenazi,Owner,17142369599,18007378776,landline,,,8007378776,,landline,,16622897473,,landline,,http://www.facebook.com/servpro,https://instagram.com/servproteamwall,http://www.linkedin.com/company/servpro-industries,,,,,,,,http://www.x.com/servpro,,https://www.youtube.com/user/SERVPROCorporate,,,"Contact Us | SERVPRO of Jersey City North, The Heights",Gatsby 5.14.5,"Need help with cleanup, restoration, or repairs? Call SERVPRO of Jersey City North, The Heights today for 24/7 emergency and specialty services.",,False,True
"water damage restoration service, 70186, New Orleans, LA, US",AMS Construction & Mold Remediation,Ams Construction And Mold Remediation,https://amsconstruction247.com/,"Water damage restoration service, Building restoration service, Service establishment, Fire damage restoration service, Contractor",Contractor,Water damage restoration service,+1 985-727-7979,landline,,,,,,,,,,,,30.375560099999998,-90.07471,8944466b56bffff,America/Chicago,,True,5.0,1.0,https://search.google.com/local/reviews?placeid=ChIJMe290n9ZJ4YRTpCwnoPdC5k&q=*&authuser=0&hl=en&gl=US,,,0.0,0.0,0.0,0.0,1.0,21.0,https://lh3.googleusercontent.com/p/AF1QipML5ZnEmzgCLufGtHwKNunEdcrmRWEj3YWyPeeC=w800-h500-k-no,https://lh3.googleusercontent.com/p/AF1QipML5ZnEmzgCLufGtHwKNunEdcrmRWEj3YWyPeeC=w1600-h1000-k-no,,"{""Sunday"": ""Open 24 hours"", ""Monday"": ""Open 24 hours"", ""Tuesday"": ""Open 24 hours"", ""Wednesday"": ""Open 24 hours"", ""Thursday"": ""Open 24 hours"", ""Friday"": ""Open 24 hours"", ""Saturday"": ""Open 24 hours""}","Sunday,Open 24 hours|Monday,Open 24 hours|Tuesday,Open 24 hours|Wednesday,Open 24 hours|Thursday,Open 24 hours|Friday,Open 24 hours|Saturday,Open 24 hours",Sunday:Open 24 hours|Monday:Open 24 hours|Tuesday:Open 24 hours|Wednesday:Open 24 hours|Thursday:Open 24 hours|Friday:Open 24 hours|Saturday:Open 24 hours,,,OPERATIONAL,{},,,,https://lh5.googleusercontent.com/-KtVBQ2McZ1M/AAAAAAAAAAI/AAAAAAAAAAA/hh_-v0t9FUg/s44-p-k-no-ns-nd/photo.jpg,,,True,105662363370512004860,AMS Construction & Mold Remediation,https://www.google.com/maps/contrib/105662363370512004860,,https://amsconstruction247.com/contact-us/,,https://amsconstruction247.com/contact-us/,"https://www.google.com/maps/place/AMS+Construction+%26+Mold+Remediation/@30.375560099999998,-90.07471,14z/data=!4m8!1m2!2m1!1sAMS+Construction+%26+Mold+Remediation!3m4!1s0x8627597fd2bded31:0x990bdd839eb0904e!8m2!3d30.375560099999998!4d-90.07471","https://www.google.com/maps/place/AMS+Construction+%26+Mold+Remediation/@30.375560099999998,-90.07471,13.99z/data=!4m16!1m7!3m6!1s0x8627597fd2bded31:0x990bdd839eb0904e!2sAMS+Construction+%26+Mold+Remediation!8m2!3d30.375560099999998!4d-90.07471!16s%2Fg%2F11ckvg1dmb!3m7!1s0x8627597fd2bded31:0x990bdd839eb0904e!8m2!3d30.375560099999998!4d-90.07471!9m1!1b1!16s%2Fg%2F11ckvg1dmb?entry=ttu",ChIJMe290n9ZJ4YRTpCwnoPdC5k,0x8627597fd2bded31:0x990bdd839eb0904e,11028151669919617102,/g/11c1m_8k0b,-7418592403789934514,,,,,,,,,,,,,,,,,,,,,,,,,,19857277979,landline,,,9857277979,,landline,,,,,,,,,,,,,,,,,,,,,Cabinets | AMS Construction & Mold Remediation,,"AMS Construction & Mold Remediation handles home remodeling and mold remediation in the Mandeville, LA area. Call us today for mold remediation services!",,False,True
"water damage restoration service, 70186, New Orleans, LA, US",AdvantaClean of Mandeville,Advantaclean Of Mandeville,https://advantaclean.com/mandeville-la/,"Water damage restoration service, Air duct cleaning service, Building restoration service, Waterproofing service",Water damage restoration service,Water damage restoration service,+1 985-497-2520,landline,Onvoy,True,"633 Lotus Dr N, Mandeville, LA 70471",None,633 Lotus Dr N,Mandeville,70471,Louisiana,Louisiana,United States of America,US,30.398964099999997,-90.1067542,8944466a34bffff,America/Chicago,,False,5.0,2.0,https://search.google.com/local/reviews?placeid=ChIJseRptt1bJ4YRpeoGsfxxe8k&q=*&authuser=0&hl=en&gl=US,,,0.0,0.0,0.0,0.0,2.0,10.0,https://lh3.googleusercontent.com/p/AF1QipN6Z4OYy6QZBT4Dv1Ru98s07yUA2Uslsgn6k0ge=w800-h500-k-no,https://lh3.googleusercontent.com/p/AF1QipN6Z4OYy6QZBT4Dv1Ru98s07yUA2Uslsgn6k0ge=w1600-h1000-k-no,,"{""Sunday"": ""Open 24 hours"", ""Monday"": ""Open 24 hours"", ""Tuesday"": ""Open 24 hours"", ""Wednesday"": ""Open 24 hours"", ""Thursday"": ""Open 24 hours"", ""Friday"": ""Open 24 hours"", ""Saturday"": ""Open 24 hours""}","Sunday,Open 24 hours|Monday,Open 24 hours|Tuesday,Open 24 hours|Wednesday,Open 24 hours|Thursday,Open 24 hours|Friday,Open 24 hours|Saturday,Open 24 hours",Sunday:Open 24 hours|Monday:Open 24 hours|Tuesday:Open 24 hours|Wednesday:Open 24 hours|Thursday:Open 24 hours|Friday:Open 24 hours|Saturday:Open 24 hours,,,OPERATIONAL,"{""Service options"": {""Onsite services"": true}, ""Accessibility"": {""Wheelchair accessible parking lot"": true}}",,,,https://lh5.googleusercontent.com/-lNb9Yfb-7Bs/AAAAAAAAAAI/AAAAAAAAAAA/BVL8djhRW6Q/s44-p-k-no-ns-nd/photo.jpg,,,True,114468314508984605969,AdvantaClean of Mandeville,https://www.google.com/maps/contrib/114468314508984605969,,,,,"https://www.google.com/maps/place/AdvantaClean+of+Mandeville/@30.398964099999997,-90.1067542,14z/data=!4m8!1m2!2m1!1sAdvantaClean+of+Mandeville!3m4!1s0x86275bddb669e4b1:0xc97b71fcb106eaa5!8m2!3d30.398964099999997!4d-90.1067542","https://www.google.com/maps/place/AdvantaClean+of+Mandeville/@30.398964099999997,-90.1067542,13.99z/data=!4m16!1m7!3m6!1s0x86275bddb669e4b1:0xc97b71fcb106eaa5!2sAdvantaClean+of+Mandeville!8m2!3d30.398964099999997!4d-90.1067542!16s%2Fg%2F11ckvg1dmb!3m7!1s0x86275bddb669e4b1:0xc97b71fcb106eaa5!8m2!3d30.398964099999997!4d-90.1067542!9m1!1b1!16s%2Fg%2F11ckvg1dmb?entry=ttu",ChIJseRptt1bJ4YRpeoGsfxxe8k,0x86275bddb669e4b1:0xc97b71fcb106eaa5,14518323153874643621,/g/11lmb8tm1l,-3928420919834907995,,jimspections@gmail.com,RECEIVING,SMTP validated,Jim Dundon,Jim,Dundon,Owner,,fmcabrera@comcast.net,RECEIVING,Verified,Frank Cabrera,Frank,Cabrera,Regional Developer Of Northern California At Advantaclean,,ramirez_d@subway.com,INVALID,Undeliverable,Desiree Ramirez,Desiree,Ramirez,Account Manager,,8778002382,toll_free,,,18607565314,"ONVOY, LLC - CT",landline,,17172834065,"BANDWIDTH.COM CLEC, LLC - PA",fixed line,,https://www.facebook.com/AdvantaCleanBadgerland/,https://www.instagram.com/advantaclean,https://www.linkedin.com/company/advantacleanoftoledo,,,,,,,,https://twitter.com/advantaclean,,https://www.youtube.com/channel/UCZ2uw_kYUb7s5v4xxGqisuw,,,Blog | AdvantaClean Badgerland,,"AdvantaClean has been in business for over 25 years helping clients with mold remediation, water damage restoration, and air duct cleaning.",,False,False
"water damage restoration service, 70186, New Orleans, LA, US",Nola Disinfect Crime Scene & Emergency Clean Up Services,Nola Disinfect Crime Scene And Emergency Clean Up Services,https://www.nola-disinfect.com/%3Futm_source%3Dgoogle%26utm_medium%3Dwix_google_business_profile%26utm_campaign%3D6375590358144460838,"Sanitation service, Waste management service",Sanitation service,Sanitation service,+1 504-206-8001,mobile,"NEW CINGULAR WIRELESS PCS, LLC",,"820 Baronne St, New Orleans, LA 70113",Warehouse District,820 Baronne St,New Orleans,70113,Louisiana,Louisiana,United States of America,US,29.9459135,-90.0739651,89444642543ffff,America/Chicago,,False,5.0,56.0,https://search.google.com/local/reviews?placeid=ChIJ2XLCzTyxIIYR9Dpij5uX0UQ&q=*&authuser=0&hl=en&gl=US,,,0.0,0.0,0.0,0.0,56.0,4.0,https://lh3.googleusercontent.com/gps-cs-s/AG0ilSz6KdJ2GNG3JDxRQ1KIvb3qu0rDvopqTp7CJPjPQ5pDzxDFUoDZZSPip63uyfR5BJScL7pQMk1rqgMCF51gR7dw8xItKaMr77Iw5N_cWK7qHX7zn5wih4FFLLYg7yUtQDWjcnka=w800-h500-k-no,https://lh3.googleusercontent.com/gps-cs-s/AG0ilSz6KdJ2GNG3JDxRQ1KIvb3qu0rDvopqTp7CJPjPQ5pDzxDFUoDZZSPip63uyfR5BJScL7pQMk1rqgMCF51gR7dw8xItKaMr77Iw5N_cWK7qHX7zn5wih4FFLLYg7yUtQDWjcnka=w1600-h1000-k-no,,"{""Sunday"": ""Open 24 hours"", ""Monday"": ""Open 24 hours"", ""Tuesday"": ""Open 24 hours"", ""Wednesday"": ""Open 24 hours"", ""Thursday"": ""Open 24 hours"", ""Friday"": ""Open 24 hours"", ""Saturday"": ""Open 24 hours""}","Sunday,Open 24 hours|Monday,Open 24 hours|Tuesday,Open 24 hours|Wednesday,Open 24 hours|Thursday,Open 24 hours|Friday,Open 24 hours|Saturday,Open 24 hours",Sunday:Open 24 hours|Monday:Open 24 hours|Tuesday:Open 24 hours|Wednesday:Open 24 hours|Thursday:Open 24 hours|Friday:Open 24 hours|Saturday:Open 24 hours,,,OPERATIONAL,"{""From the business"": {""Identifies as women-owned"": true}, ""Service options"": {""Online estimates"": true, ""Onsite services"": true, ""Language assistance"": ""English""}, ""Accessibility"": {""Wheelchair accessible parking lot"": true}, ""Other"": {""Identifies as women-owned"": true}}",,,,https://lh3.googleusercontent.com/-wcxcc3kIhMc/AAAAAAAAAAI/AAAAAAAAAAA/sANl0s3k9s0/s44-p-k-no-ns-nd/photo.jpg,,,True,100520332450102190498,Nola Disinfect Crime Scene & Emergency Clean Up Services,https://www.google.com/maps/contrib/100520332450102190498,,https://www.nola-disinfect.com/,,https://www.nola-disinfect.com/,"https://www.google.com/maps/place/Nola+Disinfect+Crime+Scene+%26+Emergency+Clean+Up+Services/@29.9459135,-90.0739651,14z/data=!4m8!1m2!2m1!1sNola+Disinfect+Crime+Scene+%26+Emergency+Clean+Up+Services!3m4!1s0x8620b13ccdc272d9:0x44d1979b8f623af4!8m2!3d29.9459135!4d-90.0739651","https://www.google.com/maps/place/Nola+Disinfect+Crime+Scene+%26+Emergency+Clean+Up+Services/@29.9459135,-90.0739651,13.99z/data=!4m16!1m7!3m6!1s0x8620b13ccdc272d9:0x44d1979b8f623af4!2sNola+Disinfect+Crime+Scene+%26+Emergency+Clean+Up+Services!8m2!3d29.9459135!4d-90.0739651!16s%2Fg%2F11ckvg1dmb!3m7!1s0x8620b13ccdc272d9:0x44d1979b8f623af4!8m2!3d29.9459135!4d-90.0739651!9m1!1b1!16s%2Fg%2F11ckvg1dmb?entry=ttu",ChIJ2XLCzTyxIIYR9Dpij5uX0UQ,0x8620b13ccdc272d9:0x44d1979b8f623af4,4958911359092931316,/g/11jp1j3jz1,4958911359092931316,,admin@nola-disinfect.com,RECEIVING,SMTP validated,,,,,,info@nola-disinfect.com,INVALID,Invalid SMTP,,,,,,,,,,,,,,,,,,,,,,,,,,,,,,,,,,,,,,,,,The Crucial Role of Crime Scene Cleanup Professionals: Restoring Safety and Dignity,Wix.com Website Builder,Professional biohazard and blood cleanup services in New Orleans. Certified experts ensure thorough and safe cleanup. Contact us today!,"Business, tagline",False,False
"water damage restoration service, 70186, New Orleans, LA, US",Drainage Plus Inc,Drainage Plus,,Water damage restoration service,Water damage restoration service,Water damage restoration service,+1 985-892-8503,landline,,,"81430 S Huckleberry Ln, Bush, LA 70431",None,81430 S Huckleberry Ln,Bush,70431,Louisiana,Louisiana,United States of America,US,30.618617999999998,-90.013351,894442d1eb3ffff,America/Chicago,,False,4.8,16.0,,,,0.0,1.0,0.0,0.0,15.0,,,,,,,,,,OPERATIONAL,{},,,,,,,False,None,Drainage Plus Inc,,,,,,"https://www.google.com/maps/place/Drainage+Plus+Inc/@30.618617999999998,-90.013351,14z/data=!4m8!1m2!2m1!1sDrainage+Plus+Inc!3m4!1s0x862761f612b952b3:0xdbb8896ac8c4dc43!8m2!3d30.618617999999998!4d-90.013351","https://www.google.com/maps/place/Drainage+Plus+Inc/@30.618617999999998,-90.013351,13.99z/data=!4m16!1m7!3m6!1s0x862761f612b952b3:0xdbb8896ac8c4dc43!2sDrainage+Plus+Inc!8m2!3d30.618617999999998!4d-90.013351!16s%2Fg%2F11ckvg1dmb!3m7!1s0x862761f612b952b3:0xdbb8896ac8c4dc43!8m2!3d30.618617999999998!4d-90.013351!9m1!1b1!16s%2Fg%2F11ckvg1dmb?entry=ttu",ChIJs1K5EvZhJ4YRQ9zEyGqJuNs,0x862761f612b952b3:0xdbb8896ac8c4dc43,15832555581748862019,/g/1vqmjqzy,None,,,,,,,,,,,,,,,,,,,,,,,,,,,,,,,,,,,,,,,,,,,,,,,,,,,,,,,,,,
"water damage restoration service, 70186, New Orleans, LA, US",Roto-Rooter Plumbing & Water Cleanup,Roto Rooter Plumbing And Water Cleanup,https://www.rotorooter.com/marrerola/%3Futm_source%3DGoogle%26utm_medium%3Dorganic%26utm_campaign%3Dgmb%26utm_content%3Dwebsite,"Water damage restoration service, Contractor, Drainage service, Excavating contractor, Repair service, Plumber, Water filter supplier, Water jet cutting service, Water softening equipment supplier, Water testing service",Plumber,Water damage restoration service,+1 504-224-9337,mobile,CELLCO PARTNERSHIP DBA VERIZON WIRELESS - LA,,"5421 Lapalco Blvd Ste B, Marrero, LA 70072",None,5421 Lapalco Blvd Ste B,Marrero,70072,Louisiana,Louisiana,United States of America,US,29.8745998,-90.10795639999999,89444650cb3ffff,America/Chicago,,False,4.9,378.0,https://search.google.com/local/reviews?placeid=ChIJI_6MnKCjIIYRepbaUwukOX4&q=*&authuser=0&hl=en&gl=US,,,3.0,2.0,1.0,4.0,368.0,89.0,https://lh3.googleusercontent.com/p/AF1QipNvioQT1sXkemT4eXT6JfypKW6lixe3wAa6LKy2=w800-h500-k-no,https://lh3.googleusercontent.com/p/AF1QipNvioQT1sXkemT4eXT6JfypKW6lixe3wAa6LKy2=w1600-h1000-k-no,,"{""Sunday"": ""Open 24 hours"", ""Monday"": ""Open 24 hours"", ""Tuesday"": ""Open 24 hours"", ""Wednesday"": ""Open 24 hours"", ""Thursday"": ""Open 24 hours"", ""Friday"": ""Open 24 hours"", ""Saturday"": ""Open 24 hours""}","Sunday,Open 24 hours|Monday,Open 24 hours|Tuesday,Open 24 hours|Wednesday,Open 24 hours|Thursday,Open 24 hours|Friday,Open 24 hours|Saturday,Open 24 hours",Sunday:Open 24 hours|Monday:Open 24 hours|Tuesday:Open 24 hours|Wednesday:Open 24 hours|Thursday:Open 24 hours|Friday:Open 24 hours|Saturday:Open 24 hours,,,OPERATIONAL,"{""Service options"": {""Onsite services"": true}, ""Offerings"": {""Repair services"": true}, ""Crowd"": {""LGBTQ+ friendly"": true}, ""Payments"": {""Credit cards"": true}, ""Other"": {""LGBTQ+ friendly"": true}}",,,,https://lh3.googleusercontent.com/-LzIDSsG5Iaw/AAAAAAAAAAI/AAAAAAAAAAA/WjmCZcLNUNo/s44-p-k-no-ns-nd/photo.jpg,,,True,104533394117226215509,Roto-Rooter Plumbing & Water Cleanup,https://www.google.com/maps/contrib/104533394117226215509,,https://www.rotorooter.com/schedule-service/?zipCode=70072&rwg_token=ACgRB3c2SXWGPDeeCKlMaxiWq0MT7BlzFyzgDlUc5BzFdnIQKpj88jFTRRGPaea4kJybXKLuq9A5jSCXWFphK-ATQsGePVh8jcD1EzEKWUj_jFaZf4L7vcM%3D,,https://www.rotorooter.com/schedule-service/?zipCode=70072&rwg_token=ACgRB3c2SXWGPDeeCKlMaxiWq0MT7BlzFyzgDlUc5BzFdnIQKpj88jFTRRGPaea4kJybXKLuq9A5jSCXWFphK-ATQsGePVh8jcD1EzEKWUj_jFaZf4L7vcM%3D,"https://www.google.com/maps/place/Roto-Rooter+Plumbing+%26+Water+Cleanup/@29.8745998,-90.10795639999999,14z/data=!4m8!1m2!2m1!1sRoto-Rooter+Plumbing+%26+Water+Cleanup!3m4!1s0x8620a3a09c8cfe23:0x7e39a40b53da967a!8m2!3d29.8745998!4d-90.10795639999999","https://www.google.com/maps/place/Roto-Rooter+Plumbing+%26+Water+Cleanup/@29.8745998,-90.10795639999999,13.99z/data=!4m16!1m7!3m6!1s0x8620a3a09c8cfe23:0x7e39a40b53da967a!2sRoto-Rooter+Plumbing+%26+Water+Cleanup!8m2!3d29.8745998!4d-90.10795639999999!16s%2Fg%2F11ckvg1dmb!3m7!1s0x8620a3a09c8cfe23:0x7e39a40b53da967a!8m2!3d29.8745998!4d-90.10795639999999!9m1!1b1!16s%2Fg%2F11ckvg1dmb?entry=ttu",ChIJI_6MnKCjIIYRepbaUwukOX4,0x8620a3a09c8cfe23:0x7e39a40b53da967a,9095481291009857146,/g/11w1zkt5rt,9095481291009857146,,paul.abrams@rrsc.com,RECEIVING,SMTP validated,Paul Abrams,Paul,Abrams,Director Of Public Relations,,khlam@engineer.com,INVALID,Undeliverable,"Lam, Kh","Lam,",Kh,Software Engineer,,kirkb@preceptbrands.com,RECEIVING,Verified,"Brewer, Kirk","Brewer,",Kirk,Senior Vice President Sales,,8007686911,toll_free,,,8777686911,,toll_free,,17062357076,,landline,,https://www.facebook.com/RotoRooter,https://www.instagram.com/rotorooterplumbing/,https://www.linkedin.com/company/roto-rooter/,,,https://www.reddit.com/user/Roto-RooterOfficial/,,,,,https://twitter.com/RotoRooter,,https://www.youtube.com/user/RotoRooterTV,,,Contact Roto-Rooter | Contact Your Local Plumbing & Drain Service,,"If you have a plumbing question, or are looking for a specific product, we would like to hear from you. Contact your local Roto-Rooter plumbing service today!","Contact Roto-Rooter, Local Plumbing & Drain Service",False,False
"water damage restoration service, 70186, New Orleans, LA, US",Better Foundation Repair New Orleans,Better Foundation Repair New Orleans,http://betterfoundationrepairneworleans.com/,"Contractor, Building inspector, Home inspector",Contractor,Contractor,+1 504-766-3900,landline,,,"6730 Tara Ln, New Orleans, LA 70127",West Lake Forest,6730 Tara Ln,New Orleans,70127,Louisiana,Louisiana,United States of America,US,30.0296934,-89.98502359999999,89444641c53ffff,America/Chicago,,False,,,,,,,,,,,1.0,https://streetviewpixels-pa.googleapis.com/v1/thumbnail?panoid=drmNrJZLFeId7VARhXoh9Q&cb_client=search.gws-prod.gps&w=800&h=500&yaw=245.7738&pitch=0&thumbfov=100,https://streetviewpixels-pa.googleapis.com/v1/thumbnail?panoid=drmNrJZLFeId7VARhXoh9Q&cb_client=search.gws-prod.gps&w=1600&h=1000&yaw=245.7738&pitch=0&thumbfov=100,,,,,,,OPERATIONAL,{},,,,,,,False,None,Better Foundation Repair New Orleans,,,,,,"https://www.google.com/maps/place/Better+Foundation+Repair+New+Orleans/@30.0296934,-89.98502359999999,14z/data=!4m8!1m2!2m1!1sBetter+Foundation+Repair+New+Orleans!3m4!1s0x889e02666882c91f:0xb9a39586a04f90f5!8m2!3d30.0296934!4d-89.98502359999999","https://www.google.com/maps/place/Better+Foundation+Repair+New+Orleans/@30.0296934,-89.98502359999999,13.99z/data=!4m16!1m7!3m6!1s0x889e02666882c91f:0xb9a39586a04f90f5!2sBetter+Foundation+Repair+New+Orleans!8m2!3d30.0296934!4d-89.98502359999999!16s%2Fg%2F11ckvg1dmb!3m7!1s0x889e02666882c91f:0xb9a39586a04f90f5!8m2!3d30.0296934!4d-89.98502359999999!9m1!1b1!16s%2Fg%2F11ckvg1dmb?entry=ttu",ChIJH8mCaGYCnogR9ZBPoIaVo7k,0x889e02666882c91f:0xb9a39586a04f90f5,13376699723668230389,/g/11vycfjlq3,None,,betterfoundationsneworleans@gmail.com,RECEIVING,SMTP validated,,,,,,info@betterfoundationrepairneworleans.com,BLACKLISTED,Complainer,,,,,,,,,,,,,,5047663900,landline,,,15047663900,,landline,,,,,,https://www.facebook.com/Better-Foundation-Repair-New-Orleans-103651251592275,https://www.instagram.com/betterfoundationsneworleans,,,,,,,,,,,https://www.youtube.com/channel/UCKnYZAC0p8iDM-rv_7ttNPQ,,,Foundation Repair New Orleans | #1 Foundation Repair NOLA,wordpress,"If your home needs foundation repair in New Orleans, call the most trusted name in the industry, Better Foundation Repair New Orleans!",,False,False
"water damage restoration service, 70186, New Orleans, LA, US",AWordPressSite,Awordpresssite,https://jlprr.com/about-us/,Contractor,Contractor,Contractor,+1 504-475-3700,landline,,,"4835 Bergerac Pl, New Orleans, LA 70129",Village De L'Est,4835 Bergerac Pl,New Orleans,70129,Louisiana,Louisiana,United States of America,US,30.0360446,-89.9258823,8944464ac0fffff,America/Chicago,,False,,,,,,,,,,,3.0,https://streetviewpixels-pa.googleapis.com/v1/thumbnail?panoid=pR0sm74A6iCewF37WVnHmA&cb_client=search.gws-prod.gps&w=800&h=500&yaw=87.85669&pitch=0&thumbfov=100,https://lh3.googleusercontent.com/gps-cs-s/AG0ilSxzQYyFF2vNoqrd_-4zSGjPkkxntB-Bflk0XcIHwCRcX-bvmPVZ5QGY8SamECIbpSwmxvt1-5nfJzgua1aQEkQoYqPYhf3OgzgrPtft2whDNYghPOXS7HrTAT6qWNKdzsWxKBfH=w1600-h1000-k-no,,,,,,,OPERATIONAL,{},,,,,,,False,None,AWordPressSite,,,,,,"https://www.google.com/maps/place/AWordPressSite/@30.0360446,-89.9258823,14z/data=!4m8!1m2!2m1!1sAWordPressSite!3m4!1s0x889e0389dd310803:0xe0ae45bd075bfbf2!8m2!3d30.0360446!4d-89.9258823","https://www.google.com/maps/place/AWordPressSite/@30.0360446,-89.9258823,13.99z/data=!4m16!1m7!3m6!1s0x889e0389dd310803:0xe0ae45bd075bfbf2!2sAWordPressSite!8m2!3d30.0360446!4d-89.9258823!16s%2Fg%2F11ckvg1dmb!3m7!1s0x889e0389dd310803:0xe0ae45bd075bfbf2!8m2!3d30.0360446!4d-89.9258823!9m1!1b1!16s%2Fg%2F11ckvg1dmb?entry=ttu",ChIJAwgx3YkDnogR8vtbB71FruA,0x889e0389dd310803:0xe0ae45bd075bfbf2,16189954388618116082,/g/11srgk193r,None,,todd@jlprr.com,UNKNOWN,Cannot validate,,,,,,,,,,,,,,,,,,,,,,5044753700,landline,,,,,,,,,,,,,,,,,,,,,,,,,,DOORS – JL Property LLC,"Elementor 3.11.1; features: e_dom_optimization, e_optimized_assets_loading, e_optimized_css_loading, a11y_improvements, additional_custom_breakpoints; settings: css_print_method-external, google_font-enabled, font_display-swap",,,False,False
"water damage restoration service, 70186, New Orleans, LA, US",Gutters Tech,Gutters Tech,https://gutterstech.com/,"Gutter service, Construction company, Dry wall contractor, Gutter cleaning service, Home builder, Painting, Patio enclosure supplier, Remodeler, Roofing contractor, Siding contractor",Gutter service,Gutter service,+1 504-305-0325,voip,"VONAGE AMERICA, LLC",,"8400 Old Gentilly Rd, New Orleans, LA 70126",New Orleans East Area,8400 Old Gentilly Rd,New Orleans,70126,Louisiana,Louisiana,United States of America,US,30.0122616,-89.98530219999999,89444641187ffff,America/Chicago,,False,4.5,84.0,https://search.google.com/local/reviews?placeid=ChIJTQHuoJYcnogRNkHFtuO3bRM&q=*&authuser=0&hl=en&gl=US,,,8.0,0.0,2.0,2.0,72.0,55.0,https://lh3.googleusercontent.com/p/AF1QipNp7J78Mm_Kzyy5K0VOQ2E-v-9wHnrOAnYpA1li=w800-h500-k-no,https://lh3.googleusercontent.com/p/AF1QipNp7J78Mm_Kzyy5K0VOQ2E-v-9wHnrOAnYpA1li=w1600-h1000-k-no,,"{""Sunday"": ""Closed"", ""Monday"": ""8AM-5PM"", ""Tuesday"": ""8AM-5PM"", ""Wednesday"": ""8AM-5PM"", ""Thursday"": ""8AM-5PM"", ""Friday"": ""8AM-5PM"", ""Saturday"": ""Closed""}","Sunday,|Monday,8AM,5PM|Tuesday,8AM,5PM|Wednesday,8AM,5PM|Thursday,8AM,5PM|Friday,8AM,5PM|Saturday,",Sunday:Closed|Monday:8AM-5PM|Tuesday:8AM-5PM|Wednesday:8AM-5PM|Thursday:8AM-5PM|Friday:8AM-5PM|Saturday:Closed,,,OPERATIONAL,"{""Service options"": {""Online estimates"": true, ""Onsite services"": true, ""Language assistance"": ""English, Portuguese, Spanish""}, ""Accessibility"": {""Wheelchair accessible entrance"": true}}",,,,https://lh5.googleusercontent.com/-zo0D6wAbSCc/AAAAAAAAAAI/AAAAAAAAAAA/WnjCOucsFG4/s44-p-k-no-ns-nd/photo.jpg,,,True,101210250351975357801,Gutters Tech,https://www.google.com/maps/contrib/101210250351975357801,,,,,"https://www.google.com/maps/place/Gutters+Tech/@30.0122616,-89.98530219999999,14z/data=!4m8!1m2!2m1!1sGutters+Tech!3m4!1s0x889e1c96a0ee014d:0x136db7e3b6c54136!8m2!3d30.0122616!4d-89.98530219999999","https://www.google.com/maps/place/Gutters+Tech/@30.0122616,-89.98530219999999,13.99z/data=!4m16!1m7!3m6!1s0x889e1c96a0ee014d:0x136db7e3b6c54136!2sGutters+Tech!8m2!3d30.0122616!4d-89.98530219999999!16s%2Fg%2F11ckvg1dmb!3m7!1s0x889e1c96a0ee014d:0x136db7e3b6c54136!8m2!3d30.0122616!4d-89.98530219999999!9m1!1b1!16s%2Fg%2F11ckvg1dmb?entry=ttu",ChIJTQHuoJYcnogRNkHFtuO3bRM,0x889e1c96a0ee014d:0x136db7e3b6c54136,1399977247833932086,/g/1262fkvhk,1399977247833932086,,contato@jlremodeling.com,RECEIVING,SMTP validated,,,,,,info@gutterstech.com,RECEIVING,SMTP validated,,,,,,iinfo@gutterstech.com,RECEIVING,SMTP validated,,,,,,,,,,,,,,,,,,,,,,,,,,,,,,,,,"Gutters in Louisiana, Residential and Commercial Gutter Systems, roofing in Louisiana, gutters new orleans, sideing in Louisiana, roofing new orleans, gutters, roofing, siding, Home – Gutters, roofing, siding, Serving Louisiana, Georgia and Mississippi, J L Remodeling Inc. is  Locally owned and operated in New Orleans East and has been  providing quality exterior residential and commercial construction to Southeast Louisiana, been in business since 2006. At J L remodeling, we want to give you great quality work done in a reasonable time frame while offering the best prices for your pocket. Whether you need siding, soffit, fascia, gutters,gutter cover, patio covers, or roofing, J L  has a knowledgeable and experienced crew to ensure the successful completion of any home project you need assistance with. J L Remodeling is fully licensed and insured and is a member of the Better Business Bureau and the Cityof.",WordPress 5.9.3,,,False,True
"water damage restoration service, 70187, New Orleans, LA, US",LA Building Repair & Maintenance LLC,La Building Repair And Maintenance,https://www.labrandmllc.com/,"Water damage restoration service, Carpenter, Service establishment, Fire damage restoration service, General contractor",General contractor,Water damage restoration service,+1 985-710-1974,mobile,,,,,,,,,,,,30.3668466,-90.0058549,894455b4d47ffff,America/Chicago,,True,5.0,7.0,https://search.google.com/local/reviews?placeid=ChIJKTd4IXHlnYgRkM0d0f4XXb4&q=*&authuser=0&hl=en&gl=US,,,0.0,0.0,0.0,0.0,7.0,47.0,https://lh3.googleusercontent.com/p/AF1QipNdKAUGfWvXj3jMcj95lBt3wE-JMnYVkjKztqzd=w800-h500-k-no,https://lh3.googleusercontent.com/p/AF1QipNdKAUGfWvXj3jMcj95lBt3wE-JMnYVkjKztqzd=w1600-h1000-k-no,,"{""Sunday"": ""Closed"", ""Monday"": ""8AM-10PM"", ""Tuesday"": ""8AM-10PM"", ""Wednesday"": ""8AM-10PM"", ""Thursday"": ""8AM-10PM"", ""Friday"": ""8AM-10PM"", ""Saturday"": ""Closed""}","Sunday,|Monday,8AM,10PM|Tuesday,8AM,10PM|Wednesday,8AM,10PM|Thursday,8AM,10PM|Friday,8AM,10PM|Saturday,",Sunday:Closed|Monday:8AM-10PM|Tuesday:8AM-10PM|Wednesday:8AM-10PM|Thursday:8AM-10PM|Friday:8AM-10PM|Saturday:Closed,,,OPERATIONAL,{},,,,https://lh5.googleusercontent.com/-EnkoFUeH5Sc/AAAAAAAAAAI/AAAAAAAAAAA/GTFLPOUZsOs/s44-p-k-no-ns-nd/photo.jpg,,,True,101062010511377275444,LA Building Repair & Maintenance LLC,https://www.google.com/maps/contrib/101062010511377275444,,,,,"https://www.google.com/maps/place/LA+Building+Repair+%26+Maintenance+LLC/@30.3668466,-90.0058549,14z/data=!4m8!1m2!2m1!1sLA+Building+Repair+%26+Maintenance+LLC!3m4!1s0x889de57121783729:0xbe5d17fed11dcd90!8m2!3d30.3668466!4d-90.0058549","https://www.google.com/maps/place/LA+Building+Repair+%26+Maintenance+LLC/@30.3668466,-90.0058549,13.99z/data=!4m16!1m7!3m6!1s0x889de57121783729:0xbe5d17fed11dcd90!2sLA+Building+Repair+%26+Maintenance+LLC!8m2!3d30.3668466!4d-90.0058549!16s%2Fg%2F11ckvg1dmb!3m7!1s0x889de57121783729:0xbe5d17fed11dcd90!8m2!3d30.3668466!4d-90.0058549!9m1!1b1!16s%2Fg%2F11ckvg1dmb?entry=ttu",ChIJKTd4IXHlnYgRkM0d0f4XXb4,0x889de57121783729:0xbe5d17fed11dcd90,13717146423237922192,/g/11fjs3try7,-4729597650471629424,,,,,,,,,,,,,,,,,,,,,,,,,,,,,,,,,,,,,,,,,,,,,,,,,,,,,labrandmllc.com - labrandmllc Resources and Information.,,"labrandmllc.com is your first and best source for all of the information you’re looking for. From general topics to more of what you would expect to find here, labrandmllc.com has it all. We hope you find what you are searching for!",,False,False
"water damage restoration service, 70187, New Orleans, LA, US",SRP Environmental - New Orleans,Srp Environmental New Orleans,http://www.srpenvironmental.com/,"Water damage restoration service, Asbestos testing service, Environmental health service, Service establishment, Occupational safety and health, Environmental consultant",Environmental consultant,Water damage restoration service,+1 985-969-7479,mobile,T-Mobile USA Inc.,,,,,,,,,,,29.8186066,-91.0584894,894446b21d7ffff,America/Chicago,,True,5.0,3.0,https://search.google.com/local/reviews?placeid=ChIJB7fWc1P_jAARuj_X-nRgVMk&q=*&authuser=0&hl=en&gl=US,,,0.0,0.0,0.0,0.0,3.0,5.0,https://lh3.googleusercontent.com/gps-cs-s/AG0ilSzVAHQOk49NYZkzKtF2UUNsOiwKIgBn7ez1-sjjzMuf02epW6SXiGL_LeMySbyI-Ph6JPhZDCr3GxSIMbL87nxXUitHDoCRmLHX4NyhEYtf5EGGIRX8liOmlxPBO-jNzFXW1m8=w800-h500-k-no,https://lh3.googleusercontent.com/gps-cs-s/AG0ilSzVAHQOk49NYZkzKtF2UUNsOiwKIgBn7ez1-sjjzMuf02epW6SXiGL_LeMySbyI-Ph6JPhZDCr3GxSIMbL87nxXUitHDoCRmLHX4NyhEYtf5EGGIRX8liOmlxPBO-jNzFXW1m8=w1600-h1000-k-no,,"{""Sunday"": ""Closed"", ""Monday"": ""Open 24 hours"", ""Tuesday"": ""Open 24 hours"", ""Wednesday"": ""Open 24 hours"", ""Thursday"": ""Open 24 hours"", ""Friday"": ""Open 24 hours"", ""Saturday"": ""Closed""}","Sunday,|Monday,Open 24 hours|Tuesday,Open 24 hours|Wednesday,Open 24 hours|Thursday,Open 24 hours|Friday,Open 24 hours|Saturday,",Sunday:Closed|Monday:Open 24 hours|Tuesday:Open 24 hours|Wednesday:Open 24 hours|Thursday:Open 24 hours|Friday:Open 24 hours|Saturday:Closed,,,OPERATIONAL,{},,,,https://lh4.googleusercontent.com/-eONMwTSFuN4/AAAAAAAAAAI/AAAAAAAAAAA/1opnpwZGc3Q/s44-p-k-no-ns-nd/photo.jpg,,,True,107674551948083482086,SRP Environmental - New Orleans,https://www.google.com/maps/contrib/107674551948083482086,,,,,"https://www.google.com/maps/place/SRP+Environmental+-+New+Orleans/@29.8186066,-91.0584894,14z/data=!4m8!1m2!2m1!1sSRP+Environmental+-+New+Orleans!3m4!1s0x8cff5373d6b707:0xc9546074fad73fba!8m2!3d29.8186066!4d-91.0584894","https://www.google.com/maps/place/SRP+Environmental+-+New+Orleans/@29.8186066,-91.0584894,13.99z/data=!4m16!1m7!3m6!1s0x8cff5373d6b707:0xc9546074fad73fba!2sSRP+Environmental+-+New+Orleans!8m2!3d29.8186066!4d-91.0584894!16s%2Fg%2F11ckvg1dmb!3m7!1s0x8cff5373d6b707:0xc9546074fad73fba!8m2!3d29.8186066!4d-91.0584894!9m1!1b1!16s%2Fg%2F11ckvg1dmb?entry=ttu",ChIJB7fWc1P_jAARuj_X-nRgVMk,0x8cff5373d6b707:0xc9546074fad73fba,14507326355208093626,/g/11pdglyn72,-3939417718501457990,,k.sampson@srpenvironmental.net,RECEIVING,Confirmed,Keith Sampson,Keith,Sampson,,13182222364,csampson@srpenvironmental.net,RECEIVING,SMTP validated,Connor Sampson,Connor,Sampson,(Blank),19729082523,rlaird@srpenvironmental.net,RECEIVING,SMTP validated,Rick Laird,Rick,Laird,Project Manager,,13182222364,fixed line,"ONVOY, LLC - LA",,8662224972,,toll_free,,9703529106,"COMCAST IP PHONE, LLC",voip,,https://www.facebook.com/srpenvironmental,,https://www.linkedin.com/company/srp-environmental,,,,,,,,https://www.twitter.com/srpenvironmenta,,,,,"SRP | Turn-Key Environmental, Health & Safety Services",WordPress 5.9.5,"SRP provides full service environmental, health and safety consulting through our network of offices in Charlotte, Dallas, Denver, Honolulu, Midland, Shreveport & Pittsburgh.",,False,True
"water damage restoration service, 70187, New Orleans, LA, US",Drywall Specialist and Painting LLC - Drywall Ceiling & Hole Repair,Drywall Specialist And Painting Llc Drywall Ceiling And Hole Repair,https://drywallspecialistandpainting.com/,"Dry wall contractor, Service establishment",Dry wall contractor,Dry wall contractor,+1 504-202-4222,landline,,,,,,,,,,,,29.902680999999998,-90.0258569,8944465180fffff,America/Chicago,,True,4.5,17.0,https://search.google.com/local/reviews?placeid=ChIJ-3LSvGWnIIYR1mBGmYNho58&q=*&authuser=0&hl=en&gl=US,,,2.0,0.0,0.0,0.0,15.0,14.0,https://lh3.googleusercontent.com/p/AF1QipPpeNICdJhQO1cJMQPfmYYVaXNpoIbQk2eqqcd9=w800-h500-k-no,https://lh3.googleusercontent.com/p/AF1QipPpeNICdJhQO1cJMQPfmYYVaXNpoIbQk2eqqcd9=w1600-h1000-k-no,,"{""Sunday"": ""Closed"", ""Monday"": ""7AM-5PM"", ""Tuesday"": ""7AM-5PM"", ""Wednesday"": ""7AM-5PM"", ""Thursday"": ""7AM-5PM"", ""Friday"": ""7AM-5PM"", ""Saturday"": ""7AM-5PM""}","Sunday,|Monday,7AM,5PM|Tuesday,7AM,5PM|Wednesday,7AM,5PM|Thursday,7AM,5PM|Friday,7AM,5PM|Saturday,7AM,5PM",Sunday:Closed|Monday:7AM-5PM|Tuesday:7AM-5PM|Wednesday:7AM-5PM|Thursday:7AM-5PM|Friday:7AM-5PM|Saturday:7AM-5PM,,,OPERATIONAL,{},,,,https://lh3.googleusercontent.com/-rGYWfrwMyO8/AAAAAAAAAAI/AAAAAAAAAAA/R2VSrIQ1Glc/s44-p-k-no-ns-nd/photo.jpg,,,True,100928845545230888301,Drywall Specialist and Painting LLC - Drywall Ceiling & Hole Repair,https://www.google.com/maps/contrib/100928845545230888301,,https://drywallspecialistandpainting.com/contact-us/,,https://drywallspecialistandpainting.com/contact-us/,"https://www.google.com/maps/place/Drywall+Specialist+and+Painting+LLC+-+Drywall+Ceiling+%26+Hole+Repair/@29.902680999999998,-90.0258569,14z/data=!4m8!1m2!2m1!1sDrywall+Specialist+and+Painting+LLC+-+Drywall+Ceiling+%26+Hole+Repair!3m4!1s0x8620a765bcd272fb:0x9fa36183994660d6!8m2!3d29.902680999999998!4d-90.0258569","https://www.google.com/maps/place/Drywall+Specialist+and+Painting+LLC+-+Drywall+Ceiling+%26+Hole+Repair/@29.902680999999998,-90.0258569,13.99z/data=!4m16!1m7!3m6!1s0x8620a765bcd272fb:0x9fa36183994660d6!2sDrywall+Specialist+and+Painting+LLC+-+Drywall+Ceiling+%26+Hole+Repair!8m2!3d29.902680999999998!4d-90.0258569!16s%2Fg%2F11ckvg1dmb!3m7!1s0x8620a765bcd272fb:0x9fa36183994660d6!8m2!3d29.902680999999998!4d-90.0258569!9m1!1b1!16s%2Fg%2F11ckvg1dmb?entry=ttu",ChIJ-3LSvGWnIIYR1mBGmYNho58,0x8620a765bcd272fb:0x9fa36183994660d6,11503145091074515158,/g/11jmxr1smz,-6943598982635036458,,daviddavisgno18@gmail.com,RECEIVING,Verified,,,,,,,,,,,,,,,,,,,,,,5042024222,landline,,,5043802201,AT&T,mobile,True,,,,,,,,,,,,,,,,,,,,"Dependable Drywall Finishing in Terrytown, LA 70056",wordpress,"Drywall Specialist and Painting LLC provides Dependable Drywall Finishing in Terrytown, LA 70056. Do not hesitate to contact us today!",,False,False
"water damage restoration service, 70187, New Orleans, LA, US",Diamond House Painting Nola,Diamond House Painting Nola,https://diamondhousepaintingnola.com/,"Painter, Service establishment",Painter,Painter,+1 504-240-8809,mobile,"VOICESTREAM GSM I, LLC",,,,,,,,,,,30.0326605,-89.88256349999999,8944464a367ffff,America/Chicago,,True,4.9,33.0,https://search.google.com/local/reviews?placeid=ChIJx6t_0OanIIYRIHOJMV-JIb4&q=*&authuser=0&hl=en&gl=US,,,1.0,0.0,0.0,0.0,32.0,28.0,https://lh3.googleusercontent.com/p/AF1QipP_TWQpVzNe_Mo2W5R6LAmtTEZC-v2XSBMPzuaq=w800-h500-k-no,https://lh3.googleusercontent.com/p/AF1QipP_TWQpVzNe_Mo2W5R6LAmtTEZC-v2XSBMPzuaq=w1600-h1000-k-no,,,,,,,OPERATIONAL,{},,,,https://lh4.googleusercontent.com/-CKFSfUDLkzE/AAAAAAAAAAI/AAAAAAAAAAA/gbUwdwDFc1k/s44-p-k-no-ns-nd/photo.jpg,,,True,114316617046388916375,Diamond House Painting Nola,https://www.google.com/maps/contrib/114316617046388916375,,,,,"https://www.google.com/maps/place/Diamond+House+Painting+Nola/@30.0326605,-89.88256349999999,14z/data=!4m8!1m2!2m1!1sDiamond+House+Painting+Nola!3m4!1s0x8620a7e6d07fabc7:0xbe21895f31897320!8m2!3d30.0326605!4d-89.88256349999999","https://www.google.com/maps/place/Diamond+House+Painting+Nola/@30.0326605,-89.88256349999999,13.99z/data=!4m16!1m7!3m6!1s0x8620a7e6d07fabc7:0xbe21895f31897320!2sDiamond+House+Painting+Nola!8m2!3d30.0326605!4d-89.88256349999999!16s%2Fg%2F11ckvg1dmb!3m7!1s0x8620a7e6d07fabc7:0xbe21895f31897320!8m2!3d30.0326605!4d-89.88256349999999!9m1!1b1!16s%2Fg%2F11ckvg1dmb?entry=ttu",ChIJx6t_0OanIIYRIHOJMV-JIb4,0x8620a7e6d07fabc7:0xbe21895f31897320,13700382583383749408,/g/11h6vh1vhw,-4746361490325802208,,felixsalgado1981@gmail.com,RECEIVING,SMTP validated,,,,,,felix.salgado77@yahoo.com,UNKNOWN,Cannot validate,,,,,,,,,,,,,,15042408809,mobile,"VOICESTREAM GSM I, LLC",,5047824784,,mobile,,,,,,,,,,,,,,,,,,,,,Home - Diamond House Painting NOLA,WordPress 6.8.3,,,False,False
"water damage restoration service, 70187, New Orleans, LA, US",Apex General Contractors LLC,Apex General Contractors,http://apexgeneralcontractorsllc.com/,"Construction company, Service establishment",Construction company,Construction company,+1 504-613-8379,landline,,,,,,,,,,,,30.2895526,-89.980139,894455b630bffff,America/Chicago,,True,5.0,17.0,https://search.google.com/local/reviews?placeid=ChIJI6tqkUa6Sq4R81XyNK_kSFU&q=*&authuser=0&hl=en&gl=US,,,0.0,0.0,0.0,0.0,17.0,64.0,https://lh3.googleusercontent.com/p/AF1QipMtkxQt_KNIqGPn7NmxyFDUU2psMe74LZUO_GBR=w800-h500-k-no,https://lh3.googleusercontent.com/p/AF1QipMtkxQt_KNIqGPn7NmxyFDUU2psMe74LZUO_GBR=w1600-h1000-k-no,,"{""Sunday"": ""Closed"", ""Monday"": ""8AM-5PM"", ""Tuesday"": ""8AM-5PM"", ""Wednesday"": ""8AM-5PM"", ""Thursday"": ""8AM-5PM"", ""Friday"": ""8AM-5PM"", ""Saturday"": ""10AM-3PM""}","Sunday,|Monday,8AM,5PM|Tuesday,8AM,5PM|Wednesday,8AM,5PM|Thursday,8AM,5PM|Friday,8AM,5PM|Saturday,10AM,3PM",Sunday:Closed|Monday:8AM-5PM|Tuesday:8AM-5PM|Wednesday:8AM-5PM|Thursday:8AM-5PM|Friday:8AM-5PM|Saturday:10AM-3PM,,,OPERATIONAL,{},,,,https://lh3.googleusercontent.com/-j-vGj19qUm0/AAAAAAAAAAI/AAAAAAAAAAA/gULC1gT4yYY/s44-p-k-no-ns-nd/photo.jpg,,,True,102630779917270309657,Apex General Contractors LLC,https://www.google.com/maps/contrib/102630779917270309657,,,,,"https://www.google.com/maps/place/Apex+General+Contractors+LLC/@30.2895526,-89.980139,14z/data=!4m8!1m2!2m1!1sApex+General+Contractors+LLC!3m4!1s0xae4aba46916aab23:0x5548e4af34f255f3!8m2!3d30.2895526!4d-89.980139","https://www.google.com/maps/place/Apex+General+Contractors+LLC/@30.2895526,-89.980139,13.99z/data=!4m16!1m7!3m6!1s0xae4aba46916aab23:0x5548e4af34f255f3!2sApex+General+Contractors+LLC!8m2!3d30.2895526!4d-89.980139!16s%2Fg%2F11ckvg1dmb!3m7!1s0xae4aba46916aab23:0x5548e4af34f255f3!8m2!3d30.2895526!4d-89.980139!9m1!1b1!16s%2Fg%2F11ckvg1dmb?entry=ttu",ChIJI6tqkUa6Sq4R81XyNK_kSFU,0xae4aba46916aab23:0x5548e4af34f255f3,6145413132705748467,/g/11vww055vd,6145413132705748467,,joe@apexgeneralcontractorsllc.com,RECEIVING,Verified,,,,,,,,,,,,,,,,,,,,,,,,,,,,,,,,,,,,,,,,,,,,,,,,,Gallery 1 — APEX General Contractors LLC,,,,False,False
"water damage restoration service, 70187, New Orleans, LA, US",A-1 House Leveling,A 1 House Leveling,https://a1houselevelingllc.com/,"Construction company, Contractor, General contractor, Masonry contractor",Construction company,Construction company,+1 504-318-2923,landline,,,"3900 Canal St, New Orleans, LA 70119",Mid-City,3900 Canal St,New Orleans,70119,Louisiana,Louisiana,United States of America,US,29.9729131,-90.0990176,89444642c9bffff,America/Chicago,,False,4.9,152.0,https://search.google.com/local/reviews?placeid=ChIJR5Pi64mlIIYRxbpa0aBCFZQ&q=*&authuser=0&hl=en&gl=US,,,3.0,0.0,0.0,4.0,145.0,68.0,https://lh3.googleusercontent.com/p/AF1QipM8gLewkoQbCszVtYvignRNwWdJWhnXhPDNSt-E=w800-h500-k-no,https://lh3.googleusercontent.com/p/AF1QipM8gLewkoQbCszVtYvignRNwWdJWhnXhPDNSt-E=w1600-h1000-k-no,,"{""Sunday"": ""8AM-7PM"", ""Monday"": ""8AM-7PM"", ""Tuesday"": ""8AM-7PM"", ""Wednesday"": ""8AM-7PM"", ""Thursday"": ""8AM-7PM"", ""Friday"": ""8AM-7PM"", ""Saturday"": ""8AM-7PM""}","Sunday,8AM,7PM|Monday,8AM,7PM|Tuesday,8AM,7PM|Wednesday,8AM,7PM|Thursday,8AM,7PM|Friday,8AM,7PM|Saturday,8AM,7PM",Sunday:8AM-7PM|Monday:8AM-7PM|Tuesday:8AM-7PM|Wednesday:8AM-7PM|Thursday:8AM-7PM|Friday:8AM-7PM|Saturday:8AM-7PM,,,OPERATIONAL,"{""Service options"": {""Onsite services"": true}}",,,,https://lh4.googleusercontent.com/-srPVQvV8iG8/AAAAAAAAAAI/AAAAAAAAAAA/Rd77TM8Ks7I/s44-p-k-no-ns-nd/photo.jpg,,,True,107457254553459168632,A-1 House Leveling,https://www.google.com/maps/contrib/107457254553459168632,,,,,"https://www.google.com/maps/place/A-1+House+Leveling/@29.9729131,-90.0990176,14z/data=!4m8!1m2!2m1!1sA-1+House+Leveling!3m4!1s0x8620a589ebe29347:0x941542a0d15abac5!8m2!3d29.9729131!4d-90.0990176","https://www.google.com/maps/place/A-1+House+Leveling/@29.9729131,-90.0990176,13.99z/data=!4m16!1m7!3m6!1s0x8620a589ebe29347:0x941542a0d15abac5!2sA-1+House+Leveling!8m2!3d29.9729131!4d-90.0990176!16s%2Fg%2F11ckvg1dmb!3m7!1s0x8620a589ebe29347:0x941542a0d15abac5!8m2!3d29.9729131!4d-90.0990176!9m1!1b1!16s%2Fg%2F11ckvg1dmb?entry=ttu",ChIJR5Pi64mlIIYRxbpa0aBCFZQ,0x8620a589ebe29347:0x941542a0d15abac5,10670508150598843077,/g/1v2gf3b9,-7776235923110708539,,estimates2013@a1houselevelingllc.com,UNKNOWN,Cannot validate,,,,,,fb@a1onthelevel.com,UNKNOWN,Cannot validate,,,,,,,,,,,,,,15044826461,landline,,,5044826461,,landline,,,,,,https://www.facebook.com/a1houseleveling,,,,,,,,,,,,,,,New Orleans House Leveling | A-1 House Leveling LLC,All in One SEO (AIOSEO) 4.8.9,"Contact the Foundation Repair Specialist to Level Your House, Porch, Garage, or Patio. A-1 House Leveling will Repair and Replace your damaged Piers, Beams and Sills. Over 30 years experience. Free estimates to home owners.","house rising,house leveling,home elevation,foundation repair,new orleans,shoring,slab,piers,beams,sills,porch,garage,foundation,residential,commercial,contractor,repair,lift,a-1,a1,jefferson,tangipahoa,st. tammany",False,False
"water damage restoration service, 70187, New Orleans, LA, US",Sunlight Contractors LLC,Sunlight Contractors,http://sunlightcontractors.com/%3Futm_source%3Dgoogle%26utm_medium%3Dorganic%26utm_term%3Dgbp-listing-sun-slidell,"Water damage restoration service, Contractor, Roofing contractor, Insulation contractor",Insulation contractor,Water damage restoration service,+1 504-919-9993,mobile,"NEW CINGULAR WIRELESS PCS, LLC - GA",,"1527 Gause Blvd #142, Slidell, LA 70458",None,1527 Gause Blvd #142,Slidell,70458,Louisiana,Louisiana,United States of America,US,30.2840559,-89.75678169999999,894455a34d7ffff,America/Chicago,,False,4.9,167.0,https://search.google.com/local/reviews?placeid=ChIJQa3CypLmnYgREF0euSoyOyI&q=*&authuser=0&hl=en&gl=US,,,2.0,0.0,0.0,3.0,162.0,152.0,https://lh3.googleusercontent.com/p/AF1QipMum-eJXE5Avo3Ctum_Pnpde5C0-D46Fh36y0LE=w800-h500-k-no,https://lh3.googleusercontent.com/p/AF1QipMum-eJXE5Avo3Ctum_Pnpde5C0-D46Fh36y0LE=w1600-h1000-k-no,,"{""Sunday"": ""Closed"", ""Monday"": ""8AM-6PM"", ""Tuesday"": ""8AM-6PM"", ""Wednesday"": ""8AM-6PM"", ""Thursday"": ""8AM-6PM"", ""Friday"": ""8AM-6PM"", ""Saturday"": ""9AM-5PM""}","Sunday,|Monday,8AM,6PM|Tuesday,8AM,6PM|Wednesday,8AM,6PM|Thursday,8AM,6PM|Friday,8AM,6PM|Saturday,9AM,5PM",Sunday:Closed|Monday:8AM-6PM|Tuesday:8AM-6PM|Wednesday:8AM-6PM|Thursday:8AM-6PM|Friday:8AM-6PM|Saturday:9AM-5PM,,,OPERATIONAL,"{""From the business"": {""Identifies as women-owned"": true}, ""Service options"": {""Online estimates"": true, ""Onsite services"": true}, ""Accessibility"": {""Wheelchair accessible entrance"": true, ""Wheelchair accessible parking lot"": true}, ""Other"": {""Identifies as women-owned"": true}}",,,,https://lh4.googleusercontent.com/-YfKr2jXsIEw/AAAAAAAAAAI/AAAAAAAAAAA/lA-Ytm0DRbE/s44-p-k-no-ns-nd/photo.jpg,,,True,103702613994291775725,Sunlight Contractors LLC,https://www.google.com/maps/contrib/103702613994291775725,,https://www.sunlightcontractors.com/contact/,,https://www.sunlightcontractors.com/contact/,"https://www.google.com/maps/place/Sunlight+Contractors+LLC/@30.2840559,-89.75678169999999,14z/data=!4m8!1m2!2m1!1sSunlight+Contractors+LLC!3m4!1s0x889de692cac2ad41:0x223b322ab91e5d10!8m2!3d30.2840559!4d-89.75678169999999","https://www.google.com/maps/place/Sunlight+Contractors+LLC/@30.2840559,-89.75678169999999,13.99z/data=!4m16!1m7!3m6!1s0x889de692cac2ad41:0x223b322ab91e5d10!2sSunlight+Contractors+LLC!8m2!3d30.2840559!4d-89.75678169999999!16s%2Fg%2F11ckvg1dmb!3m7!1s0x889de692cac2ad41:0x223b322ab91e5d10!8m2!3d30.2840559!4d-89.75678169999999!9m1!1b1!16s%2Fg%2F11ckvg1dmb?entry=ttu",ChIJQa3CypLmnYgREF0euSoyOyI,0x889de692cac2ad41:0x223b322ab91e5d10,2466620379991268624,/g/11bx45xzts,2466620379991268624,,pimpmenob5@yahoo.es,INVALID,Undeliverable,Oscar Barrera,Oscar,Barrera,Digital Media And Logistic Manager,,jsabet@sunlightcontractors.com,RECEIVING,SMTP validated,Justin Sabet-Peyman,Justin,Sabet-Peyman,Principal Private Equity,,cyates@sunlightcontractors.com,RECEIVING,SMTP validated,Corey Yates,Corey,Yates,Owner,15042222082,15049199993,mobile,"NEW CINGULAR WIRELESS PCS, LLC - GA",,15042222082,T-Mobile USA Inc.,mobile,,,,,,https://www.facebook.com/SunlightContractorsLLC/,,http://www.linkedin.com/company/5219378,,,,,,,,https://twitter.com/sprayfoamnola,,https://www.youtube.com/user/SunlightContractors,,,Spray Foam Insulation New Orleans - Baton Rouge - Louisiana,,"Sunlight Contractors are the New Orleans spray foam insulation experts for residential and commercial buildings, serving all Southern Louisiana.",,,
"water damage restoration service, 70187, New Orleans, LA, US",Ju The Plumber Repair Service LLC,Ju The Plumber Repair Service,https://www.jutheplumber.com/,"Plumber, Drainage service, Service establishment",Plumber,Plumber,+1 504-906-2239,mobile,T-Mobile USA Inc.,,,,,,,,,,,30.026406599999998,-89.931339,8944464ac8fffff,America/Chicago,,True,4.7,91.0,https://search.google.com/local/reviews?placeid=ChIJjbJSMDEdnogRL8EvgqDWG1g&q=*&authuser=0&hl=en&gl=US,,,7.0,0.0,0.0,2.0,82.0,47.0,https://lh3.googleusercontent.com/p/AF1QipNLO094a1RrWEq8HgR50kFKstPdt2Wbl0XC2Msc=w800-h500-k-no,https://lh3.googleusercontent.com/p/AF1QipNLO094a1RrWEq8HgR50kFKstPdt2Wbl0XC2Msc=w1600-h1000-k-no,,"{""Sunday"": ""Open 24 hours"", ""Monday"": ""Open 24 hours"", ""Tuesday"": ""Open 24 hours"", ""Wednesday"": ""Open 24 hours"", ""Thursday"": ""Open 24 hours"", ""Friday"": ""Open 24 hours"", ""Saturday"": ""Open 24 hours""}","Sunday,Open 24 hours|Monday,Open 24 hours|Tuesday,Open 24 hours|Wednesday,Open 24 hours|Thursday,Open 24 hours|Friday,Open 24 hours|Saturday,Open 24 hours",Sunday:Open 24 hours|Monday:Open 24 hours|Tuesday:Open 24 hours|Wednesday:Open 24 hours|Thursday:Open 24 hours|Friday:Open 24 hours|Saturday:Open 24 hours,,,OPERATIONAL,"{""Service options"": {""Online estimates"": false}, ""Offerings"": {""Repair services"": true}, ""Payments"": {""Credit cards"": true}}",,,,https://lh6.googleusercontent.com/-LB1CH6aMQQ4/AAAAAAAAAAI/AAAAAAAAAAA/ihhpoMSXTWU/s44-p-k-no-ns-nd/photo.jpg,,,True,118064818754684478223,Ju The Plumber Repair Service LLC,https://www.google.com/maps/contrib/118064818754684478223,,,,,"https://www.google.com/maps/place/Ju+The+Plumber+Repair+Service+LLC/@30.026406599999998,-89.931339,14z/data=!4m8!1m2!2m1!1sJu+The+Plumber+Repair+Service+LLC!3m4!1s0x889e1d313052b28d:0x581bd6a0822fc12f!8m2!3d30.026406599999998!4d-89.931339","https://www.google.com/maps/place/Ju+The+Plumber+Repair+Service+LLC/@30.026406599999998,-89.931339,13.99z/data=!4m16!1m7!3m6!1s0x889e1d313052b28d:0x581bd6a0822fc12f!2sJu+The+Plumber+Repair+Service+LLC!8m2!3d30.026406599999998!4d-89.931339!16s%2Fg%2F11ckvg1dmb!3m7!1s0x889e1d313052b28d:0x581bd6a0822fc12f!8m2!3d30.026406599999998!4d-89.931339!9m1!1b1!16s%2Fg%2F11ckvg1dmb?entry=ttu",ChIJjbJSMDEdnogRL8EvgqDWG1g,0x889e1d313052b28d:0x581bd6a0822fc12f,6348904084576125231,/g/11g0x4ym61,6348904084576125231,,jutheplumber2748@gmail.com,RECEIVING,SMTP validated,,,,,,,,,,,,,,,,,,,,,,,,,,,,,,,,,,,,,,,,,,,,,,,,,Ju The Plumber | New Orleans | Emergency Plumber,Wix.com Website Builder,"Founded in 2016, Ju the Plumber Repair Service located in New Orleans, LA, is led by a team of skilled plumbing experts dedicated to addressing all your plumbing needs. Our top priority is exceeding customer expectations by delivering fast, reliable, customized solutions tailored to each client. At Ju the Plumber, we are committed to being the trusted choice for professional plumbing services.",,False,False
"water damage restoration service, 70187, New Orleans, LA, US",ProStop Restoration,Prostop Restoration,https://prostoprestoration.com/,"Water damage restoration service, Service establishment, Roofing contractor",Roofing contractor,Water damage restoration service,+1 985-400-8122,mobile,"NEW CINGULAR WIRELESS PCS, LLC - GA",,,,,,,,,,,46.423669,-129.9427086,8928e9c8573ffff,America/Chicago,,True,5.0,1.0,https://search.google.com/local/reviews?placeid=ChIJrcAui8zjnYgRsakcax0WAbE&q=*&authuser=0&hl=en&gl=US,,,0.0,0.0,0.0,0.0,1.0,9.0,https://lh3.googleusercontent.com/p/AF1QipMn4kxD6F5E8L94-I5pPUz7k61eDLVcc5_ok0JS=w800-h500-k-no,https://lh3.googleusercontent.com/p/AF1QipMn4kxD6F5E8L94-I5pPUz7k61eDLVcc5_ok0JS=w1600-h1000-k-no,,"{""Sunday"": ""Closed"", ""Monday"": ""8AM-5PM"", ""Tuesday"": ""8AM-5PM"", ""Wednesday"": ""8AM-5PM"", ""Thursday"": ""8AM-5PM"", ""Friday"": ""8AM-5PM"", ""Saturday"": ""8AM-5PM""}","Sunday,|Monday,8AM,5PM|Tuesday,8AM,5PM|Wednesday,8AM,5PM|Thursday,8AM,5PM|Friday,8AM,5PM|Saturday,8AM,5PM",Sunday:Closed|Monday:8AM-5PM|Tuesday:8AM-5PM|Wednesday:8AM-5PM|Thursday:8AM-5PM|Friday:8AM-5PM|Saturday:8AM-5PM,,,OPERATIONAL,{},,,,https://lh3.googleusercontent.com/-KFxIlA10BM8/AAAAAAAAAAI/AAAAAAAAAAA/GmHTPe0KPc0/s44-p-k-no-ns-nd/photo.jpg,,,True,116400309527374192800,ProStop Restoration,https://www.google.com/maps/contrib/116400309527374192800,,,,,"https://www.google.com/maps/place/ProStop+Restoration/@46.423669,-129.9427086,14z/data=!4m8!1m2!2m1!1sProStop+Restoration!3m4!1s0x889de3cc8b2ec0ad:0xb101161d6b1ca9b1!8m2!3d46.423669!4d-129.9427086","https://www.google.com/maps/place/ProStop+Restoration/@46.423669,-129.9427086,13.99z/data=!4m16!1m7!3m6!1s0x889de3cc8b2ec0ad:0xb101161d6b1ca9b1!2sProStop+Restoration!8m2!3d46.423669!4d-129.9427086!16s%2Fg%2F11ckvg1dmb!3m7!1s0x889de3cc8b2ec0ad:0xb101161d6b1ca9b1!8m2!3d46.423669!4d-129.9427086!9m1!1b1!16s%2Fg%2F11ckvg1dmb?entry=ttu",ChIJrcAui8zjnYgRsakcax0WAbE,0x889de3cc8b2ec0ad:0xb101161d6b1ca9b1,12754499935296858545,/g/11jfjs_8hv,-5692244138412693071,,info@prostoprestoration.com,INVALID,Undeliverable,,,,,,,,,,,,,,,,,,,,,,,,,,,,,,,,,,https://www.facebook.com/people/,,,,,,,,,,,,,,,Gallery - Prostop Construction,WordPress 6.5.4,Prostop Construction,,False,True
"water damage restoration service, 70187, New Orleans, LA, US",Mold Breauxs,Mold Breauxs,http://moldbreauxs.com/,"Water damage restoration service, Air duct cleaning service, Service establishment, Fire damage restoration service",Water damage restoration service,Water damage restoration service,+1 504-432-3092,mobile,"NEW CINGULAR WIRELESS PCS, LLC - GA",,,,,,,,,,,29.9627251,-90.06679079999999,89444642027ffff,America/Chicago,,True,5.0,3.0,https://search.google.com/local/reviews?placeid=ChIJ-eIyv8QnPAMR_4uFr0xycEs&q=*&authuser=0&hl=en&gl=US,,,0.0,0.0,0.0,0.0,3.0,26.0,https://lh3.googleusercontent.com/p/AF1QipPUTR3FYdA2-ZxcOpTCYJPtIweBeb1AhD1gwwKT=w800-h500-k-no,https://lh3.googleusercontent.com/p/AF1QipPUTR3FYdA2-ZxcOpTCYJPtIweBeb1AhD1gwwKT=w1600-h1000-k-no,,"{""Sunday"": ""Open 24 hours"", ""Monday"": ""Open 24 hours"", ""Tuesday"": ""Open 24 hours"", ""Wednesday"": ""Open 24 hours"", ""Thursday"": ""Open 24 hours"", ""Friday"": ""Open 24 hours"", ""Saturday"": ""Open 24 hours""}","Sunday,Open 24 hours|Monday,Open 24 hours|Tuesday,Open 24 hours|Wednesday,Open 24 hours|Thursday,Open 24 hours|Friday,Open 24 hours|Saturday,Open 24 hours",Sunday:Open 24 hours|Monday:Open 24 hours|Tuesday:Open 24 hours|Wednesday:Open 24 hours|Thursday:Open 24 hours|Friday:Open 24 hours|Saturday:Open 24 hours,,,OPERATIONAL,{},,,,https://lh6.googleusercontent.com/-xzElt4h5eiA/AAAAAAAAAAI/AAAAAAAAAAA/hH8tIgHfcqE/s44-p-k-no-ns-nd/photo.jpg,,,True,117833978932018014031,Mold Breauxs,https://www.google.com/maps/contrib/117833978932018014031,,,,,"https://www.google.com/maps/place/Mold+Breauxs/@29.9627251,-90.06679079999999,14z/data=!4m8!1m2!2m1!1sMold+Breauxs!3m4!1s0x33c27c4bf32e2f9:0x4b70724caf858bff!8m2!3d29.9627251!4d-90.06679079999999","https://www.google.com/maps/place/Mold+Breauxs/@29.9627251,-90.06679079999999,13.99z/data=!4m16!1m7!3m6!1s0x33c27c4bf32e2f9:0x4b70724caf858bff!2sMold+Breauxs!8m2!3d29.9627251!4d-90.06679079999999!16s%2Fg%2F11ckvg1dmb!3m7!1s0x33c27c4bf32e2f9:0x4b70724caf858bff!8m2!3d29.9627251!4d-90.06679079999999!9m1!1b1!16s%2Fg%2F11ckvg1dmb?entry=ttu",ChIJ-eIyv8QnPAMR_4uFr0xycEs,0x33c27c4bf32e2f9:0x4b70724caf858bff,5435970423924034559,/g/11tg7z4q0d,5435970423924034559,,moldbreauxs@gmail.com,RECEIVING,SMTP validated,,,,,,,,,,,,,,,,,,,,,,,,,,,,,,,,,,,,,,,,,,,,,,,,,About Us – Mold Breauxs,Site Kit by Google 1.89.0,,,False,True
"water damage restoration service, 70187, New Orleans, LA, US",Roto-Rooter Plumbing & Water Cleanup,Roto Rooter Plumbing And Water Cleanup,https://www.rotorooter.com/houmala/%3Futm_source%3DGoogle%26utm_medium%3Dorganic%26utm_campaign%3Dgmb%26utm_content%3Dwebsite,"Water damage restoration service, Contractor, Drainage service, Excavating contractor, Repair service, Plumber, Water filter supplier, Water softening equipment supplier, Water testing service",Plumber,Water damage restoration service,+1 985-709-8609,fixed line,"INTERMEDIA COMMUNICATIONS, INC",,"132 N Hollywood Rd, Houma, LA 70364",None,132 N Hollywood Rd,Houma,70364,Louisiana,Louisiana,United States of America,US,29.6077019,-90.7386768,89444682273ffff,America/Chicago,,False,4.9,1765.0,https://search.google.com/local/reviews?placeid=ChIJxzTY-ysbIYYRJrZ0AMa-HQc&q=*&authuser=0&hl=en&gl=US,,,21.0,2.0,10.0,50.0,1682.0,194.0,https://lh3.googleusercontent.com/p/AF1QipP36qwxFD-UaLgdV0ffwE0WQM5FmyVTjH1_Dl7G=w800-h500-k-no,https://lh3.googleusercontent.com/p/AF1QipP36qwxFD-UaLgdV0ffwE0WQM5FmyVTjH1_Dl7G=w1600-h1000-k-no,,"{""Sunday"": ""Open 24 hours"", ""Monday"": ""Open 24 hours"", ""Tuesday"": ""Open 24 hours"", ""Wednesday"": ""Open 24 hours"", ""Thursday"": ""Open 24 hours"", ""Friday"": ""Open 24 hours"", ""Saturday"": ""Open 24 hours""}","Sunday,Open 24 hours|Monday,Open 24 hours|Tuesday,Open 24 hours|Wednesday,Open 24 hours|Thursday,Open 24 hours|Friday,Open 24 hours|Saturday,Open 24 hours",Sunday:Open 24 hours|Monday:Open 24 hours|Tuesday:Open 24 hours|Wednesday:Open 24 hours|Thursday:Open 24 hours|Friday:Open 24 hours|Saturday:Open 24 hours,,,OPERATIONAL,"{""Service options"": {""Onsite services"": true}, ""Offerings"": {""Repair services"": true}, ""Crowd"": {""LGBTQ+ friendly"": true}, ""Payments"": {""Credit cards"": true}, ""Other"": {""LGBTQ+ friendly"": true}}",,,,https://lh5.googleusercontent.com/-Xgs-2u22ySM/AAAAAAAAAAI/AAAAAAAAAAA/gddh3OmR6R0/s44-p-k-no-ns-nd/photo.jpg,,,True,117281714659603821202,Roto-Rooter Plumbing & Water Cleanup,https://www.google.com/maps/contrib/117281714659603821202,,https://www.rotorooter.com/schedule-service/?zipCode=70364&rwg_token=ACgRB3eccR7eECQpMlBGopAnj5rH4pRh-J_IDMLeBvQCuk1SdDFGIE5sajSo5fBHjK7uxvUdfN2qgTqpa44etE8Ohk47LoyswGXeKNk9QCSqdaBGv3AIqvA%3D,,https://www.rotorooter.com/schedule-service/?zipCode=70364&rwg_token=ACgRB3eccR7eECQpMlBGopAnj5rH4pRh-J_IDMLeBvQCuk1SdDFGIE5sajSo5fBHjK7uxvUdfN2qgTqpa44etE8Ohk47LoyswGXeKNk9QCSqdaBGv3AIqvA%3D,"https://www.google.com/maps/place/Roto-Rooter+Plumbing+%26+Water+Cleanup/@29.6077019,-90.7386768,14z/data=!4m8!1m2!2m1!1sRoto-Rooter+Plumbing+%26+Water+Cleanup!3m4!1s0x86211b2bfbd834c7:0x71dbec60074b626!8m2!3d29.6077019!4d-90.7386768","https://www.google.com/maps/place/Roto-Rooter+Plumbing+%26+Water+Cleanup/@29.6077019,-90.7386768,13.99z/data=!4m16!1m7!3m6!1s0x86211b2bfbd834c7:0x71dbec60074b626!2sRoto-Rooter+Plumbing+%26+Water+Cleanup!8m2!3d29.6077019!4d-90.7386768!16s%2Fg%2F11ckvg1dmb!3m7!1s0x86211b2bfbd834c7:0x71dbec60074b626!8m2!3d29.6077019!4d-90.7386768!9m1!1b1!16s%2Fg%2F11ckvg1dmb?entry=ttu",ChIJxzTY-ysbIYYRJrZ0AMa-HQc,0x86211b2bfbd834c7:0x71dbec60074b626,512775690210555430,/g/11fm6fzqkh,512775690210555430,,rrmarkething@rrsc.com,INVALID,Undeliverable,,,,,,rrmarketing@rrsc.com,RECEIVING,SMTP validated,,,,,,contractor.customerservice@rrsc.com,RECEIVING,SMTP validated,,,,,,8007686911,toll_free,,,8777686911,,toll_free,,17062357076,,landline,,https://www.facebook.com/RotoRooter,https://www.instagram.com/rotorooterplumbing/,https://www.linkedin.com/company/roto-rooter/,,,https://www.reddit.com/user/Roto-RooterOfficial/,,,,,https://twitter.com/RotoRooter,,https://www.youtube.com/user/RotoRooterTV,,,Contact Roto-Rooter | Contact Your Local Plumbing & Drain Service,,"If you have a plumbing question, or are looking for a specific product, we would like to hear from you. Contact your local Roto-Rooter plumbing service today!","Contact Roto-Rooter, Local Plumbing & Drain Service",False,False
"water damage restoration service, 70187, New Orleans, LA, US",911 Restoration Inc.,911 Restoration,https://911restorationmiami.com/,"Water damage restoration service, Fire damage restoration service, Waste management service",Water damage restoration service,Water damage restoration service,+1 305-280-0755,landline,,,"5035 Hiatus Rd, Sunrise, FL 33351",None,5035 Hiatus Rd,Sunrise,33351,Florida,Florida,United States of America,US,26.18787,-80.2914428,8944a131963ffff,America/New_York,,False,4.9,764.0,https://search.google.com/local/reviews?placeid=ChIJ-aB9G0wP2YgRiTNJ5PfkDY8&q=*&authuser=0&hl=en&gl=US,,,18.0,0.0,2.0,3.0,741.0,158.0,https://lh3.googleusercontent.com/p/AF1QipM9YGkSSFbnxcFDGVVS0k5aICz8dOitKTx9sgZb=w800-h500-k-no,https://lh3.googleusercontent.com/p/AF1QipM9YGkSSFbnxcFDGVVS0k5aICz8dOitKTx9sgZb=w1600-h1000-k-no,,"{""Monday"": ""Open 24 hours"", ""Tuesday"": ""Open 24 hours"", ""Wednesday"": ""Open 24 hours"", ""Thursday"": ""Open 24 hours"", ""Friday"": ""Open 24 hours"", ""Saturday"": ""Open 24 hours"", ""Sunday"": ""Open 24 hours""}","Sunday,Open 24 hours|Monday,Open 24 hours|Tuesday,Open 24 hours|Wednesday,Open 24 hours|Thursday,Open 24 hours|Friday,Open 24 hours|Saturday,Open 24 hours",Monday:Open 24 hours|Tuesday:Open 24 hours|Wednesday:Open 24 hours|Thursday:Open 24 hours|Friday:Open 24 hours|Saturday:Open 24 hours|Sunday:Open 24 hours,,,OPERATIONAL,"{""Service options"": {""Onsite services"": true}, ""Accessibility"": {""Wheelchair accessible entrance"": true, ""Wheelchair accessible parking lot"": true}}",,,,https://lh6.googleusercontent.com/-uIq1K9fHmTY/AAAAAAAAAAI/AAAAAAAAAAA/NdOGcigOT6M/s44-p-k-no-ns-nd/photo.jpg,,,True,113004609097605501872,911 Restoration Inc.,https://www.google.com/maps/contrib/113004609097605501872,,,,,"https://www.google.com/maps/place/911+Restoration+Inc./@26.18787,-80.2914428,14z/data=!4m8!1m2!2m1!1s911+Restoration+Inc.!3m4!1s0x88d90f4c1b7da0f9:0x8f0de4f7e4493389!8m2!3d26.18787!4d-80.2914428","https://www.google.com/maps/place/911+Restoration+Inc./@26.18787,-80.2914428,13.99z/data=!4m16!1m7!3m6!1s0x88d90f4c1b7da0f9:0x8f0de4f7e4493389!2s911+Restoration+Inc.!8m2!3d26.18787!4d-80.2914428!16s%2Fg%2F11ckvg1dmb!3m7!1s0x88d90f4c1b7da0f9:0x8f0de4f7e4493389!8m2!3d26.18787!4d-80.2914428!9m1!1b1!16s%2Fg%2F11ckvg1dmb?entry=ttu",ChIJ-aB9G0wP2YgRiTNJ5PfkDY8,0x88d90f4c1b7da0f9:0x8f0de4f7e4493389,10308146875458990985,/g/1tczr4dr,-8138597198250560631,,rey@911restorationmiami.com,INVALID,Invalid DNS,Rey Lavandera,Rey,Lavandera,Project Manager/Estimator,,zachary@911restorationmiami.com,INVALID,Invalid DNS,Zachary Greer,Zachary,Greer,Branch Assistant,9548590346,steve@rerestoration.com,UNKNOWN,Cannot validate,Steve Rioux,Steve,Rioux,Project Managment,9418090389,13052800755,landline,,,3052800755,,landline,,9548590346,CELLCO PARTNERSHIP DBA VERIZON WIRELESS - FL,mobile,,https://www.facebook.com/911RestorationofMiami/,https://instagram.com/911Restoration,https://www.linkedin.com/company/911-restoration-of-south-florida,,,,,,,,https://twitter.com/911MiamiFL,,,,,"Contact Us  For Water, Fire & Mold Restoraiton Services",wordpress,"Facing water, fire, or mold damage in South Florida? 911 Restoration is available 24/7 for emergency services. Contact us today for expert restoration & a","Emergency water damage South Florida, fire damage repair, mold remediation, 24/7 disaster recovery, contact restoration services, 911 Restoration, South Florida property damage, flood cleanup, certified restoration company, quick response",False,True
"water damage restoration service, 70187, New Orleans, LA, US",Pete's Construction LLC,Petes Construction,https://petesconstructionllc.net/,"Water damage restoration service, Roofing contractor, Contractor",Contractor,Water damage restoration service,+1 504-512-8721,mobile,CELLCO PARTNERSHIP DBA VERIZON WIRELESS - LA,,"4122 Laviosier St, Chalmette, LA 70043",None,4122 Laviosier St,Chalmette,70043,Louisiana,Louisiana,United States of America,US,29.9563943,-89.95158239999999,89444658997ffff,America/Chicago,,False,5.0,5.0,https://search.google.com/local/reviews?placeid=ChIJlzXE_lsdnogR9xJsDxmImT0&q=*&authuser=0&hl=en&gl=US,,,0.0,0.0,0.0,0.0,5.0,121.0,https://lh3.googleusercontent.com/p/AF1QipMs7DZveN0xtKrtlU5_pE--6lGGwiBoqyoJvfAV=w800-h500-k-no,https://lh3.googleusercontent.com/p/AF1QipMs7DZveN0xtKrtlU5_pE--6lGGwiBoqyoJvfAV=w1600-h1000-k-no,,"{""Sunday"": ""Closed"", ""Monday"": ""8AM-6PM"", ""Tuesday"": ""8AM-6PM"", ""Wednesday"": ""8AM-6PM"", ""Thursday"": ""8AM-6PM"", ""Friday"": ""8AM-6PM"", ""Saturday"": ""Closed""}","Sunday,|Monday,8AM,6PM|Tuesday,8AM,6PM|Wednesday,8AM,6PM|Thursday,8AM,6PM|Friday,8AM,6PM|Saturday,",Sunday:Closed|Monday:8AM-6PM|Tuesday:8AM-6PM|Wednesday:8AM-6PM|Thursday:8AM-6PM|Friday:8AM-6PM|Saturday:Closed,,,OPERATIONAL,"{""Service options"": {""Online estimates"": true, ""Onsite services"": true, ""Language assistance"": ""English, Spanish""}, ""Parking"": {""On-site parking"": true}}",,,,https://lh3.googleusercontent.com/--6JHz0Fdng8/AAAAAAAAAAI/AAAAAAAAAAA/BAaK5fSjmmI/s44-p-k-no-ns-nd/photo.jpg,,,True,108202075818146741281,Pete's Construction LLC,https://www.google.com/maps/contrib/108202075818146741281,,,,,"https://www.google.com/maps/place/Pete%27s+Construction+LLC/@29.9563943,-89.95158239999999,14z/data=!4m8!1m2!2m1!1sPete%27s+Construction+LLC!3m4!1s0x889e1d5bfec43597:0x3d9988190f6c12f7!8m2!3d29.9563943!4d-89.95158239999999","https://www.google.com/maps/place/Pete%27s+Construction+LLC/@29.9563943,-89.95158239999999,13.99z/data=!4m16!1m7!3m6!1s0x889e1d5bfec43597:0x3d9988190f6c12f7!2sPete%27s+Construction+LLC!8m2!3d29.9563943!4d-89.95158239999999!16s%2Fg%2F11ckvg1dmb!3m7!1s0x889e1d5bfec43597:0x3d9988190f6c12f7!8m2!3d29.9563943!4d-89.95158239999999!9m1!1b1!16s%2Fg%2F11ckvg1dmb?entry=ttu",ChIJlzXE_lsdnogR9xJsDxmImT0,0x889e1d5bfec43597:0x3d9988190f6c12f7,4438728548964635383,/g/11jgdpv8dc,4438728548964635383,,petesconstructionllc@gmail.com,RECEIVING,Verified,,,,,,,,,,,,,,,,,,,,,,5045128721,mobile,CELLCO PARTNERSHIP DBA VERIZON WIRELESS - LA,,5047668823,,landline,,5042567378,"NEW CINGULAR WIRELESS PCS, LLC - GA",mobile,,https://www.facebook.com/petesconstructionllc,https://www.instagram.com/petesconstructionllc,,,,,,,,,,,,,,Parked Domain name on Hostinger DNS system,Hostinger Website Builder,"Pete's Construction LLC
We specialize in storm damage restoration. We help clients navigate insurance claims and FEMA rules. Offices in Louisiana and Florida.","storm damage, insurance guidance",False,True
"water damage restoration service, 70187, New Orleans, LA, US",C & C Classic Carpet Care,C And C Classic Carpet Care,,"Water damage restoration service, Air duct cleaning service, Service establishment, Upholstery cleaning service, Carpet cleaning service",Carpet cleaning service,Water damage restoration service,+1 985-710-2755,mobile,T-Mobile USA Inc.,,,,,,,,,,,30.186631,-89.931339,8944464ded3ffff,America/Chicago,,True,5.0,183.0,https://search.google.com/local/reviews?placeid=ChIJRxDG2ZJZJ4YRY02XgHwu9T4&q=*&authuser=0&hl=en&gl=US,,,1.0,0.0,1.0,1.0,180.0,104.0,https://lh3.googleusercontent.com/p/AF1QipO3ZFv5P1hg066uXjM_xEWgKJE7bEV32H5q7yr7=w800-h500-k-no,https://lh3.googleusercontent.com/p/AF1QipO3ZFv5P1hg066uXjM_xEWgKJE7bEV32H5q7yr7=w1600-h1000-k-no,,"{""Sunday"": ""Closed"", ""Monday"": ""6AM-9:30PM"", ""Tuesday"": ""6AM-9:30PM"", ""Wednesday"": ""6AM-9:30PM"", ""Thursday"": ""6AM-9:30PM"", ""Friday"": ""6AM-9:30PM"", ""Saturday"": ""9AM-4PM""}","Sunday,|Monday,6AM,9:30PM|Tuesday,6AM,9:30PM|Wednesday,6AM,9:30PM|Thursday,6AM,9:30PM|Friday,6AM,9:30PM|Saturday,9AM,4PM",Sunday:Closed|Monday:6AM-9:30PM|Tuesday:6AM-9:30PM|Wednesday:6AM-9:30PM|Thursday:6AM-9:30PM|Friday:6AM-9:30PM|Saturday:9AM-4PM,,,OPERATIONAL,{},,,,https://lh4.googleusercontent.com/-fNxZtSJbZig/AAAAAAAAAAI/AAAAAAAAAAA/19t7NsFKRUU/s44-p-k-no-ns-nd/photo.jpg,,,True,113360307348530324211,C & C Classic Carpet Care,https://www.google.com/maps/contrib/113360307348530324211,,,,,"https://www.google.com/maps/place/C+%26+C+Classic+Carpet+Care/@30.186631,-89.931339,14z/data=!4m8!1m2!2m1!1sC+%26+C+Classic+Carpet+Care!3m4!1s0x86275992d9c61047:0x3ef52e7c80974d63!8m2!3d30.186631!4d-89.931339","https://www.google.com/maps/place/C+%26+C+Classic+Carpet+Care/@30.186631,-89.931339,13.99z/data=!4m16!1m7!3m6!1s0x86275992d9c61047:0x3ef52e7c80974d63!2sC+%26+C+Classic+Carpet+Care!8m2!3d30.186631!4d-89.931339!16s%2Fg%2F11ckvg1dmb!3m7!1s0x86275992d9c61047:0x3ef52e7c80974d63!8m2!3d30.186631!4d-89.931339!9m1!1b1!16s%2Fg%2F11ckvg1dmb?entry=ttu",ChIJRxDG2ZJZJ4YRY02XgHwu9T4,0x86275992d9c61047:0x3ef52e7c80974d63,4536583311913864547,/g/11bv6l69xt,4536583311913864547,,,,,,,,,,,,,,,,,,,,,,,,,,,,,,,,,,,,,,,,,,,,,,,,,,,,,,,,,,
"water damage restoration service, 70187, New Orleans, LA, US",Watergenix,Watergenix,http://watergenixllc.co/,"Water damage restoration service, Service establishment, Building restoration service",Building restoration service,Water damage restoration service,+1 888-987-4369,,,,,,,,,,,,,30.3762044,-90.09606149999999,8944466a2c3ffff,America/Chicago,,True,,,,,,,,,,,,,,,"{""Sunday"": ""Open 24 hours"", ""Monday"": ""Open 24 hours"", ""Tuesday"": ""Open 24 hours"", ""Wednesday"": ""Open 24 hours"", ""Thursday"": ""Open 24 hours"", ""Friday"": ""Open 24 hours"", ""Saturday"": ""Open 24 hours""}","Sunday,Open 24 hours|Monday,Open 24 hours|Tuesday,Open 24 hours|Wednesday,Open 24 hours|Thursday,Open 24 hours|Friday,Open 24 hours|Saturday,Open 24 hours",Sunday:Open 24 hours|Monday:Open 24 hours|Tuesday:Open 24 hours|Wednesday:Open 24 hours|Thursday:Open 24 hours|Friday:Open 24 hours|Saturday:Open 24 hours,,,OPERATIONAL,{},,,,https://lh4.googleusercontent.com/-zd1v5GsEpAM/AAAAAAAAAAI/AAAAAAAAAAA/dicXmxURTB0/s44-p-k-no-ns-nd/photo.jpg,,,True,106493120699279327951,Watergenix,https://www.google.com/maps/contrib/106493120699279327951,,,,,"https://www.google.com/maps/place/Watergenix/@30.3762044,-90.09606149999999,14z/data=!4m8!1m2!2m1!1sWatergenix!3m4!1s0x411543d5b0e2a8d5:0x926892dc769d38f8!8m2!3d30.3762044!4d-90.09606149999999","https://www.google.com/maps/place/Watergenix/@30.3762044,-90.09606149999999,13.99z/data=!4m16!1m7!3m6!1s0x411543d5b0e2a8d5:0x926892dc769d38f8!2sWatergenix!8m2!3d30.3762044!4d-90.09606149999999!16s%2Fg%2F11ckvg1dmb!3m7!1s0x411543d5b0e2a8d5:0x926892dc769d38f8!8m2!3d30.3762044!4d-90.09606149999999!9m1!1b1!16s%2Fg%2F11ckvg1dmb?entry=ttu",ChIJ1ajisNVDFUER-DiddtySaJI,0x411543d5b0e2a8d5:0x926892dc769d38f8,10549843602695862520,/g/11y3jjd2z8,None,,,,,,,,,,,,,,,,,,,,,,,,,,,,,,,,,,,,,,,,,,,,,,,,,,,,,Expired - domain expired,,,,False,False
"water damage restoration service, 70187, New Orleans, LA, US",Pelican Maintenance Services,Pelican Maintenance Services,,"Water damage restoration service, Carpet cleaning service, Fire damage restoration service, Pressure washing service, Property management company, Contractor",Contractor,Water damage restoration service,+1 833-260-8880,toll_free,,,"133 Enterprise Dr, Gretna, LA 70056",None,133 Enterprise Dr,Gretna,70056,Louisiana,Louisiana,United States of America,US,29.8957786,-90.0427385,89444651d47ffff,America/Chicago,,False,,,,,,,,,,,2.0,https://lh3.googleusercontent.com/p/AF1QipOKBC1vVZCuy0Mce00H6WSNdhm1_-b4aNMGPke0=w800-h500-k-no,https://lh3.googleusercontent.com/p/AF1QipOKBC1vVZCuy0Mce00H6WSNdhm1_-b4aNMGPke0=w1600-h1000-k-no,,"{""Sunday"": ""Closed"", ""Monday"": ""8AM-5PM"", ""Tuesday"": ""8AM-5PM"", ""Wednesday"": ""8AM-5PM"", ""Thursday"": ""8AM-5PM"", ""Friday"": ""8AM-5PM"", ""Saturday"": ""Closed""}","Sunday,|Monday,8AM,5PM|Tuesday,8AM,5PM|Wednesday,8AM,5PM|Thursday,8AM,5PM|Friday,8AM,5PM|Saturday,",Sunday:Closed|Monday:8AM-5PM|Tuesday:8AM-5PM|Wednesday:8AM-5PM|Thursday:8AM-5PM|Friday:8AM-5PM|Saturday:Closed,,,OPERATIONAL,"{""Accessibility"": {""Wheelchair accessible parking lot"": true}}",,,,https://lh4.googleusercontent.com/-OL5Tl3nym-g/AAAAAAAAAAI/AAAAAAAAAAA/ZOI16j67vv8/s44-p-k-no-ns-nd/photo.jpg,,,True,103559566813511107146,Pelican Maintenance Services,https://www.google.com/maps/contrib/103559566813511107146,,https://www.thumbtack.com/la/gretna/pressure-washing/pelican-maintenance-services-llc/service/321729918314447026?utm_source=cma-google&utm_medium=googlereserve&rwg_token=ACgRB3ejQEn_aDbPJa2-y7CjGHd0ll6XZngYhl_wm_Cne_AdUkZ90Xs8Uu8Y8drcIfq10s8ZD0gFKcL6BzxCY3uOaQ2AxkPWIw9gEq_aC5o2V9mAc9dbjSs%3D,,https://www.thumbtack.com/la/gretna/pressure-washing/pelican-maintenance-services-llc/service/321729918314447026?utm_source=cma-google&utm_medium=googlereserve&rwg_token=ACgRB3ejQEn_aDbPJa2-y7CjGHd0ll6XZngYhl_wm_Cne_AdUkZ90Xs8Uu8Y8drcIfq10s8ZD0gFKcL6BzxCY3uOaQ2AxkPWIw9gEq_aC5o2V9mAc9dbjSs%3D,"https://www.google.com/maps/place/Pelican+Maintenance+Services/@29.8957786,-90.0427385,14z/data=!4m8!1m2!2m1!1sPelican+Maintenance+Services!3m4!1s0x8620a731ceb18499:0x86eebf6f39256263!8m2!3d29.8957786!4d-90.0427385","https://www.google.com/maps/place/Pelican+Maintenance+Services/@29.8957786,-90.0427385,13.99z/data=!4m16!1m7!3m6!1s0x8620a731ceb18499:0x86eebf6f39256263!2sPelican+Maintenance+Services!8m2!3d29.8957786!4d-90.0427385!16s%2Fg%2F11ckvg1dmb!3m7!1s0x8620a731ceb18499:0x86eebf6f39256263!8m2!3d29.8957786!4d-90.0427385!9m1!1b1!16s%2Fg%2F11ckvg1dmb?entry=ttu",ChIJmYSxzjGnIIYRY2IlOW-_7oY,0x8620a731ceb18499:0x86eebf6f39256263,9722919129960505955,/g/11gmbcr72d,None,,,,,,,,,,,,,,,,,,,,,,,,,,,,,,,,,,,,,,,,,,,,,,,,,,,,,,,,,,
"water damage restoration service, 70187, New Orleans, LA, US",National Building Services & Maintenance Inc,National Building Services And Maintenance,http://www.nationalbuilding.com/,"Water damage restoration service, Carpet cleaning service, Pressure washing service, Upholstery cleaning service, Janitorial service, Window cleaning service",Janitorial service,Water damage restoration service,+1 504-486-8140,landline,,,"300 Magistrate St, Chalmette, LA 70043",None,300 Magistrate St,Chalmette,70043,Louisiana,Louisiana,United States of America,US,29.955206699999998,-89.9547905,8944464325bffff,America/Chicago,,False,5.0,2.0,https://search.google.com/local/reviews?placeid=ChIJO_IQk9wcnogRH-XvhzCve5E&q=*&authuser=0&hl=en&gl=US,,,0.0,0.0,0.0,0.0,2.0,3.0,https://lh3.googleusercontent.com/p/AF1QipP-D601bHjEcwofH5wLNrjkTrOb0vPr5rsT9ua-=w800-h500-k-no,https://lh3.googleusercontent.com/p/AF1QipP-D601bHjEcwofH5wLNrjkTrOb0vPr5rsT9ua-=w1600-h1000-k-no,,"{""Sunday"": ""Closed"", ""Monday"": ""9AM-5PM"", ""Tuesday"": ""9AM-5PM"", ""Wednesday"": ""9AM-5PM"", ""Thursday"": ""9AM-5PM"", ""Friday"": ""9AM-5PM"", ""Saturday"": ""Closed""}","Sunday,|Monday,9AM,5PM|Tuesday,9AM,5PM|Wednesday,9AM,5PM|Thursday,9AM,5PM|Friday,9AM,5PM|Saturday,",Sunday:Closed|Monday:9AM-5PM|Tuesday:9AM-5PM|Wednesday:9AM-5PM|Thursday:9AM-5PM|Friday:9AM-5PM|Saturday:Closed,,,OPERATIONAL,"{""Accessibility"": {""Wheelchair accessible entrance"": true, ""Wheelchair accessible parking lot"": true}}",,,,https://lh6.googleusercontent.com/-9WvAkcXpq0c/AAAAAAAAAAI/AAAAAAAAAAA/8hxV5LpyTFw/s44-p-k-no-ns-nd/photo.jpg,,,True,110418875460626027922,National Building Services & Maintenance Inc,https://www.google.com/maps/contrib/110418875460626027922,,,,,"https://www.google.com/maps/place/National+Building+Services+%26+Maintenance+Inc/@29.955206699999998,-89.9547905,14z/data=!4m8!1m2!2m1!1sNational+Building+Services+%26+Maintenance+Inc!3m4!1s0x889e1cdc9310f23b:0x917baf3087efe51f!8m2!3d29.955206699999998!4d-89.9547905","https://www.google.com/maps/place/National+Building+Services+%26+Maintenance+Inc/@29.955206699999998,-89.9547905,13.99z/data=!4m16!1m7!3m6!1s0x889e1cdc9310f23b:0x917baf3087efe51f!2sNational+Building+Services+%26+Maintenance+Inc!8m2!3d29.955206699999998!4d-89.9547905!16s%2Fg%2F11ckvg1dmb!3m7!1s0x889e1cdc9310f23b:0x917baf3087efe51f!8m2!3d29.955206699999998!4d-89.9547905!9m1!1b1!16s%2Fg%2F11ckvg1dmb?entry=ttu",ChIJO_IQk9wcnogRH-XvhzCve5E,0x889e1cdc9310f23b:0x917baf3087efe51f,10483165180608898335,/g/1tfn3jbl,-7963578893100653281,,nbsclean@msn.com,RECEIVING,Confirmed,Donald Jones,Donald,Jones,,,bwhel@nationalbuilding.com,INVALID,Cannot validate,Bill Whelan,Bill,Whelan,President,,jpadr@nationalbuilding.com,INVALID,Cannot validate,James Padre,James,Padre,President,,15044868140,landline,,,,,,,,,,,https://www.facebook.com/pages/,,http://www.linkedin.com/company/4380724,,,,,,,,,,,,,New Orleans Janitorial and Window Cleaning,WordPress 5.1.15,National Building Services has been cleaning New Orleanssince 1910.,,False,False
"water damage restoration service, 70187, New Orleans, LA, US",Demo Diva,Demo Diva,http://www.demodiva.com/,"Demolition contractor, Arborist service, Dumpster rental service, Environmental consultant",Demolition contractor,Demolition contractor,+1 504-486-4121,landline,,,"6246 Memphis St, New Orleans, LA 70124",Lakeview,6246 Memphis St,New Orleans,70124,Louisiana,Louisiana,United States of America,US,30.0039141,-90.1061407,894446428b7ffff,America/Chicago,,False,4.8,72.0,https://search.google.com/local/reviews?placeid=ChIJ-5pBlg6vIIYR45cYG0AIQLM&q=*&authuser=0&hl=en&gl=US,,,3.0,0.0,1.0,4.0,64.0,99.0,https://lh3.googleusercontent.com/p/AF1QipMJYcwmcF8b9Ddh52QtIw7o8zxnJXB-OMRuRiQK=w800-h500-k-no,https://lh3.googleusercontent.com/p/AF1QipMJYcwmcF8b9Ddh52QtIw7o8zxnJXB-OMRuRiQK=w1600-h1000-k-no,,"{""Sunday"": ""Closed"", ""Monday"": ""7:30AM-4PM"", ""Tuesday"": ""7:30AM-4PM"", ""Wednesday"": ""7:30AM-4PM"", ""Thursday"": ""7:30AM-4PM"", ""Friday"": ""7:30AM-4PM"", ""Saturday"": ""Closed""}","Sunday,|Monday,7:30AM,4PM|Tuesday,7:30AM,4PM|Wednesday,7:30AM,4PM|Thursday,7:30AM,4PM|Friday,7:30AM,4PM|Saturday,",Sunday:Closed|Monday:7:30AM-4PM|Tuesday:7:30AM-4PM|Wednesday:7:30AM-4PM|Thursday:7:30AM-4PM|Friday:7:30AM-4PM|Saturday:Closed,,,OPERATIONAL,"{""Service options"": {""Onsite services"": true}}",,,,https://lh4.googleusercontent.com/-rL-trwetCUI/AAAAAAAAAAI/AAAAAAAAAAA/j0IhpyODrgs/s44-p-k-no-ns-nd/photo.jpg,,,True,118178717255638666214,Demo Diva,https://www.google.com/maps/contrib/118178717255638666214,,,,,"https://www.google.com/maps/place/Demo+Diva/@30.0039141,-90.1061407,14z/data=!4m8!1m2!2m1!1sDemo+Diva!3m4!1s0x8620af0e96419afb:0xb34008401b1897e3!8m2!3d30.0039141!4d-90.1061407","https://www.google.com/maps/place/Demo+Diva/@30.0039141,-90.1061407,13.99z/data=!4m16!1m7!3m6!1s0x8620af0e96419afb:0xb34008401b1897e3!2sDemo+Diva!8m2!3d30.0039141!4d-90.1061407!16s%2Fg%2F11ckvg1dmb!3m7!1s0x8620af0e96419afb:0xb34008401b1897e3!8m2!3d30.0039141!4d-90.1061407!9m1!1b1!16s%2Fg%2F11ckvg1dmb?entry=ttu",ChIJ-5pBlg6vIIYR45cYG0AIQLM,0x8620af0e96419afb:0xb34008401b1897e3,12916332802724108259,/g/1tp8_dcj,-5530411270985443357,,rhonda@demodiva.com,RECEIVING,SMTP validated,Rhonda Lange,Rhonda,Lange,Business Manager,,diva@demodiva.com,RECEIVING,SMTP validated,Simone Bruni,Simone,Bruni,Owner,15044864121,johnvramirez@gmail.com,RECEIVING,SMTP validated,,,,,,15044864121,landline,,,15044864121,,landline,,,,,,https://www.facebook.com/demodiva/,,http://www.linkedin.com/company/1364790,,,,,,,,http://www.twitter.com/thedemodiva/,,http://www.youtube.com/user/DemoDivaNola,,,"Home | Demo Diva | New Orleans Demolition, Dumpster Hauling, and Foundation Removal Services",wordpress,"Demo Diva | New Orleans Demolition, Dumpster Rentals, and Foundation Removal Services",,,
"water damage restoration service, 70187, New Orleans, LA, US","Patterson Structural Moving & Shoring, LLC",Patterson Structural Moving And Shoring,http://www.pattersonshoring.com/,Construction company,Construction company,Construction company,+1 504-241-4500,landline,,,"11221 Old Gentilly Rd, New Orleans, LA 70129",New Orleans East Area,11221 Old Gentilly Rd,New Orleans,70129,Louisiana,Louisiana,United States of America,US,30.0177898,-89.9533386,8944464138bffff,America/Chicago,,False,4.5,31.0,https://search.google.com/local/reviews?placeid=ChIJgV6PdNgDnogRNBSXfHV5MYI&q=*&authuser=0&hl=en&gl=US,,,3.0,1.0,1.0,0.0,26.0,57.0,https://lh3.googleusercontent.com/p/AF1QipNzXwjTKltzbmOi6gPGKPF3tBQCptcLPf5vdKTU=w800-h500-k-no,https://lh3.googleusercontent.com/p/AF1QipNzXwjTKltzbmOi6gPGKPF3tBQCptcLPf5vdKTU=w1600-h1000-k-no,,"{""Sunday"": ""Closed"", ""Monday"": ""8AM-5PM"", ""Tuesday"": ""8AM-5PM"", ""Wednesday"": ""8AM-5PM"", ""Thursday"": ""8AM-5PM"", ""Friday"": ""8AM-5PM"", ""Saturday"": ""Closed""}","Sunday,|Monday,8AM,5PM|Tuesday,8AM,5PM|Wednesday,8AM,5PM|Thursday,8AM,5PM|Friday,8AM,5PM|Saturday,",Sunday:Closed|Monday:8AM-5PM|Tuesday:8AM-5PM|Wednesday:8AM-5PM|Thursday:8AM-5PM|Friday:8AM-5PM|Saturday:Closed,,,OPERATIONAL,"{""Service options"": {""Online estimates"": true, ""Onsite services"": false}}",,,,https://lh4.googleusercontent.com/-mMYvhVTz-XE/AAAAAAAAAAI/AAAAAAAAAAA/3TmU4lDuacE/s44-p-k-no-ns-nd/photo.jpg,,,True,116249134510928994989,"Patterson Structural Moving & Shoring, LLC",https://www.google.com/maps/contrib/116249134510928994989,,http://pattersonshoring.com/,,http://pattersonshoring.com/,"https://www.google.com/maps/place/Patterson+Structural+Moving+%26+Shoring%2C+LLC/@30.0177898,-89.9533386,14z/data=!4m8!1m2!2m1!1sPatterson+Structural+Moving+%26+Shoring%2C+LLC!3m4!1s0x889e03d8748f5e81:0x823179757c971434!8m2!3d30.0177898!4d-89.9533386","https://www.google.com/maps/place/Patterson+Structural+Moving+%26+Shoring%2C+LLC/@30.0177898,-89.9533386,13.99z/data=!4m16!1m7!3m6!1s0x889e03d8748f5e81:0x823179757c971434!2sPatterson+Structural+Moving+%26+Shoring%2C+LLC!8m2!3d30.0177898!4d-89.9533386!16s%2Fg%2F11ckvg1dmb!3m7!1s0x889e03d8748f5e81:0x823179757c971434!8m2!3d30.0177898!4d-89.9533386!9m1!1b1!16s%2Fg%2F11ckvg1dmb?entry=ttu",ChIJgV6PdNgDnogRNBSXfHV5MYI,0x889e03d8748f5e81:0x823179757c971434,9381413044297864244,/g/11f5vbbbn7,-9065331029411687372,,b.fischer@pattersonshoring.com,UNKNOWN,Cannot validate,Bobby Fischer,Bobby,Fischer,,,contactus@psmsusa.com,RECEIVING,SMTP validated,,,,,,claire@psmsusa.com,RECEIVING,Catch All,,,,,,15042414500,landline,,,,,,,,,,,,,,,,,,,,,,,,,,"Patterson Structural Moving & Shoring New Orleans | Helical Piles, Home Elevation & House Raising Contractor",WordPress 5.8.3,"Patterson Structural Moving and Shoring is a full service contracting company in New Orleans that specializes in Home Elevation, Structural Relocation, Structural Shoring, and more. Contact us.",,,
"water damage restoration service, 70187, New Orleans, LA, US",Detailed Painting Drywall LLC,Detailed Painting Drywall,http://www.detailedpainting.com/,"Water damage restoration service, Air duct cleaning service, Dry wall contractor, Pressure washing service, Contractor",Contractor,Water damage restoration service,+1 504-272-7590,landline,,,"Chalmette, LA 70044",None,,Chalmette,70044,Louisiana,Louisiana,United States of America,US,29.949357,-89.96058599999999,894446432c3ffff,America/Chicago,,False,,,,,,,,,,,10.0,https://lh3.googleusercontent.com/p/AF1QipPwE6LC2xW3hC9D0N9lVTvIDjog2sVb13ZPHPc1=w800-h500-k-no,https://lh3.googleusercontent.com/p/AF1QipPwE6LC2xW3hC9D0N9lVTvIDjog2sVb13ZPHPc1=w1600-h1000-k-no,,"{""Sunday"": ""10AM-3PM"", ""Monday"": ""7AM-5PM"", ""Tuesday"": ""7AM-5PM"", ""Wednesday"": ""7AM-5PM"", ""Thursday"": ""7AM-5PM"", ""Friday"": ""7AM-5PM"", ""Saturday"": ""10AM-3PM""}","Sunday,10AM,3PM|Monday,7AM,5PM|Tuesday,7AM,5PM|Wednesday,7AM,5PM|Thursday,7AM,5PM|Friday,7AM,5PM|Saturday,10AM,3PM",Sunday:10AM-3PM|Monday:7AM-5PM|Tuesday:7AM-5PM|Wednesday:7AM-5PM|Thursday:7AM-5PM|Friday:7AM-5PM|Saturday:10AM-3PM,,,OPERATIONAL,{},,,,https://lh3.googleusercontent.com/-yTl4Oqo1vLc/AAAAAAAAAAI/AAAAAAAAAAA/RUInnDvYJOw/s44-p-k-no-ns-nd/photo.jpg,,,True,115859964568510107236,Detailed Painting Drywall LLC,https://www.google.com/maps/contrib/115859964568510107236,,,,,"https://www.google.com/maps/place/Detailed+Painting+Drywall+LLC/@29.949357,-89.96058599999999,14z/data=!4m8!1m2!2m1!1sDetailed+Painting+Drywall+LLC!3m4!1s0x889e1d374fc8b803:0x215344970c7b56b7!8m2!3d29.949357!4d-89.96058599999999","https://www.google.com/maps/place/Detailed+Painting+Drywall+LLC/@29.949357,-89.96058599999999,13.99z/data=!4m16!1m7!3m6!1s0x889e1d374fc8b803:0x215344970c7b56b7!2sDetailed+Painting+Drywall+LLC!8m2!3d29.949357!4d-89.96058599999999!16s%2Fg%2F11ckvg1dmb!3m7!1s0x889e1d374fc8b803:0x215344970c7b56b7!8m2!3d29.949357!4d-89.96058599999999!9m1!1b1!16s%2Fg%2F11ckvg1dmb?entry=ttu",ChIJA7jITzcdnogRt1Z7DJdEUyE,0x889e1d374fc8b803:0x215344970c7b56b7,2401338441858766519,/g/1w0h890q,None,,info@detailedpainting.com,INVALID,Invalid DNS,,,,,,,,,,,,,,,,,,,,,,13038930552,fixed line,"INTRADO COMMUNICATIONS, LLC",,,,,,,,,,,,,,,,,,,,,,,,,DetailedPainting.com is for sale | HugeDomains,,Get a new domain name for your startup. Quick and professional service. Seamless domain transfers.,,False,True
"water damage restoration service, 70187, New Orleans, LA, US","Schwander Hutchinson Roofing, Inc.",Schwander Hutchinson Roofing,https://www.shroofing.com/,Roofing contractor,Roofing contractor,Roofing contractor,+1 504-248-5922,landline,,,"8032 Townsend Pl, New Orleans, LA 70126",New Orleans East Area,8032 Townsend Pl,New Orleans,70126,Louisiana,Louisiana,United States of America,US,30.0316257,-90.0293355,894446403afffff,America/Chicago,,False,4.7,44.0,https://search.google.com/local/reviews?placeid=ChIJkYLN0pipIIYRSsp6jsfIOak&q=*&authuser=0&hl=en&gl=US,,,3.0,0.0,1.0,0.0,40.0,33.0,https://lh3.googleusercontent.com/p/AF1QipN1GZRH6I71gTw4YaXE4ICQXtCABmeTdlAk8XKr=w800-h500-k-no,https://lh3.googleusercontent.com/p/AF1QipN1GZRH6I71gTw4YaXE4ICQXtCABmeTdlAk8XKr=w1600-h1000-k-no,,"{""Sunday"": ""Closed"", ""Monday"": ""7AM-3:30PM"", ""Tuesday"": ""7AM-3:30PM"", ""Wednesday"": ""7AM-3:30PM"", ""Thursday"": ""7AM-3:30PM"", ""Friday"": ""7AM-3:30PM"", ""Saturday"": ""Closed""}","Sunday,|Monday,7AM,3:30PM|Tuesday,7AM,3:30PM|Wednesday,7AM,3:30PM|Thursday,7AM,3:30PM|Friday,7AM,3:30PM|Saturday,",Sunday:Closed|Monday:7AM-3:30PM|Tuesday:7AM-3:30PM|Wednesday:7AM-3:30PM|Thursday:7AM-3:30PM|Friday:7AM-3:30PM|Saturday:Closed,,,OPERATIONAL,{},,,,https://lh3.googleusercontent.com/-Uhxz6b5TWao/AAAAAAAAAAI/AAAAAAAAAAA/2Y0SYN5doLU/s44-p-k-no-ns-nd/photo.jpg,,,True,101494861551403702475,"Schwander Hutchinson Roofing, Inc.",https://www.google.com/maps/contrib/101494861551403702475,,,,,"https://www.google.com/maps/place/Schwander+Hutchinson+Roofing%2C+Inc./@30.0316257,-90.0293355,14z/data=!4m8!1m2!2m1!1sSchwander+Hutchinson+Roofing%2C+Inc.!3m4!1s0x8620a998d2cd8291:0xa939c8c78e7aca4a!8m2!3d30.0316257!4d-90.0293355","https://www.google.com/maps/place/Schwander+Hutchinson+Roofing%2C+Inc./@30.0316257,-90.0293355,13.99z/data=!4m16!1m7!3m6!1s0x8620a998d2cd8291:0xa939c8c78e7aca4a!2sSchwander+Hutchinson+Roofing%2C+Inc.!8m2!3d30.0316257!4d-90.0293355!16s%2Fg%2F11ckvg1dmb!3m7!1s0x8620a998d2cd8291:0xa939c8c78e7aca4a!8m2!3d30.0316257!4d-90.0293355!9m1!1b1!16s%2Fg%2F11ckvg1dmb?entry=ttu",ChIJkYLN0pipIIYRSsp6jsfIOak,0x8620a998d2cd8291:0xa939c8c78e7aca4a,12193998225496787530,/g/11g4htnv35,-6252745848212764086,,info@shroofing.com,RECEIVING,SMTP validated,,,,,,donjr@shroofing.com,RECEIVING,Catch All,,,,,,,,,,,,,,5042485922,landline,,,15042485922,,landline,,,,,,https://www.facebook.com/shroofingnola/,https://www.instagram.com/schwanderroofing,http://www.linkedin.com/company/schwander-roofing,,,,,,,,https://twitter.com/SHRoofingNola,,,,,"About Us | Schwander Hutchinson Roofing, Inc",,"Know more about Schwander Hutchinson roofing products types, materials & services by visiting our website or by calling 504-248-5922.","Roofer, Roof, Repair, Installation, Flat Roof, Shingle Roof, Metal Roofing, Asphalt Roofing, New Orleans Roofing Repair Services, Schwander Hutchinson Roofing, Inc, Best Roofer, Home or Office Roof Repair, Residential and Commercial Nola Roofer",True,True
"water damage restoration service, 70187, New Orleans, LA, US",Nola Carpet Cleaning,Nola Carpet Cleaning,http://nolacarpetcleaning.com/,"Water damage restoration service, Air duct cleaning service, Service establishment, House cleaning service, Upholstery cleaning service, Carpet cleaning service",Carpet cleaning service,Water damage restoration service,+1 504-684-4394,fixed line,"BANDWIDTH.COM CLEC, LLC - LA",,,,,,,,,,,29.646653999999998,-90.0874075,894446cb187ffff,America/Chicago,,True,4.7,15.0,https://search.google.com/local/reviews?placeid=ChIJQ3TE9FOoIIYRNLwAggYFGRk&q=*&authuser=0&hl=en&gl=US,,,1.0,0.0,0.0,0.0,14.0,16.0,https://lh3.googleusercontent.com/p/AF1QipN3RHg5wMmhaYN5qxrHDq59XZa2Ifg-jwjLDqL4=w800-h500-k-no,https://lh3.googleusercontent.com/p/AF1QipN3RHg5wMmhaYN5qxrHDq59XZa2Ifg-jwjLDqL4=w1600-h1000-k-no,,"{""Sunday"": ""Closed"", ""Monday"": ""8AM-9:15PM"", ""Tuesday"": ""8AM-9:15PM"", ""Wednesday"": ""8AM-9:15PM"", ""Thursday"": ""8AM-9:15PM"", ""Friday"": ""8AM-9:15PM"", ""Saturday"": ""8AM-9:15PM""}","Sunday,|Monday,8AM,9:15PM|Tuesday,8AM,9:15PM|Wednesday,8AM,9:15PM|Thursday,8AM,9:15PM|Friday,8AM,9:15PM|Saturday,8AM,9:15PM",Sunday:Closed|Monday:8AM-9:15PM|Tuesday:8AM-9:15PM|Wednesday:8AM-9:15PM|Thursday:8AM-9:15PM|Friday:8AM-9:15PM|Saturday:8AM-9:15PM,,,OPERATIONAL,{},,,,https://lh6.googleusercontent.com/-pFPDstF4GfM/AAAAAAAAAAI/AAAAAAAAAAA/XnOJWMUSjb8/s44-p-k-no-ns-nd/photo.jpg,,,True,107761060307056037736,Nola Carpet Cleaning,https://www.google.com/maps/contrib/107761060307056037736,,,,,"https://www.google.com/maps/place/Nola+Carpet+Cleaning/@29.646653999999998,-90.0874075,14z/data=!4m8!1m2!2m1!1sNola+Carpet+Cleaning!3m4!1s0x8620a853f4c47443:0x191905068200bc34!8m2!3d29.646653999999998!4d-90.0874075","https://www.google.com/maps/place/Nola+Carpet+Cleaning/@29.646653999999998,-90.0874075,13.99z/data=!4m16!1m7!3m6!1s0x8620a853f4c47443:0x191905068200bc34!2sNola+Carpet+Cleaning!8m2!3d29.646653999999998!4d-90.0874075!16s%2Fg%2F11ckvg1dmb!3m7!1s0x8620a853f4c47443:0x191905068200bc34!8m2!3d29.646653999999998!4d-90.0874075!9m1!1b1!16s%2Fg%2F11ckvg1dmb?entry=ttu",ChIJQ3TE9FOoIIYRNLwAggYFGRk,0x8620a853f4c47443:0x191905068200bc34,1808482250874993716,/g/1hm3f92cb,1808482250874993716,,nolacc@cox.net,INVALID,Cannot validate,,,,,,,,,,,,,,,,,,,,,,5046844394,fixed line,"BANDWIDTH.COM CLEC, LLC - LA",,15046844394,"BANDWIDTH.COM CLEC, LLC - LA",fixed line,,,,,,https://www.facebook.com/Nola-Carpet-Cleaning-102423119822362/,,,,,,,,,,,,,,,Hotel & Motel Carpet Cleaning | New Orleans LA - Nola Carpet,WordPress 6.8.3,"Nola Carpet Cleaning based in New Orleans, LA is proud to offer professional Hotel & Motel Carpet Cleaning Services. Contact us today for more info!",,False,False
"water damage restoration service, 70187, New Orleans, LA, US",National Economy Plumbers,National Economy Plumbers,https://nationaleconomyplumber.com/%3Futm_source%3Dgmb%26utm_medium%3Dorganic%26utm_content%3Dlisting%26utm_campaign%3Dlocal,"Plumber, Bathroom remodeler, Drainage service, Gasfitter, Hot water system supplier",Plumber,Plumber,+1 504-322-3950,fixed line,"BANDWIDTH.COM CLEC, LLC - LA",,"7204 Washington Ave, New Orleans, LA 70125",Gert Town,7204 Washington Ave,New Orleans,70125,Louisiana,Louisiana,United States of America,US,29.962600499999997,-90.1070575,894446552abffff,America/Chicago,,False,4.3,15.0,https://search.google.com/local/reviews?placeid=ChIJUYOWq4SlIIYRAQVZ-1lJxr8&q=*&authuser=0&hl=en&gl=US,,,0.0,2.0,2.0,0.0,11.0,3.0,https://lh3.googleusercontent.com/p/AF1QipNT8KNWI4V05b5-h6TQ2JIAKBCkGuO7WFHRA4d5=w800-h500-k-no,https://lh3.googleusercontent.com/p/AF1QipNT8KNWI4V05b5-h6TQ2JIAKBCkGuO7WFHRA4d5=w1600-h1000-k-no,,"{""Sunday"": ""Closed"", ""Monday"": ""8AM-5PM"", ""Tuesday"": ""8AM-5PM"", ""Wednesday"": ""8AM-5PM"", ""Thursday"": ""8AM-5PM"", ""Friday"": ""8AM-5PM"", ""Saturday"": ""Closed""}","Sunday,|Monday,8AM,5PM|Tuesday,8AM,5PM|Wednesday,8AM,5PM|Thursday,8AM,5PM|Friday,8AM,5PM|Saturday,",Sunday:Closed|Monday:8AM-5PM|Tuesday:8AM-5PM|Wednesday:8AM-5PM|Thursday:8AM-5PM|Friday:8AM-5PM|Saturday:Closed,,,OPERATIONAL,"{""Offerings"": {""Repair services"": true}, ""Payments"": {""Credit cards"": true}}",,,,https://lh5.googleusercontent.com/-vN4CKWn9hSc/AAAAAAAAAAI/AAAAAAAAAAA/bVIw1MmAphc/s44-p-k-no-ns-nd/photo.jpg,,,True,106817995845761798475,National Economy Plumbers,https://www.google.com/maps/contrib/106817995845761798475,,,,,"https://www.google.com/maps/place/National+Economy+Plumbers/@29.962600499999997,-90.1070575,14z/data=!4m8!1m2!2m1!1sNational+Economy+Plumbers!3m4!1s0x8620a584ab968351:0xbfc64959fb590501!8m2!3d29.962600499999997!4d-90.1070575","https://www.google.com/maps/place/National+Economy+Plumbers/@29.962600499999997,-90.1070575,13.99z/data=!4m16!1m7!3m6!1s0x8620a584ab968351:0xbfc64959fb590501!2sNational+Economy+Plumbers!8m2!3d29.962600499999997!4d-90.1070575!16s%2Fg%2F11ckvg1dmb!3m7!1s0x8620a584ab968351:0xbfc64959fb590501!8m2!3d29.962600499999997!4d-90.1070575!9m1!1b1!16s%2Fg%2F11ckvg1dmb?entry=ttu",ChIJUYOWq4SlIIYRAQVZ-1lJxr8,0x8620a584ab968351:0xbfc64959fb590501,13818813157450777857,/g/1vyk2w84,-4627930916258773759,,nep1@nationaleconomyplumber.com,UNKNOWN,Cannot validate,,,,,,,,,,,,,,,,,,,,,,2,,,,60,,,,15043223950,"BANDWIDTH.COM CLEC, LLC - LA",fixed line,,https://www.facebook.com/nationaleconomyplumber,,,,,,,,,,,,https://www.youtube.com/channel/UCHgQRaBMWv8viiwCRNyHnbg,,,Plumbers New Orleans LA | Call National Economy Plumbers,Divi Child By Monterey Premier v.Updated for Divi 3,"When you need Reliable, Licensed Plumbers New Orleans LA, Call Master Plumber David at National Economy Plumbers | Full Service-Free Plumbing Estimates",,False,False
"water damage restoration service, 70187, New Orleans, LA, US","Olver Enterprises, LLC",Olver Enterprises,,"Water damage restoration service, Service establishment, Plumber",Plumber,Water damage restoration service,+1 504-360-8380,mobile,T-Mobile USA Inc.,,,,,,,,,,,30.001354499999998,-90.17926949999999,89444655d0bffff,America/Chicago,,True,,,,,,,,,,,,,,,"{""Sunday"": ""Closed"", ""Monday"": ""8AM-8PM"", ""Tuesday"": ""8AM-8PM"", ""Wednesday"": ""8AM-8PM"", ""Thursday"": ""8AM-8PM"", ""Friday"": ""8AM-8PM"", ""Saturday"": ""8AM-8PM""}","Sunday,|Monday,8AM,8PM|Tuesday,8AM,8PM|Wednesday,8AM,8PM|Thursday,8AM,8PM|Friday,8AM,8PM|Saturday,8AM,8PM",Sunday:Closed|Monday:8AM-8PM|Tuesday:8AM-8PM|Wednesday:8AM-8PM|Thursday:8AM-8PM|Friday:8AM-8PM|Saturday:8AM-8PM,,,OPERATIONAL,"{""Offerings"": {""Repair services"": true}}",,,,https://lh3.googleusercontent.com/-zthX8WznHKs/AAAAAAAAAAI/AAAAAAAAAAA/0_oTYZlBU2E/s44-p-k-no-ns-nd/photo.jpg,,,True,112431635557393886220,"Olver Enterprises, LLC",https://www.google.com/maps/contrib/112431635557393886220,,,,,"https://www.google.com/maps/place/Olver+Enterprises%2C+LLC/@30.001354499999998,-90.17926949999999,14z/data=!4m8!1m2!2m1!1sOlver+Enterprises%2C+LLC!3m4!1s0x4271a878775d175:0xbeb536fd9b7fafe5!8m2!3d30.001354499999998!4d-90.17926949999999","https://www.google.com/maps/place/Olver+Enterprises%2C+LLC/@30.001354499999998,-90.17926949999999,13.99z/data=!4m16!1m7!3m6!1s0x4271a878775d175:0xbeb536fd9b7fafe5!2sOlver+Enterprises%2C+LLC!8m2!3d30.001354499999998!4d-90.17926949999999!16s%2Fg%2F11ckvg1dmb!3m7!1s0x4271a878775d175:0xbeb536fd9b7fafe5!8m2!3d30.001354499999998!4d-90.17926949999999!9m1!1b1!16s%2Fg%2F11ckvg1dmb?entry=ttu",ChIJddF1h4caJwQR5a9_m_02tb4,0x4271a878775d175:0xbeb536fd9b7fafe5,13741950300854398949,/g/11s7pv5l5w,None,,,,,,,,,,,,,,,,,,,,,,,,,,,,,,,,,,,,,,,,,,,,,,,,,,,,,,,,,,
"water damage restoration service, 70187, New Orleans, LA, US",The Field Team,The Field Team,,"Painting, Antique furniture restoration service, Service establishment, Fence contractor, Handyman/Handywoman/Handyperson, Tree service",Painting,Painting,+1 504-939-3627,mobile,T-Mobile USA Inc.,,,,,,,,,,,30.027376999999998,-89.91434799999999,8944464a12fffff,America/Chicago,,True,,,,,,,,,,,131.0,https://lh3.googleusercontent.com/p/AF1QipMNs8tnGB6mW8XIiVGOKug4p77Ea0hYXP6H1wwb=w800-h500-k-no,https://lh3.googleusercontent.com/p/AF1QipMNs8tnGB6mW8XIiVGOKug4p77Ea0hYXP6H1wwb=w1600-h1000-k-no,,"{""Sunday"": ""8AM-8PM"", ""Monday"": ""8AM-8PM"", ""Tuesday"": ""8AM-8PM"", ""Wednesday"": ""8AM-8PM"", ""Thursday"": ""8AM-8PM"", ""Friday"": ""8AM-8PM"", ""Saturday"": ""8AM-8PM""}","Sunday,8AM,8PM|Monday,8AM,8PM|Tuesday,8AM,8PM|Wednesday,8AM,8PM|Thursday,8AM,8PM|Friday,8AM,8PM|Saturday,8AM,8PM",Sunday:8AM-8PM|Monday:8AM-8PM|Tuesday:8AM-8PM|Wednesday:8AM-8PM|Thursday:8AM-8PM|Friday:8AM-8PM|Saturday:8AM-8PM,,,OPERATIONAL,{},,,,https://lh5.googleusercontent.com/-tBfcUSV8OHE/AAAAAAAAAAI/AAAAAAAAAAA/qvg4RBrXsOU/s44-p-k-no-ns-nd/photo.jpg,,,True,111665801270144932304,The Field Team,https://www.google.com/maps/contrib/111665801270144932304,,,,,"https://www.google.com/maps/place/The+Field+Team/@30.027376999999998,-89.91434799999999,14z/data=!4m8!1m2!2m1!1sThe+Field+Team!3m4!1s0x8620a74e2bc4a0ef:0x7b6aa07c51407640!8m2!3d30.027376999999998!4d-89.91434799999999","https://www.google.com/maps/place/The+Field+Team/@30.027376999999998,-89.91434799999999,13.99z/data=!4m16!1m7!3m6!1s0x8620a74e2bc4a0ef:0x7b6aa07c51407640!2sThe+Field+Team!8m2!3d30.027376999999998!4d-89.91434799999999!16s%2Fg%2F11ckvg1dmb!3m7!1s0x8620a74e2bc4a0ef:0x7b6aa07c51407640!8m2!3d30.027376999999998!4d-89.91434799999999!9m1!1b1!16s%2Fg%2F11ckvg1dmb?entry=ttu",ChIJ76DEK06nIIYRQHZAUXygans,0x8620a74e2bc4a0ef:0x7b6aa07c51407640,8893096869996033600,/g/11jmp4wd0l,None,,,,,,,,,,,,,,,,,,,,,,,,,,,,,,,,,,,,,,,,,,,,,,,,,,,,,,,,,,
"water damage restoration service, 70187, New Orleans, LA, US",Shifflett Roofing,Shifflett Roofing,http://www.shifflettroofing.com/,"Roofing contractor, Professional organizer",Roofing contractor,Roofing contractor,+1 504-329-5665,mobile,,,"201 St Charles Ave, New Orleans, LA 70170",Central Business District,201 St Charles Ave,New Orleans,70170,Louisiana,Louisiana,United States of America,US,29.952035,-90.0703321,894446420b7ffff,America/Chicago,,False,4.9,222.0,https://search.google.com/local/reviews?placeid=ChIJpTPfWAumIIYRpJe9aZ5gnNk&q=*&authuser=0&hl=en&gl=US,,,2.0,5.0,1.0,3.0,211.0,77.0,https://lh3.googleusercontent.com/gps-cs-s/AG0ilSygAZHVKV4T8k34O3lj4H-pMSpv8sbFPzMZRs-T0YtFMD3TioeMemkDCTCeOGY8HSaVYNR-DOn7EMJyL4y7-4ixE6hmVmG-YESPRF_H0EPufPXL69SYrtuI3VORX7wodIdPoIuH=w800-h500-k-no,https://lh3.googleusercontent.com/gps-cs-s/AG0ilSygAZHVKV4T8k34O3lj4H-pMSpv8sbFPzMZRs-T0YtFMD3TioeMemkDCTCeOGY8HSaVYNR-DOn7EMJyL4y7-4ixE6hmVmG-YESPRF_H0EPufPXL69SYrtuI3VORX7wodIdPoIuH=w1600-h1000-k-no,,"{""Sunday"": ""Closed"", ""Monday"": ""8:30AM-7PM"", ""Tuesday"": ""8:30AM-7PM"", ""Wednesday"": ""8:30AM-7PM"", ""Thursday"": ""8:30AM-7PM"", ""Friday"": ""8:30AM-7PM"", ""Saturday"": ""8:30AM-7PM""}","Sunday,|Monday,8:30AM,7PM|Tuesday,8:30AM,7PM|Wednesday,8:30AM,7PM|Thursday,8:30AM,7PM|Friday,8:30AM,7PM|Saturday,8:30AM,7PM",Sunday:Closed|Monday:8:30AM-7PM|Tuesday:8:30AM-7PM|Wednesday:8:30AM-7PM|Thursday:8:30AM-7PM|Friday:8:30AM-7PM|Saturday:8:30AM-7PM,,,OPERATIONAL,"{""Service options"": {""Online estimates"": true, ""Onsite services"": true}}",,,,https://lh6.googleusercontent.com/-XtN--AGB59g/AAAAAAAAAAI/AAAAAAAAAAA/sUGra-nkwBw/s44-p-k-no-ns-nd/photo.jpg,,,True,101370861914107751133,Shifflett Roofing,https://www.google.com/maps/contrib/101370861914107751133,,http://www.shifflettroofing.com/roofingquote.html,,http://www.shifflettroofing.com/roofingquote.html,"https://www.google.com/maps/place/Shifflett+Roofing/@29.952035,-90.0703321,14z/data=!4m8!1m2!2m1!1sShifflett+Roofing!3m4!1s0x8620a60b58df33a5:0xd99c609e69bd97a4!8m2!3d29.952035!4d-90.0703321","https://www.google.com/maps/place/Shifflett+Roofing/@29.952035,-90.0703321,13.99z/data=!4m16!1m7!3m6!1s0x8620a60b58df33a5:0xd99c609e69bd97a4!2sShifflett+Roofing!8m2!3d29.952035!4d-90.0703321!16s%2Fg%2F11ckvg1dmb!3m7!1s0x8620a60b58df33a5:0xd99c609e69bd97a4!8m2!3d29.952035!4d-90.0703321!9m1!1b1!16s%2Fg%2F11ckvg1dmb?entry=ttu",ChIJpTPfWAumIIYRpJe9aZ5gnNk,0x8620a60b58df33a5:0xd99c609e69bd97a4,15680514236092356516,/g/1tfvhkv6,-2766229837617195100,,tim@shifflettroofing.com,INVALID,Invalid DNS,,,,,,timothyshifflett@yahoo.com,RECEIVING,Confirmed,,,,,,,,,,,,,,15043295665,mobile,,,5043295665,,mobile,,,,,,,,,,,,,,,,,,,,,New Orleans Roofer and Roofing (504) 329-5665,wordpress,"Shifflett Roofing is a New Orleans roofer specializing in new roofs, roof repair, re-roofs, hail storm repair, and roofing maintenance throughout Louisiana.",,False,False
"water damage restoration service, 70187, New Orleans, LA, US","Rashad's AC and Heating, LLC",Rashads Ac And Heating,http://rashadsacandheating.com/,"Air conditioning repair service, Air conditioning contractor, Air duct cleaning service, Service establishment, Furnace repair service, Heating contractor, HVAC contractor, Refrigerator repair service",Air conditioning repair service,Air conditioning repair service,+1 504-717-0333,mobile,CELLCO PARTNERSHIP DBA VERIZON,,,,,,,,,,,30.000254899999998,-89.9526745,8944464101bffff,America/Chicago,,True,4.8,235.0,https://search.google.com/local/reviews?placeid=ChIJza7rhqEdnogREVyEMVdVNpM&q=*&authuser=0&hl=en&gl=US,,,11.0,2.0,1.0,6.0,215.0,13.0,https://lh3.googleusercontent.com/p/AF1QipMTHPCL_CYm1Vfb-Na36xpn1UE_S8AcE8iVcDmg=w800-h500-k-no,https://lh3.googleusercontent.com/p/AF1QipMTHPCL_CYm1Vfb-Na36xpn1UE_S8AcE8iVcDmg=w1600-h1000-k-no,,"{""Sunday"": ""Closed"", ""Monday"": ""8AM-6PM"", ""Tuesday"": ""8AM-6PM"", ""Wednesday"": ""8AM-6PM"", ""Thursday"": ""8AM-6PM"", ""Friday"": ""8AM-6PM"", ""Saturday"": ""Closed""}","Sunday,|Monday,8AM,6PM|Tuesday,8AM,6PM|Wednesday,8AM,6PM|Thursday,8AM,6PM|Friday,8AM,6PM|Saturday,",Sunday:Closed|Monday:8AM-6PM|Tuesday:8AM-6PM|Wednesday:8AM-6PM|Thursday:8AM-6PM|Friday:8AM-6PM|Saturday:Closed,,,OPERATIONAL,"{""Offerings"": {""Repair services"": true}, ""Payments"": {""Credit cards"": true}}",,,,https://lh4.googleusercontent.com/-ZxP2UBLohMk/AAAAAAAAAAI/AAAAAAAAAAA/9FOI8W-ZBJ0/s44-p-k-no-ns-nd/photo.jpg,,,True,101513415784032885520,"Rashad's AC and Heating, LLC",https://www.google.com/maps/contrib/101513415784032885520,,,,,"https://www.google.com/maps/place/Rashad%27s+AC+and+Heating%2C+LLC/@30.000254899999998,-89.9526745,14z/data=!4m8!1m2!2m1!1sRashad%27s+AC+and+Heating%2C+LLC!3m4!1s0x889e1da186ebaecd:0x9336555731845c11!8m2!3d30.000254899999998!4d-89.9526745","https://www.google.com/maps/place/Rashad%27s+AC+and+Heating%2C+LLC/@30.000254899999998,-89.9526745,13.99z/data=!4m16!1m7!3m6!1s0x889e1da186ebaecd:0x9336555731845c11!2sRashad%27s+AC+and+Heating%2C+LLC!8m2!3d30.000254899999998!4d-89.9526745!16s%2Fg%2F11ckvg1dmb!3m7!1s0x889e1da186ebaecd:0x9336555731845c11!8m2!3d30.000254899999998!4d-89.9526745!9m1!1b1!16s%2Fg%2F11ckvg1dmb?entry=ttu",ChIJza7rhqEdnogREVyEMVdVNpM,0x889e1da186ebaecd:0x9336555731845c11,10607759805299055633,/g/11g6nzylf0,-7838984268410495983,,rashadacandheating@gmail.com,RECEIVING,SMTP validated,,,,,,danielle.d@rashadsacandheating.com,RECEIVING,Verified,,,,,,rashadacandheating@gmail.com,RECEIVING,SMTP validated,,,,,,5047170333,mobile,CELLCO PARTNERSHIP DBA VERIZON,,6787272406,,landline,,6786745444,,landline,,,,,,,,,,,,,,,,,"Heat Pump | Gretna Air Conditioning Repair, Air Conditioning Services and Furnace Repair | Rashad's AC and Heating",All in One SEO (AIOSEO) 4.4.1,"Gretna Heat Pump | Gretna Air Conditioning Repair, Air Conditioning Services and Furnace Repair",,False,False
"water damage restoration service, 70187, New Orleans, LA, US",Rimes Cleaning Solutions & Restoration,Rimes Cleaning Solutions And Restoration,,"Water damage restoration service, Carpenter, Cleaning service, Deck builder, Service establishment, Fence contractor, Fire damage restoration service, Janitorial service, Lawn care service, Pressure washing service, General contractor",General contractor,Water damage restoration service,+1 601-810-6251,mobile,"NEW CINGULAR WIRELESS PCS, LLC - GA",,,,,,,,,,,31.925613,-91.07061999999999,8944430856fffff,America/Chicago,,True,,,,,,,,,,,1.0,https://lh3.googleusercontent.com/p/AF1QipMHkqzo9rGgFmT52X6mk0dh9CjPdvQDfULzBXhq=w800-h500-k-no,https://lh3.googleusercontent.com/p/AF1QipMHkqzo9rGgFmT52X6mk0dh9CjPdvQDfULzBXhq=w1600-h1000-k-no,,"{""Sunday"": ""6AM-6PM"", ""Monday"": ""6AM-6PM"", ""Tuesday"": ""6AM-6PM"", ""Wednesday"": ""6AM-6PM"", ""Thursday"": ""6AM-6PM"", ""Friday"": ""6AM-6PM"", ""Saturday"": ""6AM-6PM""}","Sunday,6AM,6PM|Monday,6AM,6PM|Tuesday,6AM,6PM|Wednesday,6AM,6PM|Thursday,6AM,6PM|Friday,6AM,6PM|Saturday,6AM,6PM",Sunday:6AM-6PM|Monday:6AM-6PM|Tuesday:6AM-6PM|Wednesday:6AM-6PM|Thursday:6AM-6PM|Friday:6AM-6PM|Saturday:6AM-6PM,,,OPERATIONAL,{},,,,https://lh4.googleusercontent.com/-JqBTJmbfMKs/AAAAAAAAAAI/AAAAAAAAAAA/jGfgDCObwV0/s44-p-k-no-ns-nd/photo.jpg,,,True,102660403691209021003,Rimes Cleaning Solutions & Restoration,https://www.google.com/maps/contrib/102660403691209021003,,,,,"https://www.google.com/maps/place/Rimes+Cleaning+Solutions+%26+Restoration/@31.925613,-91.07061999999999,14z/data=!4m8!1m2!2m1!1sRimes+Cleaning+Solutions+%26+Restoration!3m4!1s0x889df99614206877:0x9069cb494749df42!8m2!3d31.925613!4d-91.07061999999999","https://www.google.com/maps/place/Rimes+Cleaning+Solutions+%26+Restoration/@31.925613,-91.07061999999999,13.99z/data=!4m16!1m7!3m6!1s0x889df99614206877:0x9069cb494749df42!2sRimes+Cleaning+Solutions+%26+Restoration!8m2!3d31.925613!4d-91.07061999999999!16s%2Fg%2F11ckvg1dmb!3m7!1s0x889df99614206877:0x9069cb494749df42!8m2!3d31.925613!4d-91.07061999999999!9m1!1b1!16s%2Fg%2F11ckvg1dmb?entry=ttu",ChIJd2ggFJb5nYgRQt9JR0nLaZA,0x889df99614206877:0x9069cb494749df42,10406071929605316418,/g/11b77jkhgd,None,,,,,,,,,,,,,,,,,,,,,,,,,,,,,,,,,,,,,,,,,,,,,,,,,,,,,,,,,,
"water damage restoration service, 70187, New Orleans, LA, US",Alexis Floor Detailing LLC,Alexis Floor Detailing,https://alexisfloordetailing.com/,"Tile cleaning service, Service establishment, Floor refinishing service, Floor sanding and polishing service, Flooring contractor, Wood floor refinishing service",Tile cleaning service,Tile cleaning service,+1 504-438-0682,landline,,,,,,,,,,,,30.0326605,-89.88256349999999,8944464a367ffff,America/Chicago,,True,5.0,2.0,https://search.google.com/local/reviews?placeid=ChIJads6YfcDnogRqTfBojGn2HA&q=*&authuser=0&hl=en&gl=US,,,0.0,0.0,0.0,0.0,2.0,14.0,https://lh3.googleusercontent.com/gps-cs-s/AG0ilSzz9zmeOWb6_glmewoDY6epVWKsC9QbUVi_woz--sFfi3wTVRHGLboxjRYqPMyXQWm5Ujec1YuqT86dA7MGTpg_ojrPyJP8ik1IzSdb9Pyw8LynWPSsrMHlc8RHQEF3YERI2JJ1=w800-h500-k-no,https://lh3.googleusercontent.com/gps-cs-s/AG0ilSzz9zmeOWb6_glmewoDY6epVWKsC9QbUVi_woz--sFfi3wTVRHGLboxjRYqPMyXQWm5Ujec1YuqT86dA7MGTpg_ojrPyJP8ik1IzSdb9Pyw8LynWPSsrMHlc8RHQEF3YERI2JJ1=w1600-h1000-k-no,,"{""Sunday"": ""8AM-8PM"", ""Monday"": ""8AM-8PM"", ""Tuesday"": ""8AM-8PM"", ""Wednesday"": ""8AM-8PM"", ""Thursday"": ""8AM-8PM"", ""Friday"": ""8AM-8PM"", ""Saturday"": ""8AM-8PM""}","Sunday,8AM,8PM|Monday,8AM,8PM|Tuesday,8AM,8PM|Wednesday,8AM,8PM|Thursday,8AM,8PM|Friday,8AM,8PM|Saturday,8AM,8PM",Sunday:8AM-8PM|Monday:8AM-8PM|Tuesday:8AM-8PM|Wednesday:8AM-8PM|Thursday:8AM-8PM|Friday:8AM-8PM|Saturday:8AM-8PM,,,OPERATIONAL,{},,,,https://lh3.googleusercontent.com/-ZQ4giFi1RNs/AAAAAAAAAAI/AAAAAAAAAAA/fUoV7XrAQHc/s44-p-k-no-ns-nd/photo.jpg,,,True,103979108409965605961,Alexis Floor Detailing LLC,https://www.google.com/maps/contrib/103979108409965605961,,,,,"https://www.google.com/maps/place/Alexis+Floor+Detailing+LLC/@30.0326605,-89.88256349999999,14z/data=!4m8!1m2!2m1!1sAlexis+Floor+Detailing+LLC!3m4!1s0x889e03f7613adb69:0x70d8a731a2c137a9!8m2!3d30.0326605!4d-89.88256349999999","https://www.google.com/maps/place/Alexis+Floor+Detailing+LLC/@30.0326605,-89.88256349999999,13.99z/data=!4m16!1m7!3m6!1s0x889e03f7613adb69:0x70d8a731a2c137a9!2sAlexis+Floor+Detailing+LLC!8m2!3d30.0326605!4d-89.88256349999999!16s%2Fg%2F11ckvg1dmb!3m7!1s0x889e03f7613adb69:0x70d8a731a2c137a9!8m2!3d30.0326605!4d-89.88256349999999!9m1!1b1!16s%2Fg%2F11ckvg1dmb?entry=ttu",ChIJads6YfcDnogRqTfBojGn2HA,0x889e03f7613adb69:0x70d8a731a2c137a9,8131432958843238313,/g/11pf8wp5ty,8131432958843238313,,,,,,,,,,,,,,,,,,,,,,,,,,5042180061,landline,,,,,,,,,,,,,,,,,,,,,,,,,,"Quality floor waxing services in New Orleans, LA, 70127!",wordpress,"For reliable floor waxing services in New Orleans, LA, 70127, call Alexis Floor Detailing LLC without a moment's delay!",,,
"water damage restoration service, 70187, New Orleans, LA, US",Get Best Restoration,Get Best Restoration,,"Water damage restoration service, Service establishment",Water damage restoration service,Water damage restoration service,+1 504-442-8494,mobile,CELLCO PARTNERSHIP DBA VERIZON WIRELESS - LA,,,,,,,,,,,30.0475435,-90.0527966,894446408d3ffff,America/Chicago,,True,,,,,,,,,,,,,,,"{""Sunday"": ""Open 24 hours"", ""Monday"": ""Open 24 hours"", ""Tuesday"": ""Open 24 hours"", ""Wednesday"": ""Open 24 hours"", ""Thursday"": ""Open 24 hours"", ""Friday"": ""Open 24 hours"", ""Saturday"": ""Open 24 hours""}","Sunday,Open 24 hours|Monday,Open 24 hours|Tuesday,Open 24 hours|Wednesday,Open 24 hours|Thursday,Open 24 hours|Friday,Open 24 hours|Saturday,Open 24 hours",Sunday:Open 24 hours|Monday:Open 24 hours|Tuesday:Open 24 hours|Wednesday:Open 24 hours|Thursday:Open 24 hours|Friday:Open 24 hours|Saturday:Open 24 hours,,,OPERATIONAL,"{""Crowd"": {""LGBTQ+ friendly"": true}, ""Other"": {""LGBTQ+ friendly"": true}}",,,,https://lh6.googleusercontent.com/-fzZRbzuMoLc/AAAAAAAAAAI/AAAAAAAAAAA/CNZYUJlFbMU/s44-p-k-no-ns-nd/photo.jpg,,,True,115404862719950439924,Get Best Restoration,https://www.google.com/maps/contrib/115404862719950439924,,,,,"https://www.google.com/maps/place/Get+Best+Restoration/@30.0475435,-90.0527966,14z/data=!4m8!1m2!2m1!1sGet+Best+Restoration!3m4!1s0x2888302e5cb8697b:0xf1a9376fc74ca848!8m2!3d30.0475435!4d-90.0527966","https://www.google.com/maps/place/Get+Best+Restoration/@30.0475435,-90.0527966,13.99z/data=!4m16!1m7!3m6!1s0x2888302e5cb8697b:0xf1a9376fc74ca848!2sGet+Best+Restoration!8m2!3d30.0475435!4d-90.0527966!16s%2Fg%2F11ckvg1dmb!3m7!1s0x2888302e5cb8697b:0xf1a9376fc74ca848!8m2!3d30.0475435!4d-90.0527966!9m1!1b1!16s%2Fg%2F11ckvg1dmb?entry=ttu",ChIJe2m4XC4wiCgRSKhMx283qfE,0x2888302e5cb8697b:0xf1a9376fc74ca848,17413510387429320776,/g/11sz6zmyk6,None,,,,,,,,,,,,,,,,,,,,,,,,,,,,,,,,,,,,,,,,,,,,,,,,,,,,,,,,,,
"water damage restoration service, 70187, New Orleans, LA, US","Gravel Road Builders Construction Services, LLC",Gravel Road Builders Construction Services,http://www.buildwithgravel.com/,"Construction company, Building restoration service, Contractor, Fence contractor, General contractor, Handyman/Handywoman/Handyperson, Sand & gravel supplier",Construction company,Construction company,+1 504-233-8139,landline,,,"2511 Flood St, New Orleans, LA 70117",Lower Ninth Ward,2511 Flood St,New Orleans,70117,Louisiana,Louisiana,United States of America,US,29.9761553,-90.01197669999999,8944464312bffff,America/Chicago,,False,5.0,12.0,https://search.google.com/local/reviews?placeid=ChIJIT-dswmoIIYRMMMu9t0lZho&q=*&authuser=0&hl=en&gl=US,,,0.0,0.0,0.0,0.0,12.0,35.0,https://lh3.googleusercontent.com/gps-cs-s/AG0ilSxo84qw5MkrIAznI83dzeZ63Z5VZl08OH7Sr8a4OxVnnVOEkVL5eeYyb66pzl_9OsGaGnA9P_4ye_zUMmPOBMd8ZtdJDjM4IYfvUG0W6SL3x0A7H84TqKe0WYvTU9yY-XKFdWV8DQ=w800-h500-k-no,https://lh3.googleusercontent.com/gps-cs-s/AG0ilSxo84qw5MkrIAznI83dzeZ63Z5VZl08OH7Sr8a4OxVnnVOEkVL5eeYyb66pzl_9OsGaGnA9P_4ye_zUMmPOBMd8ZtdJDjM4IYfvUG0W6SL3x0A7H84TqKe0WYvTU9yY-XKFdWV8DQ=w1600-h1000-k-no,,"{""Sunday"": ""Closed"", ""Monday"": ""9AM-5PM"", ""Tuesday"": ""9AM-5PM"", ""Wednesday"": ""9AM-5PM"", ""Thursday"": ""9AM-5PM"", ""Friday"": ""9AM-5PM"", ""Saturday"": ""Closed""}","Sunday,|Monday,9AM,5PM|Tuesday,9AM,5PM|Wednesday,9AM,5PM|Thursday,9AM,5PM|Friday,9AM,5PM|Saturday,",Sunday:Closed|Monday:9AM-5PM|Tuesday:9AM-5PM|Wednesday:9AM-5PM|Thursday:9AM-5PM|Friday:9AM-5PM|Saturday:Closed,,,OPERATIONAL,"{""From the business"": {""Identifies as Black-owned"": true}, ""Service options"": {""Onsite services"": true}, ""Other"": {""Identifies as Black-owned"": true}}",,,,https://lh5.googleusercontent.com/-yFavJ-aIHMA/AAAAAAAAAAI/AAAAAAAAAAA/8LNQy4FMauY/s44-p-k-no-ns-nd/photo.jpg,,,True,112219915236800962649,"Gravel Road Builders Construction Services, LLC",https://www.google.com/maps/contrib/112219915236800962649,,,,,"https://www.google.com/maps/place/Gravel+Road+Builders+Construction+Services%2C+LLC/@29.9761553,-90.01197669999999,14z/data=!4m8!1m2!2m1!1sGravel+Road+Builders+Construction+Services%2C+LLC!3m4!1s0x8620a809b39d3f21:0x1a6625ddf62ec330!8m2!3d29.9761553!4d-90.01197669999999","https://www.google.com/maps/place/Gravel+Road+Builders+Construction+Services%2C+LLC/@29.9761553,-90.01197669999999,13.99z/data=!4m16!1m7!3m6!1s0x8620a809b39d3f21:0x1a6625ddf62ec330!2sGravel+Road+Builders+Construction+Services%2C+LLC!8m2!3d29.9761553!4d-90.01197669999999!16s%2Fg%2F11ckvg1dmb!3m7!1s0x8620a809b39d3f21:0x1a6625ddf62ec330!8m2!3d29.9761553!4d-90.01197669999999!9m1!1b1!16s%2Fg%2F11ckvg1dmb?entry=ttu",ChIJIT-dswmoIIYRMMMu9t0lZho,0x8620a809b39d3f21:0x1a6625ddf62ec330,1902249527858873136,/g/11hblgmvw_,1902249527858873136,,buildwithgravel@gmail.com,RECEIVING,SMTP validated,,,,,,,,,,,,,,,,,,,,,,15042338139,landline,,,,,,,,,,,https://www.facebook.com/BuildWithGravel/,https://www.instagram.com/buildwithgravel,https://www.linkedin.com/company/11303852/,,,,,,,,https://twitter.com/Buildwithgrav1,,,,,"Project Management - WELCOME TO GRAVEL ROAD BUILDERS AND CONSTRUCTION SERVICES, LLC",WordPress 6.8.3,,,False,False
"water damage restoration service, 70187, New Orleans, LA, US",Heirloom Restored,Heirloom Restored,https://sites.google.com/view/heirloomrestoredcom,"Water damage restoration service, Antique furniture restoration service, Service establishment, Furniture maker, Upholstery shop, Furniture repair shop",Furniture repair shop,Water damage restoration service,+1 985-643-8355,landline,,,,,,,,,,,,30.3167996,-89.552852,8944551682bffff,America/Chicago,,True,5.0,3.0,https://search.google.com/local/reviews?placeid=ChIJLxw-O0bmnYgR7SoR0aI-Sv4&q=*&authuser=0&hl=en&gl=US,,,0.0,0.0,0.0,0.0,3.0,20.0,https://lh3.googleusercontent.com/p/AF1QipNH-DeEq_bN4qUmgzI63quFAHs_M0sUrpN7apo=w800-h500-k-no,https://lh3.googleusercontent.com/p/AF1QipNH-DeEq_bN4qUmgzI63quFAHs_M0sUrpN7apo=w1600-h1000-k-no,,,,,,,CLOSED_TEMPORARILY,{},,,,https://lh6.googleusercontent.com/-jyHFNPya-s0/AAAAAAAAAAI/AAAAAAAAAAA/ciwmnDzC9aw/s44-p-k-no-ns-nd/photo.jpg,,,True,111641942068308362276,Heirloom Restored,https://www.google.com/maps/contrib/111641942068308362276,,,,,"https://www.google.com/maps/place/Heirloom+Restored/@30.3167996,-89.552852,14z/data=!4m8!1m2!2m1!1sHeirloom+Restored!3m4!1s0x889de6463b3e1c2f:0xfe4a3ea2d1112aed!8m2!3d30.3167996!4d-89.552852","https://www.google.com/maps/place/Heirloom+Restored/@30.3167996,-89.552852,13.99z/data=!4m16!1m7!3m6!1s0x889de6463b3e1c2f:0xfe4a3ea2d1112aed!2sHeirloom+Restored!8m2!3d30.3167996!4d-89.552852!16s%2Fg%2F11ckvg1dmb!3m7!1s0x889de6463b3e1c2f:0xfe4a3ea2d1112aed!8m2!3d30.3167996!4d-89.552852!9m1!1b1!16s%2Fg%2F11ckvg1dmb?entry=ttu",ChIJLxw-O0bmnYgR7SoR0aI-Sv4,0x889de6463b3e1c2f:0xfe4a3ea2d1112aed,18323526902923471597,/g/11bxjth9p9,-123217170786080019,,h.weiner@4gig.com,INVALID,Invalid SMTP,Howard Weiner,Howard,Weiner,Chief Operating Offr,13127872345,stryba@4gig.com,INVALID,Cannot validate,Steve Tryba,Steve,Tryba,Owner,,tryba@4gig.com,INVALID,Cannot validate,,,,Owner,,19105815540,mobile,CELLCO PARTNERSHIP DBA VERIZON WIRELESS - NC,,9197579321,,landline,,9197634402,,landline,,,,,,,,,,,,,,,,https://www.crunchbase.com/organization/delta-landscapes,Delta landscapes,WordPress 6.0.3,"Premier landscaping services in Nashville, Tennessee. We specialize in creating beautiful and sustainable landscapes for residential and commercial properties.","landscaping, nashville, tennessee",False,False
"water damage restoration service, 70195, New Orleans, LA, US",That 1 Painter New Orleans,That 1 Painter New Orleans,https://that1painter.com/new-orleans/,"Painter, Dry wall contractor, Service establishment, Painting",Painter,Painter,+1 504-217-2035,mobile,T-Mobile USA Inc.,,,,,,,,,,,30.137218899999997,-90.085819,8944464530fffff,America/Chicago,,True,4.9,110.0,https://search.google.com/local/reviews?placeid=ChIJLc1E1QrDKQsR9kX-6dCDZbU&q=*&authuser=0&hl=en&gl=US,,,3.0,0.0,0.0,0.0,107.0,103.0,https://lh3.googleusercontent.com/p/AF1QipNbVxxtH_VRjTNL9PSvS6hp934HS8SkBT5rgh1W=w800-h500-k-no,https://lh3.googleusercontent.com/p/AF1QipNbVxxtH_VRjTNL9PSvS6hp934HS8SkBT5rgh1W=w1600-h1000-k-no,,"{""Sunday"": ""Open 24 hours"", ""Monday"": ""Open 24 hours"", ""Tuesday"": ""Open 24 hours"", ""Wednesday"": ""Open 24 hours"", ""Thursday"": ""Open 24 hours"", ""Friday"": ""Open 24 hours"", ""Saturday"": ""Open 24 hours""}","Sunday,Open 24 hours|Monday,Open 24 hours|Tuesday,Open 24 hours|Wednesday,Open 24 hours|Thursday,Open 24 hours|Friday,Open 24 hours|Saturday,Open 24 hours",Sunday:Open 24 hours|Monday:Open 24 hours|Tuesday:Open 24 hours|Wednesday:Open 24 hours|Thursday:Open 24 hours|Friday:Open 24 hours|Saturday:Open 24 hours,,,OPERATIONAL,{},,,,https://lh5.googleusercontent.com/-qSl-DljtmXc/AAAAAAAAAAI/AAAAAAAAAAA/JoUB1I_36LA/s44-p-k-no-ns-nd/photo.jpg,,,True,110843408935436323530,That 1 Painter New Orleans,https://www.google.com/maps/contrib/110843408935436323530,,https://book.housecallpro.com/book/That-1-Painter-New-Orleans/20e232a00c204b21b9a6d1c04a619ddb?v2=true&lead_source=google&merchant_id=c9752e6e-b9d0-4c5f-bf07-09098aae580a&rwg_token=ACgRB3c-vfMhbequqOz6DNCorBF8h-DM3G_PaCOkbYWMbkxEjFeBujU3rtL0Ftlumh9XC-D9PZ8ZCi2f92UTb9omQDXcVM5jKuzU9xPclyM4MazibZ1tx8g%3D,,https://book.housecallpro.com/book/That-1-Painter-New-Orleans/20e232a00c204b21b9a6d1c04a619ddb?v2=true&lead_source=google&merchant_id=c9752e6e-b9d0-4c5f-bf07-09098aae580a&rwg_token=ACgRB3c-vfMhbequqOz6DNCorBF8h-DM3G_PaCOkbYWMbkxEjFeBujU3rtL0Ftlumh9XC-D9PZ8ZCi2f92UTb9omQDXcVM5jKuzU9xPclyM4MazibZ1tx8g%3D,"https://www.google.com/maps/place/That+1+Painter+New+Orleans/@30.137218899999997,-90.085819,14z/data=!4m8!1m2!2m1!1sThat+1+Painter+New+Orleans!3m4!1s0xb29c30ad544cd2d:0xb56583d0e9fe45f6!8m2!3d30.137218899999997!4d-90.085819","https://www.google.com/maps/place/That+1+Painter+New+Orleans/@30.137218899999997,-90.085819,13.99z/data=!4m16!1m7!3m6!1s0xb29c30ad544cd2d:0xb56583d0e9fe45f6!2sThat+1+Painter+New+Orleans!8m2!3d30.137218899999997!4d-90.085819!16s%2Fg%2F11ckvg1dmb!3m7!1s0xb29c30ad544cd2d:0xb56583d0e9fe45f6!8m2!3d30.137218899999997!4d-90.085819!9m1!1b1!16s%2Fg%2F11ckvg1dmb?entry=ttu",ChIJLc1E1QrDKQsR9kX-6dCDZbU,0xb29c30ad544cd2d:0xb56583d0e9fe45f6,13070998426814924278,/g/11y5vm0pb1,-5375745646894627338,,steven@that1painter.com,RECEIVING,SMTP validated,,,,,,contact@that1painter.com,RECEIVING,SMTP validated,,,,,,appointments@that1painter.com,RECEIVING,SMTP validated,,,,,,5125153665,landline,,,8552221427,,toll_free,,18552221427,,toll_free,,http://www.facebook.com/that1painter,https://www.instagram.com/that1painter_ys,https://www.linkedin.com/company/that1painter-frisco-plano,,,,,,,,http://www.twitter.com/that1painter,,https://www.youtube.com/user/That1Painter/,,,"Professional Painters in Yulee Starke, FL | That 1 Painter",wordpress,"That 1 Painter offers top-quality interior & exterior painting by professional painters in Yulee Starke, including deck & fence staining. Get a FREE quote today!",,True,False
"water damage restoration service, 70195, New Orleans, LA, US",Revival Roofing & Restoration,Revival Roofing And Restoration,https://revivalroofs.com/,Roofing contractor,Roofing contractor,Roofing contractor,+1 504-446-7663,mobile,T-Mobile USA Inc.,,"712 St Joseph Ln, Harvey, LA 70058",None,712 St Joseph Ln,Harvey,70058,Louisiana,Louisiana,United States of America,US,29.902350799999997,-90.0785147,8944465084bffff,America/Chicago,,False,5.0,175.0,https://search.google.com/local/reviews?placeid=ChIJlzYZXGmHO4YR-Wt5fHKBWaQ&q=*&authuser=0&hl=en&gl=US,,,2.0,0.0,0.0,0.0,173.0,248.0,https://lh3.googleusercontent.com/p/AF1QipOF8I2uIsXR1j5WYarrXwOZ8fpiT6dmB51fKiyL=w800-h500-k-no,https://lh3.googleusercontent.com/p/AF1QipOF8I2uIsXR1j5WYarrXwOZ8fpiT6dmB51fKiyL=w1600-h1000-k-no,,"{""Sunday"": ""Open 24 hours"", ""Monday"": ""Open 24 hours"", ""Tuesday"": ""Open 24 hours"", ""Wednesday"": ""Open 24 hours"", ""Thursday"": ""Open 24 hours"", ""Friday"": ""Open 24 hours"", ""Saturday"": ""Open 24 hours""}","Sunday,Open 24 hours|Monday,Open 24 hours|Tuesday,Open 24 hours|Wednesday,Open 24 hours|Thursday,Open 24 hours|Friday,Open 24 hours|Saturday,Open 24 hours",Sunday:Open 24 hours|Monday:Open 24 hours|Tuesday:Open 24 hours|Wednesday:Open 24 hours|Thursday:Open 24 hours|Friday:Open 24 hours|Saturday:Open 24 hours,,,OPERATIONAL,"{""Service options"": {""Online estimates"": true, ""Language assistance"": ""English, Spanish""}, ""Accessibility"": {""Wheelchair accessible parking lot"": true, ""Wheelchair accessible restroom"": false}}",,,,https://lh5.googleusercontent.com/-qd_Dh8sF59g/AAAAAAAAAAI/AAAAAAAAAAA/4Xoj7GDAEGA/s44-p-k-no-ns-nd/photo.jpg,,,True,114911917889587913028,Revival Roofing & Restoration,https://www.google.com/maps/contrib/114911917889587913028,,http://www.revivalroofs.com/,,http://www.revivalroofs.com/,"https://www.google.com/maps/place/Revival+Roofing+%26+Restoration/@29.902350799999997,-90.0785147,14z/data=!4m8!1m2!2m1!1sRevival+Roofing+%26+Restoration!3m4!1s0x863b87695c193697:0xa45981727c796bf9!8m2!3d29.902350799999997!4d-90.0785147","https://www.google.com/maps/place/Revival+Roofing+%26+Restoration/@29.902350799999997,-90.0785147,13.99z/data=!4m16!1m7!3m6!1s0x863b87695c193697:0xa45981727c796bf9!2sRevival+Roofing+%26+Restoration!8m2!3d29.902350799999997!4d-90.0785147!16s%2Fg%2F11ckvg1dmb!3m7!1s0x863b87695c193697:0xa45981727c796bf9!8m2!3d29.902350799999997!4d-90.0785147!9m1!1b1!16s%2Fg%2F11ckvg1dmb?entry=ttu",ChIJlzYZXGmHO4YR-Wt5fHKBWaQ,0x863b87695c193697:0xa45981727c796bf9,11842639023862017017,/g/11pb24nbgg,-6604105049847534599,,info@revivalroofs.com,RECEIVING,SMTP validated,,,,,,parker@revivalroofs.com,RECEIVING,SMTP validated,,,,,,john@revivalroofs.com,INVALID,Undeliverable,,,,,,15044467663,mobile,T-Mobile USA Inc.,,15042848224,AT&T,mobile,True,16156197663,Bandwidth.com,landline,True,https://www.facebook.com/revivalroofs,https://www.instagram.com/revivalroofs,,,,,,,,,,,,,,About Us | Revival Roofing & Restoration in Nashville,"Elementor 3.33.0; settings: css_print_method-external, google_font-disabled, font_display-auto","Revival Roofing & Restoration is a local, Nashville-based roofing company. From roof repairs to replacements, our team always delivers 5-star service.","Our, Expertise, for, Your, Project",False,True
"water damage restoration service, 70195, New Orleans, LA, US",Adam Alan Paint-New Orleans,Adam Alan Paint New Orleans,,Painter,Painter,Painter,+1 504-570-7784,mobile,"VOICESTREAM GSM I, LLC",,"2829 St Philip St, New Orleans, LA 70119",Bayou St. John,2829 St Philip St,New Orleans,70119,Louisiana,Louisiana,United States of America,US,29.9734585,-90.083705,89444642133ffff,America/Chicago,,False,4.6,14.0,https://search.google.com/local/reviews?placeid=ChIJ287F3VevIIYR2q1WJMoI1a4&q=*&authuser=0&hl=en&gl=US,,,1.0,0.0,1.0,0.0,12.0,3378.0,https://lh3.googleusercontent.com/gps-cs-s/AG0ilSxMup62UPa0hnolxl96_HVLuCEPIAFEUAJGzsNsnUPQZdAQmB5a_w9XYV7tVgXjLHG2PEeHzmA81Y5a3BWtyJ0xPk0JL3m1emYnggemnenynk2Vy59bzLWSyVQ6vbQ_AzlFH6JJ=w800-h500-k-no,https://lh3.googleusercontent.com/gps-cs-s/AG0ilSxMup62UPa0hnolxl96_HVLuCEPIAFEUAJGzsNsnUPQZdAQmB5a_w9XYV7tVgXjLHG2PEeHzmA81Y5a3BWtyJ0xPk0JL3m1emYnggemnenynk2Vy59bzLWSyVQ6vbQ_AzlFH6JJ=w1600-h1000-k-no,,"{""Sunday"": ""Open 24 hours"", ""Monday"": ""Open 24 hours"", ""Tuesday"": ""Open 24 hours"", ""Wednesday"": ""Open 24 hours"", ""Thursday"": ""Open 24 hours"", ""Friday"": ""Open 24 hours"", ""Saturday"": ""Open 24 hours""}","Sunday,Open 24 hours|Monday,Open 24 hours|Tuesday,Open 24 hours|Wednesday,Open 24 hours|Thursday,Open 24 hours|Friday,Open 24 hours|Saturday,Open 24 hours",Sunday:Open 24 hours|Monday:Open 24 hours|Tuesday:Open 24 hours|Wednesday:Open 24 hours|Thursday:Open 24 hours|Friday:Open 24 hours|Saturday:Open 24 hours,,,OPERATIONAL,{},,,,,,,False,None,Adam Alan Paint-New Orleans,,,,,,"https://www.google.com/maps/place/Adam+Alan+Paint-New+Orleans/@29.9734585,-90.083705,14z/data=!4m8!1m2!2m1!1sAdam+Alan+Paint-New+Orleans!3m4!1s0x8620af57ddc5cedb:0xaed508ca2456adda!8m2!3d29.9734585!4d-90.083705","https://www.google.com/maps/place/Adam+Alan+Paint-New+Orleans/@29.9734585,-90.083705,13.99z/data=!4m16!1m7!3m6!1s0x8620af57ddc5cedb:0xaed508ca2456adda!2sAdam+Alan+Paint-New+Orleans!8m2!3d29.9734585!4d-90.083705!16s%2Fg%2F11ckvg1dmb!3m7!1s0x8620af57ddc5cedb:0xaed508ca2456adda!8m2!3d29.9734585!4d-90.083705!9m1!1b1!16s%2Fg%2F11ckvg1dmb?entry=ttu",ChIJ287F3VevIIYR2q1WJMoI1a4,0x8620af57ddc5cedb:0xaed508ca2456adda,12597985196924906970,/g/1hhxlgt_j,-5848758876784644646,,,,,,,,,,,,,,,,,,,,,,,,,,,,,,,,,,,,,,,,,,,,,,,,,,,,,,,,,,
"water damage restoration service, 70114, New Orleans, LA, US",Legacy Solutions,Legacy Solutions,,General contractor,General contractor,General contractor,+1 214-399-6722,mobile,CELLCO PARTNERSHIP DBA VERIZON WIRELESS - TX,,"732 Fairlawn Dr, Terrytown, LA 70056",None,732 Fairlawn Dr,Terrytown,70056,Louisiana,Louisiana,United States of America,US,29.9025954,-90.03711349999999,894446518a7ffff,America/Chicago,,False,4.7,12.0,https://search.google.com/local/reviews?placeid=ChIJJdToiTqnIIYRJ_OBq1IS9ck&q=*&authuser=0&hl=en&gl=US,,,1.0,0.0,0.0,0.0,11.0,33.0,https://lh3.googleusercontent.com/p/AF1QipMIrVO-aqLUNA21Pk55LVNLNeFUA9U3iiiJmR3F=w800-h500-k-no,https://lh3.googleusercontent.com/p/AF1QipMIrVO-aqLUNA21Pk55LVNLNeFUA9U3iiiJmR3F=w1600-h1000-k-no,,"{""Sunday"": ""Open 24 hours"", ""Monday"": ""Open 24 hours"", ""Tuesday"": ""Open 24 hours"", ""Wednesday"": ""Open 24 hours"", ""Thursday"": ""Open 24 hours"", ""Friday"": ""Open 24 hours"", ""Saturday"": ""Open 24 hours""}","Sunday,Open 24 hours|Monday,Open 24 hours|Tuesday,Open 24 hours|Wednesday,Open 24 hours|Thursday,Open 24 hours|Friday,Open 24 hours|Saturday,Open 24 hours",Sunday:Open 24 hours|Monday:Open 24 hours|Tuesday:Open 24 hours|Wednesday:Open 24 hours|Thursday:Open 24 hours|Friday:Open 24 hours|Saturday:Open 24 hours,,,OPERATIONAL,"{""Service options"": {""Onsite services"": true}, ""Accessibility"": {""Wheelchair accessible parking lot"": true}}",,,,https://lh3.googleusercontent.com/-87bbNWLFiLU/AAAAAAAAAAI/AAAAAAAAAAA/muelJc01sxk/s44-p-k-no-ns-nd/photo.jpg,,,True,118143327267012578387,Legacy Solutions,https://www.google.com/maps/contrib/118143327267012578387,,,,,"https://www.google.com/maps/place/Legacy+Solutions/@29.9025954,-90.03711349999999,14z/data=!4m8!1m2!2m1!1sLegacy+Solutions!3m4!1s0x8620a73a89e8d425:0xc9f51252ab81f327!8m2!3d29.9025954!4d-90.03711349999999","https://www.google.com/maps/place/Legacy+Solutions/@29.9025954,-90.03711349999999,13.99z/data=!4m16!1m7!3m6!1s0x8620a73a89e8d425:0xc9f51252ab81f327!2sLegacy+Solutions!8m2!3d29.9025954!4d-90.03711349999999!16s%2Fg%2F11ckvg1dmb!3m7!1s0x8620a73a89e8d425:0xc9f51252ab81f327!8m2!3d29.9025954!4d-90.03711349999999!9m1!1b1!16s%2Fg%2F11ckvg1dmb?entry=ttu",ChIJJdToiTqnIIYRJ_OBq1IS9ck,0x8620a73a89e8d425:0xc9f51252ab81f327,14552557917191664423,/g/11sq2hbk39,-3894186156517887193,,,,,,,,,,,,,,,,,,,,,,,,,,,,,,,,,,,,,,,,,,,,,,,,,,,,,,,,,,
"water damage restoration service, 70114, New Orleans, LA, US",ProClean Services,Proclean Services,https://procleannola.net/contact-us/,Carpet cleaning service,Carpet cleaning service,Carpet cleaning service,+1 504-616-4313,mobile,"NEW CINGULAR WIRELESS PCS, LLC - GA",,"1830 Hermosa St, New Orleans, LA 70114",Algiers,1830 Hermosa St,New Orleans,70114,Louisiana,Louisiana,United States of America,US,29.936436999999998,-90.04873409999999,894446426a3ffff,America/Chicago,,False,,,,,,,,,,,1.0,https://streetviewpixels-pa.googleapis.com/v1/thumbnail?panoid=IUDFxr1JVfi36R36scnwFA&cb_client=search.gws-prod.gps&w=800&h=500&yaw=73.687935&pitch=0&thumbfov=100,https://streetviewpixels-pa.googleapis.com/v1/thumbnail?panoid=IUDFxr1JVfi36R36scnwFA&cb_client=search.gws-prod.gps&w=1600&h=1000&yaw=73.687935&pitch=0&thumbfov=100,,"{""Sunday"": ""Closed"", ""Monday"": ""8AM-6PM"", ""Tuesday"": ""8AM-6PM"", ""Wednesday"": ""8AM-6PM"", ""Thursday"": ""8AM-6PM"", ""Friday"": ""8AM-6PM"", ""Saturday"": ""Closed""}","Sunday,|Monday,8AM,6PM|Tuesday,8AM,6PM|Wednesday,8AM,6PM|Thursday,8AM,6PM|Friday,8AM,6PM|Saturday,",Sunday:Closed|Monday:8AM-6PM|Tuesday:8AM-6PM|Wednesday:8AM-6PM|Thursday:8AM-6PM|Friday:8AM-6PM|Saturday:Closed,,,OPERATIONAL,{},,,,https://lh4.googleusercontent.com/-qoaFCRWij9o/AAAAAAAAAAI/AAAAAAAAAAA/G2ZhfURnH90/s44-p-k-no-ns-nd/photo.jpg,,,True,100023863780821447931,ProClean Services,https://www.google.com/maps/contrib/100023863780821447931,,,,,"https://www.google.com/maps/place/ProClean+Services/@29.936436999999998,-90.04873409999999,14z/data=!4m8!1m2!2m1!1sProClean+Services!3m4!1s0x8620a65a55f9f561:0x82ccf16c5913c5fa!8m2!3d29.936436999999998!4d-90.04873409999999","https://www.google.com/maps/place/ProClean+Services/@29.936436999999998,-90.04873409999999,13.99z/data=!4m16!1m7!3m6!1s0x8620a65a55f9f561:0x82ccf16c5913c5fa!2sProClean+Services!8m2!3d29.936436999999998!4d-90.04873409999999!16s%2Fg%2F11ckvg1dmb!3m7!1s0x8620a65a55f9f561:0x82ccf16c5913c5fa!8m2!3d29.936436999999998!4d-90.04873409999999!9m1!1b1!16s%2Fg%2F11ckvg1dmb?entry=ttu",ChIJYfX5VVqmIIYR-sUTWWzxzII,0x8620a65a55f9f561:0x82ccf16c5913c5fa,9425173567832835578,/g/11q2z00lvb,None,,proclean4313@yahoo.com,RECEIVING,SMTP validated,,,,,,proclean4313@yahoo.com,RECEIVING,SMTP validated,,,,,,proclean4313@yahoo.com,RECEIVING,SMTP validated,,,,,,5046164313,mobile,"NEW CINGULAR WIRELESS PCS, LLC - GA",,5046164313,"NEW CINGULAR WIRELESS PCS, LLC - GA",mobile,,5046164313,"NEW CINGULAR WIRELESS PCS, LLC - GA",mobile,,https://www.facebook.com/ProCleanServicesLA/,https://www.instagram.com/explore,https://www.linkedin.com/company/proclean-services-louisiana,,,,,,,,https://twitter.com/wordpress,,,,,Pressure Washing Service in New Orleans - ProClean Services,WordPress 6.1.1,ProClean Services is the NOLA's top-choice for Pressure Washing. Residential Cleaning & Commercial Cleaning • Call us today • 504-616-4313,,False,False
"water damage restoration service, 70114, New Orleans, LA, US",Lapeyre Roofing,Lapeyre Roofing,https://lapeyreroofing.com/,Roofing contractor,Roofing contractor,Roofing contractor,+1 504-290-2911,landline,,,"421 Ninth St, New Orleans, LA 70115",11th Ward,421 Ninth St,New Orleans,70115,Louisiana,Louisiana,United States of America,US,29.919590699999997,-90.0825977,89444650bcfffff,America/Chicago,,False,5.0,139.0,https://search.google.com/local/reviews?placeid=ChIJIdhryW2hOw8RHz56fVSuZnE&q=*&authuser=0&hl=en&gl=US,,,0.0,0.0,1.0,3.0,135.0,28.0,https://lh3.googleusercontent.com/p/AF1QipOZLPSUOoxo2C2p7KorGbMWGR-fLJrZcpjzZAQn=w800-h500-k-no,https://lh3.googleusercontent.com/p/AF1QipOZLPSUOoxo2C2p7KorGbMWGR-fLJrZcpjzZAQn=w1600-h1000-k-no,,"{""Sunday"": ""Open 24 hours"", ""Monday"": ""Open 24 hours"", ""Tuesday"": ""Open 24 hours"", ""Wednesday"": ""Open 24 hours"", ""Thursday"": ""Open 24 hours"", ""Friday"": ""Open 24 hours"", ""Saturday"": ""Open 24 hours""}","Sunday,Open 24 hours|Monday,Open 24 hours|Tuesday,Open 24 hours|Wednesday,Open 24 hours|Thursday,Open 24 hours|Friday,Open 24 hours|Saturday,Open 24 hours",Sunday:Open 24 hours|Monday:Open 24 hours|Tuesday:Open 24 hours|Wednesday:Open 24 hours|Thursday:Open 24 hours|Friday:Open 24 hours|Saturday:Open 24 hours,,,OPERATIONAL,{},,,,https://lh4.googleusercontent.com/-j-h0KbfvUIE/AAAAAAAAAAI/AAAAAAAAAAA/rFuzJCpdI50/s44-p-k-no-ns-nd/photo.jpg,,,True,105740142964639451387,Lapeyre Roofing,https://www.google.com/maps/contrib/105740142964639451387,,,,,"https://www.google.com/maps/place/Lapeyre+Roofing/@29.919590699999997,-90.0825977,14z/data=!4m8!1m2!2m1!1sLapeyre+Roofing!3m4!1s0xf3ba16dc96bd821:0x7166ae547d7a3e1f!8m2!3d29.919590699999997!4d-90.0825977","https://www.google.com/maps/place/Lapeyre+Roofing/@29.919590699999997,-90.0825977,13.99z/data=!4m16!1m7!3m6!1s0xf3ba16dc96bd821:0x7166ae547d7a3e1f!2sLapeyre+Roofing!8m2!3d29.919590699999997!4d-90.0825977!16s%2Fg%2F11ckvg1dmb!3m7!1s0xf3ba16dc96bd821:0x7166ae547d7a3e1f!8m2!3d29.919590699999997!4d-90.0825977!9m1!1b1!16s%2Fg%2F11ckvg1dmb?entry=ttu",ChIJIdhryW2hOw8RHz56fVSuZnE,0xf3ba16dc96bd821:0x7166ae547d7a3e1f,8171410251815992863,/g/11kk5bl8_k,8171410251815992863,,office@lapeyreroofing.com,RECEIVING,Role,,,,,,,,,,,,,,,,,,,,,,7372372960,landline,,,3465176200,,landline,,5042902911,,landline,,https://www.facebook.com/LapeyreConstruction,https://www.instagram.com/lapeyreconstruction/,,,,,,,,,,,,,,Superior Residential Roofing Services | Lapeyre Roofing,,Superior residential roofing services by Lapeyre Roofing. Quality roofing solutions for your home. Contact us today!,,False,False
"water damage restoration service, 70117, New Orleans, LA, US",RY New Orleans Plumbing & Drain Cleaning,Ry New Orleans Plumbing And Drain Cleaning,https://resolt.co/b/ry_new_orleans_plumbing_and_drain_cleaning,"Plumber, Drainage service, Service establishment",Plumber,Plumber,+1 504-370-0516,landline,,,,,,,,,,,,30.0572901,-90.8722349,894446aac63ffff,America/Chicago,,True,5.0,50.0,https://search.google.com/local/reviews?placeid=ChIJS4d9WO6nIIYR5m5EjDrIFmI&q=*&authuser=0&hl=en&gl=US,,,0.0,0.0,0.0,0.0,50.0,2181.0,https://lh3.googleusercontent.com/p/AF1QipOiQ9_bn8i04g2Gjnhyu72ya2z6m8wKAjc6dwwA=w800-h500-k-no,https://lh3.googleusercontent.com/p/AF1QipOiQ9_bn8i04g2Gjnhyu72ya2z6m8wKAjc6dwwA=w1600-h1000-k-no,,"{""Sunday"": ""Open 24 hours"", ""Monday"": ""Open 24 hours"", ""Tuesday"": ""Open 24 hours"", ""Wednesday"": ""Open 24 hours"", ""Thursday"": ""Open 24 hours"", ""Friday"": ""Open 24 hours"", ""Saturday"": ""Open 24 hours""}","Sunday,Open 24 hours|Monday,Open 24 hours|Tuesday,Open 24 hours|Wednesday,Open 24 hours|Thursday,Open 24 hours|Friday,Open 24 hours|Saturday,Open 24 hours",Sunday:Open 24 hours|Monday:Open 24 hours|Tuesday:Open 24 hours|Wednesday:Open 24 hours|Thursday:Open 24 hours|Friday:Open 24 hours|Saturday:Open 24 hours,,,OPERATIONAL,"{""Offerings"": {""Repair services"": true}}",,,,https://lh6.googleusercontent.com/-DpOJvtX4Fc8/AAAAAAAAAAI/AAAAAAAAAAA/sgrxxcA2sMk/s44-p-k-no-ns-nd/photo.jpg,,,True,102979927172800579703,RY New Orleans Plumbing & Drain Cleaning,https://www.google.com/maps/contrib/102979927172800579703,,,,,"https://www.google.com/maps/place/RY+New+Orleans+Plumbing+%26+Drain+Cleaning/@30.0572901,-90.8722349,14z/data=!4m8!1m2!2m1!1sRY+New+Orleans+Plumbing+%26+Drain+Cleaning!3m4!1s0x8620a7ee587d874b:0x6216c83a8c446ee6!8m2!3d30.0572901!4d-90.8722349","https://www.google.com/maps/place/RY+New+Orleans+Plumbing+%26+Drain+Cleaning/@30.0572901,-90.8722349,13.99z/data=!4m16!1m7!3m6!1s0x8620a7ee587d874b:0x6216c83a8c446ee6!2sRY+New+Orleans+Plumbing+%26+Drain+Cleaning!8m2!3d30.0572901!4d-90.8722349!16s%2Fg%2F11ckvg1dmb!3m7!1s0x8620a7ee587d874b:0x6216c83a8c446ee6!8m2!3d30.0572901!4d-90.8722349!9m1!1b1!16s%2Fg%2F11ckvg1dmb?entry=ttu",ChIJS4d9WO6nIIYR5m5EjDrIFmI,0x8620a7ee587d874b:0x6216c83a8c446ee6,7068056818991525606,/g/11k01sdphq,7068056818991525606,,ask@resolt.co,RECEIVING,SMTP validated,,,,,,,,,,,,,,,,,,,,,,3102954421,landline,,,13102954421,,landline,,,,,,https://www.facebook.com/resultcalls,,https://www.linkedin.com/company/resoltco,,,,,,,,https://twitter.com/resultcalls,,,,,Window Installation Leads. Exclusive Leads. Pay Per Call,,Grow your Window Installation business with more pay-per-call leads. Sign up today with our free trial and only pay per call.,"Pay per call leads, Window Installation leads, Window Installation job leads, Window Installation marketing leads, exclusive Window Installation leads, pay per call Window Installation leads, buy Window Installation leads, Window Installation lead sites, Replacement Window leads, Installation leads, Window leads",True,True
"water damage restoration service, 70117, New Orleans, LA, US",Chronos Group,Chronos Group,,Construction company,Construction company,Construction company,+1 504-615-6742,mobile,"NEW CINGULAR WIRELESS PCS, LLC - GA",,"1514 Mandolin St, New Orleans, LA 70122",Filmore,1514 Mandolin St,New Orleans,70122,Louisiana,Louisiana,United States of America,US,30.0008326,-90.0755288,89444642e2fffff,America/Chicago,,False,5.0,3.0,https://search.google.com/local/reviews?placeid=ChIJpRmXS9SvIIYRV_lpEnsz1CM&q=*&authuser=0&hl=en&gl=US,,,0.0,0.0,0.0,0.0,3.0,48.0,https://lh3.googleusercontent.com/p/AF1QipND71poX6HM0f58j6VcoxOpCGNXZhzJ32rtHm7K=w800-h500-k-no,https://lh3.googleusercontent.com/p/AF1QipND71poX6HM0f58j6VcoxOpCGNXZhzJ32rtHm7K=w1600-h1000-k-no,,"{""Sunday"": ""12-5PM"", ""Monday"": ""9AM-6PM"", ""Tuesday"": ""9AM-6PM"", ""Wednesday"": ""9AM-6PM"", ""Thursday"": ""9AM-6PM"", ""Friday"": ""9AM-6PM"", ""Saturday"": ""12-5PM""}","Sunday,12,5PM|Monday,9AM,6PM|Tuesday,9AM,6PM|Wednesday,9AM,6PM|Thursday,9AM,6PM|Friday,9AM,6PM|Saturday,12,5PM",Sunday:12-5PM|Monday:9AM-6PM|Tuesday:9AM-6PM|Wednesday:9AM-6PM|Thursday:9AM-6PM|Friday:9AM-6PM|Saturday:12-5PM,,,OPERATIONAL,{},,,,https://lh6.googleusercontent.com/-S99CRxwgOFA/AAAAAAAAAAI/AAAAAAAAAAA/ZDs04amyKzc/s44-p-k-no-ns-nd/photo.jpg,,,True,116385431042891771201,Chronos Group,https://www.google.com/maps/contrib/116385431042891771201,,,,,"https://www.google.com/maps/place/Chronos+Group/@30.0008326,-90.0755288,14z/data=!4m8!1m2!2m1!1sChronos+Group!3m4!1s0x8620afd44b9719a5:0x23d4337b1269f957!8m2!3d30.0008326!4d-90.0755288","https://www.google.com/maps/place/Chronos+Group/@30.0008326,-90.0755288,13.99z/data=!4m16!1m7!3m6!1s0x8620afd44b9719a5:0x23d4337b1269f957!2sChronos+Group!8m2!3d30.0008326!4d-90.0755288!16s%2Fg%2F11ckvg1dmb!3m7!1s0x8620afd44b9719a5:0x23d4337b1269f957!8m2!3d30.0008326!4d-90.0755288!9m1!1b1!16s%2Fg%2F11ckvg1dmb?entry=ttu",ChIJpRmXS9SvIIYRV_lpEnsz1CM,0x8620afd44b9719a5:0x23d4337b1269f957,2581745090073065815,/g/11wwgjgljs,2581745090073065815,,,,,,,,,,,,,,,,,,,,,,,,,,,,,,,,,,,,,,,,,,,,,,,,,,,,,,,,,,
"water damage restoration service, 70117, New Orleans, LA, US",Roofing Analytics New Orleans,Roofing Analytics New Orleans,,Roofing contractor,Roofing contractor,Roofing contractor,+1 504-217-5894,mobile,T-Mobile USA Inc.,,"1615 Poydras St STE 900, New Orleans, LA 70112",Central Business District,1615 Poydras St STE 900,New Orleans,70112,Louisiana,Louisiana,United States of America,US,29.9528024,-90.0800111,89444642577ffff,America/Chicago,,False,5.0,1.0,https://search.google.com/local/reviews?placeid=ChIJA3oKUYulIIYRuBaWY9sjn74&q=*&authuser=0&hl=en&gl=US,,,0.0,0.0,0.0,0.0,1.0,57.0,https://lh3.googleusercontent.com/p/AF1QipOjKhyhwsigiSTinRLaCDhtPq0JqFH-WhvmSDUS=w800-h500-k-no,https://lh3.googleusercontent.com/p/AF1QipOjKhyhwsigiSTinRLaCDhtPq0JqFH-WhvmSDUS=w1600-h1000-k-no,,"{""Sunday"": ""Closed"", ""Monday"": ""9AM-5PM"", ""Tuesday"": ""9AM-5PM"", ""Wednesday"": ""9AM-5PM"", ""Thursday"": ""9AM-5PM"", ""Friday"": ""9AM-5PM"", ""Saturday"": ""10AM-3PM""}","Sunday,|Monday,9AM,5PM|Tuesday,9AM,5PM|Wednesday,9AM,5PM|Thursday,9AM,5PM|Friday,9AM,5PM|Saturday,10AM,3PM",Sunday:Closed|Monday:9AM-5PM|Tuesday:9AM-5PM|Wednesday:9AM-5PM|Thursday:9AM-5PM|Friday:9AM-5PM|Saturday:10AM-3PM,,,OPERATIONAL,{},,,,https://lh6.googleusercontent.com/-DbpOs26HHz4/AAAAAAAAAAI/AAAAAAAAAAA/YGMCGeEH_fE/s44-p-k-no-ns-nd/photo.jpg,,,True,102757882486947202438,Roofing Analytics New Orleans,https://www.google.com/maps/contrib/102757882486947202438,,,,,"https://www.google.com/maps/place/Roofing+Analytics+New+Orleans/@29.9528024,-90.0800111,14z/data=!4m8!1m2!2m1!1sRoofing+Analytics+New+Orleans!3m4!1s0x8620a58b510a7a03:0xbe9f23db639616b8!8m2!3d29.9528024!4d-90.0800111","https://www.google.com/maps/place/Roofing+Analytics+New+Orleans/@29.9528024,-90.0800111,13.99z/data=!4m16!1m7!3m6!1s0x8620a58b510a7a03:0xbe9f23db639616b8!2sRoofing+Analytics+New+Orleans!8m2!3d29.9528024!4d-90.0800111!16s%2Fg%2F11ckvg1dmb!3m7!1s0x8620a58b510a7a03:0xbe9f23db639616b8!8m2!3d29.9528024!4d-90.0800111!9m1!1b1!16s%2Fg%2F11ckvg1dmb?entry=ttu",ChIJA3oKUYulIIYRuBaWY9sjn74,0x8620a58b510a7a03:0xbe9f23db639616b8,13735736813678892728,/g/11pclgrch0,-4711007260030658888,,,,,,,,,,,,,,,,,,,,,,,,,,,,,,,,,,,,,,,,,,,,,,,,,,,,,,,,,,
"water damage restoration service, 70122, New Orleans, LA, US",French Quarter Renovations,French Quarter Renovations,http://www.frenchquarterrenovations.com/,General contractor,General contractor,General contractor,+1 504-495-0646,mobile,"NEW CINGULAR WIRELESS PCS, LLC - GA",,"727 Ursulines Ave, New Orleans, LA 70116",French Quarter,727 Ursulines Ave,New Orleans,70116,Louisiana,Louisiana,United States of America,US,29.9617397,-90.06228039999999,8944464202fffff,America/Chicago,,False,5.0,1.0,https://search.google.com/local/reviews?placeid=ChIJOdmHmhCmIIYRISv5dgOFFXM&q=*&authuser=0&hl=en&gl=US,,,0.0,0.0,0.0,0.0,1.0,28.0,https://lh3.googleusercontent.com/gps-cs-s/AG0ilSwdNsyCldXHVZXYMIMLb82m1UZRHN6HXq32xsu2VoSqYyGokkEN67P8kX4WQUjtt2yD4_-Oa2t-aazvukAXgE2irD7A1RIZSDXSoB1GoGziu2UsWj_UhUnyqtvGpLMgNItxV2V7-w=w800-h500-k-no,https://lh3.googleusercontent.com/gps-cs-s/AG0ilSwdNsyCldXHVZXYMIMLb82m1UZRHN6HXq32xsu2VoSqYyGokkEN67P8kX4WQUjtt2yD4_-Oa2t-aazvukAXgE2irD7A1RIZSDXSoB1GoGziu2UsWj_UhUnyqtvGpLMgNItxV2V7-w=w1600-h1000-k-no,,"{""Sunday"": ""Closed"", ""Monday"": ""10AM-6PM"", ""Tuesday"": ""10AM-6PM"", ""Wednesday"": ""10AM-6PM"", ""Thursday"": ""10AM-6PM"", ""Friday"": ""10AM-6PM"", ""Saturday"": ""10AM-6PM""}","Sunday,|Monday,10AM,6PM|Tuesday,10AM,6PM|Wednesday,10AM,6PM|Thursday,10AM,6PM|Friday,10AM,6PM|Saturday,10AM,6PM",Sunday:Closed|Monday:10AM-6PM|Tuesday:10AM-6PM|Wednesday:10AM-6PM|Thursday:10AM-6PM|Friday:10AM-6PM|Saturday:10AM-6PM,,,OPERATIONAL,{},,,,,,,False,None,French Quarter Renovations,,,,,,"https://www.google.com/maps/place/French+Quarter+Renovations/@29.9617397,-90.06228039999999,14z/data=!4m8!1m2!2m1!1sFrench+Quarter+Renovations!3m4!1s0x8620a6109a87d939:0x7315850376f92b21!8m2!3d29.9617397!4d-90.06228039999999","https://www.google.com/maps/place/French+Quarter+Renovations/@29.9617397,-90.06228039999999,13.99z/data=!4m16!1m7!3m6!1s0x8620a6109a87d939:0x7315850376f92b21!2sFrench+Quarter+Renovations!8m2!3d29.9617397!4d-90.06228039999999!16s%2Fg%2F11ckvg1dmb!3m7!1s0x8620a6109a87d939:0x7315850376f92b21!8m2!3d29.9617397!4d-90.06228039999999!9m1!1b1!16s%2Fg%2F11ckvg1dmb?entry=ttu",ChIJOdmHmhCmIIYRISv5dgOFFXM,0x8620a6109a87d939:0x7315850376f92b21,8292680538800073505,/g/1th6f61v,8292680538800073505,,rbosch13@hotmail.com,RECEIVING,SMTP validated,,,,,,jac@frenchquarterrenovations.com,RECEIVING,SMTP validated,,,,,,,,,,,,,,,,,,,,,,,,,,,,,,,,,,,,,,,,,French Quarter Renovations,,,"French Quarter, Vieux Carre, Construction, Renovation, Repair, Home Improvement, Paint, Painting, Caprentry, Remodel, Bathroom, Kitchen, Balconies",False,False
"water damage restoration service, 70123, New Orleans, LA, US",Brayan Stucco Inc.,Brayan Stucco,https://brayanstucco.com/,Stucco contractor,Stucco contractor,Stucco contractor,+1 504-329-7626,mobile,T-Mobile USA Inc.,,"603 Hyman Dr, Jefferson, LA 70121",None,603 Hyman Dr,Jefferson,70121,Louisiana,Louisiana,United States of America,US,29.966663099999998,-90.1644841,89444654273ffff,America/Chicago,,False,5.0,110.0,https://search.google.com/local/reviews?placeid=ChIJKc2mojMQGqgRkETY7V0ti1w&q=*&authuser=0&hl=en&gl=US,,,0.0,0.0,0.0,0.0,110.0,71.0,https://lh3.googleusercontent.com/gps-cs-s/AG0ilSy3WzryoD_3-M9ggRdCuKpJjwrjgF8yvAhYib02wcBmJ8eAQ8J5puBiWVT_GejSE7I1LglD02gN96b7BaTIXaFcQEps7R_W1KUSBaXofeIHBDta7NV8RVkhOKdHEoQXTSVLpVo3cYsufD-P=w800-h500-k-no,https://lh3.googleusercontent.com/gps-cs-s/AG0ilSy3WzryoD_3-M9ggRdCuKpJjwrjgF8yvAhYib02wcBmJ8eAQ8J5puBiWVT_GejSE7I1LglD02gN96b7BaTIXaFcQEps7R_W1KUSBaXofeIHBDta7NV8RVkhOKdHEoQXTSVLpVo3cYsufD-P=w1600-h1000-k-no,,"{""Sunday"": ""Closed"", ""Monday"": ""6AM-6PM"", ""Tuesday"": ""6AM-6PM"", ""Wednesday"": ""6AM-6PM"", ""Thursday"": ""6AM-6PM"", ""Friday"": ""6AM-6PM"", ""Saturday"": ""6AM-6PM""}","Sunday,|Monday,6AM,6PM|Tuesday,6AM,6PM|Wednesday,6AM,6PM|Thursday,6AM,6PM|Friday,6AM,6PM|Saturday,6AM,6PM",Sunday:Closed|Monday:6AM-6PM|Tuesday:6AM-6PM|Wednesday:6AM-6PM|Thursday:6AM-6PM|Friday:6AM-6PM|Saturday:6AM-6PM,,,OPERATIONAL,{},,,,https://lh6.googleusercontent.com/-JUoW9PnbWU0/AAAAAAAAAAI/AAAAAAAAAAA/-_ckdSi5Ks0/s44-p-k-no-ns-nd/photo.jpg,,,True,110867800008387864245,Brayan Stucco Inc.,https://www.google.com/maps/contrib/110867800008387864245,,,,,"https://www.google.com/maps/place/Brayan+Stucco+Inc./@29.966663099999998,-90.1644841,14z/data=!4m8!1m2!2m1!1sBrayan+Stucco+Inc.!3m4!1s0xa81a1033a2a6cd29:0x5c8b2d5dedd84490!8m2!3d29.966663099999998!4d-90.1644841","https://www.google.com/maps/place/Brayan+Stucco+Inc./@29.966663099999998,-90.1644841,13.99z/data=!4m16!1m7!3m6!1s0xa81a1033a2a6cd29:0x5c8b2d5dedd84490!2sBrayan+Stucco+Inc.!8m2!3d29.966663099999998!4d-90.1644841!16s%2Fg%2F11ckvg1dmb!3m7!1s0xa81a1033a2a6cd29:0x5c8b2d5dedd84490!8m2!3d29.966663099999998!4d-90.1644841!9m1!1b1!16s%2Fg%2F11ckvg1dmb?entry=ttu",ChIJKc2mojMQGqgRkETY7V0ti1w,0xa81a1033a2a6cd29:0x5c8b2d5dedd84490,6668473554697733264,/g/11vs3bmgc9,6668473554697733264,,brayanstucco2017@yahoo.com,RECEIVING,Verified,,,,,,,,,,,,,,,,,,,,,,5043297626,mobile,T-Mobile USA Inc.,,5047237942,T-Mobile USA Inc.,mobile,,,,,,https://www.facebook.com/brayan.stucco,,,,,,,,,,,,,,,Brayan Stucco – New Orleans Stucco,,"Stucco and Plastering Contractor in New Orleans, Louisiana. We specialize in new stucco installation, restoration, and repair, best new orleans stucco company. We will travel around the state: Metairie, Kenner, West Bank, Baton Rouge, Slidell, Covington. Brayan Stucco, Inc is a locally owned company specializing in residential--both new and remodels--as well as commercial buildings, both inside and out. Our goal is to provide our customers with a level of workmanship not seen in the industry today.","Stucco, New Orleans Construction, Commercial Properties Stucco, Residential Properties Stucco",False,False
"water damage restoration service, 70123, New Orleans, LA, US",Liberto Cleaners,Liberto Cleaners,https://libertocleanersnola.com/,"Dry cleaner, Clothing alteration service, Custom tailor, Delivery service, Tailor",Dry cleaner,Dry cleaner,+1 504-861-7812,landline,,,"8128 Willow St, New Orleans, LA 70118",Leonidas,8128 Willow St,New Orleans,70118,Louisiana,Louisiana,United States of America,US,29.949127599999997,-90.1289668,8944465508fffff,America/Chicago,,False,4.9,380.0,https://search.google.com/local/reviews?placeid=ChIJPWVMGBWlIIYRn4kp7GtRHLA&q=*&authuser=0&hl=en&gl=US,,,6.0,2.0,3.0,9.0,360.0,3.0,https://streetviewpixels-pa.googleapis.com/v1/thumbnail?panoid=ojqzxugtVj4a-sd5apHthA&cb_client=search.gws-prod.gps&w=800&h=500&yaw=231.83371&pitch=0&thumbfov=100,https://lh3.googleusercontent.com/gps-cs-s/AG0ilSy3I1fYJWf8l8OWSyhtq7vTBP2ImtjDlkn0av4u1E42aKp0wwZwmXaVc50EXybsWzjFBm6gFAQxUNTKLnWqSXX2jYDILAoBwlqweYsvyG8wXGwQyc-nKleIKvqmYit1jDAOYski=w1600-h1000-k-no,,"{""Sunday"": ""Closed"", ""Monday"": ""7:30AM-5:30PM"", ""Tuesday"": ""7:30AM-5:30PM"", ""Wednesday"": ""7:30AM-5:30PM"", ""Thursday"": ""7:30AM-5:30PM"", ""Friday"": ""7:30AM-5:30PM"", ""Saturday"": ""8AM-2PM""}","Sunday,|Monday,7:30AM,5:30PM|Tuesday,7:30AM,5:30PM|Wednesday,7:30AM,5:30PM|Thursday,7:30AM,5:30PM|Friday,7:30AM,5:30PM|Saturday,8AM,2PM",Sunday:Closed|Monday:7:30AM-5:30PM|Tuesday:7:30AM-5:30PM|Wednesday:7:30AM-5:30PM|Thursday:7:30AM-5:30PM|Friday:7:30AM-5:30PM|Saturday:8AM-2PM,,,OPERATIONAL,"{""Accessibility"": {""Wheelchair accessible parking lot"": true}, ""Payments"": {""Credit cards"": true, ""Debit cards"": true, ""NFC mobile payments"": true}}",,,,https://lh5.googleusercontent.com/-Gg6UqO5LCWU/AAAAAAAAAAI/AAAAAAAAAAA/8-koiyY10t8/s44-p-k-no-ns-nd/photo.jpg,,,True,104210134537064135180,Liberto Cleaners,https://www.google.com/maps/contrib/104210134537064135180,,https://libertocleanersnola.com/my-account/,,https://libertocleanersnola.com/my-account/,"https://www.google.com/maps/place/Liberto+Cleaners/@29.949127599999997,-90.1289668,14z/data=!4m8!1m2!2m1!1sLiberto+Cleaners!3m4!1s0x8620a515184c653d:0xb01c516bec29899f!8m2!3d29.949127599999997!4d-90.1289668","https://www.google.com/maps/place/Liberto+Cleaners/@29.949127599999997,-90.1289668,13.99z/data=!4m16!1m7!3m6!1s0x8620a515184c653d:0xb01c516bec29899f!2sLiberto+Cleaners!8m2!3d29.949127599999997!4d-90.1289668!16s%2Fg%2F11ckvg1dmb!3m7!1s0x8620a515184c653d:0xb01c516bec29899f!8m2!3d29.949127599999997!4d-90.1289668!9m1!1b1!16s%2Fg%2F11ckvg1dmb?entry=ttu",ChIJPWVMGBWlIIYRn4kp7GtRHLA,0x8620a515184c653d:0xb01c516bec29899f,12690107373988710815,/g/1tjwj2xq,-5756636699720840801,,info@libertocleanersnola.com,INVALID,Invalid DNS,,,,,,,,,,,,,,,,,,,,,,15048617812,landline,,,,,,,,,,,https://www.facebook.com/libertocleanersnola,,,,,,,,,,,,,,,Fluff and Fold | Liberto Cleaners,WordPress 6.0.11,,,False,False
"water damage restoration service, 70123, New Orleans, LA, US",Pittman Cleaning & Restoration,Pittman Cleaning And Restoration,http://pittmancleaning.com/,Carpet cleaning service,Carpet cleaning service,Carpet cleaning service,+1 504-834-2444,landline,,,"1304 Eisenhower Ave, Metairie, LA 70003",None,1304 Eisenhower Ave,Metairie,70003,Louisiana,Louisiana,United States of America,US,29.9878705,-90.2111793,89444654e8fffff,America/Chicago,,False,5.0,8.0,https://search.google.com/local/reviews?placeid=ChIJN6nGWMuxIIYRJWdnUyX1jOw&q=*&authuser=0&hl=en&gl=US,,,0.0,0.0,0.0,0.0,8.0,1.0,https://streetviewpixels-pa.googleapis.com/v1/thumbnail?panoid=6UQ-afYyrh_g7nxJgSYQCA&cb_client=search.gws-prod.gps&w=800&h=500&yaw=251.18054&pitch=0&thumbfov=100,https://streetviewpixels-pa.googleapis.com/v1/thumbnail?panoid=6UQ-afYyrh_g7nxJgSYQCA&cb_client=search.gws-prod.gps&w=1600&h=1000&yaw=251.18054&pitch=0&thumbfov=100,,"{""Sunday"": ""Open 24 hours"", ""Monday"": ""Open 24 hours"", ""Tuesday"": ""Open 24 hours"", ""Wednesday"": ""Open 24 hours"", ""Thursday"": ""Open 24 hours"", ""Friday"": ""Open 24 hours"", ""Saturday"": ""Open 24 hours""}","Sunday,Open 24 hours|Monday,Open 24 hours|Tuesday,Open 24 hours|Wednesday,Open 24 hours|Thursday,Open 24 hours|Friday,Open 24 hours|Saturday,Open 24 hours",Sunday:Open 24 hours|Monday:Open 24 hours|Tuesday:Open 24 hours|Wednesday:Open 24 hours|Thursday:Open 24 hours|Friday:Open 24 hours|Saturday:Open 24 hours,,,OPERATIONAL,{},,,,https://lh4.googleusercontent.com/-E2Egj7NeJAw/AAAAAAAAAAI/AAAAAAAAAAA/NmsN9ft6maA/s44-p-k-no-ns-nd/photo.jpg,,,True,116217272034948534836,Pittman Cleaning & Restoration,https://www.google.com/maps/contrib/116217272034948534836,,,,,"https://www.google.com/maps/place/Pittman+Cleaning+%26+Restoration/@29.9878705,-90.2111793,14z/data=!4m8!1m2!2m1!1sPittman+Cleaning+%26+Restoration!3m4!1s0x8620b1cb58c6a937:0xec8cf52553676725!8m2!3d29.9878705!4d-90.2111793","https://www.google.com/maps/place/Pittman+Cleaning+%26+Restoration/@29.9878705,-90.2111793,13.99z/data=!4m16!1m7!3m6!1s0x8620b1cb58c6a937:0xec8cf52553676725!2sPittman+Cleaning+%26+Restoration!8m2!3d29.9878705!4d-90.2111793!16s%2Fg%2F11ckvg1dmb!3m7!1s0x8620b1cb58c6a937:0xec8cf52553676725!8m2!3d29.9878705!4d-90.2111793!9m1!1b1!16s%2Fg%2F11ckvg1dmb?entry=ttu",ChIJN6nGWMuxIIYRJWdnUyX1jOw,0x8620b1cb58c6a937:0xec8cf52553676725,17045268230352365349,/g/11m7m3ztk8,-1401475843357186267,,pittmancleaningnola@gmail.com,RECEIVING,SMTP validated,,,,,,,,,,,,,,,,,,,,,,5046766218,landline,,,15044193292,"NEW CINGULAR WIRELESS PCS, LLC - GA",mobile,,18332690086,,toll_free,,,https://www.instagram.com/pittmancleaning,,,,,,,,,,,,https://github.com/toddmotto/,,Cleaning Company | Greater New Orleans - PCR,,Trust a reputable cleaning company for your cleaning needs in the Greater New Orleans area. We use environmentally friendly products to clean your space.,,False,True
"water damage restoration service, 70123, New Orleans, LA, US",Plumb & Square,Plumb And Square,http://www.plumbandsquare.com/,"Plumber, Drainage service, Service establishment, Mechanical contractor",Plumber,Plumber,+1 504-343-9582,mobile,"NEW CINGULAR WIRELESS PCS, LLC - GA",,,,,,,,,,,30.027376999999998,-89.9526745,8944464130fffff,America/Chicago,,True,4.6,11.0,https://search.google.com/local/reviews?placeid=ChIJP09FwM2IMKAR8RiRMsAfwy4&q=*&authuser=0&hl=en&gl=US,,,1.0,0.0,0.0,0.0,10.0,27.0,https://lh3.googleusercontent.com/p/AF1QipNXoyxtx4hukzXQ5XdOs-f2VtP-6fhimY3--vXE=w800-h500-k-no,https://lh3.googleusercontent.com/p/AF1QipNXoyxtx4hukzXQ5XdOs-f2VtP-6fhimY3--vXE=w1600-h1000-k-no,,"{""Sunday"": ""Open 24 hours"", ""Monday"": ""Open 24 hours"", ""Tuesday"": ""Open 24 hours"", ""Wednesday"": ""Open 24 hours"", ""Thursday"": ""Open 24 hours"", ""Friday"": ""Open 24 hours"", ""Saturday"": ""Open 24 hours""}","Sunday,Open 24 hours|Monday,Open 24 hours|Tuesday,Open 24 hours|Wednesday,Open 24 hours|Thursday,Open 24 hours|Friday,Open 24 hours|Saturday,Open 24 hours",Sunday:Open 24 hours|Monday:Open 24 hours|Tuesday:Open 24 hours|Wednesday:Open 24 hours|Thursday:Open 24 hours|Friday:Open 24 hours|Saturday:Open 24 hours,,,OPERATIONAL,"{""From the business"": {""Identifies as Latino-owned"": true}, ""Service options"": {""Online estimates"": true, ""Language assistance"": ""English, Spanish""}, ""Offerings"": {""Repair services"": true}, ""Payments"": {""Credit cards"": true}, ""Other"": {""Identifies as Latino-owned"": true}}",,,,https://lh6.googleusercontent.com/-Yr-9OO3zMUY/AAAAAAAAAAI/AAAAAAAAAAA/wrW5HnlieSQ/s44-p-k-no-ns-nd/photo.jpg,,,True,110319647819122033104,Plumb & Square,https://www.google.com/maps/contrib/110319647819122033104,,https://www.plumbandsquare.com/booking,,https://www.plumbandsquare.com/booking,"https://www.google.com/maps/place/Plumb+%26+Square/@30.027376999999998,-89.9526745,14z/data=!4m8!1m2!2m1!1sPlumb+%26+Square!3m4!1s0xa03088cdc0454f3f:0x2ec31fc0329118f1!8m2!3d30.027376999999998!4d-89.9526745","https://www.google.com/maps/place/Plumb+%26+Square/@30.027376999999998,-89.9526745,13.99z/data=!4m16!1m7!3m6!1s0xa03088cdc0454f3f:0x2ec31fc0329118f1!2sPlumb+%26+Square!8m2!3d30.027376999999998!4d-89.9526745!16s%2Fg%2F11ckvg1dmb!3m7!1s0xa03088cdc0454f3f:0x2ec31fc0329118f1!8m2!3d30.027376999999998!4d-89.9526745!9m1!1b1!16s%2Fg%2F11ckvg1dmb?entry=ttu",ChIJP09FwM2IMKAR8RiRMsAfwy4,0xa03088cdc0454f3f:0x2ec31fc0329118f1,3369571856545814769,/g/11trgq8hz0,3369571856545814769,,plumbandsquare@icloud.com,RECEIVING,SMTP validated,,,,,,info@plumbandsquare.com,RECEIVING,SMTP validated,,,,,,,,,,,,,,5042222413,mobile,T-Mobile USA Inc.,,,,,,,,,,,https://instagram.com/plumb_andsquare,https://www.linkedin.com/company/plumb-square-llc,,,,,,,,,,,,,Plumb & Square - New Orleans Plumber,,"Top New Orleans plumber for residential plumbing, commercial plumbing, and emergency plumbing needs. Plumb & Square offers reliable services with a local touch.","New Orleans Plumber, New Orleans Emergency Plumber, New Orleans Residential Plumber, New Orleans Commercial Plumber, Plumbing, Plumber, Business Plumber, Plumbing Subcontractor",False,False
"water damage restoration service, 70126, New Orleans, LA, US",Rainbow Restoration of Southeast Louisiana,Rainbow Restoration Of Southeast Louisiana,https://rainbowrestores.com/southeast-louisiana%3Fcid%3DLSTL_RBW000202%26utm_source%3Dgmb%26utm_campaign%3Dlocal%26utm_medium%3Dorganic,"Water damage restoration service, Asbestos testing service, Building restoration service, Carpet cleaning service, Fire damage restoration service",Water damage restoration service,Water damage restoration service,+1 504-392-0007,landline,,,"800 Asbury Dr, Mandeville, LA 70471",None,800 Asbury Dr,Mandeville,70471,Louisiana,Louisiana,United States of America,US,30.398481699999998,-90.0855431,8944466b127ffff,America/Chicago,,False,4.0,8.0,https://search.google.com/local/reviews?placeid=ChIJMxTQntleJ4YR-zFpf1Sfb_c&q=*&authuser=0&hl=en&gl=US,,,2.0,0.0,0.0,0.0,6.0,48.0,https://lh3.googleusercontent.com/p/AF1QipN8qmgPCg-AH30ZCfwVgOH151IzSLFmqlc_4Uph=w800-h500-k-no,https://lh3.googleusercontent.com/p/AF1QipN8qmgPCg-AH30ZCfwVgOH151IzSLFmqlc_4Uph=w1600-h1000-k-no,,"{""Sunday"": ""Open 24 hours"", ""Monday"": ""Open 24 hours"", ""Tuesday"": ""Open 24 hours"", ""Wednesday"": ""Open 24 hours"", ""Thursday"": ""Open 24 hours"", ""Friday"": ""Open 24 hours"", ""Saturday"": ""Open 24 hours""}","Sunday,Open 24 hours|Monday,Open 24 hours|Tuesday,Open 24 hours|Wednesday,Open 24 hours|Thursday,Open 24 hours|Friday,Open 24 hours|Saturday,Open 24 hours",Sunday:Open 24 hours|Monday:Open 24 hours|Tuesday:Open 24 hours|Wednesday:Open 24 hours|Thursday:Open 24 hours|Friday:Open 24 hours|Saturday:Open 24 hours,,,OPERATIONAL,"{""From the business"": {""Identifies as veteran-owned"": true, ""Identifies as women-owned"": true}, ""Service options"": {""Online estimates"": true, ""Onsite services"": true}, ""Accessibility"": {""Wheelchair accessible entrance"": true, ""Wheelchair accessible parking lot"": true}, ""Other"": {""Identifies as veteran-owned"": true, ""Identifies as women-owned"": true}}",,,,https://lh6.googleusercontent.com/-WqhAoZOQ_7A/AAAAAAAAAAI/AAAAAAAAAAA/4Vknd8lDMqE/s44-p-k-no-ns-nd/photo.jpg,,,True,112197838005037503981,Rainbow Restoration of Southeast Louisiana,https://www.google.com/maps/contrib/112197838005037503981,,https://rainbowrestores.com/southeast-louisiana/schedule-appointment?fid=610?cid=LSTL_RBW000202&utm_source=gmbappt&utm_medium=organic&utm_campaign=local,,https://rainbowrestores.com/southeast-louisiana/schedule-appointment?fid=610?cid=LSTL_RBW000202&utm_source=gmbappt&utm_medium=organic&utm_campaign=local,"https://www.google.com/maps/place/Rainbow+Restoration+of+Southeast+Louisiana/@30.398481699999998,-90.0855431,14z/data=!4m8!1m2!2m1!1sRainbow+Restoration+of+Southeast+Louisiana!3m4!1s0x86275ed99ed01433:0xf76f9f547f6931fb!8m2!3d30.398481699999998!4d-90.0855431","https://www.google.com/maps/place/Rainbow+Restoration+of+Southeast+Louisiana/@30.398481699999998,-90.0855431,13.99z/data=!4m16!1m7!3m6!1s0x86275ed99ed01433:0xf76f9f547f6931fb!2sRainbow+Restoration+of+Southeast+Louisiana!8m2!3d30.398481699999998!4d-90.0855431!16s%2Fg%2F11ckvg1dmb!3m7!1s0x86275ed99ed01433:0xf76f9f547f6931fb!8m2!3d30.398481699999998!4d-90.0855431!9m1!1b1!16s%2Fg%2F11ckvg1dmb?entry=ttu",ChIJMxTQntleJ4YR-zFpf1Sfb_c,0x86275ed99ed01433:0xf76f9f547f6931fb,17829644635046752763,/g/11b5z_1whr,-617099438662798853,,nick@rainbowrestores.com,INVALID,Undeliverable,Nick Lorencz,Nick,Lorencz,,,webaccessibility@nbly.com,RECEIVING,SMTP validated,,,,,,jake.leach@mail.rainbowintl.com,RECEIVING,Verified,,,,,,8557246269,landline,,,9412254399,T-Mobile USA Inc.,mobile,,6516056446,,landline,,http://www.facebook.com/rainbowrestores,,http://www.linkedin.com/company/rainbow-restores,,,,,,,,http://www.twitter.com/rainbowrestores,,https://www.youtube.com/user/rainbowrestores,,,"Sarasota Water Damage Service, Mold Removal & Home Restoration",Drupal 7 (http://drupal.org),"Rainbow Restoration of Sarasota guarantees prompt, quality results for water damage restoration, mold removal and fire remediation. Available 24/7. Call today.",,False,False
"water damage restoration service, 70128, New Orleans, LA, US",Rapid Mitigation & Restoration Services,Rapid Mitigation And Restoration Services,https://rapidmitigation.com/,Water damage restoration service,Water damage restoration service,Water damage restoration service,+1 228-493-2624,mobile,"CELLULAR SOUTH, INC.",,"412 US-90 Suite 3, Bay St Louis, MS 39520",None,412 US-90 Suite 3,Bay St Louis,39520,Mississippi,Mississippi,United States of America,US,30.317807199999997,-89.3425659,894455023d7ffff,America/Chicago,,False,5.0,5.0,https://search.google.com/local/reviews?placeid=ChIJZ82QxgktnIgRO9gZiV0l-Zg&q=*&authuser=0&hl=en&gl=US,,,0.0,0.0,0.0,0.0,5.0,1.0,https://streetviewpixels-pa.googleapis.com/v1/thumbnail?panoid=r9oQ4Pl1IscW0WhmZP8zhw&cb_client=search.gws-prod.gps&w=800&h=500&yaw=155.14566&pitch=0&thumbfov=100,https://streetviewpixels-pa.googleapis.com/v1/thumbnail?panoid=r9oQ4Pl1IscW0WhmZP8zhw&cb_client=search.gws-prod.gps&w=1600&h=1000&yaw=155.14566&pitch=0&thumbfov=100,,"{""Sunday"": ""Open 24 hours"", ""Monday"": ""Open 24 hours"", ""Tuesday"": ""Open 24 hours"", ""Wednesday"": ""Open 24 hours"", ""Thursday"": ""Open 24 hours"", ""Friday"": ""Open 24 hours"", ""Saturday"": ""Open 24 hours""}","Sunday,Open 24 hours|Monday,Open 24 hours|Tuesday,Open 24 hours|Wednesday,Open 24 hours|Thursday,Open 24 hours|Friday,Open 24 hours|Saturday,Open 24 hours",Sunday:Open 24 hours|Monday:Open 24 hours|Tuesday:Open 24 hours|Wednesday:Open 24 hours|Thursday:Open 24 hours|Friday:Open 24 hours|Saturday:Open 24 hours,,,OPERATIONAL,"{""Service options"": {""Onsite services"": true}, ""Parking"": {""Free parking lot"": true}}",,,,https://lh3.googleusercontent.com/-Iyp6AfHGrnY/AAAAAAAAAAI/AAAAAAAAAAA/ZGBaU_Sw6dc/s44-p-k-no-ns-nd/photo.jpg,,,True,110352561196169740392,Rapid Mitigation & Restoration Services,https://www.google.com/maps/contrib/110352561196169740392,,,,,"https://www.google.com/maps/place/Rapid+Mitigation+%26+Restoration+Services/@30.317807199999997,-89.3425659,14z/data=!4m8!1m2!2m1!1sRapid+Mitigation+%26+Restoration+Services!3m4!1s0x889c2d09c690cd67:0x98f9255d8919d83b!8m2!3d30.317807199999997!4d-89.3425659","https://www.google.com/maps/place/Rapid+Mitigation+%26+Restoration+Services/@30.317807199999997,-89.3425659,13.99z/data=!4m16!1m7!3m6!1s0x889c2d09c690cd67:0x98f9255d8919d83b!2sRapid+Mitigation+%26+Restoration+Services!8m2!3d30.317807199999997!4d-89.3425659!16s%2Fg%2F11ckvg1dmb!3m7!1s0x889c2d09c690cd67:0x98f9255d8919d83b!8m2!3d30.317807199999997!4d-89.3425659!9m1!1b1!16s%2Fg%2F11ckvg1dmb?entry=ttu",ChIJZ82QxgktnIgRO9gZiV0l-Zg,0x889c2d09c690cd67:0x98f9255d8919d83b,11022882646628358203,/g/11ww3zhgdg,-7423861427081193413,,miles@rapidmitigation.com,RECEIVING,Verified,,,,,,,,,,,,,,,,,,,,,,,,,,,,,,,,,,,,,,,,,,,,,,,,,Rapid Mitigation and Restoration Services,,"From water damage and fire restoration to mold removal and biohazard cleanup, we’re here to restore your property back to a safe, clean state.","restoration, clean-up",False,False
"water damage restoration service, 70128, New Orleans, LA, US",Gulf Coast Mitigators,Gulf Coast Mitigators,https://gulfcoastmitigators.com/,Water damage restoration service,Water damage restoration service,Water damage restoration service,+1 985-250-9322,landline,,,"64267 LA-3081 ste b, Pearl River, LA 70452",None,64267 LA-3081 ste b,Pearl River,70452,Louisiana,Louisiana,United States of America,US,30.3668651,-89.7488137,894455a1523ffff,America/Chicago,,False,5.0,3.0,https://search.google.com/local/reviews?placeid=ChIJN2LUUKHpnYgRMbbDDLGY8gE&q=*&authuser=0&hl=en&gl=US,,,0.0,0.0,0.0,0.0,3.0,4.0,https://lh3.googleusercontent.com/p/AF1QipNHOqfQNMkbf5feAiuXKr3_mcvft1QNM4BZkyUF=w800-h500-k-no,https://lh3.googleusercontent.com/p/AF1QipNHOqfQNMkbf5feAiuXKr3_mcvft1QNM4BZkyUF=w1600-h1000-k-no,,"{""Sunday"": ""Closed"", ""Monday"": ""Open 24 hours"", ""Tuesday"": ""8AM-5PM"", ""Wednesday"": ""8AM-5PM"", ""Thursday"": ""8AM-5PM"", ""Friday"": ""8AM-5PM"", ""Saturday"": ""Closed""}","Sunday,|Monday,Open 24 hours|Tuesday,8AM,5PM|Wednesday,8AM,5PM|Thursday,8AM,5PM|Friday,8AM,5PM|Saturday,",Sunday:Closed|Monday:Open 24 hours|Tuesday:8AM-5PM|Wednesday:8AM-5PM|Thursday:8AM-5PM|Friday:8AM-5PM|Saturday:Closed,,,OPERATIONAL,"{""Accessibility"": {""Wheelchair accessible entrance"": true, ""Wheelchair accessible parking lot"": true}}",,,,https://lh5.googleusercontent.com/-s9ckBmGh6Ik/AAAAAAAAAAI/AAAAAAAAAAA/rOGJirO_67o/s44-p-k-no-ns-nd/photo.jpg,,,True,109409092686657176451,Gulf Coast Mitigators,https://www.google.com/maps/contrib/109409092686657176451,,,,,"https://www.google.com/maps/place/Gulf+Coast+Mitigators/@30.3668651,-89.7488137,14z/data=!4m8!1m2!2m1!1sGulf+Coast+Mitigators!3m4!1s0x889de9a150d46237:0x1f298b10cc3b631!8m2!3d30.3668651!4d-89.7488137","https://www.google.com/maps/place/Gulf+Coast+Mitigators/@30.3668651,-89.7488137,13.99z/data=!4m16!1m7!3m6!1s0x889de9a150d46237:0x1f298b10cc3b631!2sGulf+Coast+Mitigators!8m2!3d30.3668651!4d-89.7488137!16s%2Fg%2F11ckvg1dmb!3m7!1s0x889de9a150d46237:0x1f298b10cc3b631!8m2!3d30.3668651!4d-89.7488137!9m1!1b1!16s%2Fg%2F11ckvg1dmb?entry=ttu",ChIJN2LUUKHpnYgRMbbDDLGY8gE,0x889de9a150d46237:0x1f298b10cc3b631,140342424592692785,/g/11vz3x1twy,140342424592692785,,info@gccontractors.net,RECEIVING,SMTP validated,,,,,,,,,,,,,,,,,,,,,,9852509322,landline,,,,,,,,,,,https://www.facebook.com/gulfcoastcontractorsla/,,,,,,,,,,https://twitter.com/intent/,,,,,Locations – Gulf Coast Disaster Mitigation,WordPress 6.8.3,,,False,False
"water damage restoration service, 70128, New Orleans, LA, US",Community Solutions Group,Community Solutions Group,,"Water damage restoration service, Service establishment",Water damage restoration service,Water damage restoration service,+1 985-212-4035,mobile,"NEW CINGULAR WIRELESS PCS, LLC - GA",,,,,,,,,,,31.1689103,-95.76694599999999,894469d5b6bffff,America/Chicago,,True,5.0,4.0,https://search.google.com/local/reviews?placeid=ChIJCSGiDJPTIIYRBiZVGhpchrc&q=*&authuser=0&hl=en&gl=US,,,0.0,0.0,0.0,0.0,4.0,59.0,https://lh3.googleusercontent.com/p/AF1QipOJrFBvDEejTcT-FxBrlnOnOYfa1SzKGYbqvKo=w800-h500-k-no,https://lh3.googleusercontent.com/p/AF1QipOJrFBvDEejTcT-FxBrlnOnOYfa1SzKGYbqvKo=w1600-h1000-k-no,,"{""Sunday"": ""Open 24 hours"", ""Monday"": ""Open 24 hours"", ""Tuesday"": ""Open 24 hours"", ""Wednesday"": ""Open 24 hours"", ""Thursday"": ""Open 24 hours"", ""Friday"": ""Open 24 hours"", ""Saturday"": ""Open 24 hours""}","Sunday,Open 24 hours|Monday,Open 24 hours|Tuesday,Open 24 hours|Wednesday,Open 24 hours|Thursday,Open 24 hours|Friday,Open 24 hours|Saturday,Open 24 hours",Sunday:Open 24 hours|Monday:Open 24 hours|Tuesday:Open 24 hours|Wednesday:Open 24 hours|Thursday:Open 24 hours|Friday:Open 24 hours|Saturday:Open 24 hours,,,OPERATIONAL,"{""Service options"": {""Online estimates"": true}}",,,,https://lh5.googleusercontent.com/-EL8P0JRuuDI/AAAAAAAAAAI/AAAAAAAAAAA/5eSZUleZS4k/s44-p-k-no-ns-nd/photo.jpg,,,True,107987353496708127689,Community Solutions Group,https://www.google.com/maps/contrib/107987353496708127689,,,,,"https://www.google.com/maps/place/Community+Solutions+Group/@31.1689103,-95.76694599999999,14z/data=!4m8!1m2!2m1!1sCommunity+Solutions+Group!3m4!1s0x8620d3930ca22109:0xb7865c1a1a552606!8m2!3d31.1689103!4d-95.76694599999999","https://www.google.com/maps/place/Community+Solutions+Group/@31.1689103,-95.76694599999999,13.99z/data=!4m16!1m7!3m6!1s0x8620d3930ca22109:0xb7865c1a1a552606!2sCommunity+Solutions+Group!8m2!3d31.1689103!4d-95.76694599999999!16s%2Fg%2F11ckvg1dmb!3m7!1s0x8620d3930ca22109:0xb7865c1a1a552606!8m2!3d31.1689103!4d-95.76694599999999!9m1!1b1!16s%2Fg%2F11ckvg1dmb?entry=ttu",ChIJCSGiDJPTIIYRBiZVGhpchrc,0x8620d3930ca22109:0xb7865c1a1a552606,13224358623000733190,/g/11q3_4v3sp,-5222385450708818426,,,,,,,,,,,,,,,,,,,,,,,,,,,,,,,,,,,,,,,,,,,,,,,,,,,,,,,,,,
"water damage restoration service, 70128, New Orleans, LA, US",Gore's Services,Gores Services,https://www.goresservices.com/,"HVAC contractor, Air conditioning contractor, Electrician, Service establishment, Furnace parts supplier, Furnace repair service, Furnace store, Electric generator shop, Heating contractor, Plumber",HVAC contractor,HVAC contractor,+1 504-353-9792,landline,Onvoy,True,,,,,,,,,,30.1740665,-90.111717,89444645aafffff,America/Chicago,,True,5.0,124.0,https://search.google.com/local/reviews?placeid=ChIJr9r7JhSnIIYR88BVVkJ0gEA&q=*&authuser=0&hl=en&gl=US,,,0.0,0.0,0.0,1.0,123.0,197.0,https://lh3.googleusercontent.com/p/AF1QipPlGAId1y1qz5ykyqbeNftYO5HkA8RfK6drfIba=w800-h500-k-no,https://lh3.googleusercontent.com/p/AF1QipPlGAId1y1qz5ykyqbeNftYO5HkA8RfK6drfIba=w1600-h1000-k-no,,"{""Sunday"": ""7AM-6PM"", ""Monday"": ""7AM-6PM"", ""Tuesday"": ""7AM-6PM"", ""Wednesday"": ""7AM-6PM"", ""Thursday"": ""7AM-6PM"", ""Friday"": ""7AM-6PM"", ""Saturday"": ""7AM-6PM""}","Sunday,7AM,6PM|Monday,7AM,6PM|Tuesday,7AM,6PM|Wednesday,7AM,6PM|Thursday,7AM,6PM|Friday,7AM,6PM|Saturday,7AM,6PM",Sunday:7AM-6PM|Monday:7AM-6PM|Tuesday:7AM-6PM|Wednesday:7AM-6PM|Thursday:7AM-6PM|Friday:7AM-6PM|Saturday:7AM-6PM,,,OPERATIONAL,"{""Offerings"": {""Repair services"": true}}",,,,https://lh4.googleusercontent.com/-sBbiSMKrFeA/AAAAAAAAAAI/AAAAAAAAAAA/068qflP1ZKs/s44-p-k-no-ns-nd/photo.jpg,,,True,100891652836551738697,Gore's Services,https://www.google.com/maps/contrib/100891652836551738697,,https://www.goresservices.com/contact,,https://www.goresservices.com/contact,"https://www.google.com/maps/place/Gore%27s+Services/@30.1740665,-90.111717,14z/data=!4m8!1m2!2m1!1sGore%27s+Services!3m4!1s0x8620a71426fbdaaf:0x408074425655c0f3!8m2!3d30.1740665!4d-90.111717","https://www.google.com/maps/place/Gore%27s+Services/@30.1740665,-90.111717,13.99z/data=!4m16!1m7!3m6!1s0x8620a71426fbdaaf:0x408074425655c0f3!2sGore%27s+Services!8m2!3d30.1740665!4d-90.111717!16s%2Fg%2F11ckvg1dmb!3m7!1s0x8620a71426fbdaaf:0x408074425655c0f3!8m2!3d30.1740665!4d-90.111717!9m1!1b1!16s%2Fg%2F11ckvg1dmb?entry=ttu",ChIJr9r7JhSnIIYR88BVVkJ0gEA,0x8620a71426fbdaaf:0x408074425655c0f3,4647842643711475955,/g/11khkbzjgr,4647842643711475955,,jhgoreelectric@gmail.com,RECEIVING,SMTP validated,,,,,,,,,,,,,,,,,,,,,,5045278020,landline,,,15045278020,,landline,,,,,,https://www.facebook.com/goresservices,,,,,,,,,,,,,,,"Contact Gore's Services For Expert  HVAC, Plumbing & Electrical",WordPress 6.4.3,"Need Quality service you can trust? Call us today at 504-527-8020 for expert help with HVAC, Plumbing, and Electrical Services in New Orleans",Whole-Home Generator Services,False,False
"water damage restoration service, 70128, New Orleans, LA, US",David Clawson LLC Roofing & Renovations,David Clawson Llc Roofing And Renovations,,"Water damage restoration service, Metal fabricator, Remodeler, Sheet metal contractor, Siding contractor, Roofing contractor",Roofing contractor,Water damage restoration service,+1 985-966-5618,mobile,T-Mobile USA Inc.,,"23476 Silver Springs Dr, Abita Springs, LA 70420",None,23476 Silver Springs Dr,Abita Springs,70420,Louisiana,Louisiana,United States of America,US,30.496087399999997,-90.01117769999999,894455a6907ffff,America/Chicago,,False,4.9,33.0,https://search.google.com/local/reviews?placeid=ChIJhxxmU5BfJ4YRZMP1iCdlZXI&q=*&authuser=0&hl=en&gl=US,,,1.0,0.0,0.0,0.0,32.0,48.0,https://lh3.googleusercontent.com/gps-cs-s/AG0ilSwTVBS7zv2wAZOLkPXjSKfWf_imVRxz8hchLk5kUGv1Z_l2mA1d_43Ygpo_LtIfQETxpr4VvGxZ12CbEjOMpaiiJkD9TxYA56pHtT_pxNp7KpsTgaBQH9WLNznmAWS6zBpIOI2E6A=w800-h500-k-no,https://lh3.googleusercontent.com/gps-cs-s/AG0ilSwTVBS7zv2wAZOLkPXjSKfWf_imVRxz8hchLk5kUGv1Z_l2mA1d_43Ygpo_LtIfQETxpr4VvGxZ12CbEjOMpaiiJkD9TxYA56pHtT_pxNp7KpsTgaBQH9WLNznmAWS6zBpIOI2E6A=w1600-h1000-k-no,,"{""Sunday"": ""Closed"", ""Monday"": ""9AM-5PM"", ""Tuesday"": ""9AM-5PM"", ""Wednesday"": ""9AM-5PM"", ""Thursday"": ""9AM-5PM"", ""Friday"": ""9AM-5PM"", ""Saturday"": ""9AM-5PM""}","Sunday,|Monday,9AM,5PM|Tuesday,9AM,5PM|Wednesday,9AM,5PM|Thursday,9AM,5PM|Friday,9AM,5PM|Saturday,9AM,5PM",Sunday:Closed|Monday:9AM-5PM|Tuesday:9AM-5PM|Wednesday:9AM-5PM|Thursday:9AM-5PM|Friday:9AM-5PM|Saturday:9AM-5PM,,,OPERATIONAL,"{""Service options"": {""Online estimates"": false, ""Onsite services"": false}}",,,,https://lh4.googleusercontent.com/-n5fMO7sA57k/AAAAAAAAAAI/AAAAAAAAAAA/rRWIRVWmSdM/s44-p-k-no-ns-nd/photo.jpg,,,True,100708623657249993499,David Clawson LLC Roofing & Renovations,https://www.google.com/maps/contrib/100708623657249993499,,,,,"https://www.google.com/maps/place/David+Clawson+LLC+Roofing+%26+Renovations/@30.496087399999997,-90.01117769999999,14z/data=!4m8!1m2!2m1!1sDavid+Clawson+LLC+Roofing+%26+Renovations!3m4!1s0x86275f9053661c87:0x7265652788f5c364!8m2!3d30.496087399999997!4d-90.01117769999999","https://www.google.com/maps/place/David+Clawson+LLC+Roofing+%26+Renovations/@30.496087399999997,-90.01117769999999,13.99z/data=!4m16!1m7!3m6!1s0x86275f9053661c87:0x7265652788f5c364!2sDavid+Clawson+LLC+Roofing+%26+Renovations!8m2!3d30.496087399999997!4d-90.01117769999999!16s%2Fg%2F11ckvg1dmb!3m7!1s0x86275f9053661c87:0x7265652788f5c364!8m2!3d30.496087399999997!4d-90.01117769999999!9m1!1b1!16s%2Fg%2F11ckvg1dmb?entry=ttu",ChIJhxxmU5BfJ4YRZMP1iCdlZXI,0x86275f9053661c87:0x7265652788f5c364,8243105913447498596,/g/11b6lmwvfj,8243105913447498596,,,,,,,,,,,,,,,,,,,,,,,,,,,,,,,,,,,,,,,,,,,,,,,,,,,,,,,,,,
"water damage restoration service, 70128, New Orleans, LA, US",Dry-it! WMS LLC,Dry It! Wms,,Water damage restoration service,Water damage restoration service,Water damage restoration service,+1 985-718-7334,mobile,Verizon Wireless,True,"3929 LA-59 suite c, Mandeville, LA 70471",None,3929 LA-59 suite c,Mandeville,70471,Louisiana,Louisiana,United States of America,US,30.4044755,-90.0410848,894446694a7ffff,America/Chicago,,False,,,,,,,,,,,1.0,https://streetviewpixels-pa.googleapis.com/v1/thumbnail?panoid=EX4pAlxK16Z3_1WQjvx38g&cb_client=search.gws-prod.gps&w=800&h=500&yaw=359.43463&pitch=0&thumbfov=100,https://streetviewpixels-pa.googleapis.com/v1/thumbnail?panoid=EX4pAlxK16Z3_1WQjvx38g&cb_client=search.gws-prod.gps&w=1600&h=1000&yaw=359.43463&pitch=0&thumbfov=100,,"{""Sunday"": ""Open 24 hours"", ""Monday"": ""Open 24 hours"", ""Tuesday"": ""Open 24 hours"", ""Wednesday"": ""Open 24 hours"", ""Thursday"": ""Open 24 hours"", ""Friday"": ""Open 24 hours"", ""Saturday"": ""Open 24 hours""}","Sunday,Open 24 hours|Monday,Open 24 hours|Tuesday,Open 24 hours|Wednesday,Open 24 hours|Thursday,Open 24 hours|Friday,Open 24 hours|Saturday,Open 24 hours",Sunday:Open 24 hours|Monday:Open 24 hours|Tuesday:Open 24 hours|Wednesday:Open 24 hours|Thursday:Open 24 hours|Friday:Open 24 hours|Saturday:Open 24 hours,,,OPERATIONAL,{},,,,https://lh5.googleusercontent.com/-lLL-0FYob0I/AAAAAAAAAAI/AAAAAAAAAAA/FKYNpFFnfOE/s44-p-k-no-ns-nd/photo.jpg,,,True,106546990089973437750,Dry-it! WMS LLC,https://www.google.com/maps/contrib/106546990089973437750,,,,,"https://www.google.com/maps/place/Dry-it%21+WMS+LLC/@30.4044755,-90.0410848,14z/data=!4m8!1m2!2m1!1sDry-it%21+WMS+LLC!3m4!1s0x862759b188b78c2f:0x2d5b576c6d0f43e!8m2!3d30.4044755!4d-90.0410848","https://www.google.com/maps/place/Dry-it%21+WMS+LLC/@30.4044755,-90.0410848,13.99z/data=!4m16!1m7!3m6!1s0x862759b188b78c2f:0x2d5b576c6d0f43e!2sDry-it%21+WMS+LLC!8m2!3d30.4044755!4d-90.0410848!16s%2Fg%2F11ckvg1dmb!3m7!1s0x862759b188b78c2f:0x2d5b576c6d0f43e!8m2!3d30.4044755!4d-90.0410848!9m1!1b1!16s%2Fg%2F11ckvg1dmb?entry=ttu",ChIJL4y3iLFZJ4YRPvTQxna11QI,0x862759b188b78c2f:0x2d5b576c6d0f43e,204268879861576766,/g/11p73_0rfq,None,,,,,,,,,,,,,,,,,,,,,,,,,,,,,,,,,,,,,,,,,,,,,,,,,,,,,,,,,,
"water damage restoration service, 70128, New Orleans, LA, US",Delon Painting,Delon Painting,https://nextdoor.com/business-profile/preview/%3Fis%3Dpersonal_profile,"Painting, Blacksmith, Cabinet maker, Carpenter, Service establishment, Home builder, Home help, Home improvement store, House sitter, Woodworker",Painting,Painting,,,,,,,,,,,,,,30.0326605,-89.9526745,8944464132bffff,America/Chicago,,True,5.0,7.0,https://search.google.com/local/reviews?placeid=ChIJI6MxeGBqPCoRgNO6QgI-JuQ&q=*&authuser=0&hl=en&gl=US,,,0.0,0.0,0.0,0.0,7.0,28.0,https://lh3.googleusercontent.com/p/AF1QipMc-BXGumHaw1CJ1BPqnYoRByb30aG4CrR2BGBt=w800-h500-k-no,https://lh3.googleusercontent.com/p/AF1QipMc-BXGumHaw1CJ1BPqnYoRByb30aG4CrR2BGBt=w1600-h1000-k-no,,"{""Sunday"": ""9AM-5PM"", ""Monday"": ""9AM-5PM"", ""Tuesday"": ""9AM-5PM"", ""Wednesday"": ""9AM-5PM"", ""Thursday"": ""9AM-5PM"", ""Friday"": ""9AM-5PM"", ""Saturday"": ""9AM-5PM""}","Sunday,9AM,5PM|Monday,9AM,5PM|Tuesday,9AM,5PM|Wednesday,9AM,5PM|Thursday,9AM,5PM|Friday,9AM,5PM|Saturday,9AM,5PM",Sunday:9AM-5PM|Monday:9AM-5PM|Tuesday:9AM-5PM|Wednesday:9AM-5PM|Thursday:9AM-5PM|Friday:9AM-5PM|Saturday:9AM-5PM,,,OPERATIONAL,"{""Service options"": {""Online estimates"": true}}",,,,https://lh3.googleusercontent.com/-4cnXRrx9SKE/AAAAAAAAAAI/AAAAAAAAAAA/GrISaPL86tY/s44-p-k-no-ns-nd/photo.jpg,,,True,109363608737191836436,Delon Painting,https://www.google.com/maps/contrib/109363608737191836436,,,,,"https://www.google.com/maps/place/Delon+Painting/@30.0326605,-89.9526745,14z/data=!4m8!1m2!2m1!1sDelon+Painting!3m4!1s0x2a3c6a607831a323:0xe4263e0242bad380!8m2!3d30.0326605!4d-89.9526745","https://www.google.com/maps/place/Delon+Painting/@30.0326605,-89.9526745,13.99z/data=!4m16!1m7!3m6!1s0x2a3c6a607831a323:0xe4263e0242bad380!2sDelon+Painting!8m2!3d30.0326605!4d-89.9526745!16s%2Fg%2F11ckvg1dmb!3m7!1s0x2a3c6a607831a323:0xe4263e0242bad380!8m2!3d30.0326605!4d-89.9526745!9m1!1b1!16s%2Fg%2F11ckvg1dmb?entry=ttu",ChIJI6MxeGBqPCoRgNO6QgI-JuQ,0x2a3c6a607831a323:0xe4263e0242bad380,16439895669192971136,/g/11vjm9_1l7,-2006848404516580480,,fcejacer@gmail.com,RECEIVING,Verified,Fabi Ceja,Fabi,Ceja,,,solson0859@gmail.com,RECEIVING,Verified,Skye Olson,Skye,Olson,,,nina.pincus@gmail.com,RECEIVING,Verified,Nina Pincus,Nina,Pincus,,,15127735592,mobile,"T-MOBILE USA, INC.",,14044332488,,mobile,,15104210435,CELLCO PARTNERSHIP DBA VERIZON WIRELESS - CA,mobile,,http://www.facebook.com/nextdoor,https://www.instagram.com/precisionpaintingcomemphis/,https://www.linkedin.com/company/nextdoor-com,,,,,,,,http://www.twitter.com/nextdoor,,https://www.youtube.com/user/NextdoorSF,,,Texas cities on Nextdoor,HubSpot,List of cities in Texas in alphabetical order. Find your TX city & join your Nextdoor neighborhood.,"Nextdoor,local,business,The Handy Guys - Houston, TX,Handyman,Landscape contractor",False,False
"water damage restoration service, 70131, New Orleans, LA, US",FERN Remediation,Fern Remediation,https://www.fernremediation.com/,"Construction company, Service establishment",Construction company,Construction company,+1 504-810-1028,mobile,"NEW CINGULAR WIRELESS PCS, LLC - GA",,,,,,,,,,,30.937373599999997,-91.40087,8944400c20fffff,America/Chicago,,True,,,,,,,,,,,1.0,https://lh3.googleusercontent.com/p/AF1QipMol5hCqv5L9oeJ8JBRFIr4fMoYOrocIAo9I7wt=w800-h500-k-no,https://lh3.googleusercontent.com/p/AF1QipMol5hCqv5L9oeJ8JBRFIr4fMoYOrocIAo9I7wt=w1600-h1000-k-no,,,,,,,OPERATIONAL,{},,,,https://lh5.googleusercontent.com/-TQnTcg3huj0/AAAAAAAAAAI/AAAAAAAAAAA/L67O807JK6o/s44-p-k-no-ns-nd/photo.jpg,,,True,106673187292289247366,FERN Remediation,https://www.google.com/maps/contrib/106673187292289247366,,,,,"https://www.google.com/maps/place/FERN+Remediation/@30.937373599999997,-91.40087,14z/data=!4m8!1m2!2m1!1sFERN+Remediation!3m4!1s0x223b64c6b5f173cf:0xb0f32b9eaba29be2!8m2!3d30.937373599999997!4d-91.40087","https://www.google.com/maps/place/FERN+Remediation/@30.937373599999997,-91.40087,13.99z/data=!4m16!1m7!3m6!1s0x223b64c6b5f173cf:0xb0f32b9eaba29be2!2sFERN+Remediation!8m2!3d30.937373599999997!4d-91.40087!16s%2Fg%2F11ckvg1dmb!3m7!1s0x223b64c6b5f173cf:0xb0f32b9eaba29be2!8m2!3d30.937373599999997!4d-91.40087!9m1!1b1!16s%2Fg%2F11ckvg1dmb?entry=ttu",ChIJz3PxtcZkOyIR4puiq54r87A,0x223b64c6b5f173cf:0xb0f32b9eaba29be2,12750582930500393954,/g/11v3qc6z_h,None,,fernremediation@gmail.com,RECEIVING,Verified,,,,,,,,,,,,,,,,,,,,,,,,,,,,,,,,,,,,,,,,,,,,,,,,,Get a Quote | Fern Remediation,Wix.com Website Builder,Fill out a quick form and get your quote. We make it fast and easy. Get a quote from a water damage specialist near you.,,False,False
"water damage restoration service, 70131, New Orleans, LA, US",Coco Construction Of New Orleans LLC,Coco Construction Of New Orleans,https://cococonstructionllc.godaddysites.com/,"Roofing contractor, Carpenter, Construction company, Dry wall contractor, Flooring contractor, Painting, Remodeler, Repair service, Siding contractor, Waterproofing service",Roofing contractor,Roofing contractor,+1 504-261-6316,mobile,,,"2304 Engineers Rd suite d, Belle Chasse, LA 70037",None,2304 Engineers Rd suite d,Belle Chasse,70037,Louisiana,Louisiana,United States of America,US,29.8446674,-90.0374068,8944465029bffff,America/Chicago,,False,5.0,3.0,https://search.google.com/local/reviews?placeid=ChIJt-OPJHUdnogRFLOV3gtvrj4&q=*&authuser=0&hl=en&gl=US,,,0.0,0.0,0.0,0.0,3.0,44.0,https://lh3.googleusercontent.com/p/AF1QipMBvhb9d_yMrw4B9vZG3sZS1aMAJJFRXHx3P2rc=w800-h500-k-no,https://lh3.googleusercontent.com/p/AF1QipMBvhb9d_yMrw4B9vZG3sZS1aMAJJFRXHx3P2rc=w1600-h1000-k-no,,"{""Sunday"": ""Closed"", ""Monday"": ""8AM-5PM"", ""Tuesday"": ""8AM-5PM"", ""Wednesday"": ""8AM-5PM"", ""Thursday"": ""8AM-5PM"", ""Friday"": ""8AM-5PM"", ""Saturday"": ""8AM-5PM""}","Sunday,|Monday,8AM,5PM|Tuesday,8AM,5PM|Wednesday,8AM,5PM|Thursday,8AM,5PM|Friday,8AM,5PM|Saturday,8AM,5PM",Sunday:Closed|Monday:8AM-5PM|Tuesday:8AM-5PM|Wednesday:8AM-5PM|Thursday:8AM-5PM|Friday:8AM-5PM|Saturday:8AM-5PM,,,OPERATIONAL,"{""From the business"": {""Identifies as Latino-owned"": true}, ""Service options"": {""Online estimates"": true, ""Onsite services"": true}, ""Accessibility"": {""Wheelchair accessible entrance"": true}, ""Amenities"": {""Gender-neutral restroom"": true}, ""Crowd"": {""LGBTQ+ friendly"": true}, ""Other"": {""LGBTQ+ friendly"": true, ""Identifies as Latino-owned"": true}}",,,,https://lh3.googleusercontent.com/-RDMlDMH9-G4/AAAAAAAAAAI/AAAAAAAAAAA/rUmKmK85trI/s44-p-k-no-ns-nd/photo.jpg,,,True,112429207352834260116,Coco Construction Of New Orleans LLC,https://www.google.com/maps/contrib/112429207352834260116,,,,,"https://www.google.com/maps/place/Coco+Construction+Of+New+Orleans+LLC/@29.8446674,-90.0374068,14z/data=!4m8!1m2!2m1!1sCoco+Construction+Of+New+Orleans+LLC!3m4!1s0x889e1d75248fe3b7:0x3eae6f0bde95b314!8m2!3d29.8446674!4d-90.0374068","https://www.google.com/maps/place/Coco+Construction+Of+New+Orleans+LLC/@29.8446674,-90.0374068,13.99z/data=!4m16!1m7!3m6!1s0x889e1d75248fe3b7:0x3eae6f0bde95b314!2sCoco+Construction+Of+New+Orleans+LLC!8m2!3d29.8446674!4d-90.0374068!16s%2Fg%2F11ckvg1dmb!3m7!1s0x889e1d75248fe3b7:0x3eae6f0bde95b314!8m2!3d29.8446674!4d-90.0374068!9m1!1b1!16s%2Fg%2F11ckvg1dmb?entry=ttu",ChIJt-OPJHUdnogRFLOV3gtvrj4,0x889e1d75248fe3b7:0x3eae6f0bde95b314,4516669573068862228,/g/11gpnjyyl9,4516669573068862228,,info@indiantypefoundry.com,RECEIVING,Role,,,,,,cococonstructionllc@gmail.com,RECEIVING,SMTP validated,,,,,,eben@eyebytes.com,RECEIVING,Verified,,,,,,5042616316,mobile,,,5044086518,T-Mobile USA Inc.,mobile,,15042616316,,mobile,,https://www.facebook.com/101749574619728,https://www.instagram.com/cococonstructionllc,,,,,,,,https://wa.me/15042616316,,,,,,Coco Construction of New Orleans LLC,Starfield Technologies; Go Daddy Website Builder 8.0.0000,,,False,True
"water damage restoration service, 70131, New Orleans, LA, US",Duxworth Roofing & Sheet Metal.,Duxworth Roofing And Sheet Metal,,Roofing contractor,Roofing contractor,Roofing contractor,+1 504-277-5712,landline,,,"1401 E St Bernard Hwy, Chalmette, LA 70043",None,1401 E St Bernard Hwy,Chalmette,70043,Louisiana,Louisiana,United States of America,US,29.9314364,-89.9539102,89444658d93ffff,America/Chicago,,False,4.6,16.0,https://search.google.com/local/reviews?placeid=ChIJUeRlM_gcnogR0R0b4ONDu4M&q=*&authuser=0&hl=en&gl=US,,,1.0,0.0,1.0,0.0,14.0,39.0,https://lh3.googleusercontent.com/gps-cs-s/AG0ilSwr-AL_7trLVqpZtWpirI7434Vt6cbVchtn71ZuH9rH4a0b7tQSWawrKMMsIPKefDqgmhLRdH8Z1Bxb6dXzDR4F08N-Yuaj1DOIppMwAh2Jm8PGHDsV5Lsl6aU3PJIrz34n5VM=w800-h500-k-no,https://lh3.googleusercontent.com/gps-cs-s/AG0ilSwr-AL_7trLVqpZtWpirI7434Vt6cbVchtn71ZuH9rH4a0b7tQSWawrKMMsIPKefDqgmhLRdH8Z1Bxb6dXzDR4F08N-Yuaj1DOIppMwAh2Jm8PGHDsV5Lsl6aU3PJIrz34n5VM=w1600-h1000-k-no,,,,,,,OPERATIONAL,"{""Accessibility"": {""Wheelchair accessible entrance"": true, ""Wheelchair accessible parking lot"": true}}",,,,,,,False,None,Duxworth Roofing & Sheet Metal.,,,,,,"https://www.google.com/maps/place/Duxworth+Roofing+%26+Sheet+Metal./@29.9314364,-89.9539102,14z/data=!4m8!1m2!2m1!1sDuxworth+Roofing+%26+Sheet+Metal.!3m4!1s0x889e1cf83365e451:0x83bb43e3e01b1dd1!8m2!3d29.9314364!4d-89.9539102","https://www.google.com/maps/place/Duxworth+Roofing+%26+Sheet+Metal./@29.9314364,-89.9539102,13.99z/data=!4m16!1m7!3m6!1s0x889e1cf83365e451:0x83bb43e3e01b1dd1!2sDuxworth+Roofing+%26+Sheet+Metal.!8m2!3d29.9314364!4d-89.9539102!16s%2Fg%2F11ckvg1dmb!3m7!1s0x889e1cf83365e451:0x83bb43e3e01b1dd1!8m2!3d29.9314364!4d-89.9539102!9m1!1b1!16s%2Fg%2F11ckvg1dmb?entry=ttu",ChIJUeRlM_gcnogR0R0b4ONDu4M,0x889e1cf83365e451:0x83bb43e3e01b1dd1,9492255285609962961,/g/1tdmqvf2,-8954488788099588655,,,,,,,,,,,,,,,,,,,,,,,,,,,,,,,,,,,,,,,,,,,,,,,,,,,,,,,,,,
"water damage restoration service, 70131, New Orleans, LA, US",Flores Gamez Construction Llc,Flores Gamez Construction,http://fgconstructionllc.company/,"Contractor, Deck builder, Fence contractor, House cleaning service, Painting, Pressure washing service, Remodeler, Roofing contractor, Siding contractor, Window cleaning service",Contractor,Contractor,+1 504-205-3641,mobile,T-Mobile USA Inc.,,"3619 Cecil St, New Orleans, LA 70056",None,3619 Cecil St,New Orleans,70056,Louisiana,Louisiana,United States of America,US,29.906745899999997,-90.0296065,89444651823ffff,America/Chicago,,False,5.0,1.0,https://search.google.com/local/reviews?placeid=ChIJgekzL4WvIIYRcKJCnTwMl-Q&q=*&authuser=0&hl=en&gl=US,,,0.0,0.0,0.0,0.0,1.0,265.0,https://lh3.googleusercontent.com/p/AF1QipMSBxP1nIDaUlOBvxvwRbvWfTuto92D5BdR-ch6=w800-h500-k-no,https://lh3.googleusercontent.com/p/AF1QipMSBxP1nIDaUlOBvxvwRbvWfTuto92D5BdR-ch6=w1600-h1000-k-no,,"{""Sunday"": ""Open 24 hours"", ""Monday"": ""7AM-5PM"", ""Tuesday"": ""7AM-5PM"", ""Wednesday"": ""7AM-5PM"", ""Thursday"": ""7AM-5PM"", ""Friday"": ""7AM-5PM"", ""Saturday"": ""7AM-5PM""}","Sunday,Open 24 hours|Monday,7AM,5PM|Tuesday,7AM,5PM|Wednesday,7AM,5PM|Thursday,7AM,5PM|Friday,7AM,5PM|Saturday,7AM,5PM",Sunday:Open 24 hours|Monday:7AM-5PM|Tuesday:7AM-5PM|Wednesday:7AM-5PM|Thursday:7AM-5PM|Friday:7AM-5PM|Saturday:7AM-5PM,,,OPERATIONAL,"{""Service options"": {""Online estimates"": true, ""Onsite services"": true}}",,,,https://lh3.googleusercontent.com/-1rKYo5VktFI/AAAAAAAAAAI/AAAAAAAAAAA/6vxxbioANmY/s44-p-k-no-ns-nd/photo.jpg,,,True,113849686351876208008,Flores Gamez Construction Llc,https://www.google.com/maps/contrib/113849686351876208008,,,,,"https://www.google.com/maps/place/Flores+Gamez+Construction+Llc/@29.906745899999997,-90.0296065,14z/data=!4m8!1m2!2m1!1sFlores+Gamez+Construction+Llc!3m4!1s0x8620af852f33e981:0xe4970c3c9d42a270!8m2!3d29.906745899999997!4d-90.0296065","https://www.google.com/maps/place/Flores+Gamez+Construction+Llc/@29.906745899999997,-90.0296065,13.99z/data=!4m16!1m7!3m6!1s0x8620af852f33e981:0xe4970c3c9d42a270!2sFlores+Gamez+Construction+Llc!8m2!3d29.906745899999997!4d-90.0296065!16s%2Fg%2F11ckvg1dmb!3m7!1s0x8620af852f33e981:0xe4970c3c9d42a270!8m2!3d29.906745899999997!4d-90.0296065!9m1!1b1!16s%2Fg%2F11ckvg1dmb?entry=ttu",ChIJgekzL4WvIIYRcKJCnTwMl-Q,0x8620af852f33e981:0xe4970c3c9d42a270,16471647616606839408,/g/11r_gpcyn1,-1975096457102712208,,litogamez27@gmail.com,RECEIVING,SMTP validated,,,,,,pedro86lopez79@gmail.com,RECEIVING,SMTP validated,,,,,,irrigationserviceprofessionals@gmail.com,RECEIVING,Verified,,,,,,14157558180,mobile,"NEW CINGULAR WIRELESS PCS, LLC",,15042053641,T-Mobile USA Inc.,mobile,,,,,,https://www.facebook.com/FloresGamezConstructionLlc/,https://www.instagram.com/floresgamezconstructionllc,,,,,,,,,,,https://www.youtube.com/channel/UCrzz7cVxYGBduSTCEDBDtjg,,,House Cleaning - Flores Gamez Construction LLC,WordPress 6.8.3,"Experience excellence in home cleaning with Flores Gamez Construction LLC. Our comprehensive approach addresses every corner and surface with meticulous attention, using products and techniques that not only eliminate visible dirt but also bacteria and germs. We tailor our services to fit your needs, offering regular, deep, or occasional cleaning according to your preferences. We use state-of-the-art equipment and eco-friendly products to ensure efficient and environmentally responsible results. Trust us to keep your home immaculate and create a healthy and inviting environment for you to fully enjoy.",,False,False
"water damage restoration service, 70131, New Orleans, LA, US",L&D Enterprises,L And D Enterprises,https://www.ldent.net/,"Construction company, Bathroom remodeler, Contractor, Service establishment, General contractor, Kitchen remodeler, Roofing contractor",Construction company,Construction company,+1 504-270-7058,landline,,,,,,,,,,,,30.051738999999998,-89.9343975,8944464a8b3ffff,America/Chicago,,True,5.0,2.0,https://search.google.com/local/reviews?placeid=ChIJeexq-pVa56ARJneMhYWWim0&q=*&authuser=0&hl=en&gl=US,,,0.0,0.0,0.0,0.0,2.0,8.0,https://lh3.googleusercontent.com/p/AF1QipPsm4GgiHjsL9YbW7WleGnS-BNx-IIt7OhawnCu=w800-h500-k-no,https://lh3.googleusercontent.com/p/AF1QipPsm4GgiHjsL9YbW7WleGnS-BNx-IIt7OhawnCu=w1600-h1000-k-no,,"{""Sunday"": ""Closed"", ""Monday"": ""8AM-4PM"", ""Tuesday"": ""8AM-4PM"", ""Wednesday"": ""8AM-4PM"", ""Thursday"": ""8AM-4PM"", ""Friday"": ""8AM-4PM"", ""Saturday"": ""Closed""}","Sunday,|Monday,8AM,4PM|Tuesday,8AM,4PM|Wednesday,8AM,4PM|Thursday,8AM,4PM|Friday,8AM,4PM|Saturday,",Sunday:Closed|Monday:8AM-4PM|Tuesday:8AM-4PM|Wednesday:8AM-4PM|Thursday:8AM-4PM|Friday:8AM-4PM|Saturday:Closed,,,OPERATIONAL,{},,,,https://lh6.googleusercontent.com/-SaTUN8E6JpQ/AAAAAAAAAAI/AAAAAAAAAAA/CPbYV6sNVlc/s44-p-k-no-ns-nd/photo.jpg,,,True,100019515706118766267,L&D Enterprises,https://www.google.com/maps/contrib/100019515706118766267,,,,,"https://www.google.com/maps/place/L%26D+Enterprises/@30.051738999999998,-89.9343975,14z/data=!4m8!1m2!2m1!1sL%26D+Enterprises!3m4!1s0xa0e75a95fa6aec79:0x6d8a9685858c7726!8m2!3d30.051738999999998!4d-89.9343975","https://www.google.com/maps/place/L%26D+Enterprises/@30.051738999999998,-89.9343975,13.99z/data=!4m16!1m7!3m6!1s0xa0e75a95fa6aec79:0x6d8a9685858c7726!2sL%26D+Enterprises!8m2!3d30.051738999999998!4d-89.9343975!16s%2Fg%2F11ckvg1dmb!3m7!1s0xa0e75a95fa6aec79:0x6d8a9685858c7726!8m2!3d30.051738999999998!4d-89.9343975!9m1!1b1!16s%2Fg%2F11ckvg1dmb?entry=ttu",ChIJeexq-pVa56ARJneMhYWWim0,0xa0e75a95fa6aec79:0x6d8a9685858c7726,7893286797135607590,/g/11mcsqccpm,7893286797135607590,,lonco333@gmail.com,RECEIVING,Verified,,,,,,,,,,,,,,,,,,,,,,5042707058,landline,,,,,,,,,,,,,,,,,,,,,,,,,,"Construction Services, L&D Enterprises, New Orleans, LA",Wix.com Website Builder,"Reach out for expert construction services in New Orleans, LA. Contact us for inquiries & prompt responses!",,False,False
"water damage restoration service, 70131, New Orleans, LA, US",Accent Home Improvements | Siding Patios Gutters Windows - NOLA Contractors,Accent Home Improvements | Siding Patios Gutters Windows Nola Contractors,http://www.accenthomeimprovementsofno.com/,"General contractor, Carport and pergola builder, Contractor, Service establishment, Siding contractor, Gutter cleaning service, Patio enclosure supplier, Roofing contractor, Sunroom contractor, Window installation service, Window supplier",Siding contractor,General contractor,+1 504-888-4733,landline,,,,,,,,,,,,29.646653999999998,-90.128154,894446ca02bffff,America/Chicago,,True,5.0,45.0,https://search.google.com/local/reviews?placeid=ChIJ3WSMVL6jIIYROgzNfJzJsKc&q=*&authuser=0&hl=en&gl=US,,,0.0,0.0,0.0,1.0,44.0,38.0,https://lh3.googleusercontent.com/p/AF1QipNTo8Na0pW_QqiWOyimV-N0xOzAAJtO1AuD6Te8=w800-h500-k-no,https://lh3.googleusercontent.com/p/AF1QipNTo8Na0pW_QqiWOyimV-N0xOzAAJtO1AuD6Te8=w1600-h1000-k-no,,"{""Sunday"": ""7AM-7PM"", ""Monday"": ""7AM-7PM"", ""Tuesday"": ""7AM-7PM"", ""Wednesday"": ""7AM-7PM"", ""Thursday"": ""7AM-7PM"", ""Friday"": ""7AM-7PM"", ""Saturday"": ""7AM-7PM""}","Sunday,7AM,7PM|Monday,7AM,7PM|Tuesday,7AM,7PM|Wednesday,7AM,7PM|Thursday,7AM,7PM|Friday,7AM,7PM|Saturday,7AM,7PM",Sunday:7AM-7PM|Monday:7AM-7PM|Tuesday:7AM-7PM|Wednesday:7AM-7PM|Thursday:7AM-7PM|Friday:7AM-7PM|Saturday:7AM-7PM,,,OPERATIONAL,{},,,,https://lh6.googleusercontent.com/-hOaPf9zzWw8/AAAAAAAAAAI/AAAAAAAAAAA/bq2g2drqV_M/s44-p-k-no-ns-nd/photo.jpg,,,True,106197640806039645684,Accent Home Improvements | Siding Patios Gutters Windows - NOLA Contractors,https://www.google.com/maps/contrib/106197640806039645684,,,,,"https://www.google.com/maps/place/Accent+Home+Improvements+%7C+Siding+Patios+Gutters+Windows+-+NOLA+Contractors/@29.646653999999998,-90.128154,14z/data=!4m8!1m2!2m1!1sAccent+Home+Improvements+%7C+Siding+Patios+Gutters+Windows+-+NOLA+Contractors!3m4!1s0x8620a3be548c64dd:0xa7b0c99c7ccd0c3a!8m2!3d29.646653999999998!4d-90.128154","https://www.google.com/maps/place/Accent+Home+Improvements+%7C+Siding+Patios+Gutters+Windows+-+NOLA+Contractors/@29.646653999999998,-90.128154,13.99z/data=!4m16!1m7!3m6!1s0x8620a3be548c64dd:0xa7b0c99c7ccd0c3a!2sAccent+Home+Improvements+%7C+Siding+Patios+Gutters+Windows+-+NOLA+Contractors!8m2!3d29.646653999999998!4d-90.128154!16s%2Fg%2F11ckvg1dmb!3m7!1s0x8620a3be548c64dd:0xa7b0c99c7ccd0c3a!8m2!3d29.646653999999998!4d-90.128154!9m1!1b1!16s%2Fg%2F11ckvg1dmb?entry=ttu",ChIJ3WSMVL6jIIYROgzNfJzJsKc,0x8620a3be548c64dd:0xa7b0c99c7ccd0c3a,12083379474180934714,/g/11g6mh8h5v,-6363364599528616902,,k.shea@accenthomeimprovementsofno.com,RECEIVING,SMTP validated,Kenny Shea,Kenny,Shea,,,shea158.ks@gmail.com,RECEIVING,Verified,,,,,,,,,,,,,,5048884733,landline,,,15048884733,,landline,,5043418178,,landline,,https://www.facebook.com/AccentHomeImprovementsExteriorContractors,,,,,,,,,,,,,,,"Vinyl Window Contractors in New Orleans Louisiana | Double Insulated Windows Installation Installers For New, Replacement or Repair Gutters By Accent Home Improvement Contractor | Exterior Home Improvement Contractors in New Orleans Louisiana | Siding Patios Gutters Windows Roofing Installers",All in One SEO (AIOSEO) 4.8.2,"Best installation contractors for new or replacement double insulated vinyl windows in the New Orleans, Louisiana areas. Contact our window company today 504-888-8178.","window contractors new orleans,window contractor new orleans,vinyl window contractors new orleans,vinyl window contractor new orleans,new vinyl window contractors new orleans,new vinyl window contractor new orleans,new window contractors new orleans,new window contractor new orleans,vinyl window new orleans,vinyl windows new orleans,new windows new orleans,new window new orleans,vinyl window installers new orleans,vinyl window installer new orleans,vinyl window installation new orleans,new window installation new orleans,new vinyl window installation new orleans,install new vinyl windows new orleans,window contractors new orleans louisiana,window contractor new orleans louisiana,vinyl window contractors new orleans louisiana,vinyl window contractor new orleans louisiana,new vinyl window contractors new orleans louisiana,new vinyl window contractor new orleans louisiana,new window contractors new orleans louisiana,new window contractor new orleans louisiana,vinyl window new orleans louisiana,vinyl windows new orleans louisiana,new windows new orleans louisiana,new window new orleans louisiana,vinyl window installers new orleans louisiana,vinyl window installer new orleans louisiana,vinyl window installation new orleans louisiana,new window installation new orleans louisiana,new vinyl window installation new orleans louisiana,install new vinyl windows new orleans louisiana,window contractors new orleans la,window contractor new orleans la,vinyl window contractors new orleans la,vinyl window contractor new orleans la,new vinyl window contractors new orleans la,new vinyl window contractor new orleans la,new window contractors new orleans la,new window contractor new orleans la,vinyl window new orleans la,vinyl windows new orleans la,new windows new orleans la,new window new orleans la,vinyl window installers new orleans la,vinyl window installer new orleans la,vinyl window installation new orleans la,new window installation new orleans la,new vinyl window installation new orleans la,install new vinyl windows new orleans la,window contractors nola,window contractor nola,vinyl window contractors nola,vinyl window contractor nola,new vinyl window contractors nola,new vinyl window contractor nola,new window contractors nola,new window contractor nola,vinyl window nola,vinyl windows nola,new windows nola,new window nola,vinyl window installers nola,vinyl window installer nola,vinyl window installation nola,new window installation nola,new vinyl window installation nola,install new vinyl windows nola,window contractors metairie,window contractor metairie,vinyl window contractors metairie,vinyl window contractor metairie,new vinyl window contractors metairie,new vinyl window contractor metairie,new window contractors metairie,new window contractor metairie,vinyl window metairie,vinyl windows metairie,new windows metairie,new window metairie,vinyl window installers metairie,vinyl window installer metairie,vinyl window installation metairie,new window installation metairie,new vinyl window installation metairie,install new vinyl windows metairie,window contractors metairie la,window contractor metairie la,vinyl window contractors metairie la,vinyl window contractor metairie la,new vinyl window contractors metairie la,new vinyl window contractor metairie la,new window contractors metairie la,new window contractor metairie la,vinyl window metairie la,vinyl windows metairie la,new windows metairie la,new window metairie la,vinyl window installers metairie la,vinyl window installer metairie la,vinyl window installation metairie la,new window installation metairie la,new vinyl window installation metairie la,install new vinyl windows metairie la,window contractors louisiana,window contractor louisiana,vinyl window contractors louisiana,vinyl window contractor louisiana,new vinyl window contractors louisiana,new vinyl window contractor louisiana,new window contractors louisiana,new window contractor louisiana,vinyl window louisiana,vinyl windows louisiana,new windows louisiana,new window louisiana,vinyl window installers louisiana,vinyl window installer louisiana,vinyl window installation louisiana,new window installation louisiana,new vinyl window installation louisiana,install new vinyl windows louisiana,window contractors la,window contractor la,vinyl window contractors la,vinyl window contractor la,new vinyl window contractors la,new vinyl window contractor la,new window contractors la,new window contractor la,vinyl window la,vinyl windows la,new windows la,new window la,vinyl window installers la,vinyl window installer la,vinyl window installation la,new window installation la,new vinyl window installation la,install new vinyl windows la,new orleans window contractors,new orleans window contractor,new orleans vinyl window contractors,new orleans vinyl window contractor,new orleans new vinyl window contractors,new orleans new vinyl window contractor,new orleans new window contractors,new orleans new window contractor,new orleans vinyl window,new orleans vinyl windows,new orleans new windows,new orleans new window,new orleans vinyl window installers,new orleans vinyl window installer,new orleans vinyl window installation,new orleans new window installation,new orleans new vinyl window installation,new orleans install new vinyl windows,new orleans louisiana window contractors,new orleans louisiana window contractor,new orleans louisiana vinyl window contractors,new orleans louisiana vinyl window contractor,new orleans louisiana new vinyl window contractors,new orleans louisiana new vinyl window contractor,new orleans louisiana new window contractors,new orleans louisiana new window contractor,new orleans louisiana vinyl window,new orleans louisiana vinyl windows,new orleans louisiana new windows,new orleans louisiana new window,new orleans louisiana vinyl window installers,new orleans louisiana vinyl window installer,new orleans louisiana vinyl window installation,new orleans louisiana new window installation,new orleans louisiana new vinyl window installation,new orleans louisiana install new vinyl windows,new orleans la window contractors,new orleans la window contractor,new orleans la vinyl window contractors,new orleans la vinyl window contractor,new orleans la new vinyl window contractors,new orleans la new vinyl window contractor,new orleans la new window contractors,new orleans la new window contractor,new orleans la vinyl window,new orleans la vinyl windows,new orleans la new windows,new orleans la new window,new orleans la vinyl window installers,new orleans la vinyl window installer,new orleans la vinyl window installation,new orleans la new window installation,new orleans la new vinyl window installation,new orleans la install new vinyl windows,nola window contractors,nola window contractor,nola vinyl window contractors,nola vinyl window contractor,nola new vinyl window contractors,nola new vinyl window contractor,nola new window contractors,nola new window contractor,nola vinyl window,nola vinyl windows,nola new windows,nola new window,nola vinyl window installers,nola vinyl window installer,nola vinyl window installation,nola new window installation,nola new vinyl window installation,nola install new vinyl windows,metairie window contractors,metairie window contractor,metairie vinyl window contractors,metairie vinyl window contractor,metairie new vinyl window contractors,metairie new vinyl window contractor,metairie new window contractors,metairie new window contractor,metairie vinyl window,metairie vinyl windows,metairie new windows,metairie new window,metairie vinyl window installers,metairie vinyl window installer,metairie vinyl window installation,metairie new window installation,metairie new vinyl window installation,metairie install new vinyl windows,metairie la window contractors,metairie la window contractor,metairie la vinyl window contractors,metairie la vinyl window contractor,metairie la new vinyl window contractors,metairie la new vinyl window contractor,metairie la new window contractors,metairie la new window contractor,metairie la vinyl window,metairie la vinyl windows,metairie la new windows,metairie la new window,metairie la vinyl window installers,metairie la vinyl window installer,metairie la vinyl window installation,metairie la new window installation,metairie la new vinyl window installation,metairie la install new vinyl windows,louisiana window contractors,louisiana window contractor,louisiana vinyl window contractors,louisiana vinyl window contractor,louisiana new vinyl window contractors,louisiana new vinyl window contractor,louisiana new window contractors,louisiana new window contractor,louisiana vinyl window,louisiana vinyl windows,louisiana new windows,louisiana new window,louisiana vinyl window installers,louisiana vinyl window installer,louisiana vinyl window installation,louisiana new window installation,louisiana new vinyl window installation,louisiana install new vinyl windows,la window contractors,la window contractor,la vinyl window contractors,la vinyl window contractor,la new vinyl window contractors,la new vinyl window contractor,la new window contractors,la new window contractor,la vinyl window,la vinyl windows,la new windows,la new window,la vinyl window installers,la vinyl window installer,la vinyl window installation,la new window installation,la new vinyl window installation,la install new vinyl windows,window contractors,window contractor,vinyl window contractors,vinyl window contractor,new vinyl window contractors,new vinyl window contractor,new window contractors,new window contractor,vinyl window,vinyl windows,new windows,new window,vinyl window installers,vinyl window installer,vinyl window installation,new window installation,new vinyl window installation,install new vinyl windows,accent home improvement,accent",True,False
"water damage restoration service, 70131, New Orleans, LA, US",Floor Finished By C&C,Floor Finished By C And C,,"Water damage restoration service, Air duct cleaning service, Service establishment, Fire damage restoration service, Upholstery cleaning service, Carpet cleaning service",Carpet cleaning service,Water damage restoration service,+1 985-789-8222,mobile,CELLCO PARTNERSHIP DBA VERIZON WIRELESS - LA,,,,,,,,,,,30.2895526,-90.00844649999999,894455b6177ffff,America/Chicago,,True,5.0,47.0,https://search.google.com/local/reviews?placeid=ChIJKSBk1pJZJ4YRmbKBqrGusfY&q=*&authuser=0&hl=en&gl=US,,,0.0,0.0,0.0,0.0,47.0,39.0,https://lh3.googleusercontent.com/p/AF1QipNNOjjXxV9-dTUpt7CQPrcR3yTB7P8RzHL5y7Bp=w800-h500-k-no,https://lh3.googleusercontent.com/p/AF1QipNNOjjXxV9-dTUpt7CQPrcR3yTB7P8RzHL5y7Bp=w1600-h1000-k-no,,"{""Sunday"": ""Closed"", ""Monday"": ""8AM-5:30PM"", ""Tuesday"": ""8AM-5:30PM"", ""Wednesday"": ""8AM-5:30PM"", ""Thursday"": ""8AM-5:30PM"", ""Friday"": ""8AM-5:30PM"", ""Saturday"": ""9AM-4PM""}","Sunday,|Monday,8AM,5:30PM|Tuesday,8AM,5:30PM|Wednesday,8AM,5:30PM|Thursday,8AM,5:30PM|Friday,8AM,5:30PM|Saturday,9AM,4PM",Sunday:Closed|Monday:8AM-5:30PM|Tuesday:8AM-5:30PM|Wednesday:8AM-5:30PM|Thursday:8AM-5:30PM|Friday:8AM-5:30PM|Saturday:9AM-4PM,,,OPERATIONAL,{},,,,https://lh3.googleusercontent.com/-Kkwy49M6qlQ/AAAAAAAAAAI/AAAAAAAAAAA/cClL3lEmHyk/s44-p-k-no-ns-nd/photo.jpg,,,True,110805293752353951561,Floor Finished By C&C,https://www.google.com/maps/contrib/110805293752353951561,,,,,"https://www.google.com/maps/place/Floor+Finished+By+C%26C/@30.2895526,-90.00844649999999,14z/data=!4m8!1m2!2m1!1sFloor+Finished+By+C%26C!3m4!1s0x86275992d6642029:0xf6b1aeb1aa81b299!8m2!3d30.2895526!4d-90.00844649999999","https://www.google.com/maps/place/Floor+Finished+By+C%26C/@30.2895526,-90.00844649999999,13.99z/data=!4m16!1m7!3m6!1s0x86275992d6642029:0xf6b1aeb1aa81b299!2sFloor+Finished+By+C%26C!8m2!3d30.2895526!4d-90.00844649999999!16s%2Fg%2F11ckvg1dmb!3m7!1s0x86275992d6642029:0xf6b1aeb1aa81b299!8m2!3d30.2895526!4d-90.00844649999999!9m1!1b1!16s%2Fg%2F11ckvg1dmb?entry=ttu",ChIJKSBk1pJZJ4YRmbKBqrGusfY,0x86275992d6642029:0xf6b1aeb1aa81b299,17776181282301129369,/g/11dxm844m0,-670562791408422247,,,,,,,,,,,,,,,,,,,,,,,,,,,,,,,,,,,,,,,,,,,,,,,,,,,,,,,,,,
"water damage restoration service, 70131, New Orleans, LA, US",Pereira Flooring llc flooring company New Orleans,Pereira Flooring Llc Flooring Company New Orleans,https://www.pereiraflooring.com/,"Flooring contractor, Bathroom remodeler, Kitchen remodeler, Tile contractor, Wood floor installation service",Flooring contractor,Flooring contractor,+1 504-201-9025,mobile,AT&T Mobility LLC,,"3507 Meadow Park Ln, New Orleans, LA 70131",Algiers,3507 Meadow Park Ln,New Orleans,70131,Louisiana,Louisiana,United States of America,US,29.9000122,-89.9974802,89444651ac7ffff,America/Chicago,,False,5.0,24.0,https://search.google.com/local/reviews?placeid=ChIJqYP_rj4dnogRRKOyZkKf15Y&q=*&authuser=0&hl=en&gl=US,,,0.0,0.0,0.0,1.0,23.0,35.0,https://lh3.googleusercontent.com/p/AF1QipMm8XFNBg-imY2gYYFdpz0UZ54t85iFkvUT_nsA=w800-h500-k-no,https://lh3.googleusercontent.com/p/AF1QipMm8XFNBg-imY2gYYFdpz0UZ54t85iFkvUT_nsA=w1600-h1000-k-no,,"{""Sunday"": ""Closed"", ""Monday"": ""8AM-5:30PM"", ""Tuesday"": ""8AM-5:30PM"", ""Wednesday"": ""7AM-10PM"", ""Thursday"": ""7AM-10PM"", ""Friday"": ""7AM-10PM"", ""Saturday"": ""7AM-10PM""}","Sunday,|Monday,8AM,5:30PM|Tuesday,8AM,5:30PM|Wednesday,7AM,10PM|Thursday,7AM,10PM|Friday,7AM,10PM|Saturday,7AM,10PM",Sunday:Closed|Monday:8AM-5:30PM|Tuesday:8AM-5:30PM|Wednesday:7AM-10PM|Thursday:7AM-10PM|Friday:7AM-10PM|Saturday:7AM-10PM,,,OPERATIONAL,"{""Service options"": {""Online estimates"": true, ""Onsite services"": true, ""Language assistance"": ""American Sign Language, Arabic, Cantonese, English, Filipino, French, German, Haitian Creole, Hindi, Italian, Korean, Mandarin, Polish, Portuguese, Romanian, Russian, Spanish, Ukrainian, Vietnamese""}}",,,,https://lh4.googleusercontent.com/-hbl2oSK1OuY/AAAAAAAAAAI/AAAAAAAAAAA/94LcVwXe388/s44-p-k-no-ns-nd/photo.jpg,,,True,109270382256369558503,Pereira Flooring llc flooring company New Orleans,https://www.google.com/maps/contrib/109270382256369558503,,,,,"https://www.google.com/maps/place/Pereira+Flooring+llc+flooring+company+New+Orleans/@29.9000122,-89.9974802,14z/data=!4m8!1m2!2m1!1sPereira+Flooring+llc+flooring+company+New+Orleans!3m4!1s0x889e1d3eaeff83a9:0x96d79f4266b2a344!8m2!3d29.9000122!4d-89.9974802","https://www.google.com/maps/place/Pereira+Flooring+llc+flooring+company+New+Orleans/@29.9000122,-89.9974802,13.99z/data=!4m16!1m7!3m6!1s0x889e1d3eaeff83a9:0x96d79f4266b2a344!2sPereira+Flooring+llc+flooring+company+New+Orleans!8m2!3d29.9000122!4d-89.9974802!16s%2Fg%2F11ckvg1dmb!3m7!1s0x889e1d3eaeff83a9:0x96d79f4266b2a344!8m2!3d29.9000122!4d-89.9974802!9m1!1b1!16s%2Fg%2F11ckvg1dmb?entry=ttu",ChIJqYP_rj4dnogRRKOyZkKf15Y,0x889e1d3eaeff83a9:0x96d79f4266b2a344,10869331333221622596,/g/11h5_vkq2s,-7577412740487929020,,alex@pereiraflooring.com,INVALID,Cannot validate,,,,,,pereiraflooring@yahoo.com,RECEIVING,Verified,,,,,,,,,,,,,,15042019025,mobile,AT&T Mobility LLC,,5042019025,AT&T Mobility LLC,mobile,,,,,,https://www.facebook.com/pereiraflooring,https://www.instagram.com/pereiraflooring,,,,,,,,,https://twitter.com/pereiraflooring,,,,,"Pereira Flooring, LLC | New Orleans Flooring Installation",,Flooring installers serving the New Orleans Metro Area. Flooring Installation Done Right. Call Pereira Flooring now for all of your flooring installation needs.,,,
"water damage restoration service, 70131, New Orleans, LA, US","Rick's Carpentry, LLC",Ricks Carpentry,https://rickscarpentryllc.com/,"Carpenter, Fence contractor, Stair contractor, Sunroom contractor",Carpenter,Carpenter,+1 504-388-1430,mobile,"NEW CINGULAR WIRELESS PCS, LLC - GA",,"126 PI St, Belle Chasse, LA 70037",None,126 PI St,Belle Chasse,70037,Louisiana,Louisiana,United States of America,US,29.862738399999998,-90.0111433,89444651103ffff,America/Chicago,,False,4.7,51.0,https://search.google.com/local/reviews?placeid=ChIJF4KzlLygIIYRqDqqcAaGcJg&q=*&authuser=0&hl=en&gl=US,,,4.0,0.0,0.0,1.0,46.0,593.0,https://lh3.googleusercontent.com/p/AF1QipOR_9L-XAPdnL5hk3FjbRmjKvJqXIi3CJZDmYCr=w800-h500-k-no,https://lh3.googleusercontent.com/p/AF1QipOR_9L-XAPdnL5hk3FjbRmjKvJqXIi3CJZDmYCr=w1600-h1000-k-no,,"{""Sunday"": ""Closed"", ""Monday"": ""8AM-5PM"", ""Tuesday"": ""8AM-5PM"", ""Wednesday"": ""8AM-5PM"", ""Thursday"": ""8AM-5PM"", ""Friday"": ""8AM-5PM"", ""Saturday"": ""Closed""}","Sunday,|Monday,8AM,5PM|Tuesday,8AM,5PM|Wednesday,8AM,5PM|Thursday,8AM,5PM|Friday,8AM,5PM|Saturday,",Sunday:Closed|Monday:8AM-5PM|Tuesday:8AM-5PM|Wednesday:8AM-5PM|Thursday:8AM-5PM|Friday:8AM-5PM|Saturday:Closed,,,OPERATIONAL,"{""Service options"": {""Online estimates"": true, ""Language assistance"": ""English""}, ""Payments"": {""Credit cards"": true}}",,,,https://lh4.googleusercontent.com/-ViagMMmPxBU/AAAAAAAAAAI/AAAAAAAAAAA/n3gzqUrzMl0/s44-p-k-no-ns-nd/photo.jpg,,,True,101487215102953581970,"Rick's Carpentry, LLC",https://www.google.com/maps/contrib/101487215102953581970,,,,,"https://www.google.com/maps/place/Rick%27s+Carpentry%2C+LLC/@29.862738399999998,-90.0111433,14z/data=!4m8!1m2!2m1!1sRick%27s+Carpentry%2C+LLC!3m4!1s0x8620a0bc94b38217:0x9870860670aa3aa8!8m2!3d29.862738399999998!4d-90.0111433","https://www.google.com/maps/place/Rick%27s+Carpentry%2C+LLC/@29.862738399999998,-90.0111433,13.99z/data=!4m16!1m7!3m6!1s0x8620a0bc94b38217:0x9870860670aa3aa8!2sRick%27s+Carpentry%2C+LLC!8m2!3d29.862738399999998!4d-90.0111433!16s%2Fg%2F11ckvg1dmb!3m7!1s0x8620a0bc94b38217:0x9870860670aa3aa8!8m2!3d29.862738399999998!4d-90.0111433!9m1!1b1!16s%2Fg%2F11ckvg1dmb?entry=ttu",ChIJF4KzlLygIIYRqDqqcAaGcJg,0x8620a0bc94b38217:0x9870860670aa3aa8,10984426853374769832,/g/11dxj1wbcn,-7462317220334781784,,rickscarpentry123@gmail.com,RECEIVING,SMTP validated,,,,,,rickscarpentry123@gmail.com,RECEIVING,SMTP validated,,,,,,rickscarpentry123@gmail.com,RECEIVING,SMTP validated,,,,,,5043881430,mobile,"NEW CINGULAR WIRELESS PCS, LLC - GA",,504203881430,,,,5043881430,"NEW CINGULAR WIRELESS PCS, LLC - GA",mobile,,https://www.facebook.com/rickscarpentryllc/,,,,,,,,,,,,https://www.youtube.com/user/Rickscarpentry123/,,,"Fence and Gate Installation Belle ChasseGate & Fence Installation Company Belle Chasse, New Orleans, Estelle, Bridge City, Kenner",Powered by WPBakery Page Builder - drag and drop page builder for WordPress.,Choose Rick’s Carpentry for a fence or gate that’s more than just a barrier – it’s an expression of you.,"Carpenter, Contractors near me, Contractors in Belle Chasse, Contractors in Gretna, Contractors in Harvey, Contractors in Marrero, Contractors in Westwego, Contractors in Bridge City, Contractors in Elmwood, Contractors in Harahan, Contractors in River Ridge, Contractors in New Orleans, Carpenter in New Orleans, Contractors in Algiers, Bathroom Remodeling, Kitchen Remodeling, Renovations, Wood Works, Decks, Patios, Stairs, Fencing, Termite Damage, Door Repair",False,False
"water damage restoration service, 70139, New Orleans, LA, US",Baker Hughes,Baker Hughes,http://www.bakerhughes.com/,"Drilling contractor, Manufacturer",Drilling contractor,Drilling contractor,+1 504-523-3232,landline,,,"1515 Poydras St, New Orleans, LA 70112",Central Business District,1515 Poydras St,New Orleans,70112,Louisiana,Louisiana,United States of America,US,29.952540499999998,-90.0785021,89444642563ffff,America/Chicago,,False,,,,,,,,,,,1.0,https://streetviewpixels-pa.googleapis.com/v1/thumbnail?panoid=mUG1nhYlIvH7iNoUaNWi2Q&cb_client=search.gws-prod.gps&w=800&h=500&yaw=284.20935&pitch=0&thumbfov=100,https://streetviewpixels-pa.googleapis.com/v1/thumbnail?panoid=mUG1nhYlIvH7iNoUaNWi2Q&cb_client=search.gws-prod.gps&w=1600&h=1000&yaw=284.20935&pitch=0&thumbfov=100,,,,,,,OPERATIONAL,"{""Accessibility"": {""Wheelchair accessible parking lot"": true}}",,,,,,,False,None,Baker Hughes,,,,,,"https://www.google.com/maps/place/Baker+Hughes/@29.952540499999998,-90.0785021,14z/data=!4m8!1m2!2m1!1sBaker+Hughes!3m4!1s0x8620a5e0b99c111b:0xa502cbe89ac1cfb4!8m2!3d29.952540499999998!4d-90.0785021","https://www.google.com/maps/place/Baker+Hughes/@29.952540499999998,-90.0785021,13.99z/data=!4m16!1m7!3m6!1s0x8620a5e0b99c111b:0xa502cbe89ac1cfb4!2sBaker+Hughes!8m2!3d29.952540499999998!4d-90.0785021!16s%2Fg%2F11ckvg1dmb!3m7!1s0x8620a5e0b99c111b:0xa502cbe89ac1cfb4!8m2!3d29.952540499999998!4d-90.0785021!9m1!1b1!16s%2Fg%2F11ckvg1dmb?entry=ttu",ChIJGxGcueClIIYRtM_BmujLAqU,0x8620a5e0b99c111b:0xa502cbe89ac1cfb4,11890290166100774836,/g/1v3_30y8,None,,jamesc@bakerboyer.com,INVALID,Undeliverable,"Clark, James","Clark,",James,President And Chief Operating Officer,,Garry.Vandkieft@bakerhughes.Com,INVALID,Undeliverable,Garry Vandkieft,Garry,Vandkieft,,,pierangelo.rigaglia@yahoo.com,RECEIVING,Verified,Pierangelo Rigaglia,Pierangelo,Rigaglia,Senior Sales Account Manager,,13463301150,fixed line,"BANDWIDTH.COM CLEC, LLC - TX",,33805982679,,toll_free,,496996758894,,landline,,https://www.facebook.com/bakerhughesco/,https://www.instagram.com/bakerhughesco,https://www.linkedin.com/company/thermodyn-le-creusot,,,,,,,,https://x.com/bakerhughesco,,https://www.youtube.com/channel/UCxhgTNB0eD0xUeeJnP9Ow4g,,,Gearboxes and Services  | Lufkin Gears and Allen Gears,,High-performance gearboxes solutions and services to solve the most complex power transmission challenges. Learn more.,Lufkin Gears & Allen Gears Gearboxes & Gear Couplings,False,False
"water damage restoration service, 70139, New Orleans, LA, US",Mackie One Construction,Mackie One Construction,http://mackieone.com/,"Roofing contractor, Gutter cleaning service, Gutter service, Siding contractor",Roofing contractor,Roofing contractor,+1 504-821-9753,landline,,,"4014 Erato St, New Orleans, LA 70125",Gert Town,4014 Erato St,New Orleans,70125,Louisiana,Louisiana,United States of America,US,29.9543075,-90.0995137,894446552c7ffff,America/Chicago,,False,4.7,26.0,https://search.google.com/local/reviews?placeid=ChIJaaN_8ZalIIYRfXUXWn7fN2w&q=*&authuser=0&hl=en&gl=US,,,1.0,1.0,0.0,2.0,22.0,41.0,https://lh3.googleusercontent.com/p/AF1QipN_DhJouEvd5eNysFB83u75C7uFxiSjSoVxWXxt=w800-h500-k-no,https://lh3.googleusercontent.com/p/AF1QipN_DhJouEvd5eNysFB83u75C7uFxiSjSoVxWXxt=w1600-h1000-k-no,,"{""Sunday"": ""Closed"", ""Monday"": ""8AM-5PM"", ""Tuesday"": ""8AM-5PM"", ""Wednesday"": ""8AM-5PM"", ""Thursday"": ""8AM-5PM"", ""Friday"": ""Closed"", ""Saturday"": ""Closed""}","Sunday,|Monday,8AM,5PM|Tuesday,8AM,5PM|Wednesday,8AM,5PM|Thursday,8AM,5PM|Friday,|Saturday,",Sunday:Closed|Monday:8AM-5PM|Tuesday:8AM-5PM|Wednesday:8AM-5PM|Thursday:8AM-5PM|Friday:Closed|Saturday:Closed,,,OPERATIONAL,"{""From the business"": {""Identifies as Black-owned"": true}, ""Accessibility"": {""Wheelchair accessible parking lot"": true}, ""Other"": {""Identifies as Black-owned"": true}}",,,,https://lh4.googleusercontent.com/-x9gDfSI-3Yo/AAAAAAAAAAI/AAAAAAAAAAA/3pz3d3irRIA/s44-p-k-no-ns-nd/photo.jpg,,,True,104293869920604976437,Mackie One Construction,https://www.google.com/maps/contrib/104293869920604976437,,,,,"https://www.google.com/maps/place/Mackie+One+Construction/@29.9543075,-90.0995137,14z/data=!4m8!1m2!2m1!1sMackie+One+Construction!3m4!1s0x8620a596f17fa369:0x6c37df7e5a17757d!8m2!3d29.9543075!4d-90.0995137","https://www.google.com/maps/place/Mackie+One+Construction/@29.9543075,-90.0995137,13.99z/data=!4m16!1m7!3m6!1s0x8620a596f17fa369:0x6c37df7e5a17757d!2sMackie+One+Construction!8m2!3d29.9543075!4d-90.0995137!16s%2Fg%2F11ckvg1dmb!3m7!1s0x8620a596f17fa369:0x6c37df7e5a17757d!8m2!3d29.9543075!4d-90.0995137!9m1!1b1!16s%2Fg%2F11ckvg1dmb?entry=ttu",ChIJaaN_8ZalIIYRfXUXWn7fN2w,0x8620a596f17fa369:0x6c37df7e5a17757d,7797947013585663357,/g/1xtf1y38,7797947013585663357,,earl@mackieone.com,INVALID,Undeliverable,Earl J Mackie,Earl,J Mackie,Executive Managing Director,,info@mackieone.com,RECEIVING,SMTP validated,,,,,,ej@mackieone.com,UNKNOWN,Cannot validate,,,,,,15048211530,landline,AT&T Southeast,True,5048211530,AT&T Southeast,landline,True,5048211530,AT&T Southeast,landline,True,https://www.facebook.com/Mackie-One-Construction-1396450877104511/,,https://www.linkedin.com/company/mackie-one-construction,,,,,,,,,,,,,LEVERAGING HOMEOWNER’S INSURANCE FOR THE LOUISIANA FORTIFY HOMES PROGRAM WITH MACKIE ONE – Mackie One,"Elementor 3.33.0; features: additional_custom_breakpoints; settings: css_print_method-external, google_font-enabled, font_display-swap",,,False,False
"water damage restoration service, 70139, New Orleans, LA, US",Home Resolution LLC,Home Resolution,https://www.homeresolutionllc.com/,"General contractor, Bathroom remodeler, Kitchen remodeler, Remodeler",General contractor,General contractor,+1 504-358-0770,fixed line,"BANDWIDTH.COM CLEC, LLC - LA",,"650 Poydras St Suite 1400, New Orleans, LA 70130",Warehouse District,650 Poydras St Suite 1400,New Orleans,70130,Louisiana,Louisiana,United States of America,US,29.948958299999997,-90.0701416,894446420b3ffff,America/Chicago,,False,4.8,48.0,https://search.google.com/local/reviews?placeid=ChIJyWUY3u-mJoYRXu2HP63Q_iA&q=*&authuser=0&hl=en&gl=US,,,2.0,0.0,0.0,2.0,44.0,56.0,https://lh3.googleusercontent.com/p/AF1QipMzCi2uOT4VWIfbMoqZPslGJRI7DkcClHWxizQn=w800-h500-k-no,https://lh3.googleusercontent.com/p/AF1QipMzCi2uOT4VWIfbMoqZPslGJRI7DkcClHWxizQn=w1600-h1000-k-no,,"{""Sunday"": ""Closed"", ""Monday"": ""8AM-6PM"", ""Tuesday"": ""8AM-6PM"", ""Wednesday"": ""8AM-6PM"", ""Thursday"": ""8AM-6PM"", ""Friday"": ""8AM-6PM"", ""Saturday"": ""8AM-6PM""}","Sunday,|Monday,8AM,6PM|Tuesday,8AM,6PM|Wednesday,8AM,6PM|Thursday,8AM,6PM|Friday,8AM,6PM|Saturday,8AM,6PM",Sunday:Closed|Monday:8AM-6PM|Tuesday:8AM-6PM|Wednesday:8AM-6PM|Thursday:8AM-6PM|Friday:8AM-6PM|Saturday:8AM-6PM,,,OPERATIONAL,"{""Service options"": {""Language assistance"": ""English""}}",,,,https://lh5.googleusercontent.com/-NeFY_ObWIjs/AAAAAAAAAAI/AAAAAAAAAAA/CZTfuYzCdv0/s44-p-k-no-ns-nd/photo.jpg,,,True,103557140853262429193,Home Resolution LLC,https://www.google.com/maps/contrib/103557140853262429193,,,,,"https://www.google.com/maps/place/Home+Resolution+LLC/@29.948958299999997,-90.0701416,14z/data=!4m8!1m2!2m1!1sHome+Resolution+LLC!3m4!1s0x8626a6efde1865c9:0x20fed0ad3f87ed5e!8m2!3d29.948958299999997!4d-90.0701416","https://www.google.com/maps/place/Home+Resolution+LLC/@29.948958299999997,-90.0701416,13.99z/data=!4m16!1m7!3m6!1s0x8626a6efde1865c9:0x20fed0ad3f87ed5e!2sHome+Resolution+LLC!8m2!3d29.948958299999997!4d-90.0701416!16s%2Fg%2F11ckvg1dmb!3m7!1s0x8626a6efde1865c9:0x20fed0ad3f87ed5e!8m2!3d29.948958299999997!4d-90.0701416!9m1!1b1!16s%2Fg%2F11ckvg1dmb?entry=ttu",ChIJyWUY3u-mJoYRXu2HP63Q_iA,0x8626a6efde1865c9:0x20fed0ad3f87ed5e,2377567095811992926,/g/1q2_dc1_d,2377567095811992926,,benjamin@homeresolutionllc.com,RECEIVING,SMTP validated,,,,,,,,,,,,,,,,,,,,,,2253687112,landline,,,5043580770,"BANDWIDTH.COM CLEC, LLC - LA",fixed line,,,,,,,,,,,,,,,,https://www.twitter.com/_HomeResolution,,,,,"Renovate, Remodel, Repair, & Build with Home Resolution LLC",WordPress 6.1.1,"We are licensed local contractor based in Baton Rouge, LA that renovates, remodels, repairs, & builds homes.",,False,False
"water damage restoration service, 70139, New Orleans, LA, US",GroutLogic LLC,Groutlogic,http://groutlogic.com/,Floor refinishing service,Floor refinishing service,Floor refinishing service,+1 504-265-9960,landline,,,"2619 Tchoupitoulas St, New Orleans, LA 70130",11th Ward,2619 Tchoupitoulas St,New Orleans,70130,Louisiana,Louisiana,United States of America,US,29.9213006,-90.0771743,89444650b43ffff,America/Chicago,,False,,,,,,,,,,,3.0,https://streetviewpixels-pa.googleapis.com/v1/thumbnail?panoid=k5rvRX82mWns9YHRCmRd7Q&cb_client=search.gws-prod.gps&w=800&h=500&yaw=339.6817&pitch=0&thumbfov=100,https://lh3.googleusercontent.com/p/AF1QipM7RvdRkiRiLIGXhLbw9f_xTnwiTcsnCufcGuD1=w1600-h1000-k-no,,,,,,,OPERATIONAL,{},,,,https://lh6.googleusercontent.com/-GRzxlVH0Thc/AAAAAAAAAAI/AAAAAAAAAAA/0KEIfJXg2rQ/s44-p-k-no-ns-nd/photo.jpg,,,True,106469404115968068832,GroutLogic LLC,https://www.google.com/maps/contrib/106469404115968068832,,,,,"https://www.google.com/maps/place/GroutLogic+LLC/@29.9213006,-90.0771743,14z/data=!4m8!1m2!2m1!1sGroutLogic+LLC!3m4!1s0x8620a42979d385c9:0x7be9dea64ed37651!8m2!3d29.9213006!4d-90.0771743","https://www.google.com/maps/place/GroutLogic+LLC/@29.9213006,-90.0771743,13.99z/data=!4m16!1m7!3m6!1s0x8620a42979d385c9:0x7be9dea64ed37651!2sGroutLogic+LLC!8m2!3d29.9213006!4d-90.0771743!16s%2Fg%2F11ckvg1dmb!3m7!1s0x8620a42979d385c9:0x7be9dea64ed37651!8m2!3d29.9213006!4d-90.0771743!9m1!1b1!16s%2Fg%2F11ckvg1dmb?entry=ttu",ChIJyYXTeSmkIIYRUXbTTqbe6Xs,0x8620a42979d385c9:0x7be9dea64ed37651,8928912542107137617,/g/11g8v672_g,None,,info@groutlogic.com,INVALID,Invalid DNS,,,,,,,,,,,,,,,,,,,,,,,,,,,,,,,,,,,,,,,,,,,,,,,,,Grout Logic,All in One SEO (AIOSEO) 4.4.3,CAPTOGEL merupakan website agen judi tebaik dengan permainan togel online resmi terpercaya. Daftarkan akun baru dan rasakan kemenangannya di sini - Grout Logic.,"grout cleaning,franchise opportunity,grout color sealing",False,False
"water damage restoration service, 70139, New Orleans, LA, US",Construction EcoServices - New Orleans & Baton Rouge,Construction Ecoservices New Orleans And Baton Rouge,https://www.constructionecoservices.com/services/service-locations/louisiana-new-orleans/,"General contractor, Engineering consultant, Environmental consultant, Environmental engineer, Environmental protection organization",General contractor,General contractor,+1 504-322-0625,mobile,CELLCO PARTNERSHIP DBA VERIZON,,"900 Camp St #3C7, New Orleans, LA 70130",Warehouse District,900 Camp St #3C7,New Orleans,70130,Louisiana,Louisiana,United States of America,US,29.943588799999997,-90.07051609999999,8944464255bffff,America/Chicago,,False,,,,,,,,,,,1.0,https://streetviewpixels-pa.googleapis.com/v1/thumbnail?panoid=Atrmab1ymVjsZqep_-1m1g&cb_client=search.gws-prod.gps&w=800&h=500&yaw=104.83733&pitch=0&thumbfov=100,https://streetviewpixels-pa.googleapis.com/v1/thumbnail?panoid=Atrmab1ymVjsZqep_-1m1g&cb_client=search.gws-prod.gps&w=1600&h=1000&yaw=104.83733&pitch=0&thumbfov=100,,"{""Sunday"": ""Closed"", ""Monday"": ""7AM-4PM"", ""Tuesday"": ""7AM-4PM"", ""Wednesday"": ""7AM-4PM"", ""Thursday"": ""7AM-4PM"", ""Friday"": ""7AM-4PM"", ""Saturday"": ""Closed""}","Sunday,|Monday,7AM,4PM|Tuesday,7AM,4PM|Wednesday,7AM,4PM|Thursday,7AM,4PM|Friday,7AM,4PM|Saturday,",Sunday:Closed|Monday:7AM-4PM|Tuesday:7AM-4PM|Wednesday:7AM-4PM|Thursday:7AM-4PM|Friday:7AM-4PM|Saturday:Closed,,,OPERATIONAL,"{""Accessibility"": {""Wheelchair accessible entrance"": true, ""Wheelchair accessible parking lot"": true}}",,,,,,,False,None,Construction EcoServices - New Orleans & Baton Rouge,,,,,,"https://www.google.com/maps/place/Construction+EcoServices+-+New+Orleans+%26+Baton+Rouge/@29.943588799999997,-90.07051609999999,14z/data=!4m8!1m2!2m1!1sConstruction+EcoServices+-+New+Orleans+%26+Baton+Rouge!3m4!1s0x8620a75f8779c9ab:0x14f9fb21632edd01!8m2!3d29.943588799999997!4d-90.07051609999999","https://www.google.com/maps/place/Construction+EcoServices+-+New+Orleans+%26+Baton+Rouge/@29.943588799999997,-90.07051609999999,13.99z/data=!4m16!1m7!3m6!1s0x8620a75f8779c9ab:0x14f9fb21632edd01!2sConstruction+EcoServices+-+New+Orleans+%26+Baton+Rouge!8m2!3d29.943588799999997!4d-90.07051609999999!16s%2Fg%2F11ckvg1dmb!3m7!1s0x8620a75f8779c9ab:0x14f9fb21632edd01!8m2!3d29.943588799999997!4d-90.07051609999999!9m1!1b1!16s%2Fg%2F11ckvg1dmb?entry=ttu",ChIJq8l5h1-nIIYRAd0uYyH7-RQ,0x8620a75f8779c9ab:0x14f9fb21632edd01,1511515270776020225,/g/11h1z9y77_,None,,ronald@constructionecoservices.com,INVALID,Invalid DNS,Ronald Miller,Ronald,Miller,President,,sam@constructionecoservices.com,RECEIVING,SMTP validated,Sam Finney,Sam,Finney,Sales And Owner,,lise@constructionecoservices.com,RECEIVING,SMTP validated,Lise Matthews,Lise,Matthews,Owner,,8324561000,landline,"LEVEL 3 COMMUNICATIONS, LLC - ",,,,,,,,,,,,https://www.linkedin.com/company/construction-ecoservices,,,,,,,,,,,,,Stormwater Management & Compliance : Houston | Austin | San Antonio | Dallas | New Orleans,All in One SEO (AIOSEO) 4.2.5.1,"Headquartered in Houston, Construction EcoServices has been providing stormwater compliance services to the Texas commercial construction and commercial properties industries since 2002.",,False,False
"water damage restoration service, 70141, New Orleans, LA, US",United Fire & Water a DKI Company,United Fire And Water A Dki Company,https://unitedfireandwater.com/,"Water damage restoration service, Bathroom remodeler, Building restoration service, Fire damage restoration service, Kitchen remodeler",Water damage restoration service,Water damage restoration service,+1 225-755-7923,mobile,,,"11800 Industriplex Blvd STE 7, Baton Rouge, LA 70809",None,11800 Industriplex Blvd STE 7,Baton Rouge,70809,Louisiana,Louisiana,United States of America,US,30.3839652,-91.0511026,894440ca67bffff,America/Chicago,,False,4.9,213.0,https://search.google.com/local/reviews?placeid=ChIJsQQytlShJoYRmGKRRRpo4Uk&q=*&authuser=0&hl=en&gl=US,,,2.0,2.0,3.0,6.0,200.0,219.0,https://lh3.googleusercontent.com/p/AF1QipOLq_ux-RgWfeDXhbYFAmueP_rmLeXjAU2DIDef=w800-h500-k-no,https://lh3.googleusercontent.com/p/AF1QipOLq_ux-RgWfeDXhbYFAmueP_rmLeXjAU2DIDef=w1600-h1000-k-no,,"{""Sunday"": ""Open 24 hours"", ""Monday"": ""Open 24 hours"", ""Tuesday"": ""Open 24 hours"", ""Wednesday"": ""Open 24 hours"", ""Thursday"": ""Open 24 hours"", ""Friday"": ""Open 24 hours"", ""Saturday"": ""Open 24 hours""}","Sunday,Open 24 hours|Monday,Open 24 hours|Tuesday,Open 24 hours|Wednesday,Open 24 hours|Thursday,Open 24 hours|Friday,Open 24 hours|Saturday,Open 24 hours",Sunday:Open 24 hours|Monday:Open 24 hours|Tuesday:Open 24 hours|Wednesday:Open 24 hours|Thursday:Open 24 hours|Friday:Open 24 hours|Saturday:Open 24 hours,,,OPERATIONAL,"{""Service options"": {""Onsite services"": true}, ""Accessibility"": {""Wheelchair accessible entrance"": true, ""Wheelchair accessible parking lot"": true}}",,,,https://lh4.googleusercontent.com/-jrhFfBBWZUA/AAAAAAAAAAI/AAAAAAAAAAA/e77zOFaF6ek/s44-p-k-no-ns-nd/photo.jpg,,,True,100405287401525574819,United Fire & Water a DKI Company,https://www.google.com/maps/contrib/100405287401525574819,,,,,"https://www.google.com/maps/place/United+Fire+%26+Water+a+DKI+Company/@30.3839652,-91.0511026,14z/data=!4m8!1m2!2m1!1sUnited+Fire+%26+Water+a+DKI+Company!3m4!1s0x8626a154b63204b1:0x49e1681a45916298!8m2!3d30.3839652!4d-91.0511026","https://www.google.com/maps/place/United+Fire+%26+Water+a+DKI+Company/@30.3839652,-91.0511026,13.99z/data=!4m16!1m7!3m6!1s0x8626a154b63204b1:0x49e1681a45916298!2sUnited+Fire+%26+Water+a+DKI+Company!8m2!3d30.3839652!4d-91.0511026!16s%2Fg%2F11ckvg1dmb!3m7!1s0x8626a154b63204b1:0x49e1681a45916298!8m2!3d30.3839652!4d-91.0511026!9m1!1b1!16s%2Fg%2F11ckvg1dmb?entry=ttu",ChIJsQQytlShJoYRmGKRRRpo4Uk,0x8626a154b63204b1:0x49e1681a45916298,5323650696574231192,/g/1tc_wzfs,5323650696574231192,,unitedfw@gmail.com,RECEIVING,SMTP validated,Kevin Not Provided,Kevin,Not Provided,,,renglish@unitedfireandwater.com,INVALID,Cannot validate,Rusty English,Rusty,English,"Quality Restoration, Repairs, And Construction",,webalerts@torapath.com,RECEIVING,SMTP validated,,,,,,2257557923,mobile,,,2254016568,"NEW CINGULAR WIRELESS PCS, LLC - GA",mobile,,,,,,https://www.facebook.com/UFWofLA/,,http://www.linkedin.com/company/10887607,,,,,,,,https://twitter.com/UnitedFireWater,,,,,"Water, Mold, Fire & Smoke in Baton Rouge & Denham Springs",WordPress 5.8.1,"United Fire and Water is expert water damage, disaster restoration, and mold remediation company serving customers in Baton Rouge and other cities in Louisiana.",,False,True
"water damage restoration service, 70141, New Orleans, LA, US",Clean Pro Restoration,Clean Pro Restoration,https://cleanprorestoration.com/,Carpet cleaning service,Carpet cleaning service,Carpet cleaning service,+1 504-443-0009,fixed line,"COMCAST PHONE OF LOUISIANA, LL",,"2442 Albany St Suite A, Kenner, LA 70062",None,2442 Albany St Suite A,Kenner,70062,Louisiana,Louisiana,United States of America,US,30.001815999999998,-90.25594699999999,89444654d17ffff,America/Chicago,,False,4.7,43.0,https://search.google.com/local/reviews?placeid=ChIJ3dq2awy3IIYRMYGMSGDQ36s&q=*&authuser=0&hl=en&gl=US,,,3.0,0.0,0.0,0.0,40.0,24.0,https://lh3.googleusercontent.com/gps-cs-s/AG0ilSzeM_uOaTF80bldI7zmoK_KCPkE8EK5TU1xDR0Gd8_hY8jhDl5CeKPV5_s0SY50JM3LMRFIOes1qBufiKo6-_7ErigfWGQQIMI5h8-XecTfzWH7Hb8cx0ZByCvtg1dIyyeOK9MBjQ=w800-h500-k-no,https://lh3.googleusercontent.com/gps-cs-s/AG0ilSzeM_uOaTF80bldI7zmoK_KCPkE8EK5TU1xDR0Gd8_hY8jhDl5CeKPV5_s0SY50JM3LMRFIOes1qBufiKo6-_7ErigfWGQQIMI5h8-XecTfzWH7Hb8cx0ZByCvtg1dIyyeOK9MBjQ=w1600-h1000-k-no,,"{""Sunday"": ""Closed"", ""Monday"": ""7AM-5PM"", ""Tuesday"": ""7AM-5PM"", ""Wednesday"": ""7AM-5PM"", ""Thursday"": ""7AM-5PM"", ""Friday"": ""7AM-5PM"", ""Saturday"": ""Closed""}","Sunday,|Monday,7AM,5PM|Tuesday,7AM,5PM|Wednesday,7AM,5PM|Thursday,7AM,5PM|Friday,7AM,5PM|Saturday,",Sunday:Closed|Monday:7AM-5PM|Tuesday:7AM-5PM|Wednesday:7AM-5PM|Thursday:7AM-5PM|Friday:7AM-5PM|Saturday:Closed,,,OPERATIONAL,"{""Accessibility"": {""Wheelchair accessible parking lot"": true}}",,,,https://lh5.googleusercontent.com/-AvJLLHPivyo/AAAAAAAAAAI/AAAAAAAAAAA/94YQ14xGlBE/s44-p-k-no-ns-nd/photo.jpg,,,True,112431938360981881725,Clean Pro Restoration,https://www.google.com/maps/contrib/112431938360981881725,,,,,"https://www.google.com/maps/place/Clean+Pro+Restoration/@30.001815999999998,-90.25594699999999,14z/data=!4m8!1m2!2m1!1sClean+Pro+Restoration!3m4!1s0x8620b70c6bb6dadd:0xabdfd060488c8131!8m2!3d30.001815999999998!4d-90.25594699999999","https://www.google.com/maps/place/Clean+Pro+Restoration/@30.001815999999998,-90.25594699999999,13.99z/data=!4m16!1m7!3m6!1s0x8620b70c6bb6dadd:0xabdfd060488c8131!2sClean+Pro+Restoration!8m2!3d30.001815999999998!4d-90.25594699999999!16s%2Fg%2F11ckvg1dmb!3m7!1s0x8620b70c6bb6dadd:0xabdfd060488c8131!8m2!3d30.001815999999998!4d-90.25594699999999!9m1!1b1!16s%2Fg%2F11ckvg1dmb?entry=ttu",ChIJ3dq2awy3IIYRMYGMSGDQ36s,0x8620b70c6bb6dadd:0xabdfd060488c8131,12384846612244758833,/g/1tg_xf_9,-6061897461464792783,,colin@cpr2therescue.com,INVALID,Invalid DNS,Colin Macrae,Colin,Macrae,Owner,7637808030,jill@cpr2therescue.com,INVALID,Invalid DNS,Jill Shinn,Jill,Shinn,President,,brett@planetguide.com,INVALID,Invalid DNS,,,,,,7637808030,mobile,,,,,,,,,,,,,https://www.linkedin.com/company/clean-pro-cleaning-restoration,,,,,,,,,,,,,CleanPro Restoration – Restoration,WordPress 6.0.3,Clean Pro Restoration services include: Biological Response Water Restoration Fire Restoration Mold Remediation Our Partnerships Emergency Response Agreement Our primary strategy for success is based on building relationships before a disaster happens. We only establish relationships with select ...,,False,False
"water damage restoration service, 70141, New Orleans, LA, US",Damp Solving Water & Mold,Damp Solving Water And Mold,https://dampsolving.com/la-place-la,Water damage restoration service,Water damage restoration service,Water damage restoration service,+1 985-296-2522,landline,,,"425 W Airline Hwy Ste L #1022, Laplace, LA 70068",None,425 W Airline Hwy Ste L #1022,Laplace,70068,Louisiana,Louisiana,United States of America,US,30.067929699999997,-90.4834977,89444601d63ffff,America/Chicago,,False,,,,,,,,,,,2.0,https://streetviewpixels-pa.googleapis.com/v1/thumbnail?panoid=fhtesxEFpjd1z3TaxDoekg&cb_client=search.gws-prod.gps&w=800&h=500&yaw=203.9625&pitch=0&thumbfov=100,https://lh3.googleusercontent.com/p/AF1QipPW9spSgWKBFoNwZxs_xHpYBgHkR9UU1dRRzAw6=w1600-h1000-k-no,,"{""Sunday"": ""Open 24 hours"", ""Monday"": ""Open 24 hours"", ""Tuesday"": ""Open 24 hours"", ""Wednesday"": ""Open 24 hours"", ""Thursday"": ""Open 24 hours"", ""Friday"": ""Open 24 hours"", ""Saturday"": ""Open 24 hours""}","Sunday,Open 24 hours|Monday,Open 24 hours|Tuesday,Open 24 hours|Wednesday,Open 24 hours|Thursday,Open 24 hours|Friday,Open 24 hours|Saturday,Open 24 hours",Sunday:Open 24 hours|Monday:Open 24 hours|Tuesday:Open 24 hours|Wednesday:Open 24 hours|Thursday:Open 24 hours|Friday:Open 24 hours|Saturday:Open 24 hours,,,OPERATIONAL,"{""Service options"": {""Online estimates"": true, ""Onsite services"": true}}",,,,https://lh3.googleusercontent.com/-LCwxdYUCRvM/AAAAAAAAAAI/AAAAAAAAAAA/SPB7eWZAqK0/s44-p-k-no-ns-nd/photo.jpg,,,True,110847413551777853303,Damp Solving Water & Mold,https://www.google.com/maps/contrib/110847413551777853303,,,,,"https://www.google.com/maps/place/Damp+Solving+Water+%26+Mold/@30.067929699999997,-90.4834977,14z/data=!4m8!1m2!2m1!1sDamp+Solving+Water+%26+Mold!3m4!1s0x8620d3da5e5c3ffd:0x179bc53a8e3e7564!8m2!3d30.067929699999997!4d-90.4834977","https://www.google.com/maps/place/Damp+Solving+Water+%26+Mold/@30.067929699999997,-90.4834977,13.99z/data=!4m16!1m7!3m6!1s0x8620d3da5e5c3ffd:0x179bc53a8e3e7564!2sDamp+Solving+Water+%26+Mold!8m2!3d30.067929699999997!4d-90.4834977!16s%2Fg%2F11ckvg1dmb!3m7!1s0x8620d3da5e5c3ffd:0x179bc53a8e3e7564!8m2!3d30.067929699999997!4d-90.4834977!9m1!1b1!16s%2Fg%2F11ckvg1dmb?entry=ttu",ChIJ_T9cXtrTIIYRZHU-jjrFmxc,0x8620d3da5e5c3ffd:0x179bc53a8e3e7564,1701170139547727204,/g/11l2m2z4zc,None,,support@dampsolving.com,RECEIVING,SMTP validated,,,,,,atlanta@dampsolving.com,INVALID,Undeliverable,,,,,,orlando@dampsolving.com,RECEIVING,Verified,,,,,,14076333374,landline,,,4709860911,,landline,,,,,,,,,,,,,,,,,,,,,Privacy Policy - dampsolving.com,Divi Sanitize & Pest Control Theme v.1.0.0,"When Water Strikes, You Need To Act Fast. We Have Emergency Crew In Your Area Right Now, Call (470) 986 0911 For Immediate Dispatch",,False,False
"water damage restoration service, 70141, New Orleans, LA, US",Rescue Clean,Rescue Clean,,Carpet cleaning service,Carpet cleaning service,Carpet cleaning service,+1 504-888-6653,landline,,,"1111 Williams Blvd, Kenner, LA 70062",None,1111 Williams Blvd,Kenner,70062,Louisiana,Louisiana,United States of America,US,29.9835405,-90.2440721,89444654cb3ffff,America/Chicago,,False,5.0,2.0,https://search.google.com/local/reviews?placeid=ChIJVVVVVQWwIIYR49gqsQnkB6k&q=*&authuser=0&hl=en&gl=US,,,0.0,0.0,0.0,0.0,2.0,3.0,https://lh3.googleusercontent.com/gps-cs-s/AG0ilSzZ4QBxXMklBPEtpin73y4fH5VwACUr5BqspVo6IfgSzhNWbzS_ElIwgS9bxHQUPfMzVDHj_qTaF56S5QIOqLFhrT8CaaJXH6dXZzaaeSQYDqWNAO-FGPw3N6WxehFHUKqTH9B9ZA=w800-h500-k-no,https://lh3.googleusercontent.com/gps-cs-s/AG0ilSzZ4QBxXMklBPEtpin73y4fH5VwACUr5BqspVo6IfgSzhNWbzS_ElIwgS9bxHQUPfMzVDHj_qTaF56S5QIOqLFhrT8CaaJXH6dXZzaaeSQYDqWNAO-FGPw3N6WxehFHUKqTH9B9ZA=w1600-h1000-k-no,,"{""Sunday"": ""Open 24 hours"", ""Monday"": ""Open 24 hours"", ""Tuesday"": ""Open 24 hours"", ""Wednesday"": ""Open 24 hours"", ""Thursday"": ""Open 24 hours"", ""Friday"": ""Open 24 hours"", ""Saturday"": ""Open 24 hours""}","Sunday,Open 24 hours|Monday,Open 24 hours|Tuesday,Open 24 hours|Wednesday,Open 24 hours|Thursday,Open 24 hours|Friday,Open 24 hours|Saturday,Open 24 hours",Sunday:Open 24 hours|Monday:Open 24 hours|Tuesday:Open 24 hours|Wednesday:Open 24 hours|Thursday:Open 24 hours|Friday:Open 24 hours|Saturday:Open 24 hours,,,OPERATIONAL,{},,,,https://lh5.googleusercontent.com/-TfsGwdfIg_g/AAAAAAAAAAI/AAAAAAAAAAA/LMtf2OSXRDY/s44-p-k-no-ns-nd/photo.jpg,,,True,100138757655224330306,Rescue Clean,https://www.google.com/maps/contrib/100138757655224330306,,,,,"https://www.google.com/maps/place/Rescue+Clean/@29.9835405,-90.2440721,14z/data=!4m8!1m2!2m1!1sRescue+Clean!3m4!1s0x8620b00555555555:0xa907e409b12ad8e3!8m2!3d29.9835405!4d-90.2440721","https://www.google.com/maps/place/Rescue+Clean/@29.9835405,-90.2440721,13.99z/data=!4m16!1m7!3m6!1s0x8620b00555555555:0xa907e409b12ad8e3!2sRescue+Clean!8m2!3d29.9835405!4d-90.2440721!16s%2Fg%2F11ckvg1dmb!3m7!1s0x8620b00555555555:0xa907e409b12ad8e3!8m2!3d29.9835405!4d-90.2440721!9m1!1b1!16s%2Fg%2F11ckvg1dmb?entry=ttu",ChIJVVVVVQWwIIYR49gqsQnkB6k,0x8620b00555555555:0xa907e409b12ad8e3,12179954447525009635,/g/1tf587k5,-6266789626184541981,,,,,,,,,,,,,,,,,,,,,,,,,,,,,,,,,,,,,,,,,,,,,,,,,,,,,,,,,,
"water damage restoration service, 70141, New Orleans, LA, US",504 Construction & Restoration,504 Construction And Restoration,https://www.504llc.com/,"General contractor, Contractor",Contractor,General contractor,+1 504-350-0770,landline,,,"10 24th St, Kenner, LA 70062",None,10 24th St,Kenner,70062,Louisiana,Louisiana,United States of America,US,30.0010834,-90.2785486,8944460b63bffff,America/Chicago,,False,5.0,7.0,https://search.google.com/local/reviews?placeid=ChIJ__9vj3ymIIYROJRvKoPZY2U&q=*&authuser=0&hl=en&gl=US,,,0.0,0.0,0.0,0.0,7.0,23.0,https://lh3.googleusercontent.com/p/AF1QipP4EYdDk87NYueX9JNqnVU3ZiUBcocsKhI_qbo8=w800-h500-k-no,https://lh3.googleusercontent.com/p/AF1QipP4EYdDk87NYueX9JNqnVU3ZiUBcocsKhI_qbo8=w1600-h1000-k-no,,"{""Sunday"": ""Closed"", ""Monday"": ""Open 24 hours"", ""Tuesday"": ""Open 24 hours"", ""Wednesday"": ""Open 24 hours"", ""Thursday"": ""Open 24 hours"", ""Friday"": ""Open 24 hours"", ""Saturday"": ""Closed""}","Sunday,|Monday,Open 24 hours|Tuesday,Open 24 hours|Wednesday,Open 24 hours|Thursday,Open 24 hours|Friday,Open 24 hours|Saturday,",Sunday:Closed|Monday:Open 24 hours|Tuesday:Open 24 hours|Wednesday:Open 24 hours|Thursday:Open 24 hours|Friday:Open 24 hours|Saturday:Closed,,,OPERATIONAL,"{""Accessibility"": {""Wheelchair accessible parking lot"": true}, ""Parking"": {""On-site parking"": true}}",,,,https://lh3.googleusercontent.com/-8zckJdYh4bo/AAAAAAAAAAI/AAAAAAAAAAA/oAr7Xn9x2pU/s44-p-k-no-ns-nd/photo.jpg,,,True,107964987697167002884,504 Construction & Restoration,https://www.google.com/maps/contrib/107964987697167002884,,,,,"https://www.google.com/maps/place/504+Construction+%26+Restoration/@30.0010834,-90.2785486,14z/data=!4m8!1m2!2m1!1s504+Construction+%26+Restoration!3m4!1s0x8620a67c8f6fffff:0x6563d9832a6f9438!8m2!3d30.0010834!4d-90.2785486","https://www.google.com/maps/place/504+Construction+%26+Restoration/@30.0010834,-90.2785486,13.99z/data=!4m16!1m7!3m6!1s0x8620a67c8f6fffff:0x6563d9832a6f9438!2s504+Construction+%26+Restoration!8m2!3d30.0010834!4d-90.2785486!16s%2Fg%2F11ckvg1dmb!3m7!1s0x8620a67c8f6fffff:0x6563d9832a6f9438!8m2!3d30.0010834!4d-90.2785486!9m1!1b1!16s%2Fg%2F11ckvg1dmb?entry=ttu",ChIJ__9vj3ymIIYROJRvKoPZY2U,0x8620a67c8f6fffff:0x6563d9832a6f9438,7305922177900975160,/g/11rkmttvl6,7305922177900975160,,info@504llc.com,RECEIVING,SMTP validated,,,,,,nicole.m.smith@usbank.com,RECEIVING,Catch All,,,,,,info@504restorations.com,RECEIVING,SMTP validated,,,,,,5043500770,landline,,,,,,,,,,,,,,,,,,,,,,,,,,Contact 504 Construction | Schedule a Free Consultation,Wix.com Website Builder,Ready to start your roofing or renovation project? Contact 504 Construction for expert service in New Orleans. Call or fill out the form to get started today.,,False,False
"water damage restoration service, 70141, New Orleans, LA, US","E & A Home Improvement, LLC",E And A Home Improvement,https://www.eapropaintingllc.com/%3Futm_source%3Dgoogle%26utm_medium%3Dbusiness_profile%26utm_campaign%3Dwebsite,"General contractor, Bathroom remodeler, Service establishment, Flooring contractor, Gutter cleaning service, Kitchen remodeler, Painting, Roofing contractor, Siding contractor",General contractor,General contractor,+1 504-813-3934,mobile,,,,,,,,,,,,31.200920099999998,-91.7312795,8944402087bffff,America/Chicago,,True,4.8,93.0,https://search.google.com/local/reviews?placeid=ChIJN-DhmbG3IIYRyceXgyDp7Rk&q=*&authuser=0&hl=en&gl=US,,,5.0,1.0,0.0,0.0,87.0,68.0,https://lh3.googleusercontent.com/gps-cs-s/AG0ilSysqgmIQygffoY7sFuNyyY7DidHaVZuRRyWIhMynz9XVl2CxfIagKCWbPKzrByn-6ePeylnkm11Ifr8EgBnmJfkeKTs2T2XzOinUZR8uCrD6pX5FQpscbzXPUDM6g_d1WRu8i0=w800-h500-k-no,https://lh3.googleusercontent.com/gps-cs-s/AG0ilSysqgmIQygffoY7sFuNyyY7DidHaVZuRRyWIhMynz9XVl2CxfIagKCWbPKzrByn-6ePeylnkm11Ifr8EgBnmJfkeKTs2T2XzOinUZR8uCrD6pX5FQpscbzXPUDM6g_d1WRu8i0=w1600-h1000-k-no,,"{""Sunday"": ""Closed"", ""Monday"": ""7AM-5PM"", ""Tuesday"": ""7AM-5PM"", ""Wednesday"": ""7AM-5PM"", ""Thursday"": ""7AM-5PM"", ""Friday"": ""7AM-5PM"", ""Saturday"": ""9AM-1PM""}","Sunday,|Monday,7AM,5PM|Tuesday,7AM,5PM|Wednesday,7AM,5PM|Thursday,7AM,5PM|Friday,7AM,5PM|Saturday,9AM,1PM",Sunday:Closed|Monday:7AM-5PM|Tuesday:7AM-5PM|Wednesday:7AM-5PM|Thursday:7AM-5PM|Friday:7AM-5PM|Saturday:9AM-1PM,,,OPERATIONAL,{},,,,https://lh6.googleusercontent.com/-vBVc_oyxDWI/AAAAAAAAAAI/AAAAAAAAAAA/z3g20vgVtkA/s44-p-k-no-ns-nd/photo.jpg,,,True,111963664332218696796,"E & A Home Improvement, LLC",https://www.google.com/maps/contrib/111963664332218696796,,https://www.eapropaintingllc.com/contact/?utm_source=google&utm_medium=business_profile&utm_campaign=booking,,https://www.eapropaintingllc.com/contact/?utm_source=google&utm_medium=business_profile&utm_campaign=booking,"https://www.google.com/maps/place/E+%26+A+Home+Improvement%2C+LLC/@31.200920099999998,-91.7312795,14z/data=!4m8!1m2!2m1!1sE+%26+A+Home+Improvement%2C+LLC!3m4!1s0x8620b7b199e1e037:0x19ede9208397c7c9!8m2!3d31.200920099999998!4d-91.7312795","https://www.google.com/maps/place/E+%26+A+Home+Improvement%2C+LLC/@31.200920099999998,-91.7312795,13.99z/data=!4m16!1m7!3m6!1s0x8620b7b199e1e037:0x19ede9208397c7c9!2sE+%26+A+Home+Improvement%2C+LLC!8m2!3d31.200920099999998!4d-91.7312795!16s%2Fg%2F11ckvg1dmb!3m7!1s0x8620b7b199e1e037:0x19ede9208397c7c9!8m2!3d31.200920099999998!4d-91.7312795!9m1!1b1!16s%2Fg%2F11ckvg1dmb?entry=ttu",ChIJN-DhmbG3IIYRyceXgyDp7Rk,0x8620b7b199e1e037:0x19ede9208397c7c9,1868405746284611529,/g/11f71pp6h2,1868405746284611529,,eapropaintingllc@gmail.com,RECEIVING,SMTP validated,,,,,,,,,,,,,,,,,,,,,,15048133934,mobile,,,5048133934,,mobile,,,,,,https://www.facebook.com/E-A-Professional-Painting-LLC-671873156504076/,,,,,,,,,,https://twitter.com/eapropaints,,,,,Contact,"Elementor 3.24.7; features: additional_custom_breakpoints; settings: css_print_method-external, google_font-enabled, font_display-auto","E & A Home Improvement LLC is a professional, licensed home improvement company that serves homeowners in Metairie, LA. Call (504) 813-3934!",,False,True
"water damage restoration service, 70141, New Orleans, LA, US",Doug's Service Company,Dougs Service Company,https://calldougs.com/%3Futm_source%3Dgoogle-gbp%26utm_medium%3Dorganic%26utm_campaign%3D*448*dougs-la,"Air conditioning repair service, Commercial refrigerator supplier, Electrician, Service establishment, Electric generator shop, Heating contractor, Plumber, Water softening equipment supplier",Air conditioning repair service,Air conditioning repair service,+1 504-469-3760,fixed line,"BANDWIDTH.COM CLEC, LLC - LA",,,,,,,,,,,30.186535,-90.085819,8944464e937ffff,America/Chicago,,True,4.9,33.0,https://search.google.com/local/reviews?placeid=ChIJ09Oaz_a2IIYR91sCwqboEpA&q=*&authuser=0&hl=en&gl=US,,,0.0,0.0,1.0,2.0,30.0,194.0,https://lh3.googleusercontent.com/p/AF1QipMC-iw43Mcm83IuBwrLYaEBl1PXuu9W0VmBAjmX=w800-h500-k-no,https://lh3.googleusercontent.com/p/AF1QipMC-iw43Mcm83IuBwrLYaEBl1PXuu9W0VmBAjmX=w1600-h1000-k-no,,"{""Sunday"": ""Open 24 hours"", ""Monday"": ""Open 24 hours"", ""Tuesday"": ""Open 24 hours"", ""Wednesday"": ""Open 24 hours"", ""Thursday"": ""Open 24 hours"", ""Friday"": ""Open 24 hours"", ""Saturday"": ""Open 24 hours""}","Sunday,Open 24 hours|Monday,Open 24 hours|Tuesday,Open 24 hours|Wednesday,Open 24 hours|Thursday,Open 24 hours|Friday,Open 24 hours|Saturday,Open 24 hours",Sunday:Open 24 hours|Monday:Open 24 hours|Tuesday:Open 24 hours|Wednesday:Open 24 hours|Thursday:Open 24 hours|Friday:Open 24 hours|Saturday:Open 24 hours,,,OPERATIONAL,"{""Offerings"": {""Repair services"": true}, ""Payments"": {""Credit cards"": true}}",,,,https://lh5.googleusercontent.com/-fwjF8pgSBtw/AAAAAAAAAAI/AAAAAAAAAAA/29D1cj84gMA/s44-p-k-no-ns-nd/photo.jpg,,,True,111893757949206676861,Doug's Service Company,https://www.google.com/maps/contrib/111893757949206676861,,https://www.calldougs.com/contact-us/,,https://www.calldougs.com/contact-us/,"https://www.google.com/maps/place/Doug%27s+Service+Company/@30.186535,-90.085819,14z/data=!4m8!1m2!2m1!1sDoug%27s+Service+Company!3m4!1s0x8620b6f6cf9ad3d3:0x9012e8a6c2025bf7!8m2!3d30.186535!4d-90.085819","https://www.google.com/maps/place/Doug%27s+Service+Company/@30.186535,-90.085819,13.99z/data=!4m16!1m7!3m6!1s0x8620b6f6cf9ad3d3:0x9012e8a6c2025bf7!2sDoug%27s+Service+Company!8m2!3d30.186535!4d-90.085819!16s%2Fg%2F11ckvg1dmb!3m7!1s0x8620b6f6cf9ad3d3:0x9012e8a6c2025bf7!8m2!3d30.186535!4d-90.085819!9m1!1b1!16s%2Fg%2F11ckvg1dmb?entry=ttu",ChIJ09Oaz_a2IIYR91sCwqboEpA,0x8620b6f6cf9ad3d3:0x9012e8a6c2025bf7,10381615893959564279,/g/1tcwgbh1,-8065128179749987337,,jt@calldougs.com,RECEIVING,SMTP validated,Jeff Tauzin,Jeff,Tauzin,Vice President/General Manager,19857461116,matthew@calldougs.com,INVALID,Undeliverable,Matthew Etchie,Matthew,Etchie,,19852109283,douglaskilfoil@gmail.com,RECEIVING,Verified,Doug Kilfoil,Doug,Kilfoil,Independent Business Owner,,9857461116,fixed line,"BANDWIDTH.COM CLEC, LLC - LA",,19854413456,,landline,,19857461116,"BANDWIDTH.COM CLEC, LLC - LA",fixed line,,https://www.facebook.com/pages/Dougs/110332179000702,https://www.instagram.com/dougsservicecompany,https://www.linkedin.com/company/doug's-refrigeration,,,,,,,,https://twitter.com/Dougs1459,,,,,"Plumber, Electrician, AC & Refrigeration | Houma & Thibodaux",WordPress 6.1.1,"Call Doug’s for AC, plumbing, electrical, refrigeration or generators in Houma and Thibodaux, LA. We've been providing great service since 1988.",,True,False
"water damage restoration service, 70142, New Orleans, LA, US",1-800 Water Damage of NE TX & NW LA,1 800 Water Damage Of Ne Tx And Nw La,https://www.1800waterdamage.com/northeast-texas-northwest-louisiana/,Water damage restoration service,Water damage restoration service,Water damage restoration service,+1 903-833-7539,landline,,,"4097 US-271 Suite 143B, Tyler, TX 75708",None,4097 US-271 Suite 143B,Tyler,75708,Texas,Texas,United States of America,US,32.384009299999995,-95.2790967,8926c9375cfffff,America/Chicago,,False,5.0,52.0,https://search.google.com/local/reviews?placeid=ChIJP70p3lfPSYYRZjUtlJeFQYQ&q=*&authuser=0&hl=en&gl=US,,,0.0,0.0,0.0,0.0,52.0,17.0,https://lh3.googleusercontent.com/p/AF1QipPayz3SarNI4JzzZsqABmE_zBPYnds6REV-5544=w800-h500-k-no,https://lh3.googleusercontent.com/p/AF1QipPayz3SarNI4JzzZsqABmE_zBPYnds6REV-5544=w1600-h1000-k-no,,"{""Sunday"": ""Open 24 hours"", ""Monday"": ""Open 24 hours"", ""Tuesday"": ""Open 24 hours"", ""Wednesday"": ""Open 24 hours"", ""Thursday"": ""Open 24 hours"", ""Friday"": ""Open 24 hours"", ""Saturday"": ""Open 24 hours""}","Sunday,Open 24 hours|Monday,Open 24 hours|Tuesday,Open 24 hours|Wednesday,Open 24 hours|Thursday,Open 24 hours|Friday,Open 24 hours|Saturday,Open 24 hours",Sunday:Open 24 hours|Monday:Open 24 hours|Tuesday:Open 24 hours|Wednesday:Open 24 hours|Thursday:Open 24 hours|Friday:Open 24 hours|Saturday:Open 24 hours,,,OPERATIONAL,"{""Parking"": {""On-site parking"": true}}",,,,https://lh4.googleusercontent.com/-lGA8XNAWLoo/AAAAAAAAAAI/AAAAAAAAAAA/UGgM8ooMotM/s44-p-k-no-ns-nd/photo.jpg,,,True,116727275508306778862,1-800 Water Damage of NE TX & NW LA,https://www.google.com/maps/contrib/116727275508306778862,,https://www.1800waterdamage.com/northeast-texas-northwest-louisiana/request-service/,,https://www.1800waterdamage.com/northeast-texas-northwest-louisiana/request-service/,"https://www.google.com/maps/place/1-800+Water+Damage+of+NE+TX+%26+NW+LA/@32.384009299999995,-95.2790967,14z/data=!4m8!1m2!2m1!1s1-800+Water+Damage+of+NE+TX+%26+NW+LA!3m4!1s0x8649cf57de29bd3f:0x84418597942d3566!8m2!3d32.384009299999995!4d-95.2790967","https://www.google.com/maps/place/1-800+Water+Damage+of+NE+TX+%26+NW+LA/@32.384009299999995,-95.2790967,13.99z/data=!4m16!1m7!3m6!1s0x8649cf57de29bd3f:0x84418597942d3566!2s1-800+Water+Damage+of+NE+TX+%26+NW+LA!8m2!3d32.384009299999995!4d-95.2790967!16s%2Fg%2F11ckvg1dmb!3m7!1s0x8649cf57de29bd3f:0x84418597942d3566!8m2!3d32.384009299999995!4d-95.2790967!9m1!1b1!16s%2Fg%2F11ckvg1dmb?entry=ttu",ChIJP70p3lfPSYYRZjUtlJeFQYQ,0x8649cf57de29bd3f:0x84418597942d3566,9530045172565226854,/g/11vwpgjz1w,-8916698901144324762,,cmaxwell@cox.net,INVALID,Undeliverable,Cindy Maxwell,Cindy,Maxwell,Marketing Director At 1-800 Water Damage,,green-t@mindspring.com,INVALID,Undeliverable,Ed Ketchoyian,Ed,Ketchoyian,General Manager,,adamredhoward@gmail.com,RECEIVING,Confirmed,Adam Howard,Adam,Howard,President,19197459128,12694738805,landline,"RCLEC, INC. - MI",,2694738805,"RCLEC, INC. - MI",landline,,12055457788,"ONVOY, LLC - AL",landline,,http://www.facebook.com/1800waterdamagecorp,https://www.instagram.com/1800waterdamage,https://www.linkedin.com/company/midlandsrestorationandconstruction-com,,,,,,,,http://www.twitter.com/1800waterdamage,,https://www.youtube.com/channel/UCeKhsAwz6yVxH2WBjsXxLpA,,,"Water Damage Restoration Garland, TX | 24/7 Emergency Service",wordpress,1-800 Water Damage of NE Dallas & SE Collin provides water damage restoration in Garland. Licensed & Insured. 24/7 Emergency Service. Call now!,,False,True
"water damage restoration service, 70142, New Orleans, LA, US",Big Easy Roof Team,Big Easy Roof Team,https://www.bigeasyroofteam.com/%3Futm_source%3DGBP%26utm_medium%3DGBPh%26utm_campaign%3DGNOLA,Roofing contractor,Roofing contractor,Roofing contractor,+1 504-285-5388,landline,,,"625 Celeste St 504 c, New Orleans, LA 70130",Lower Garden District,625 Celeste St 504 c,New Orleans,70130,Louisiana,Louisiana,United States of America,US,29.928590399999997,-90.06861839999999,894446424bbffff,America/Chicago,,False,5.0,25.0,https://search.google.com/local/reviews?placeid=ChIJhfOFM6unIIYRdOt4ok0H6Xs&q=*&authuser=0&hl=en&gl=US,,,0.0,0.0,0.0,0.0,25.0,1.0,https://streetviewpixels-pa.googleapis.com/v1/thumbnail?panoid=DkPW3ig0D4oEs7MBKUtLqg&cb_client=search.gws-prod.gps&w=800&h=500&yaw=10.906524&pitch=0&thumbfov=100,https://streetviewpixels-pa.googleapis.com/v1/thumbnail?panoid=DkPW3ig0D4oEs7MBKUtLqg&cb_client=search.gws-prod.gps&w=1600&h=1000&yaw=10.906524&pitch=0&thumbfov=100,,"{""Sunday"": ""Closed"", ""Monday"": ""8AM-5PM"", ""Tuesday"": ""8AM-5PM"", ""Wednesday"": ""8AM-5PM"", ""Thursday"": ""8AM-5PM"", ""Friday"": ""8AM-5PM"", ""Saturday"": ""Closed""}","Sunday,|Monday,8AM,5PM|Tuesday,8AM,5PM|Wednesday,8AM,5PM|Thursday,8AM,5PM|Friday,8AM,5PM|Saturday,",Sunday:Closed|Monday:8AM-5PM|Tuesday:8AM-5PM|Wednesday:8AM-5PM|Thursday:8AM-5PM|Friday:8AM-5PM|Saturday:Closed,,,OPERATIONAL,"{""Service options"": {""Onsite services"": true}}",,,,https://lh6.googleusercontent.com/-Cq5eRcjbBzc/AAAAAAAAAAI/AAAAAAAAAAA/R5AUTYPAOFw/s44-p-k-no-ns-nd/photo.jpg,,,True,103043217414688718345,Big Easy Roof Team,https://www.google.com/maps/contrib/103043217414688718345,,,,,"https://www.google.com/maps/place/Big+Easy+Roof+Team/@29.928590399999997,-90.06861839999999,14z/data=!4m8!1m2!2m1!1sBig+Easy+Roof+Team!3m4!1s0x8620a7ab3385f385:0x7be9074da278eb74!8m2!3d29.928590399999997!4d-90.06861839999999","https://www.google.com/maps/place/Big+Easy+Roof+Team/@29.928590399999997,-90.06861839999999,13.99z/data=!4m16!1m7!3m6!1s0x8620a7ab3385f385:0x7be9074da278eb74!2sBig+Easy+Roof+Team!8m2!3d29.928590399999997!4d-90.06861839999999!16s%2Fg%2F11ckvg1dmb!3m7!1s0x8620a7ab3385f385:0x7be9074da278eb74!8m2!3d29.928590399999997!4d-90.06861839999999!9m1!1b1!16s%2Fg%2F11ckvg1dmb?entry=ttu",ChIJhfOFM6unIIYRdOt4ok0H6Xs,0x8620a7ab3385f385:0x7be9074da278eb74,8928675766258428788,/g/11shcpdd82,8928675766258428788,,,,,,,,,,,,,,,,,,,,,,,,,,5042855388,landline,,,15042855388,,landline,,,,,,https://www.facebook.com/BigEasyRoofTeam,https://www.instagram.com/bigeasyroofteam,https://www.linkedin.com/company/big-easy-roof-team/,,,,,,,,https://twitter.com/BigEasyRoofTeam,,https://www.youtube.com/channel/UCvXbVkH_TQlF4q4qfI5XYBw,,,About Our Company | Big Easy Roof Team,WordPress 6.8.3,Get to know our team of experienced roofing contractors. We have been providing high-quality roofing services for many years. Our team is dedicated to providing excellent customer service and professional workmanship for every project. Trust us for all your roofing needs.,,False,False
"water damage restoration service, 70143, New Orleans, LA, US",911 Restoration of Baton Rouge,911 Restoration Of Baton Rouge,https://www.911restorationbatonrouge.com/,"Water damage restoration service, Building restoration service, Fire damage restoration service, Sewage disposal service",Water damage restoration service,Water damage restoration service,+1 225-963-6113,mobile,CELLCO PARTNERSHIP DBA VERIZON WIRELESS - LA,,"11832 Newcastle Ave, Baton Rouge, LA 70816",None,11832 Newcastle Ave,Baton Rouge,70816,Louisiana,Louisiana,United States of America,US,30.419999999999998,-91.0492244,894440c8413ffff,America/Chicago,,False,4.0,8.0,https://search.google.com/local/reviews?placeid=ChIJP3A3_k-7JoYRhp7FKoAT4Xs&q=*&authuser=0&hl=en&gl=US,,,2.0,0.0,0.0,0.0,6.0,110.0,https://lh3.googleusercontent.com/p/AF1QipPQXaBuzhD29tfFkNMiCQDH_gHc6TQjhS3xuaXS=w800-h500-k-no,https://lh3.googleusercontent.com/p/AF1QipPQXaBuzhD29tfFkNMiCQDH_gHc6TQjhS3xuaXS=w1600-h1000-k-no,,"{""Sunday"": ""Open 24 hours"", ""Monday"": ""Open 24 hours"", ""Tuesday"": ""Open 24 hours"", ""Wednesday"": ""Open 24 hours"", ""Thursday"": ""Open 24 hours"", ""Friday"": ""Open 24 hours"", ""Saturday"": ""Open 24 hours""}","Sunday,Open 24 hours|Monday,Open 24 hours|Tuesday,Open 24 hours|Wednesday,Open 24 hours|Thursday,Open 24 hours|Friday,Open 24 hours|Saturday,Open 24 hours",Sunday:Open 24 hours|Monday:Open 24 hours|Tuesday:Open 24 hours|Wednesday:Open 24 hours|Thursday:Open 24 hours|Friday:Open 24 hours|Saturday:Open 24 hours,,,OPERATIONAL,"{""Service options"": {""Onsite services"": true}, ""Accessibility"": {""Wheelchair accessible entrance"": true, ""Wheelchair accessible parking lot"": true}}",,,,https://lh6.googleusercontent.com/-AmBlhPneVcI/AAAAAAAAAAI/AAAAAAAAAAA/zWvHsquv7sU/s44-p-k-no-ns-nd/photo.jpg,,,True,112399742672152265423,911 Restoration of Baton Rouge,https://www.google.com/maps/contrib/112399742672152265423,,,,,"https://www.google.com/maps/place/911+Restoration+of+Baton+Rouge/@30.419999999999998,-91.0492244,14z/data=!4m8!1m2!2m1!1s911+Restoration+of+Baton+Rouge!3m4!1s0x8626bb4ffe37703f:0x7be113802ac59e86!8m2!3d30.419999999999998!4d-91.0492244","https://www.google.com/maps/place/911+Restoration+of+Baton+Rouge/@30.419999999999998,-91.0492244,13.99z/data=!4m16!1m7!3m6!1s0x8626bb4ffe37703f:0x7be113802ac59e86!2s911+Restoration+of+Baton+Rouge!8m2!3d30.419999999999998!4d-91.0492244!16s%2Fg%2F11ckvg1dmb!3m7!1s0x8626bb4ffe37703f:0x7be113802ac59e86!8m2!3d30.419999999999998!4d-91.0492244!9m1!1b1!16s%2Fg%2F11ckvg1dmb?entry=ttu",ChIJP3A3_k-7JoYRhp7FKoAT4Xs,0x8626bb4ffe37703f:0x7be113802ac59e86,8926437377619369606,/g/11f10f62vt,8926437377619369606,,,,,,,,,,,,,,,,,,,,,,,,,,,,,,,,,,,,,,,,,,,,,,,,,,,,,Contact Us - Baton Rouge,,"Contact 911 Restoration Baton Rouge for professional fire, mold, smoke, and water removal. We arrive within 45 minutes. (225) 963-6113",,False,False
"water damage restoration service, 70143, New Orleans, LA, US","Rich Rose Renovations, LLC",Rich Rose Renovations,,"Painter, Carpenter, Dry wall contractor, Service establishment, Handyman/Handywoman/Handyperson",Painter,Painter,+1 504-346-9919,mobile,T-Mobile USA Inc.,,,,,,,,,,,29.6421305,-90.08998,894446ca25bffff,America/Chicago,,True,5.0,12.0,https://search.google.com/local/reviews?placeid=ChIJb6FHbTOjIIYRrVnpbQ2sUyM&q=*&authuser=0&hl=en&gl=US,,,0.0,0.0,0.0,0.0,12.0,14.0,https://lh3.googleusercontent.com/p/AF1QipP3BTPJhBVobqa2Kl8D1on2cl_qsCToIPuRtJus=w800-h500-k-no,https://lh3.googleusercontent.com/p/AF1QipP3BTPJhBVobqa2Kl8D1on2cl_qsCToIPuRtJus=w1600-h1000-k-no,,"{""Sunday"": ""2-6PM"", ""Monday"": ""9AM-5PM"", ""Tuesday"": ""8AM-5PM"", ""Wednesday"": ""8AM-5PM"", ""Thursday"": ""8AM-5PM"", ""Friday"": ""8AM-5PM"", ""Saturday"": ""10AM-3PM""}","Sunday,2,6PM|Monday,9AM,5PM|Tuesday,8AM,5PM|Wednesday,8AM,5PM|Thursday,8AM,5PM|Friday,8AM,5PM|Saturday,10AM,3PM",Sunday:2-6PM|Monday:9AM-5PM|Tuesday:8AM-5PM|Wednesday:8AM-5PM|Thursday:8AM-5PM|Friday:8AM-5PM|Saturday:10AM-3PM,,,OPERATIONAL,"{""Service options"": {""Online estimates"": true, ""Language assistance"": ""English, Spanish""}}",,,,https://lh6.googleusercontent.com/-pCEuJ6QWvHY/AAAAAAAAAAI/AAAAAAAAAAA/WFFSMRzFE5A/s44-p-k-no-ns-nd/photo.jpg,,,True,108774104032670537046,"Rich Rose Renovations, LLC",https://www.google.com/maps/contrib/108774104032670537046,,,,,"https://www.google.com/maps/place/Rich+Rose+Renovations%2C+LLC/@29.6421305,-90.08998,14z/data=!4m8!1m2!2m1!1sRich+Rose+Renovations%2C+LLC!3m4!1s0x8620a3336d47a16f:0x2353ac0d6de959ad!8m2!3d29.6421305!4d-90.08998","https://www.google.com/maps/place/Rich+Rose+Renovations%2C+LLC/@29.6421305,-90.08998,13.99z/data=!4m16!1m7!3m6!1s0x8620a3336d47a16f:0x2353ac0d6de959ad!2sRich+Rose+Renovations%2C+LLC!8m2!3d29.6421305!4d-90.08998!16s%2Fg%2F11ckvg1dmb!3m7!1s0x8620a3336d47a16f:0x2353ac0d6de959ad!8m2!3d29.6421305!4d-90.08998!9m1!1b1!16s%2Fg%2F11ckvg1dmb?entry=ttu",ChIJb6FHbTOjIIYRrVnpbQ2sUyM,0x8620a3336d47a16f:0x2353ac0d6de959ad,2545567388073023917,/g/11f8ml_j1p,2545567388073023917,,,,,,,,,,,,,,,,,,,,,,,,,,,,,,,,,,,,,,,,,,,,,,,,,,,,,,,,,,
"water damage restoration service, 70143, New Orleans, LA, US",ServiceMaster Absolute Cleaning Services,Servicemaster Absolute Cleaning Services,https://www.servicemasterrestore.com/locations/la/mandeville/servicemaster-of-lafayette-2768-d,"Water damage restoration service, Building restoration service, Carpet cleaning service, Service establishment, Janitorial service, Upholstery cleaning service, Waste management service, Fire damage restoration service",Fire damage restoration service,Water damage restoration service,+1 985-250-0965,landline,Bandwidth.com,True,,,,,,,,,,30.358432999999998,-90.050097,8944466b6b7ffff,America/Chicago,,True,,,,,,,,,,,3.0,https://lh3.googleusercontent.com/p/AF1QipPJyK9-zAkYzoJli6KuJCV-fWeXotrndmwMuzOL=w800-h500-k-no,https://lh3.googleusercontent.com/p/AF1QipPJyK9-zAkYzoJli6KuJCV-fWeXotrndmwMuzOL=w1600-h1000-k-no,,,,,,,OPERATIONAL,{},,,,https://lh6.googleusercontent.com/-JC-LgPI_QJA/AAAAAAAAAAI/AAAAAAAAAAA/D8plTLP_VLk/s44-p-k-no-ns-nd/photo.jpg,,,True,109558366768350875174,ServiceMaster Absolute Cleaning Services,https://www.google.com/maps/contrib/109558366768350875174,,,,,"https://www.google.com/maps/place/ServiceMaster+Absolute+Cleaning+Services/@30.358432999999998,-90.050097,14z/data=!4m8!1m2!2m1!1sServiceMaster+Absolute+Cleaning+Services!3m4!1s0x862759bd989a00b5:0x7e897047c80b154b!8m2!3d30.358432999999998!4d-90.050097","https://www.google.com/maps/place/ServiceMaster+Absolute+Cleaning+Services/@30.358432999999998,-90.050097,13.99z/data=!4m16!1m7!3m6!1s0x862759bd989a00b5:0x7e897047c80b154b!2sServiceMaster+Absolute+Cleaning+Services!8m2!3d30.358432999999998!4d-90.050097!16s%2Fg%2F11ckvg1dmb!3m7!1s0x862759bd989a00b5:0x7e897047c80b154b!8m2!3d30.358432999999998!4d-90.050097!9m1!1b1!16s%2Fg%2F11ckvg1dmb?entry=ttu",ChIJtQCamL1ZJ4YRSxULyEdwiX4,0x862759bd989a00b5:0x7e897047c80b154b,9117942374189438283,/g/12cpfpr_6,None,,jsappingfield@smrestore.net,RECEIVING,Catch All,John Sappingfield,John,Sappingfield,Owner,19169650466,bmeeker@smrestore.net,RECEIVING,Catch All,Bill Meeker,Bill,Meeker,Controller,19169650466,joseysilvia23@yahoo.com,BLACKLISTED,Complainer,Jose Gutierrez,Jose,Gutierrez,,18556468988,8007377663,toll_free,,,9728408888,"LEVEL 3 COMMUNICATIONS, LLC - ",landline,,9724642082,"ONVOY, LLC - TX",fixed line,,https://facebook.com/servicemasterrestore,https://www.instagram.com/servicemasterrestoreofficial,https://www.linkedin.com/company/servicemaster-restoration-by-quality-first,,,,,,,,https://twitter.com/ServiceMasterA3,,https://www.youtube.com/channel/UCxhfBr5uexZ5FxWWnOtHEkQ,https://github.com/newrelic/,,ServiceMaster Restoration by All Pro - North Versailles | Professional Restoration & Disaster Recovery,,"For the professional disaster relief and restoration recovery services you need, call the North Versailles restoration experts at ServiceMaster Restore. We're available 24/7 to take your call!",,False,False
"water damage restoration service, 70143, New Orleans, LA, US",1-800 WATER DAMAGE of the Mississippi Gulf Coast,1 800 Water Damage Of The Mississippi Gulf Coast,https://www.1800waterdamage.com/mississippi-gulf-coast/,"Water damage restoration service, Building restoration service, Fire damage restoration service, House cleaning service, Pressure washing service, Sewage disposal service",Water damage restoration service,Water damage restoration service,+1 228-604-8739,landline,Neutral Tandem,True,"10551 Outdoor Way Suite G, Gulfport, MS 39503",None,10551 Outdoor Way Suite G,Gulfport,39503,Mississippi,Mississippi,United States of America,US,30.4359319,-89.0754858,89445546d97ffff,America/Chicago,,False,5.0,11.0,https://search.google.com/local/reviews?placeid=ChIJI3aFgxsVnIgRXAD45yTq12Q&q=*&authuser=0&hl=en&gl=US,,,0.0,0.0,0.0,0.0,11.0,2.0,https://lh3.googleusercontent.com/p/AF1QipOwX-KlVI4ipYqjnb6pv7lmDBL-YfbUjZA8m5kA=w800-h500-k-no,https://lh3.googleusercontent.com/p/AF1QipOwX-KlVI4ipYqjnb6pv7lmDBL-YfbUjZA8m5kA=w1600-h1000-k-no,,"{""Sunday"": ""Open 24 hours"", ""Monday"": ""Open 24 hours"", ""Tuesday"": ""Open 24 hours"", ""Wednesday"": ""Open 24 hours"", ""Thursday"": ""Open 24 hours"", ""Friday"": ""Open 24 hours"", ""Saturday"": ""Open 24 hours""}","Sunday,Open 24 hours|Monday,Open 24 hours|Tuesday,Open 24 hours|Wednesday,Open 24 hours|Thursday,Open 24 hours|Friday,Open 24 hours|Saturday,Open 24 hours",Sunday:Open 24 hours|Monday:Open 24 hours|Tuesday:Open 24 hours|Wednesday:Open 24 hours|Thursday:Open 24 hours|Friday:Open 24 hours|Saturday:Open 24 hours,,,OPERATIONAL,"{""Service options"": {""Onsite services"": true}, ""Accessibility"": {""Wheelchair accessible entrance"": true, ""Wheelchair accessible parking lot"": true}}",,,,https://lh3.googleusercontent.com/-BrWwdqCnvKc/AAAAAAAAAAI/AAAAAAAAAAA/4Wuq1Y4zHL8/s44-p-k-no-ns-nd/photo.jpg,,,True,100526952796700673752,1-800 WATER DAMAGE of the Mississippi Gulf Coast,https://www.google.com/maps/contrib/100526952796700673752,,,,,"https://www.google.com/maps/place/1-800+WATER+DAMAGE+of+the+Mississippi+Gulf+Coast/@30.4359319,-89.0754858,14z/data=!4m8!1m2!2m1!1s1-800+WATER+DAMAGE+of+the+Mississippi+Gulf+Coast!3m4!1s0x889c151b83857623:0x64d7ea24e7f8005c!8m2!3d30.4359319!4d-89.0754858","https://www.google.com/maps/place/1-800+WATER+DAMAGE+of+the+Mississippi+Gulf+Coast/@30.4359319,-89.0754858,13.99z/data=!4m16!1m7!3m6!1s0x889c151b83857623:0x64d7ea24e7f8005c!2s1-800+WATER+DAMAGE+of+the+Mississippi+Gulf+Coast!8m2!3d30.4359319!4d-89.0754858!16s%2Fg%2F11ckvg1dmb!3m7!1s0x889c151b83857623:0x64d7ea24e7f8005c!8m2!3d30.4359319!4d-89.0754858!9m1!1b1!16s%2Fg%2F11ckvg1dmb?entry=ttu",ChIJI3aFgxsVnIgRXAD45yTq12Q,0x889c151b83857623:0x64d7ea24e7f8005c,7266533968017096796,/g/11h1vbx6gz,7266533968017096796,,bryson.baker@1800waterdamage.com,RECEIVING,SMTP validated,,,,,,byron.wooten@1800waterdamage.com,RECEIVING,SMTP validated,,,,,,gary.e.thompson@1800waterdamage.com,RECEIVING,SMTP validated,,,,,,12694738805,landline,"RCLEC, INC. - MI",,2694738805,"RCLEC, INC. - MI",landline,,12055457788,"ONVOY, LLC - AL",landline,,http://www.facebook.com/1800waterdamagecorp,https://www.instagram.com/1800waterdamage,https://www.linkedin.com/company/midlandsrestorationandconstruction-com,,,,,,,,http://www.twitter.com/1800waterdamage,,https://www.youtube.com/channel/UCeKhsAwz6yVxH2WBjsXxLpA,,,"Water Damage Restoration Garland, TX | 24/7 Emergency Service",wordpress,1-800 Water Damage of NE Dallas & SE Collin provides water damage restoration in Garland. Licensed & Insured. 24/7 Emergency Service. Call now!,,False,True
"water damage restoration service, 70143, New Orleans, LA, US",Xpert Cleaning LLC,Xpert Cleaning,,"Carpet cleaning service, Cleaners, Janitorial service",Cleaners,Carpet cleaning service,+1 504-491-4339,mobile,"NEW CINGULAR WIRELESS PCS, LLC - GA",,"1613 Shadow Lake Ct, Harvey, LA 70058",None,1613 Shadow Lake Ct,Harvey,70058,Louisiana,Louisiana,United States of America,US,29.862002699999998,-90.0404169,89444650223ffff,America/Chicago,,False,5.0,14.0,https://search.google.com/local/reviews?placeid=ChIJY_ijuiJ3ToYRfjG5B2PW9TM&q=*&authuser=0&hl=en&gl=US,,,0.0,0.0,0.0,0.0,14.0,1.0,https://lh3.googleusercontent.com/p/AF1QipM1kmYaWB7yZXUn_oCSvCQVDno6PqJfPj_RP0e2=w800-h500-k-no,https://lh3.googleusercontent.com/p/AF1QipM1kmYaWB7yZXUn_oCSvCQVDno6PqJfPj_RP0e2=w1600-h1000-k-no,,"{""Sunday"": ""Open 24 hours"", ""Monday"": ""Open 24 hours"", ""Tuesday"": ""Open 24 hours"", ""Wednesday"": ""Open 24 hours"", ""Thursday"": ""Open 24 hours"", ""Friday"": ""Open 24 hours"", ""Saturday"": ""Open 24 hours""}","Sunday,Open 24 hours|Monday,Open 24 hours|Tuesday,Open 24 hours|Wednesday,Open 24 hours|Thursday,Open 24 hours|Friday,Open 24 hours|Saturday,Open 24 hours",Sunday:Open 24 hours|Monday:Open 24 hours|Tuesday:Open 24 hours|Wednesday:Open 24 hours|Thursday:Open 24 hours|Friday:Open 24 hours|Saturday:Open 24 hours,,,OPERATIONAL,{},,,,,,,False,None,Xpert Cleaning LLC,,,,,,"https://www.google.com/maps/place/Xpert+Cleaning+LLC/@29.862002699999998,-90.0404169,14z/data=!4m8!1m2!2m1!1sXpert+Cleaning+LLC!3m4!1s0x864e7722baa3f863:0x33f5d66307b9317e!8m2!3d29.862002699999998!4d-90.0404169","https://www.google.com/maps/place/Xpert+Cleaning+LLC/@29.862002699999998,-90.0404169,13.99z/data=!4m16!1m7!3m6!1s0x864e7722baa3f863:0x33f5d66307b9317e!2sXpert+Cleaning+LLC!8m2!3d29.862002699999998!4d-90.0404169!16s%2Fg%2F11ckvg1dmb!3m7!1s0x864e7722baa3f863:0x33f5d66307b9317e!8m2!3d29.862002699999998!4d-90.0404169!9m1!1b1!16s%2Fg%2F11ckvg1dmb?entry=ttu",ChIJY_ijuiJ3ToYRfjG5B2PW9TM,0x864e7722baa3f863:0x33f5d66307b9317e,3744134386048119166,/g/11mmjrqzml,3744134386048119166,,,,,,,,,,,,,,,,,,,,,,,,,,,,,,,,,,,,,,,,,,,,,,,,,,,,,,,,,,
"water damage restoration service, 70146, New Orleans, LA, US",1-800 WATER DAMAGE of Southwestern Indiana,1 800 Water Damage Of Southwestern Indiana,https://www.1800waterdamage.com/south-western-indiana-in/,Water damage restoration service,Water damage restoration service,Water damage restoration service,+1 812-632-2176,mobile,CELLCO PARTNERSHIP DBA VERIZON WIRELESS - IN,,"2524 E Morgan Ave, Evansville, IN 47711",None,2524 E Morgan Ave,Evansville,47711,Indiana,Indiana,United States of America,US,37.991933599999996,-87.5180038,89266a11453ffff,America/Chicago,,False,5.0,30.0,https://search.google.com/local/reviews?placeid=ChIJEx0Rs8ZlbIgRGDxlOko8lFo&q=*&authuser=0&hl=en&gl=US,,,0.0,0.0,0.0,0.0,30.0,2.0,https://streetviewpixels-pa.googleapis.com/v1/thumbnail?panoid=KVZR7UBN4wSpdf4m8xdzGQ&cb_client=search.gws-prod.gps&w=800&h=500&yaw=276.4333&pitch=0&thumbfov=100,https://lh3.googleusercontent.com/gps-cs-s/AG0ilSySls5--4jxvI0kKwULxETjPA0hf9ZMPcKQsReDK7b1lY_4NSyYe6dP1IgYLaU24oedXtAUyt-4-Gl_525L1oDPQQJxrwK2ON2CN_jJvtEX9Q76CbAskcLDJtq5eraCSF-BsoelsMBQ9kMB=w1600-h1000-k-no,,"{""Sunday"": ""Open 24 hours"", ""Monday"": ""Open 24 hours"", ""Tuesday"": ""Open 24 hours"", ""Wednesday"": ""Open 24 hours"", ""Thursday"": ""Open 24 hours"", ""Friday"": ""Open 24 hours"", ""Saturday"": ""Open 24 hours""}","Sunday,Open 24 hours|Monday,Open 24 hours|Tuesday,Open 24 hours|Wednesday,Open 24 hours|Thursday,Open 24 hours|Friday,Open 24 hours|Saturday,Open 24 hours",Sunday:Open 24 hours|Monday:Open 24 hours|Tuesday:Open 24 hours|Wednesday:Open 24 hours|Thursday:Open 24 hours|Friday:Open 24 hours|Saturday:Open 24 hours,,,OPERATIONAL,"{""Accessibility"": {""Wheelchair accessible parking lot"": true}}",,,,https://lh3.googleusercontent.com/-Y_bt4g--Flg/AAAAAAAAAAI/AAAAAAAAAAA/IFaEutBMF64/s44-p-k-no-ns-nd/photo.jpg,,,True,110932125629866814728,1-800 WATER DAMAGE of Southwestern Indiana,https://www.google.com/maps/contrib/110932125629866814728,,,,,"https://www.google.com/maps/place/1-800+WATER+DAMAGE+of+Southwestern+Indiana/@37.991933599999996,-87.5180038,14z/data=!4m8!1m2!2m1!1s1-800+WATER+DAMAGE+of+Southwestern+Indiana!3m4!1s0x886c65c6b3111d13:0x5a943c4a3a653c18!8m2!3d37.991933599999996!4d-87.5180038","https://www.google.com/maps/place/1-800+WATER+DAMAGE+of+Southwestern+Indiana/@37.991933599999996,-87.5180038,13.99z/data=!4m16!1m7!3m6!1s0x886c65c6b3111d13:0x5a943c4a3a653c18!2s1-800+WATER+DAMAGE+of+Southwestern+Indiana!8m2!3d37.991933599999996!4d-87.5180038!16s%2Fg%2F11ckvg1dmb!3m7!1s0x886c65c6b3111d13:0x5a943c4a3a653c18!8m2!3d37.991933599999996!4d-87.5180038!9m1!1b1!16s%2Fg%2F11ckvg1dmb?entry=ttu",ChIJEx0Rs8ZlbIgRGDxlOko8lFo,0x886c65c6b3111d13:0x5a943c4a3a653c18,6526908049471650840,/g/11ph7dq285,6526908049471650840,,bryson.baker@1800waterdamage.com,RECEIVING,SMTP validated,,,,,,byron.wooten@1800waterdamage.com,RECEIVING,SMTP validated,,,,,,gary.e.thompson@1800waterdamage.com,RECEIVING,SMTP validated,,,,,,12694738805,landline,"RCLEC, INC. - MI",,2694738805,"RCLEC, INC. - MI",landline,,12055457788,"ONVOY, LLC - AL",landline,,http://www.facebook.com/1800waterdamagecorp,https://www.instagram.com/1800waterdamage,https://www.linkedin.com/company/midlandsrestorationandconstruction-com,,,,,,,,http://www.twitter.com/1800waterdamage,,https://www.youtube.com/channel/UCeKhsAwz6yVxH2WBjsXxLpA,,,"Water Damage Restoration Garland, TX | 24/7 Emergency Service",wordpress,1-800 Water Damage of NE Dallas & SE Collin provides water damage restoration in Garland. Licensed & Insured. 24/7 Emergency Service. Call now!,,False,True
"water damage restoration service, 70148, New Orleans, LA, US","Surgi's Heating, Cooling & Plumbing",Surgis Heating Cooling And Plumbing,https://surgisac.com/%3Futm_source%3Dgoogle-gbp%26utm_medium%3Dorganic%26utm_campaign%3D*198*surgis-heating-new-orleans,"HVAC contractor, Electrician, Electric generator shop, Plumber",HVAC contractor,HVAC contractor,+1 504-215-7445,fixed line,"BANDWIDTH.COM CLEC, LLC - LA",,"4308 Firestone Rd, New Orleans, LA 70121",None,4308 Firestone Rd,New Orleans,70121,Louisiana,Louisiana,United States of America,US,29.9702767,-90.1768993,89444654237ffff,America/Chicago,,False,4.8,3283.0,https://search.google.com/local/reviews?placeid=ChIJCXmDuR6wIIYRJUEK_Q4RJbE&q=*&authuser=0&hl=en&gl=US,,,124.0,22.0,15.0,124.0,2998.0,102.0,https://lh3.googleusercontent.com/p/AF1QipPmInQG3B2YwXuquSkwPAEXsl2NWC5kc8JYa8cW=w800-h500-k-no,https://lh3.googleusercontent.com/p/AF1QipPmInQG3B2YwXuquSkwPAEXsl2NWC5kc8JYa8cW=w1600-h1000-k-no,,"{""Sunday"": ""Open 24 hours"", ""Monday"": ""Open 24 hours"", ""Tuesday"": ""Open 24 hours"", ""Wednesday"": ""Open 24 hours"", ""Thursday"": ""Open 24 hours"", ""Friday"": ""Open 24 hours"", ""Saturday"": ""Open 24 hours""}","Sunday,Open 24 hours|Monday,Open 24 hours|Tuesday,Open 24 hours|Wednesday,Open 24 hours|Thursday,Open 24 hours|Friday,Open 24 hours|Saturday,Open 24 hours",Sunday:Open 24 hours|Monday:Open 24 hours|Tuesday:Open 24 hours|Wednesday:Open 24 hours|Thursday:Open 24 hours|Friday:Open 24 hours|Saturday:Open 24 hours,,,OPERATIONAL,"{""Service options"": {""Online estimates"": true, ""Onsite services"": true}, ""Offerings"": {""Installation service"": true, ""Repair services"": true}}",,,,https://lh3.googleusercontent.com/-kmrBDX1syJI/AAAAAAAAAAI/AAAAAAAAAAA/_HC1hYPe5jI/s44-p-k-no-ns-nd/photo.jpg,,,True,105350642894136305703,"Surgi's Heating, Cooling & Plumbing",https://www.google.com/maps/contrib/105350642894136305703,,https://surgisac.com/contact/?utm_source=google-gbp&utm_medium=organic&utm_campaign=*198*surgis-heating-new-orleans,,"https://surgisac.com/contact/?utm_source=google-gbp&utm_medium=organic&utm_campaign=*198*surgis-heating-new-orleans, https://book.servicetitan.com/hxm556yqzshekv91q02l1k51?rwg_token=ACgRB3du8qhD-CuaHfn7FtzSqWJHLtM8hG88P5dMIk-jV6RvC-I28MD1Zngb5_GyevEkVW8uv5dJOQeyELGVkB_r3lvOX6Z2dA%3D%3D","https://www.google.com/maps/place/Surgi%27s+Heating%2C+Cooling+%26+Plumbing/@29.9702767,-90.1768993,14z/data=!4m8!1m2!2m1!1sSurgi%27s+Heating%2C+Cooling+%26+Plumbing!3m4!1s0x8620b01eb9837909:0xb125110efd0a4125!8m2!3d29.9702767!4d-90.1768993","https://www.google.com/maps/place/Surgi%27s+Heating%2C+Cooling+%26+Plumbing/@29.9702767,-90.1768993,13.99z/data=!4m16!1m7!3m6!1s0x8620b01eb9837909:0xb125110efd0a4125!2sSurgi%27s+Heating%2C+Cooling+%26+Plumbing!8m2!3d29.9702767!4d-90.1768993!16s%2Fg%2F11ckvg1dmb!3m7!1s0x8620b01eb9837909:0xb125110efd0a4125!8m2!3d29.9702767!4d-90.1768993!9m1!1b1!16s%2Fg%2F11ckvg1dmb?entry=ttu",ChIJCXmDuR6wIIYRJUEK_Q4RJbE,0x8620b01eb9837909:0xb125110efd0a4125,12764627474924060965,/g/1tdxfn14,-5682116598785490651,,service@southernairnola.com,UNKNOWN,Cannot validate,,,,,,,,,,,,,,,,,,,,,,5042157421,mobile,T-Mobile USA Inc.,,15044694232,,landline,,15042157421,T-Mobile USA Inc.,mobile,,https://www.facebook.com/surgisheatingandair,,,,,,,,,,,,https://www.youtube.com/channel/UCa4JKaLT7lYftEzqF6rR5Sw,,,"Air Conditioning & Heating Specialists, Inc | Surgi's Heating, Cooling & Plumbing",wordpress,"Air Conditioning & Heating Specialists, Inc. is happy to be a part of the Surgi's Heating, Cooling & Plumbing family now! We provide HVAC services in LA!",,False,False
"water damage restoration service, 70150, New Orleans, LA, US",Tiger Wash Pressure Washing New Orleans,Tiger Wash Pressure Washing New Orleans,https://tigerwashbr.com/,"Pressure washing service, Service establishment, Graffiti removal service, Gutter cleaning service",Pressure washing service,Pressure washing service,+1 504-270-4925,mobile,"VOICESTREAM GSM I, LLC",,,,,,,,,,,29.8186066,-89.7529388,8944732c32bffff,America/Chicago,,True,4.9,51.0,https://search.google.com/local/reviews?placeid=ChIJVVVVVcGvIIYRtc3EIqkvaU8&q=*&authuser=0&hl=en&gl=US,,,1.0,0.0,0.0,0.0,50.0,90.0,https://lh3.googleusercontent.com/gps-cs-s/AG0ilSwJ6ZLGLmjNc2DOZr7bDgryTmE3ieJ91ttGcnA-x3PJwLsq7N7EhP1kT85c8L9GG57kVUonzk_2pP7MSlxw8955Rv2LpyIeV4pvqUTArIU123po4KZGX0Di22CHfgDWftI39DMyOw=w800-h500-k-no,https://lh3.googleusercontent.com/gps-cs-s/AG0ilSwJ6ZLGLmjNc2DOZr7bDgryTmE3ieJ91ttGcnA-x3PJwLsq7N7EhP1kT85c8L9GG57kVUonzk_2pP7MSlxw8955Rv2LpyIeV4pvqUTArIU123po4KZGX0Di22CHfgDWftI39DMyOw=w1600-h1000-k-no,,"{""Sunday"": ""Open 24 hours"", ""Monday"": ""Open 24 hours"", ""Tuesday"": ""Open 24 hours"", ""Wednesday"": ""Open 24 hours"", ""Thursday"": ""Open 24 hours"", ""Friday"": ""Open 24 hours"", ""Saturday"": ""Open 24 hours""}","Sunday,Open 24 hours|Monday,Open 24 hours|Tuesday,Open 24 hours|Wednesday,Open 24 hours|Thursday,Open 24 hours|Friday,Open 24 hours|Saturday,Open 24 hours",Sunday:Open 24 hours|Monday:Open 24 hours|Tuesday:Open 24 hours|Wednesday:Open 24 hours|Thursday:Open 24 hours|Friday:Open 24 hours|Saturday:Open 24 hours,,,OPERATIONAL,"{""Service options"": {""Online estimates"": true}}",,,,https://lh4.googleusercontent.com/-VgkWfKcG5NE/AAAAAAAAAAI/AAAAAAAAAAA/O9m60aGwWqY/s44-p-k-no-ns-nd/photo.jpg,,,True,102446459740151679229,Tiger Wash Pressure Washing New Orleans,https://www.google.com/maps/contrib/102446459740151679229,,https://tigerwashbr.com/request-a-quote/,,https://tigerwashbr.com/request-a-quote/,"https://www.google.com/maps/place/Tiger+Wash+Pressure+Washing+New+Orleans/@29.8186066,-89.7529388,14z/data=!4m8!1m2!2m1!1sTiger+Wash+Pressure+Washing+New+Orleans!3m4!1s0x8620afc155555555:0x4f692fa922c4cdb5!8m2!3d29.8186066!4d-89.7529388","https://www.google.com/maps/place/Tiger+Wash+Pressure+Washing+New+Orleans/@29.8186066,-89.7529388,13.99z/data=!4m16!1m7!3m6!1s0x8620afc155555555:0x4f692fa922c4cdb5!2sTiger+Wash+Pressure+Washing+New+Orleans!8m2!3d29.8186066!4d-89.7529388!16s%2Fg%2F11ckvg1dmb!3m7!1s0x8620afc155555555:0x4f692fa922c4cdb5!8m2!3d29.8186066!4d-89.7529388!9m1!1b1!16s%2Fg%2F11ckvg1dmb?entry=ttu",ChIJVVVVVcGvIIYRtc3EIqkvaU8,0x8620afc155555555:0x4f692fa922c4cdb5,5722157205030227381,/g/11b7cpd40m,5722157205030227381,,info@tigerwashbr.com,RECEIVING,SMTP validated,David Ambrogfo,David,Ambrogfo,,15042704925,,,,,,,,,,,,,,,,,15042704925,mobile,"VOICESTREAM GSM I, LLC",,15043773311,,landline,,5042704925,"VOICESTREAM GSM I, LLC",mobile,,http://www.facebook.com/tigerwashbr,,http://www.linkedin.com/company/5962999,,,,,,,,https://www.twitter.com/tigerwashbr,,,,,"About Us | Tiger Wash | Pressure Washing New Orleans & Baton Rouge, LA",WordPress 6.8.3,Tiger Wash - premier auto detailing Baton Rouge.,,False,True
"water damage restoration service, 70150, New Orleans, LA, US",COS Construction & Renovations LLC,Cos Construction And Renovations,https://www.nolacontractor.com/,"Contractor, Roofing contractor",Contractor,Contractor,+1 504-272-7005,landline,,,"501 Moss St #792481, New Orleans, LA 70119",Mid-City,501 Moss St #792481,New Orleans,70119,Louisiana,Louisiana,United States of America,US,29.9740327,-90.0919986,89444642cd3ffff,America/Chicago,,False,5.0,1.0,https://search.google.com/local/reviews?placeid=ChIJYYZ5SJOlIIYRhNZoWISfR3o&q=*&authuser=0&hl=en&gl=US,,,0.0,0.0,0.0,0.0,1.0,78.0,https://lh3.googleusercontent.com/p/AF1QipMyj0ps0TYz4ejs7PBU3VVp_349R5r0la277jZa=w800-h500-k-no,https://lh3.googleusercontent.com/p/AF1QipMyj0ps0TYz4ejs7PBU3VVp_349R5r0la277jZa=w1600-h1000-k-no,,"{""Sunday"": ""Closed"", ""Monday"": ""7AM-5PM"", ""Tuesday"": ""7AM-5PM"", ""Wednesday"": ""7AM-5PM"", ""Thursday"": ""7AM-5PM"", ""Friday"": ""7AM-5PM"", ""Saturday"": ""Closed""}","Sunday,|Monday,7AM,5PM|Tuesday,7AM,5PM|Wednesday,7AM,5PM|Thursday,7AM,5PM|Friday,7AM,5PM|Saturday,",Sunday:Closed|Monday:7AM-5PM|Tuesday:7AM-5PM|Wednesday:7AM-5PM|Thursday:7AM-5PM|Friday:7AM-5PM|Saturday:Closed,,,OPERATIONAL,{},,,,https://lh4.googleusercontent.com/-E5HlZ-n1uYQ/AAAAAAAAAAI/AAAAAAAAAAA/zZ9mq81bTi0/s44-p-k-no-ns-nd/photo.jpg,,,True,114244052533345252259,COS Construction & Renovations LLC,https://www.google.com/maps/contrib/114244052533345252259,,,,,"https://www.google.com/maps/place/COS+Construction+%26+Renovations+LLC/@29.9740327,-90.0919986,14z/data=!4m8!1m2!2m1!1sCOS+Construction+%26+Renovations+LLC!3m4!1s0x8620a59348798661:0x7a479f845868d684!8m2!3d29.9740327!4d-90.0919986","https://www.google.com/maps/place/COS+Construction+%26+Renovations+LLC/@29.9740327,-90.0919986,13.99z/data=!4m16!1m7!3m6!1s0x8620a59348798661:0x7a479f845868d684!2sCOS+Construction+%26+Renovations+LLC!8m2!3d29.9740327!4d-90.0919986!16s%2Fg%2F11ckvg1dmb!3m7!1s0x8620a59348798661:0x7a479f845868d684!8m2!3d29.9740327!4d-90.0919986!9m1!1b1!16s%2Fg%2F11ckvg1dmb?entry=ttu",ChIJYYZ5SJOlIIYRhNZoWISfR3o,0x8620a59348798661:0x7a479f845868d684,8811186586741429892,/g/11fjsv_0xh,8811186586741429892,,info@nolacontractor.com,RECEIVING,SMTP validated,,,,,,info@cosconstruction.net,RECEIVING,SMTP validated,,,,,,info@cosconstruction.net,RECEIVING,SMTP validated,,,,,,5042727005,landline,,,5042727005,,landline,,,,,,,,,,,,,,,,,,,,,Services | General Contractor | New Orleans Contractor | COS Construction & Renovatio,Wix.com Website Builder,"A professional contractor oversees all the aspects of a commercial renovation project. Explore the advantages of working with a general contractor and how you can save time and money in the long run. A general contractor is the coordinator and supervisor of a building or remodeling project. Their job is to hire, schedule, and oversee the necessary subcontractors, such as electricians, carpenters, and plumbers, for renovating a commercial space.","Business, tagline",False,False
"water damage restoration service, 70150, New Orleans, LA, US",Big Easy Renovations,Big Easy Renovations,https://www.bigeasyrenovations.com/%3Futm_source%3DGBP%26utm_medium%3DGBPh%26utm_campaign%3DNOLA,Home builder,Home builder,Home builder,+1 504-470-0455,mobile,CELLCO PARTNERSHIP DBA VERIZON WIRELESS - LA,,"3436 Magazine St #120-D, New Orleans, LA 70115",Faubourg Delachaise,3436 Magazine St #120-D,New Orleans,70115,Louisiana,Louisiana,United States of America,US,29.922500399999997,-90.0898084,89444650b17ffff,America/Chicago,,False,4.8,24.0,https://search.google.com/local/reviews?placeid=ChIJgXxx9JylIIYRtHkyjc9MyfE&q=*&authuser=0&hl=en&gl=US,,,1.0,0.0,0.0,0.0,23.0,2.0,https://streetviewpixels-pa.googleapis.com/v1/thumbnail?panoid=8OKayCrAwXwqwEuUN5LO-g&cb_client=search.gws-prod.gps&w=800&h=500&yaw=160.13536&pitch=0&thumbfov=100,https://lh3.googleusercontent.com/p/AF1QipMNduMpPsqrfuafV20cEHI7HDytX6T2YzGGMGNe=w1600-h1000-k-no,,"{""Sunday"": ""Closed"", ""Monday"": ""8AM-5PM"", ""Tuesday"": ""8AM-5PM"", ""Wednesday"": ""8AM-5PM"", ""Thursday"": ""8AM-5PM"", ""Friday"": ""8AM-5PM"", ""Saturday"": ""Closed""}","Sunday,|Monday,8AM,5PM|Tuesday,8AM,5PM|Wednesday,8AM,5PM|Thursday,8AM,5PM|Friday,8AM,5PM|Saturday,",Sunday:Closed|Monday:8AM-5PM|Tuesday:8AM-5PM|Wednesday:8AM-5PM|Thursday:8AM-5PM|Friday:8AM-5PM|Saturday:Closed,,,OPERATIONAL,{},,,,https://lh6.googleusercontent.com/-q_JUX1yB2HE/AAAAAAAAAAI/AAAAAAAAAAA/sP8cyJmRsAs/s44-p-k-no-ns-nd/photo.jpg,,,True,114267298733904852718,Big Easy Renovations,https://www.google.com/maps/contrib/114267298733904852718,,,,,"https://www.google.com/maps/place/Big+Easy+Renovations/@29.922500399999997,-90.0898084,14z/data=!4m8!1m2!2m1!1sBig+Easy+Renovations!3m4!1s0x8620a59cf4717c81:0xf1c94ccf8d3279b4!8m2!3d29.922500399999997!4d-90.0898084","https://www.google.com/maps/place/Big+Easy+Renovations/@29.922500399999997,-90.0898084,13.99z/data=!4m16!1m7!3m6!1s0x8620a59cf4717c81:0xf1c94ccf8d3279b4!2sBig+Easy+Renovations!8m2!3d29.922500399999997!4d-90.0898084!16s%2Fg%2F11ckvg1dmb!3m7!1s0x8620a59cf4717c81:0xf1c94ccf8d3279b4!8m2!3d29.922500399999997!4d-90.0898084!9m1!1b1!16s%2Fg%2F11ckvg1dmb?entry=ttu",ChIJgXxx9JylIIYRtHkyjc9MyfE,0x8620a59cf4717c81:0xf1c94ccf8d3279b4,17422541087770311092,/g/11h91ksm0n,-1024202985939240524,,,,,,,,,,,,,,,,,,,,,,,,,,5044700455,mobile,CELLCO PARTNERSHIP DBA VERIZON WIRELESS - LA,,,,,,,,,,https://www.facebook.com/people/,https://www.instagram.com/renovationsbigeasy,https://www.linkedin.com/company/big-easy-renovations/,,,,,,,,https://twitter.com/BErenovations,,https://www.youtube.com/channel/UCf6tU0VdFw8SD6h6XFY86Og,,,Home Remodeling Services in New Orleans | Big Easy Renovations,WordPress 6.8.3,Are you considering remodeling your home in the New Orleans area? Big Easy Renovations offers professional home remodeling services that will exceed your expectations. Call us today for more information about our services!,,False,False
"water damage restoration service, 70153, New Orleans, LA, US",Water NY,Water Ny,http://www.waterdamageny.com/,"Water damage restoration service, Contractor, Fire damage restoration service",Water damage restoration service,Water damage restoration service,+1 718-500-6000,landline,,,"1000 Atlantic Ave, Brooklyn, NY 11238",Crown Heights,1000 Atlantic Ave,Brooklyn,11238,New York,New York,United States of America,US,40.6801472,-73.9607078,892a100dbdbffff,America/New_York,,False,5.0,1.0,https://search.google.com/local/reviews?placeid=ChIJsedCJM9bwokR8-bmDNCtRLQ&q=*&authuser=0&hl=en&gl=US,,,0.0,0.0,0.0,0.0,1.0,39.0,https://lh3.googleusercontent.com/p/AF1QipMWYx-WUc_ACripRf3eqFt4pe6-dsbD1q5Q8in7=w800-h500-k-no,https://lh3.googleusercontent.com/p/AF1QipMWYx-WUc_ACripRf3eqFt4pe6-dsbD1q5Q8in7=w1600-h1000-k-no,,"{""Monday"": ""Open 24 hours"", ""Tuesday"": ""Open 24 hours"", ""Wednesday"": ""Open 24 hours"", ""Thursday"": ""Open 24 hours"", ""Friday"": ""Open 24 hours"", ""Saturday"": ""Open 24 hours"", ""Sunday"": ""Open 24 hours""}","Sunday,Open 24 hours|Monday,Open 24 hours|Tuesday,Open 24 hours|Wednesday,Open 24 hours|Thursday,Open 24 hours|Friday,Open 24 hours|Saturday,Open 24 hours",Monday:Open 24 hours|Tuesday:Open 24 hours|Wednesday:Open 24 hours|Thursday:Open 24 hours|Friday:Open 24 hours|Saturday:Open 24 hours|Sunday:Open 24 hours,,,OPERATIONAL,"{""Service options"": {""Online estimates"": true, ""Onsite services"": false}}",,,,https://lh6.googleusercontent.com/-xyTS9xIT7zc/AAAAAAAAAAI/AAAAAAAAAAA/dJvwtorOhpg/s44-p-k-no-ns-nd/photo.jpg,,,True,118364313970030557539,Water NY,https://www.google.com/maps/contrib/118364313970030557539,,,,,"https://www.google.com/maps/place/Water+NY/@40.6801472,-73.9607078,14z/data=!4m8!1m2!2m1!1sWater+NY!3m4!1s0x89c25bcf2442e7b1:0xb444add00ce6e6f3!8m2!3d40.6801472!4d-73.9607078","https://www.google.com/maps/place/Water+NY/@40.6801472,-73.9607078,13.99z/data=!4m16!1m7!3m6!1s0x89c25bcf2442e7b1:0xb444add00ce6e6f3!2sWater+NY!8m2!3d40.6801472!4d-73.9607078!16s%2Fg%2F11ckvg1dmb!3m7!1s0x89c25bcf2442e7b1:0xb444add00ce6e6f3!8m2!3d40.6801472!4d-73.9607078!9m1!1b1!16s%2Fg%2F11ckvg1dmb?entry=ttu",ChIJsedCJM9bwokR8-bmDNCtRLQ,0x89c25bcf2442e7b1:0xb444add00ce6e6f3,12989698334324614899,/g/11qntrtvdy,-5457045739384936717,,waterdamageny1@gmail.com,RECEIVING,Verified,,,,,,,,,,,,,,,,,,,,,,7185006000,landline,,,718,,unknown,,17185006000,,landline,,https://www.facebook.com/waterdamageny1/,https://www.instagram.com/water_damage_ny,https://www.linkedin.com/company/70503510,,,,,,,,https://twitter.com/water_damageny,,https://www.youtube.com/channel/UCM482Zgf0dIPIKORtaVMQTg,,,Web Server's Default Page,WordPress 5.6.7,"Few emergencies in the home are more unnerving than a disaster caused by water, fire, mold, construction, storms, lead, and asbestos. We are fully certified in the removal of any of these issues, and provide reliable, professional services for any property in Brooklyn, NY, and surrounding New York areas such as Queens, Staten Island, Manhattan, The Bronx, Long Island, and Soffit County.",,False,False
"water damage restoration service, 70154, New Orleans, LA, US",Water,Water,http://www.queenswaterdamage.com/,"Water damage restoration service, Building restoration service, Contractor, Fire damage restoration service",Water damage restoration service,Water damage restoration service,+1 929-392-2180,mobile,T-Mobile USA Inc.,,"78-02 Liberty Ave suite 115, Jamaica, NY 11417",Jamaica,78-02 Liberty Ave suite 115,Jamaica,11417,New York,New York,United States of America,US,40.678689999999996,-73.85888899999999,892a100c89bffff,America/New_York,,False,5.0,24.0,https://search.google.com/local/reviews?placeid=ChIJv32m24ZhwokRPZGNwlTR-VY&q=*&authuser=0&hl=en&gl=US,,,0.0,0.0,0.0,0.0,24.0,79.0,https://lh3.googleusercontent.com/p/AF1QipNo2O3QnMRI_UfRICMTdffASt1d64lE_HdgQP61=w800-h500-k-no,https://lh3.googleusercontent.com/p/AF1QipNo2O3QnMRI_UfRICMTdffASt1d64lE_HdgQP61=w1600-h1000-k-no,,"{""Monday"": ""Open 24 hours"", ""Tuesday"": ""Open 24 hours"", ""Wednesday"": ""Open 24 hours"", ""Thursday"": ""Open 24 hours"", ""Friday"": ""Open 24 hours"", ""Saturday"": ""Open 24 hours"", ""Sunday"": ""Open 24 hours""}","Sunday,Open 24 hours|Monday,Open 24 hours|Tuesday,Open 24 hours|Wednesday,Open 24 hours|Thursday,Open 24 hours|Friday,Open 24 hours|Saturday,Open 24 hours",Monday:Open 24 hours|Tuesday:Open 24 hours|Wednesday:Open 24 hours|Thursday:Open 24 hours|Friday:Open 24 hours|Saturday:Open 24 hours|Sunday:Open 24 hours,,,OPERATIONAL,"{""From the business"": {""Identifies as veteran-owned"": true}, ""Service options"": {""Onsite services"": true}, ""Accessibility"": {""Wheelchair accessible entrance"": true}, ""Other"": {""Identifies as veteran-owned"": true}}",,,,https://lh6.googleusercontent.com/-Kvgvi2wjIO4/AAAAAAAAAAI/AAAAAAAAAAA/hjLmjV6ef-k/s44-p-k-no-ns-nd/photo.jpg,,,True,103468091811098308150,Water,https://www.google.com/maps/contrib/103468091811098308150,,,,,"https://www.google.com/maps/place/Water/@40.678689999999996,-73.85888899999999,14z/data=!4m8!1m2!2m1!1sWater!3m4!1s0x89c26186dba67dbf:0x56f9d154c28d913d!8m2!3d40.678689999999996!4d-73.85888899999999","https://www.google.com/maps/place/Water/@40.678689999999996,-73.85888899999999,13.99z/data=!4m16!1m7!3m6!1s0x89c26186dba67dbf:0x56f9d154c28d913d!2sWater!8m2!3d40.678689999999996!4d-73.85888899999999!16s%2Fg%2F11ckvg1dmb!3m7!1s0x89c26186dba67dbf:0x56f9d154c28d913d!8m2!3d40.678689999999996!4d-73.85888899999999!9m1!1b1!16s%2Fg%2F11ckvg1dmb?entry=ttu",ChIJv32m24ZhwokRPZGNwlTR-VY,0x89c26186dba67dbf:0x56f9d154c28d913d,6267270518434271549,/g/11h2fgt25_,6267270518434271549,,info@seyego.com,RECEIVING,Role,,,,,,,,,,,,,,,,,,,,,,,,,,,,,,,,,,,,,,,,,,,,,,,,,Queens Water Damage Service Areas [W - Y],,Queens Water Damage's Service Areas [W - Y] for Queens. For service call now (347) 830-3011,"Locksmith service areas, Queens locksmith service area",False,False
"water damage restoration service, 70156, New Orleans, LA, US","Dixie Construction, LLC",Dixie Construction,http://www.dixieconstructionnola.com/,"Contractor, Home builder, Remodeler",Contractor,Contractor,+1 504-881-1850,mobile,CELLCO PARTNERSHIP DBA VERIZON WIRELESS - LA,,"5113 Magazine St, New Orleans, LA 70115",Uptown/Carrollton,5113 Magazine St,New Orleans,70115,Louisiana,Louisiana,United States of America,US,29.9204747,-90.1105223,8944465090fffff,America/Chicago,,False,5.0,16.0,https://search.google.com/local/reviews?placeid=ChIJfzGWLUEbnogR_iN-SOyE1HA&q=*&authuser=0&hl=en&gl=US,,,0.0,0.0,0.0,0.0,16.0,51.0,https://lh3.googleusercontent.com/p/AF1QipNdX4NsgxXkSUntbRxydRXJJS7FSHCdRrhoTEqY=w800-h500-k-no,https://lh3.googleusercontent.com/p/AF1QipNdX4NsgxXkSUntbRxydRXJJS7FSHCdRrhoTEqY=w1600-h1000-k-no,,"{""Sunday"": ""11AM-2PM"", ""Monday"": ""7AM-6PM"", ""Tuesday"": ""7AM-6PM"", ""Wednesday"": ""7AM-6PM"", ""Thursday"": ""7AM-6PM"", ""Friday"": ""7AM-6PM"", ""Saturday"": ""9AM-2PM""}","Sunday,11AM,2PM|Monday,7AM,6PM|Tuesday,7AM,6PM|Wednesday,7AM,6PM|Thursday,7AM,6PM|Friday,7AM,6PM|Saturday,9AM,2PM",Sunday:11AM-2PM|Monday:7AM-6PM|Tuesday:7AM-6PM|Wednesday:7AM-6PM|Thursday:7AM-6PM|Friday:7AM-6PM|Saturday:9AM-2PM,,,OPERATIONAL,{},,,,https://lh6.googleusercontent.com/-Wy57VUqHl8g/AAAAAAAAAAI/AAAAAAAAAAA/UyLtbS2pBLo/s44-p-k-no-ns-nd/photo.jpg,,,True,112991961271715813134,"Dixie Construction, LLC",https://www.google.com/maps/contrib/112991961271715813134,,,,,"https://www.google.com/maps/place/Dixie+Construction%2C+LLC/@29.9204747,-90.1105223,14z/data=!4m8!1m2!2m1!1sDixie+Construction%2C+LLC!3m4!1s0x889e1b412d96317f:0x70d484ec487e23fe!8m2!3d29.9204747!4d-90.1105223","https://www.google.com/maps/place/Dixie+Construction%2C+LLC/@29.9204747,-90.1105223,13.99z/data=!4m16!1m7!3m6!1s0x889e1b412d96317f:0x70d484ec487e23fe!2sDixie+Construction%2C+LLC!8m2!3d29.9204747!4d-90.1105223!16s%2Fg%2F11ckvg1dmb!3m7!1s0x889e1b412d96317f:0x70d484ec487e23fe!8m2!3d29.9204747!4d-90.1105223!9m1!1b1!16s%2Fg%2F11ckvg1dmb?entry=ttu",ChIJfzGWLUEbnogR_iN-SOyE1HA,0x889e1b412d96317f:0x70d484ec487e23fe,8130269377673962494,/g/11fkllt2r0,8130269377673962494,,dixieconstructionnola@gmail.com,RECEIVING,SMTP validated,,,,,,,,,,,,,,,,,,,,,,,,,,,,,,,,,,,,,,,,,,,,,,,,,Portfolio | Dixie Construction,Wix.com Website Builder,"Dixie Construction, LLC is your general contractor of fine homes and commercial projects in the greater New Orleans area. We take great pride in our projects and can't wait to show off yours on our growing portfolio page. Give us a call and tell us about your project!",,False,False
"water damage restoration service, 70156, New Orleans, LA, US",SES Enterprises LLC,Ses Enterprises,https://sesentllc.com/,Kitchen remodeler,Kitchen remodeler,Kitchen remodeler,+1 504-382-9997,mobile,CELLCO PARTNERSHIP DBA VERIZON,,"701 River Rd, Jefferson, LA 70121",None,701 River Rd,Jefferson,70121,Louisiana,Louisiana,United States of America,US,29.957686799999998,-90.1406796,894446551d3ffff,America/Chicago,,False,4.8,53.0,https://search.google.com/local/reviews?placeid=ChIJtf_yV-mwIIYRjgSCWNtylLA&q=*&authuser=0&hl=en&gl=US,,,1.0,1.0,0.0,1.0,50.0,190.0,https://lh3.googleusercontent.com/p/AF1QipOyvWRyTG7Pwt6UDGf_yv-MseisU_392A8xHj78=w800-h500-k-no,https://lh3.googleusercontent.com/p/AF1QipOyvWRyTG7Pwt6UDGf_yv-MseisU_392A8xHj78=w1600-h1000-k-no,,"{""Sunday"": ""Closed"", ""Monday"": ""9AM-5PM"", ""Tuesday"": ""9AM-5PM"", ""Wednesday"": ""9AM-5PM"", ""Thursday"": ""9AM-5PM"", ""Friday"": ""9AM-5PM"", ""Saturday"": ""Closed""}","Sunday,|Monday,9AM,5PM|Tuesday,9AM,5PM|Wednesday,9AM,5PM|Thursday,9AM,5PM|Friday,9AM,5PM|Saturday,",Sunday:Closed|Monday:9AM-5PM|Tuesday:9AM-5PM|Wednesday:9AM-5PM|Thursday:9AM-5PM|Friday:9AM-5PM|Saturday:Closed,,,OPERATIONAL,"{""Service options"": {""Online estimates"": true, ""Delivery"": true, ""Onsite services"": true}, ""Accessibility"": {""Wheelchair accessible entrance"": true}}",,,,https://lh4.googleusercontent.com/-s814xkXtDTA/AAAAAAAAAAI/AAAAAAAAAAA/kENbIh6qcng/s44-p-k-no-ns-nd/photo.jpg,,,True,107778417969254138229,SES Enterprises LLC,https://www.google.com/maps/contrib/107778417969254138229,,https://www.sesentllc.com/contact-us,,https://www.sesentllc.com/contact-us,"https://www.google.com/maps/place/SES+Enterprises+LLC/@29.957686799999998,-90.1406796,14z/data=!4m8!1m2!2m1!1sSES+Enterprises+LLC!3m4!1s0x8620b0e957f2ffb5:0xb09472db5882048e!8m2!3d29.957686799999998!4d-90.1406796","https://www.google.com/maps/place/SES+Enterprises+LLC/@29.957686799999998,-90.1406796,13.99z/data=!4m16!1m7!3m6!1s0x8620b0e957f2ffb5:0xb09472db5882048e!2sSES+Enterprises+LLC!8m2!3d29.957686799999998!4d-90.1406796!16s%2Fg%2F11ckvg1dmb!3m7!1s0x8620b0e957f2ffb5:0xb09472db5882048e!8m2!3d29.957686799999998!4d-90.1406796!9m1!1b1!16s%2Fg%2F11ckvg1dmb?entry=ttu",ChIJtf_yV-mwIIYRjgSCWNtylLA,0x8620b0e957f2ffb5:0xb09472db5882048e,12723921133636813966,/g/1trc59qy,-5722822940072737650,,admin@sesentllc.com,RECEIVING,SMTP validated,,,,,,,,,,,,,,,,,,,,,,5043829997,mobile,CELLCO PARTNERSHIP DBA VERIZON,,5049396177,T-Mobile,mobile,True,,,,,https://facebook.com/sesenterprises/,,,,,,,,,,,,,,,Contact Us – sesentllc,WordPress 6.8.3,Construction Services | United States | SES Enterprises LLC,"and, company, construction, insured, licensed",False,False
"water damage restoration service, 70156, New Orleans, LA, US",Lainez Construction,Lainez Construction,,"Roofing contractor, Construction company, Contractor",Roofing contractor,Roofing contractor,+1 504-453-3535,mobile,"NEW CINGULAR WIRELESS PCS, LLC - GA",,"1334 Hancock St, Gretna, LA 70053",None,1334 Hancock St,Gretna,70053,Louisiana,Louisiana,United States of America,US,29.925324699999997,-90.0479199,8944465192fffff,America/Chicago,,False,5.0,14.0,https://search.google.com/local/reviews?placeid=ChIJ2W7EXHenIIYRFgxeItz1KkI&q=*&authuser=0&hl=en&gl=US,,,0.0,0.0,0.0,0.0,14.0,80.0,https://lh3.googleusercontent.com/p/AF1QipNMTIhTEbZ5Tkt_kH8_a7MeUgpuZAlIHbZ9_t8=w800-h500-k-no,https://lh3.googleusercontent.com/p/AF1QipNMTIhTEbZ5Tkt_kH8_a7MeUgpuZAlIHbZ9_t8=w1600-h1000-k-no,,"{""Sunday"": ""Closed"", ""Monday"": ""7AM-6PM"", ""Tuesday"": ""7AM-6PM"", ""Wednesday"": ""7AM-6PM"", ""Thursday"": ""7AM-6PM"", ""Friday"": ""7AM-6PM"", ""Saturday"": ""9AM-5PM""}","Sunday,|Monday,7AM,6PM|Tuesday,7AM,6PM|Wednesday,7AM,6PM|Thursday,7AM,6PM|Friday,7AM,6PM|Saturday,9AM,5PM",Sunday:Closed|Monday:7AM-6PM|Tuesday:7AM-6PM|Wednesday:7AM-6PM|Thursday:7AM-6PM|Friday:7AM-6PM|Saturday:9AM-5PM,,,OPERATIONAL,"{""Service options"": {""Onsite services"": true, ""Online estimates"": false}}",,,,https://lh3.googleusercontent.com/-H6U1A01TazE/AAAAAAAAAAI/AAAAAAAAAAA/KMoE9GL8fNA/s44-p-k-no-ns-nd/photo.jpg,,,True,108835635310804372099,Lainez Construction,https://www.google.com/maps/contrib/108835635310804372099,,,,,"https://www.google.com/maps/place/Lainez+Construction/@29.925324699999997,-90.0479199,14z/data=!4m8!1m2!2m1!1sLainez+Construction!3m4!1s0x8620a7775cc46ed9:0x422af5dc225e0c16!8m2!3d29.925324699999997!4d-90.0479199","https://www.google.com/maps/place/Lainez+Construction/@29.925324699999997,-90.0479199,13.99z/data=!4m16!1m7!3m6!1s0x8620a7775cc46ed9:0x422af5dc225e0c16!2sLainez+Construction!8m2!3d29.925324699999997!4d-90.0479199!16s%2Fg%2F11ckvg1dmb!3m7!1s0x8620a7775cc46ed9:0x422af5dc225e0c16!8m2!3d29.925324699999997!4d-90.0479199!9m1!1b1!16s%2Fg%2F11ckvg1dmb?entry=ttu",ChIJ2W7EXHenIIYRFgxeItz1KkI,0x8620a7775cc46ed9:0x422af5dc225e0c16,4767893481343290390,/g/11rmy5cz_t,4767893481343290390,,,,,,,,,,,,,,,,,,,,,,,,,,,,,,,,,,,,,,,,,,,,,,,,,,,,,,,,,,
"water damage restoration service, 70156, New Orleans, LA, US",Reno-Gator Construction,Reno Gator Construction,,"Contractor, Carpenter, Dry wall contractor, Electrician, Service establishment, Fence contractor, Handyman/Handywoman/Handyperson, Landscaper, Painter, Plumber, Tile contractor",Contractor,Contractor,+1 504-503-3686,landline,,,,,,,,,,,,29.9566266,-90.1197715,89444655047ffff,America/Chicago,,True,5.0,7.0,https://search.google.com/local/reviews?placeid=ChIJ63PnjSQKlQYRwpCrdbwIe2Q&q=*&authuser=0&hl=en&gl=US,,,0.0,0.0,0.0,0.0,7.0,29.0,https://lh3.googleusercontent.com/p/AF1QipMfjCepV_at3w1373fELU0qiWvYDUXRkG8i2Rbu=w800-h500-k-no,https://lh3.googleusercontent.com/p/AF1QipMfjCepV_at3w1373fELU0qiWvYDUXRkG8i2Rbu=w1600-h1000-k-no,,"{""Sunday"": ""8AM-5PM"", ""Monday"": ""8AM-5PM"", ""Tuesday"": ""8AM-5PM"", ""Wednesday"": ""8AM-5PM"", ""Thursday"": ""8AM-5PM"", ""Friday"": ""8AM-5PM"", ""Saturday"": ""12-5PM""}","Sunday,8AM,5PM|Monday,8AM,5PM|Tuesday,8AM,5PM|Wednesday,8AM,5PM|Thursday,8AM,5PM|Friday,8AM,5PM|Saturday,12,5PM",Sunday:8AM-5PM|Monday:8AM-5PM|Tuesday:8AM-5PM|Wednesday:8AM-5PM|Thursday:8AM-5PM|Friday:8AM-5PM|Saturday:12-5PM,,,OPERATIONAL,"{""Service options"": {""Online estimates"": false}}",,,,https://lh4.googleusercontent.com/-eGXRVscUs3g/AAAAAAAAAAI/AAAAAAAAAAA/MW0Qh-nr3hw/s44-p-k-no-ns-nd/photo.jpg,,,True,112448352245506296906,Reno-Gator Construction,https://www.google.com/maps/contrib/112448352245506296906,,,,,"https://www.google.com/maps/place/Reno-Gator+Construction/@29.9566266,-90.1197715,14z/data=!4m8!1m2!2m1!1sReno-Gator+Construction!3m4!1s0x6950a248de773eb:0x647b08bc75ab90c2!8m2!3d29.9566266!4d-90.1197715","https://www.google.com/maps/place/Reno-Gator+Construction/@29.9566266,-90.1197715,13.99z/data=!4m16!1m7!3m6!1s0x6950a248de773eb:0x647b08bc75ab90c2!2sReno-Gator+Construction!8m2!3d29.9566266!4d-90.1197715!16s%2Fg%2F11ckvg1dmb!3m7!1s0x6950a248de773eb:0x647b08bc75ab90c2!8m2!3d29.9566266!4d-90.1197715!9m1!1b1!16s%2Fg%2F11ckvg1dmb?entry=ttu",ChIJ63PnjSQKlQYRwpCrdbwIe2Q,0x6950a248de773eb:0x647b08bc75ab90c2,7240390431449256130,/g/11sm_78q5m,7240390431449256130,,,,,,,,,,,,,,,,,,,,,,,,,,,,,,,,,,,,,,,,,,,,,,,,,,,,,,,,,,
"water damage restoration service, 70156, New Orleans, LA, US",West Services,West Services,https://www.westservicesllc.com/,"Plumber, Contractor, HVAC contractor",Plumber,Plumber,+1 504-382-0973,mobile,CELLCO PARTNERSHIP DBA VERIZON,,"1415 Hancock St, Gretna, LA 70053",None,1415 Hancock St,Gretna,70053,Louisiana,Louisiana,United States of America,US,29.924723999999998,-90.048644,8944465192fffff,America/Chicago,,False,4.2,68.0,https://search.google.com/local/reviews?placeid=ChIJV_scVSenIIYRiCaytp0DJh8&q=*&authuser=0&hl=en&gl=US,,,13.0,0.0,2.0,1.0,52.0,37.0,https://lh3.googleusercontent.com/p/AF1QipMnMqhwwfP6H-O0wD9sdBOlxKnxyyGFonvShFXf=w800-h500-k-no,https://lh3.googleusercontent.com/p/AF1QipMnMqhwwfP6H-O0wD9sdBOlxKnxyyGFonvShFXf=w1600-h1000-k-no,,"{""Sunday"": ""Closed"", ""Monday"": ""8AM-4:30PM"", ""Tuesday"": ""8AM-4:30PM"", ""Wednesday"": ""8AM-4:30PM"", ""Thursday"": ""8AM-4:30PM"", ""Friday"": ""8AM-4:30PM"", ""Saturday"": ""Closed""}","Sunday,|Monday,8AM,4:30PM|Tuesday,8AM,4:30PM|Wednesday,8AM,4:30PM|Thursday,8AM,4:30PM|Friday,8AM,4:30PM|Saturday,",Sunday:Closed|Monday:8AM-4:30PM|Tuesday:8AM-4:30PM|Wednesday:8AM-4:30PM|Thursday:8AM-4:30PM|Friday:8AM-4:30PM|Saturday:Closed,,,OPERATIONAL,"{""Service options"": {""Onsite services"": true, ""Language assistance"": ""English""}, ""Offerings"": {""Repair services"": true}, ""Payments"": {""Credit cards"": true}}",,,,https://lh5.googleusercontent.com/-qOx4VK6AJiM/AAAAAAAAAAI/AAAAAAAAAAA/_8BBiXZRndM/s44-p-k-no-ns-nd/photo.jpg,,,True,116592784211921675725,West Services,https://www.google.com/maps/contrib/116592784211921675725,,,,,"https://www.google.com/maps/place/West+Services/@29.924723999999998,-90.048644,14z/data=!4m8!1m2!2m1!1sWest+Services!3m4!1s0x8620a727551cfb57:0x1f26039db6b22688!8m2!3d29.924723999999998!4d-90.048644","https://www.google.com/maps/place/West+Services/@29.924723999999998,-90.048644,13.99z/data=!4m16!1m7!3m6!1s0x8620a727551cfb57:0x1f26039db6b22688!2sWest+Services!8m2!3d29.924723999999998!4d-90.048644!16s%2Fg%2F11ckvg1dmb!3m7!1s0x8620a727551cfb57:0x1f26039db6b22688!8m2!3d29.924723999999998!4d-90.048644!9m1!1b1!16s%2Fg%2F11ckvg1dmb?entry=ttu",ChIJV_scVSenIIYRiCaytp0DJh8,0x8620a727551cfb57:0x1f26039db6b22688,2244485440200648328,/g/12639z92g,2244485440200648328,,wp@westservicesllc.com,RECEIVING,Verified,,,,,,,,,,,,,,,,,,,,,,,,,,,,,,,,,,,,,,,,,,,,,,,,,Contact | West Services LLC,Wix.com Website Builder,"Get in touch with West Services LLC for expert plumbing, HVAC, and construction services. Call us, send a message, or request a free quote today!",,False,False
"water damage restoration service, 70156, New Orleans, LA, US",Nola Kitchen Remodel and Design,Nola Kitchen Remodel And Design,http://kitchenremodelnola.com/,"Kitchen remodeler, Contractor, Countertop contractor",Kitchen remodeler,Kitchen remodeler,+1 504-420-2843,landline,,,"2325 Sixth St, New Orleans, LA 70115",11th Ward,2325 Sixth St,New Orleans,70115,Louisiana,Louisiana,United States of America,US,29.936469,-90.0919122,89444642597ffff,America/Chicago,,False,5.0,6.0,https://search.google.com/local/reviews?placeid=ChIJmdHHorilIIYR4SEtuEBikH4&q=*&authuser=0&hl=en&gl=US,,,0.0,0.0,0.0,0.0,6.0,123.0,https://lh3.googleusercontent.com/p/AF1QipNPc4LEMKPSWf5Nxh_Ok8jgZoLmIxtn8fz7DeAJ=w800-h500-k-no,https://lh3.googleusercontent.com/p/AF1QipNPc4LEMKPSWf5Nxh_Ok8jgZoLmIxtn8fz7DeAJ=w1600-h1000-k-no,,"{""Sunday"": ""Closed"", ""Monday"": ""8AM-6PM"", ""Tuesday"": ""8AM-6PM"", ""Wednesday"": ""8AM-6PM"", ""Thursday"": ""8AM-6PM"", ""Friday"": ""8AM-6PM"", ""Saturday"": ""8AM-6PM""}","Sunday,|Monday,8AM,6PM|Tuesday,8AM,6PM|Wednesday,8AM,6PM|Thursday,8AM,6PM|Friday,8AM,6PM|Saturday,8AM,6PM",Sunday:Closed|Monday:8AM-6PM|Tuesday:8AM-6PM|Wednesday:8AM-6PM|Thursday:8AM-6PM|Friday:8AM-6PM|Saturday:8AM-6PM,,,OPERATIONAL,"{""Offerings"": {""Installation service"": true}, ""Payments"": {""Credit cards"": true}}",,,,https://lh3.googleusercontent.com/-7S35y6sPSPg/AAAAAAAAAAI/AAAAAAAAAAA/iZQ6RfnWfBw/s44-p-k-no-ns-nd/photo.jpg,,,True,107069567139438404973,Nola Kitchen Remodel and Design,https://www.google.com/maps/contrib/107069567139438404973,,,,,"https://www.google.com/maps/place/Nola+Kitchen+Remodel+and+Design/@29.936469,-90.0919122,14z/data=!4m8!1m2!2m1!1sNola+Kitchen+Remodel+and+Design!3m4!1s0x8620a5b8a2c7d199:0x7e906240b82d21e1!8m2!3d29.936469!4d-90.0919122","https://www.google.com/maps/place/Nola+Kitchen+Remodel+and+Design/@29.936469,-90.0919122,13.99z/data=!4m16!1m7!3m6!1s0x8620a5b8a2c7d199:0x7e906240b82d21e1!2sNola+Kitchen+Remodel+and+Design!8m2!3d29.936469!4d-90.0919122!16s%2Fg%2F11ckvg1dmb!3m7!1s0x8620a5b8a2c7d199:0x7e906240b82d21e1!8m2!3d29.936469!4d-90.0919122!9m1!1b1!16s%2Fg%2F11ckvg1dmb?entry=ttu",ChIJmdHHorilIIYR4SEtuEBikH4,0x8620a5b8a2c7d199:0x7e906240b82d21e1,9119897275532648929,/g/11k0wbmpky,9119897275532648929,,stbpope@yahoo.com,RECEIVING,SMTP validated,,,,,,,,,,,,,,,,,,,,,,5044202843,landline,,,,,,,,,,,https://www.facebook.com/NolaKitchenRemodelandDesign/,,,,,,,,,,,,,,,New Orleans Kitchen Remodel - Kitchen Remodeling Contractor in New Orleans - Nola Kitchen Remodel & Design,Divi v.4.23.0,"The Kitchen is the showpeice of your home . If you are looking for Kitchen Remodeling Contractor in New Orleans, look no further.",,False,False
"water damage restoration service, 70156, New Orleans, LA, US",Blair Plumbing Sewer & Drain Cleaning,Blair Plumbing Sewer And Drain Cleaning,https://blairplumbinginc.com/,"Water damage restoration service, Drainage service, Pipe supplier, Plumber, Water pump supplier",Plumber,Water damage restoration service,+1 504-386-3497,mobile,CSC Wireless LLC (Altice Wireless),,"325 Hickory Ave, Harahan, LA 70123",None,325 Hickory Ave,Harahan,70123,Louisiana,Louisiana,United States of America,US,29.9411901,-90.1950918,89444654463ffff,America/Chicago,,False,3.7,36.0,https://search.google.com/local/reviews?placeid=ChIJQcrLw1q6IIYRhoHLmoyNte8&q=*&authuser=0&hl=en&gl=US,,,11.0,0.0,1.0,1.0,23.0,9.0,https://lh3.googleusercontent.com/p/AF1QipMWw6sAq2jKm7d0A_u6I0kOaVUKFId46wtSwJTR=w800-h500-k-no,https://lh3.googleusercontent.com/p/AF1QipMWw6sAq2jKm7d0A_u6I0kOaVUKFId46wtSwJTR=w1600-h1000-k-no,,"{""Sunday"": ""Closed"", ""Monday"": ""8AM-5PM"", ""Tuesday"": ""8AM-5PM"", ""Wednesday"": ""8AM-5PM"", ""Thursday"": ""8AM-5PM"", ""Friday"": ""8AM-5PM"", ""Saturday"": ""Closed""}","Sunday,|Monday,8AM,5PM|Tuesday,8AM,5PM|Wednesday,8AM,5PM|Thursday,8AM,5PM|Friday,8AM,5PM|Saturday,",Sunday:Closed|Monday:8AM-5PM|Tuesday:8AM-5PM|Wednesday:8AM-5PM|Thursday:8AM-5PM|Friday:8AM-5PM|Saturday:Closed,,,OPERATIONAL,"{""Service options"": {""Onsite services"": true}, ""Offerings"": {""Repair services"": true}, ""Payments"": {""Credit cards"": true}}",,,,https://lh3.googleusercontent.com/-InGpRTGGrts/AAAAAAAAAAI/AAAAAAAAAAA/IjdHkwicMnk/s44-p-k-no-ns-nd/photo.jpg,,,True,101710020533304268806,Blair Plumbing Sewer & Drain Cleaning,https://www.google.com/maps/contrib/101710020533304268806,,,,,"https://www.google.com/maps/place/Blair+Plumbing+Sewer+%26+Drain+Cleaning/@29.9411901,-90.1950918,14z/data=!4m8!1m2!2m1!1sBlair+Plumbing+Sewer+%26+Drain+Cleaning!3m4!1s0x8620ba5ac3cbca41:0xefb58d8c9acb8186!8m2!3d29.9411901!4d-90.1950918","https://www.google.com/maps/place/Blair+Plumbing+Sewer+%26+Drain+Cleaning/@29.9411901,-90.1950918,13.99z/data=!4m16!1m7!3m6!1s0x8620ba5ac3cbca41:0xefb58d8c9acb8186!2sBlair+Plumbing+Sewer+%26+Drain+Cleaning!8m2!3d29.9411901!4d-90.1950918!16s%2Fg%2F11ckvg1dmb!3m7!1s0x8620ba5ac3cbca41:0xefb58d8c9acb8186!8m2!3d29.9411901!4d-90.1950918!9m1!1b1!16s%2Fg%2F11ckvg1dmb?entry=ttu",ChIJQcrLw1q6IIYRhoHLmoyNte8,0x8620ba5ac3cbca41:0xefb58d8c9acb8186,17272867580881371526,/g/1th63r4g,-1173876492828180090,,michelle@blairplumbinginc.com,RECEIVING,Catch All,Michelle Blair,Michelle,Blair,,15047339113,info@blairplumbinginc.com,RECEIVING,Catch All,,,,,,,,,,,,,,5047339113,fixed line,"BELLSOUTH TELECOMM, INC DBA SO",,15047339113,"BELLSOUTH TELECOMM, INC DBA SO",fixed line,,,,,,https://www.facebook.com/BlairPlumbingNOLA,https://www.instagram.com/blairplumbing,http://www.linkedin.com/company/6921853,,,,,,,,,,,,,"Commercial and Residential Plumbing in New Orleans, LA | Blair Plumbing",WordPress 5.7.4,"Blair Plumbing Sewer and Drain Cleaning is your residential and commercial plumber in New Orleans, Metairie and Harahan, LA.",,False,False
"water damage restoration service, 70156, New Orleans, LA, US",Bruce Harris Roofing,Bruce Harris Roofing,http://www.bruceharrisroofing.com/,Roofing contractor,Roofing contractor,Roofing contractor,+1 504-834-5371,landline,,,"New Orleans, LA 70113",Faubourg Lafayette,,New Orleans,70113,Louisiana,Louisiana,United States of America,US,29.942127099999997,-90.081661,89444642513ffff,America/Chicago,,False,5.0,2.0,https://search.google.com/local/reviews?placeid=ChIJq6qqqjawIIYRA-_9nBYFpi0&q=*&authuser=0&hl=en&gl=US,,,0.0,0.0,0.0,0.0,2.0,1.0,https://streetviewpixels-pa.googleapis.com/v1/thumbnail?panoid=lQpDJnOsCaXXWLp1jn1gXA&cb_client=search.gws-prod.gps&w=800&h=500&yaw=323.81613&pitch=0&thumbfov=100,https://streetviewpixels-pa.googleapis.com/v1/thumbnail?panoid=lQpDJnOsCaXXWLp1jn1gXA&cb_client=search.gws-prod.gps&w=1600&h=1000&yaw=323.81613&pitch=0&thumbfov=100,,"{""Sunday"": ""Open 24 hours"", ""Monday"": ""Open 24 hours"", ""Tuesday"": ""Open 24 hours"", ""Wednesday"": ""Open 24 hours"", ""Thursday"": ""Open 24 hours"", ""Friday"": ""Open 24 hours"", ""Saturday"": ""Open 24 hours""}","Sunday,Open 24 hours|Monday,Open 24 hours|Tuesday,Open 24 hours|Wednesday,Open 24 hours|Thursday,Open 24 hours|Friday,Open 24 hours|Saturday,Open 24 hours",Sunday:Open 24 hours|Monday:Open 24 hours|Tuesday:Open 24 hours|Wednesday:Open 24 hours|Thursday:Open 24 hours|Friday:Open 24 hours|Saturday:Open 24 hours,,,OPERATIONAL,{},,,,,,,False,None,Bruce Harris Roofing,,,,,,"https://www.google.com/maps/place/Bruce+Harris+Roofing/@29.942127099999997,-90.081661,14z/data=!4m8!1m2!2m1!1sBruce+Harris+Roofing!3m4!1s0x8620b036aaaaaaab:0x2da605169cfdef03!8m2!3d29.942127099999997!4d-90.081661","https://www.google.com/maps/place/Bruce+Harris+Roofing/@29.942127099999997,-90.081661,13.99z/data=!4m16!1m7!3m6!1s0x8620b036aaaaaaab:0x2da605169cfdef03!2sBruce+Harris+Roofing!8m2!3d29.942127099999997!4d-90.081661!16s%2Fg%2F11ckvg1dmb!3m7!1s0x8620b036aaaaaaab:0x2da605169cfdef03!8m2!3d29.942127099999997!4d-90.081661!9m1!1b1!16s%2Fg%2F11ckvg1dmb?entry=ttu",ChIJq6qqqjawIIYRA-_9nBYFpi0,0x8620b036aaaaaaab:0x2da605169cfdef03,3289322172522032899,/g/1thz207g,3289322172522032899,,bharrisroofing@aol.com,INVALID,Invalid SMTP,,,,,,alexisjoles@gmail.com,RECEIVING,Confirmed,,,,,,,,,,,,,,19859603969,mobile,T-Mobile USA Inc.,,15042426310,,landline,,5042426310,,landline,,https://www.facebook.com/bruceharrisroofingllc/,,,,,,,,,,,,,,,"Roof Inspection, Lacombe, LA | Bruce Harris Roofing, LLC",All in One SEO Pro (AIOSEO) 4.8.3.2,"Trust our experienced team for a detailed roof inspection. From damaged flashing to clogged gutters, we evaluate every detail to keep your property safe.","commercial roofing,gutters,residential roofing,skylights",False,False
"water damage restoration service, 70156, New Orleans, LA, US",Eagle Eye Resources,Eagle Eye Resources,https://eeresources.biz/,"Contractor, Bathroom remodeler, Building designer, Custom home builder, HVAC contractor, Janitorial service, Kitchen remodeler, Property maintenance, Real estate developer, Roofing contractor",Contractor,Contractor,+1 504-233-3173,landline,,,"938 Lafayette St, New Orleans, LA 70113",Warehouse District,938 Lafayette St,New Orleans,70113,Louisiana,Louisiana,United States of America,US,29.948962599999998,-90.0743482,8944464257bffff,America/Chicago,,False,4.0,4.0,https://search.google.com/local/reviews?placeid=ChIJVVVlZHWmIIYRxxU8720C7vQ&q=*&authuser=0&hl=en&gl=US,,,1.0,0.0,0.0,0.0,3.0,7.0,https://lh3.googleusercontent.com/gps-cs-s/AG0ilSx_5baw2_MiVg3hh3FNXmAppovHKiXcxqX-uf8RYjuEiD0TYAZskI4cpNfNq4EC97UEuR4PH16tZRCDepbExOsszU-5U4JA-pe2tBGZRZtwcK9Mnp_ciRLxSPMiLgNLrVbHXAAb=w800-h500-k-no,https://lh3.googleusercontent.com/gps-cs-s/AG0ilSx_5baw2_MiVg3hh3FNXmAppovHKiXcxqX-uf8RYjuEiD0TYAZskI4cpNfNq4EC97UEuR4PH16tZRCDepbExOsszU-5U4JA-pe2tBGZRZtwcK9Mnp_ciRLxSPMiLgNLrVbHXAAb=w1600-h1000-k-no,,"{""Sunday"": ""Closed"", ""Monday"": ""8AM-5PM"", ""Tuesday"": ""8AM-5PM"", ""Wednesday"": ""8AM-5PM"", ""Thursday"": ""8AM-5PM"", ""Friday"": ""8AM-5PM"", ""Saturday"": ""Closed""}","Sunday,|Monday,8AM,5PM|Tuesday,8AM,5PM|Wednesday,8AM,5PM|Thursday,8AM,5PM|Friday,8AM,5PM|Saturday,",Sunday:Closed|Monday:8AM-5PM|Tuesday:8AM-5PM|Wednesday:8AM-5PM|Thursday:8AM-5PM|Friday:8AM-5PM|Saturday:Closed,,,OPERATIONAL,"{""From the business"": {""Identifies as Black-owned"": true}, ""Service options"": {""Onsite services"": true}, ""Accessibility"": {""Wheelchair accessible entrance"": true}, ""Other"": {""Identifies as Black-owned"": true}}",,,,,,,False,None,Eagle Eye Resources,,,https://www.eeresources.biz/contact-a-contractor/,,https://www.eeresources.biz/contact-a-contractor/,"https://www.google.com/maps/place/Eagle+Eye+Resources/@29.948962599999998,-90.0743482,14z/data=!4m8!1m2!2m1!1sEagle+Eye+Resources!3m4!1s0x8620a67564655555:0xf4ee026def3c15c7!8m2!3d29.948962599999998!4d-90.0743482","https://www.google.com/maps/place/Eagle+Eye+Resources/@29.948962599999998,-90.0743482,13.99z/data=!4m16!1m7!3m6!1s0x8620a67564655555:0xf4ee026def3c15c7!2sEagle+Eye+Resources!8m2!3d29.948962599999998!4d-90.0743482!16s%2Fg%2F11ckvg1dmb!3m7!1s0x8620a67564655555:0xf4ee026def3c15c7!8m2!3d29.948962599999998!4d-90.0743482!9m1!1b1!16s%2Fg%2F11ckvg1dmb?entry=ttu",ChIJVVVlZHWmIIYRxxU8720C7vQ,0x8620a67564655555:0xf4ee026def3c15c7,17649046660899935687,/g/11hy_xkl9p,-797697412809615929,,info@eeresources.biz,RECEIVING,SMTP validated,,,,,,airpurifiers@eeresources.biz,RECEIVING,SMTP validated,,,,,,,,,,,,,,5048828171,landline,,,,,,,,,,,https://www.facebook.com/eagleeyeresources,https://www.instagram.com/eagle_eyeresources,,,,,,,,,https://twitter.com/eeresources,,,,,HOME | Eagle Eye Resources,Wix.com Website Builder,"Eagle Eye Resources, is a New Orleans based, real estate company specializing in: commercial and residential real estate development, real estate cconstruction, custom home building, real estate development, roofing and facility maintenance.",,,
"water damage restoration service, 70156, New Orleans, LA, US",5B Stucco Repair & Marketing NOLA,5B Stucco Repair And Marketing Nola,,"Stucco contractor, Internet marketing service, Website designer",Stucco contractor,Stucco contractor,+1 504-226-7791,landline,,,"803 Elysian Fields Ave, New Orleans, LA 70117",Marigny,803 Elysian Fields Ave,New Orleans,70117,Louisiana,Louisiana,United States of America,US,29.965711,-90.0562128,8944464239bffff,America/Chicago,,False,1.0,1.0,https://search.google.com/local/reviews?placeid=ChIJtak4XMenIIYRBcxbdZB7K1c&q=*&authuser=0&hl=en&gl=US,,,1.0,0.0,0.0,0.0,0.0,14.0,https://lh3.googleusercontent.com/p/AF1QipMGhlcyJCiciHgam8G1EvZdiVcAYu1VMpubseQ4=w800-h500-k-no,https://lh3.googleusercontent.com/p/AF1QipMGhlcyJCiciHgam8G1EvZdiVcAYu1VMpubseQ4=w1600-h1000-k-no,,"{""Sunday"": ""Closed"", ""Monday"": ""8AM-5PM"", ""Tuesday"": ""8AM-5PM"", ""Wednesday"": ""8AM-5PM"", ""Thursday"": ""8AM-5PM"", ""Friday"": ""8AM-5PM"", ""Saturday"": ""8AM-4PM""}","Sunday,|Monday,8AM,5PM|Tuesday,8AM,5PM|Wednesday,8AM,5PM|Thursday,8AM,5PM|Friday,8AM,5PM|Saturday,8AM,4PM",Sunday:Closed|Monday:8AM-5PM|Tuesday:8AM-5PM|Wednesday:8AM-5PM|Thursday:8AM-5PM|Friday:8AM-5PM|Saturday:8AM-4PM,,,OPERATIONAL,{},,,,https://lh6.googleusercontent.com/-iEA2OgrIUr4/AAAAAAAAAAI/AAAAAAAAAAA/sHWbFs9hCYY/s44-p-k-no-ns-nd/photo.jpg,,,True,112943985022820222323,5B Stucco Repair & Marketing NOLA,https://www.google.com/maps/contrib/112943985022820222323,,,,,"https://www.google.com/maps/place/5B+Stucco+Repair+%26+Marketing+NOLA/@29.965711,-90.0562128,14z/data=!4m8!1m2!2m1!1s5B+Stucco+Repair+%26+Marketing+NOLA!3m4!1s0x8620a7c75c38a9b5:0x572b7b90755bcc05!8m2!3d29.965711!4d-90.0562128","https://www.google.com/maps/place/5B+Stucco+Repair+%26+Marketing+NOLA/@29.965711,-90.0562128,13.99z/data=!4m16!1m7!3m6!1s0x8620a7c75c38a9b5:0x572b7b90755bcc05!2s5B+Stucco+Repair+%26+Marketing+NOLA!8m2!3d29.965711!4d-90.0562128!16s%2Fg%2F11ckvg1dmb!3m7!1s0x8620a7c75c38a9b5:0x572b7b90755bcc05!8m2!3d29.965711!4d-90.0562128!9m1!1b1!16s%2Fg%2F11ckvg1dmb?entry=ttu",ChIJtak4XMenIIYRBcxbdZB7K1c,0x8620a7c75c38a9b5:0x572b7b90755bcc05,6281249965672745989,/g/11qpj16qqc,6281249965672745989,,,,,,,,,,,,,,,,,,,,,,,,,,,,,,,,,,,,,,,,,,,,,,,,,,,,,,,,,,
"water damage restoration service, 70156, New Orleans, LA, US",Anywhere Plumbing Repair,Anywhere Plumbing Repair,https://www.anywhereplumbingrepair.com/,Plumber,Plumber,Plumber,+1 504-366-0021,landline,,,"2115 Palfrey St, Gretna, LA 70053",None,2115 Palfrey St,Gretna,70053,Louisiana,Louisiana,United States of America,US,29.917320999999998,-90.04679379999999,89444651907ffff,America/Chicago,,False,4.4,80.0,https://search.google.com/local/reviews?placeid=ChIJlR08NAynIIYR4F-Yr7xspO0&q=*&authuser=0&hl=en&gl=US,,,12.0,0.0,0.0,0.0,68.0,124.0,https://lh3.googleusercontent.com/p/AF1QipOXQBKycbGZNxXKNTno9U5kRn4xGp6a5L9tVXQI=w800-h500-k-no,https://lh3.googleusercontent.com/p/AF1QipOXQBKycbGZNxXKNTno9U5kRn4xGp6a5L9tVXQI=w1600-h1000-k-no,,"{""Sunday"": ""Closed"", ""Monday"": ""8AM-5PM"", ""Tuesday"": ""8AM-5PM"", ""Wednesday"": ""8AM-5PM"", ""Thursday"": ""8AM-5PM"", ""Friday"": ""8AM-5PM"", ""Saturday"": ""Closed""}","Sunday,|Monday,8AM,5PM|Tuesday,8AM,5PM|Wednesday,8AM,5PM|Thursday,8AM,5PM|Friday,8AM,5PM|Saturday,",Sunday:Closed|Monday:8AM-5PM|Tuesday:8AM-5PM|Wednesday:8AM-5PM|Thursday:8AM-5PM|Friday:8AM-5PM|Saturday:Closed,,,OPERATIONAL,"{""Offerings"": {""Repair services"": true}, ""Payments"": {""Credit cards"": true, ""NFC mobile payments"": true}}",,,,https://lh6.googleusercontent.com/-FRfg5PgeTN8/AAAAAAAAAAI/AAAAAAAAAAA/q507IhgDsGw/s44-p-k-no-ns-nd/photo.jpg,,,True,100585920599998457534,Anywhere Plumbing Repair,https://www.google.com/maps/contrib/100585920599998457534,,,,,"https://www.google.com/maps/place/Anywhere+Plumbing+Repair/@29.917320999999998,-90.04679379999999,14z/data=!4m8!1m2!2m1!1sAnywhere+Plumbing+Repair!3m4!1s0x8620a70c343c1d95:0xeda46cbcaf985fe0!8m2!3d29.917320999999998!4d-90.04679379999999","https://www.google.com/maps/place/Anywhere+Plumbing+Repair/@29.917320999999998,-90.04679379999999,13.99z/data=!4m16!1m7!3m6!1s0x8620a70c343c1d95:0xeda46cbcaf985fe0!2sAnywhere+Plumbing+Repair!8m2!3d29.917320999999998!4d-90.04679379999999!16s%2Fg%2F11ckvg1dmb!3m7!1s0x8620a70c343c1d95:0xeda46cbcaf985fe0!8m2!3d29.917320999999998!4d-90.04679379999999!9m1!1b1!16s%2Fg%2F11ckvg1dmb?entry=ttu",ChIJlR08NAynIIYR4F-Yr7xspO0,0x8620a70c343c1d95:0xeda46cbcaf985fe0,17123931240825118688,/g/11stb65h0j,-1322812832884432928,,info@anywhereplumbingrepair.com,RECEIVING,SMTP validated,,,,,,,,,,,,,,,,,,,,,,15043660021,landline,,,,,,,,,,,,,,,,,,,,,,,,,,About Us | Anywhere Plumbing Repair,Wix.com Website Builder,"Anywhere Plumbing Repair is your trusted local plumbing company, with years of experience providing high-quality plumbing and drain cleaning services. Our team of experts is dedicated to delivering reliable and efficient solutions for all your plumbing needs. Contact us today to learn more about our services.",,False,False
"water damage restoration service, 70156, New Orleans, LA, US",Superior Gutters Solutions,Superior Gutters Solutions,http://www.superiorgutterssolutions.com/,Gutter service,Gutter service,Gutter service,+1 504-298-5300,landline,,,"650 Poydras St Suite 1400, New Orleans, LA 70130",Warehouse District,650 Poydras St Suite 1400,New Orleans,70130,Louisiana,Louisiana,United States of America,US,29.948958299999997,-90.0701416,894446420b3ffff,America/Chicago,,False,5.0,197.0,https://search.google.com/local/reviews?placeid=ChIJ65MdCY1aKQIRK-dUgD2C660&q=*&authuser=0&hl=en&gl=US,,,0.0,0.0,0.0,0.0,197.0,792.0,https://lh3.googleusercontent.com/p/AF1QipMI3Uia426XXMVRUH_rso5PPjicvit9ERJ-t1Nt=w800-h500-k-no,https://lh3.googleusercontent.com/p/AF1QipMI3Uia426XXMVRUH_rso5PPjicvit9ERJ-t1Nt=w1600-h1000-k-no,,"{""Sunday"": ""Closed"", ""Monday"": ""7AM-7PM"", ""Tuesday"": ""7AM-7PM"", ""Wednesday"": ""7AM-7PM"", ""Thursday"": ""7AM-7PM"", ""Friday"": ""7AM-7PM"", ""Saturday"": ""7AM-7PM""}","Sunday,|Monday,7AM,7PM|Tuesday,7AM,7PM|Wednesday,7AM,7PM|Thursday,7AM,7PM|Friday,7AM,7PM|Saturday,7AM,7PM",Sunday:Closed|Monday:7AM-7PM|Tuesday:7AM-7PM|Wednesday:7AM-7PM|Thursday:7AM-7PM|Friday:7AM-7PM|Saturday:7AM-7PM,,,OPERATIONAL,"{""Service options"": {""Onsite services"": false}}",,,,https://lh6.googleusercontent.com/-chsf5GzTrEA/AAAAAAAAAAI/AAAAAAAAAAA/2dgKNX_7D60/s44-p-k-no-ns-nd/photo.jpg,,,True,106046183457950762291,Superior Gutters Solutions,https://www.google.com/maps/contrib/106046183457950762291,,,,,"https://www.google.com/maps/place/Superior+Gutters+Solutions/@29.948958299999997,-90.0701416,14z/data=!4m8!1m2!2m1!1sSuperior+Gutters+Solutions!3m4!1s0x2295a8d091d93eb:0xadeb823d8054e72b!8m2!3d29.948958299999997!4d-90.0701416","https://www.google.com/maps/place/Superior+Gutters+Solutions/@29.948958299999997,-90.0701416,13.99z/data=!4m16!1m7!3m6!1s0x2295a8d091d93eb:0xadeb823d8054e72b!2sSuperior+Gutters+Solutions!8m2!3d29.948958299999997!4d-90.0701416!16s%2Fg%2F11ckvg1dmb!3m7!1s0x2295a8d091d93eb:0xadeb823d8054e72b!8m2!3d29.948958299999997!4d-90.0701416!9m1!1b1!16s%2Fg%2F11ckvg1dmb?entry=ttu",ChIJ65MdCY1aKQIRK-dUgD2C660,0x2295a8d091d93eb:0xadeb823d8054e72b,12532253588746200875,/g/11nwnffg_k,-5914490484963350741,,superiorgutterssolutions@gmail.com,RECEIVING,SMTP validated,,,,,,,,,,,,,,,,,,,,,,2253269729,mobile,,,,,,,,,,,,,,,,,,,,,,,,,,Best Gutter Companies - Superior Gutters Solutions,Divi v.4.17.4,Affordable Protection for Your Home: Get Seamless Gutters Installed at an Unbeatable Price with us at Superior Gutter Solutions.,,False,False
"water damage restoration service, 70156, New Orleans, LA, US",LEMOINE,Lemoine,https://1lemoine.com/,Construction company,Construction company,Construction company,+1 504-309-2424,landline,,,"300 Lafayette St #100, New Orleans, LA 70130",Warehouse District,300 Lafayette St #100,New Orleans,70130,Louisiana,Louisiana,United States of America,US,29.9471973,-90.0660424,89444642087ffff,America/Chicago,,False,2.9,7.0,https://search.google.com/local/reviews?placeid=ChIJmfPIaHKmIIYRUFolx4HRVj4&q=*&authuser=0&hl=en&gl=US,,,3.0,0.0,1.0,1.0,2.0,6.0,https://lh3.googleusercontent.com/gps-cs-s/AG0ilSwB7dx2JyZFNM8UGWjHz-CVQOpNtJkD4oh0ROGoBXXDyaXdw5VT0BBPMywT7Bdmg0McGgTyBNEf3b2T_5atubSdBmOeRYn02moBVR5C3pW9_QV6zGOBc-bNeOVtfcIAvW1iOCIMGQ=w800-h500-k-no,https://lh3.googleusercontent.com/gps-cs-s/AG0ilSwB7dx2JyZFNM8UGWjHz-CVQOpNtJkD4oh0ROGoBXXDyaXdw5VT0BBPMywT7Bdmg0McGgTyBNEf3b2T_5atubSdBmOeRYn02moBVR5C3pW9_QV6zGOBc-bNeOVtfcIAvW1iOCIMGQ=w1600-h1000-k-no,,"{""Sunday"": ""Closed"", ""Monday"": ""8AM-5PM"", ""Tuesday"": ""8AM-5PM"", ""Wednesday"": ""8AM-5PM"", ""Thursday"": ""8AM-5PM"", ""Friday"": ""8AM-5PM"", ""Saturday"": ""Closed""}","Sunday,|Monday,8AM,5PM|Tuesday,8AM,5PM|Wednesday,8AM,5PM|Thursday,8AM,5PM|Friday,8AM,5PM|Saturday,",Sunday:Closed|Monday:8AM-5PM|Tuesday:8AM-5PM|Wednesday:8AM-5PM|Thursday:8AM-5PM|Friday:8AM-5PM|Saturday:Closed,,,OPERATIONAL,"{""Accessibility"": {""Wheelchair accessible entrance"": true, ""Wheelchair accessible parking lot"": true}}",,,,https://lh4.googleusercontent.com/-ykJoleTOUrg/AAAAAAAAAAI/AAAAAAAAAAA/Gxwv1PdMRdk/s44-p-k-no-ns-nd/photo.jpg,,,True,104589410057522944505,LEMOINE,https://www.google.com/maps/contrib/104589410057522944505,,,,,"https://www.google.com/maps/place/LEMOINE/@29.9471973,-90.0660424,14z/data=!4m8!1m2!2m1!1sLEMOINE!3m4!1s0x8620a67268c8f399:0x3e56d181c7255a50!8m2!3d29.9471973!4d-90.0660424","https://www.google.com/maps/place/LEMOINE/@29.9471973,-90.0660424,13.99z/data=!4m16!1m7!3m6!1s0x8620a67268c8f399:0x3e56d181c7255a50!2sLEMOINE!8m2!3d29.9471973!4d-90.0660424!16s%2Fg%2F11ckvg1dmb!3m7!1s0x8620a67268c8f399:0x3e56d181c7255a50!8m2!3d29.9471973!4d-90.0660424!9m1!1b1!16s%2Fg%2F11ckvg1dmb?entry=ttu",ChIJmfPIaHKmIIYRUFolx4HRVj4,0x8620a67268c8f399:0x3e56d181c7255a50,4492008033670748752,/g/12hnh40rc,4492008033670748752,,bjd04@gnofn.org,INVALID,Invalid DNS,Benjamin J Diebold,Benjamin,J Diebold,Executive Vice President Of Disaster Services,5048100471,amber.broussard@lemoinecompany.com,RECEIVING,Catch All,Amber Broussard,Amber,Broussard,Proposal Manager,2252299227,bill.heath@lemoinecompany.com,RECEIVING,Catch All,Bill Heath,Bill,Heath,Senior Program Manager,,18335366463,toll_free,,,5048100471,"NEW CINGULAR WIRELESS PCS, LLC - GA",mobile,,2252299227,"NEW CINGULAR WIRELESS PCS, LLC - GA",mobile,,https://www.facebook.com/1LEMOINE/,http://instagram.com/1lemoine,https://www.linkedin.com/company/1lemoine,,,,,,,,https://twitter.com/thelemoineco,,,,,LEMOINE – One Mission. Yours.™,wordpress,,,,
"water damage restoration service, 70156, New Orleans, LA, US",Professional Electric,Professional Electric,https://www.theprofessionalelectrician.com/%3Futm_source%3Dgoogle%26utm_medium%3Dorganic%26utm_campaign%3Dgbp-website-link,"Electrician, Electrical installation service, Electrical repair shop, Service establishment, Lighting contractor",Electrician,Electrician,+1 504-858-0270,mobile,"NEW CINGULAR WIRELESS PCS, LLC - GA",,,,,,,,,,,29.8186066,-89.7529388,8944732c32bffff,America/Chicago,,True,4.8,102.0,https://search.google.com/local/reviews?placeid=ChIJ-T33diSmIIYRvfE-5vcoYIw&q=*&authuser=0&hl=en&gl=US,,,4.0,1.0,0.0,0.0,97.0,256.0,https://lh3.googleusercontent.com/p/AF1QipMO9S2RR41Xrfiq8TjN25CnstlhrI91BUAP1RRt=w800-h500-k-no,https://lh3.googleusercontent.com/p/AF1QipMO9S2RR41Xrfiq8TjN25CnstlhrI91BUAP1RRt=w1600-h1000-k-no,,"{""Sunday"": ""Closed"", ""Monday"": ""6AM-7PM"", ""Tuesday"": ""6AM-7PM"", ""Wednesday"": ""6AM-7PM"", ""Thursday"": ""6AM-7PM"", ""Friday"": ""6AM-7PM"", ""Saturday"": ""6AM-2PM""}","Sunday,|Monday,6AM,7PM|Tuesday,6AM,7PM|Wednesday,6AM,7PM|Thursday,6AM,7PM|Friday,6AM,7PM|Saturday,6AM,2PM",Sunday:Closed|Monday:6AM-7PM|Tuesday:6AM-7PM|Wednesday:6AM-7PM|Thursday:6AM-7PM|Friday:6AM-7PM|Saturday:6AM-2PM,,,OPERATIONAL,{},,,,https://lh4.googleusercontent.com/-e_Ktsp-WauM/AAAAAAAAAAI/AAAAAAAAAAA/ZalTRzRwA3s/s44-p-k-no-ns-nd/photo.jpg,,,True,113518009505213362540,Professional Electric,https://www.google.com/maps/contrib/113518009505213362540,,https://www.theprofessionalelectrician.com/contact-professional-electric,,https://www.theprofessionalelectrician.com/contact-professional-electric,"https://www.google.com/maps/place/Professional+Electric/@29.8186066,-89.7529388,14z/data=!4m8!1m2!2m1!1sProfessional+Electric!3m4!1s0x8620a62476f73df9:0x8c6028f7e63ef1bd!8m2!3d29.8186066!4d-89.7529388","https://www.google.com/maps/place/Professional+Electric/@29.8186066,-89.7529388,13.99z/data=!4m16!1m7!3m6!1s0x8620a62476f73df9:0x8c6028f7e63ef1bd!2sProfessional+Electric!8m2!3d29.8186066!4d-89.7529388!16s%2Fg%2F11ckvg1dmb!3m7!1s0x8620a62476f73df9:0x8c6028f7e63ef1bd!8m2!3d29.8186066!4d-89.7529388!9m1!1b1!16s%2Fg%2F11ckvg1dmb?entry=ttu",ChIJ-T33diSmIIYRvfE-5vcoYIw,0x8620a62476f73df9:0x8c6028f7e63ef1bd,10115129808259051965,/g/1ptyk72hb,-8331614265450499651,,mark@theprofessionalelectrician.com,INVALID,Undeliverable,,,,,,,,,,,,,,,,,,,,,,15048580270,mobile,"NEW CINGULAR WIRELESS PCS, LLC - GA",,5048580270,"NEW CINGULAR WIRELESS PCS, LLC - GA",mobile,,,,,,,,,,,,,,,,,,,,,Contact - New Orleans Electrician - Professional Electric,WordPress 6.8.3,"Professional Electric – Your reliable New Orleans-Metairie-Kenner Electrician. Fast service, quality electrical repairs. Call 504-858-0270 for your appointment today!","new orleans electrician, Professional Electric New Orleans, licensed electrician new orleans, electrical service new orleans, electrical repair new orleans, electric company new orleans, licensed electrical contractor new orleans, electrical permit new orleans, electrical install new orleans,  Professional Electrician New Orleans, Electrical Contractor New Orleans,",False,False
"water damage restoration service, 70156, New Orleans, LA, US",CARPET & UPHOLSTERY CLEANING,Carpet And Upholstery Cleaning,,"Water damage restoration service, Air duct cleaning service, Carpet installer, Carpet store, Service establishment, Flooring contractor, Tile contractor, Upholstery cleaning service, Carpet cleaning service",Carpet cleaning service,Water damage restoration service,+1 800-747-7016,toll_free,,,,,,,,,,,,29.903546,-90.0223674,89444651873ffff,America/Chicago,,True,,,,,,,,,,,,,,,"{""Sunday"": ""Closed"", ""Monday"": ""7AM-7PM"", ""Tuesday"": ""7AM-7PM"", ""Wednesday"": ""7AM-7PM"", ""Thursday"": ""7AM-7PM"", ""Friday"": ""7AM-7PM"", ""Saturday"": ""7AM-7PM""}","Sunday,|Monday,7AM,7PM|Tuesday,7AM,7PM|Wednesday,7AM,7PM|Thursday,7AM,7PM|Friday,7AM,7PM|Saturday,7AM,7PM",Sunday:Closed|Monday:7AM-7PM|Tuesday:7AM-7PM|Wednesday:7AM-7PM|Thursday:7AM-7PM|Friday:7AM-7PM|Saturday:7AM-7PM,,,OPERATIONAL,{},,,,https://lh3.googleusercontent.com/-xHPLrtB0Aj8/AAAAAAAAAAI/AAAAAAAAAAA/B-o2eOIAmeo/s44-p-k-no-ns-nd/photo.jpg,,,True,106966810794102509175,CARPET & UPHOLSTERY CLEANING,https://www.google.com/maps/contrib/106966810794102509175,,,,,"https://www.google.com/maps/place/CARPET+%26+UPHOLSTERY+CLEANING/@29.903546,-90.0223674,14z/data=!4m8!1m2!2m1!1sCARPET+%26+UPHOLSTERY+CLEANING!3m4!1s0x8620a853992fb4e1:0x9f6f9a1d233abaaf!8m2!3d29.903546!4d-90.0223674","https://www.google.com/maps/place/CARPET+%26+UPHOLSTERY+CLEANING/@29.903546,-90.0223674,13.99z/data=!4m16!1m7!3m6!1s0x8620a853992fb4e1:0x9f6f9a1d233abaaf!2sCARPET+%26+UPHOLSTERY+CLEANING!8m2!3d29.903546!4d-90.0223674!16s%2Fg%2F11ckvg1dmb!3m7!1s0x8620a853992fb4e1:0x9f6f9a1d233abaaf!8m2!3d29.903546!4d-90.0223674!9m1!1b1!16s%2Fg%2F11ckvg1dmb?entry=ttu",ChIJ4bQvmVOoIIYRr7o6Ix2ab58,0x8620a853992fb4e1:0x9f6f9a1d233abaaf,11488570624381205167,/g/1ptwvw8lx,None,,,,,,,,,,,,,,,,,,,,,,,,,,,,,,,,,,,,,,,,,,,,,,,,,,,,,,,,,,
"water damage restoration service, 70157, New Orleans, LA, US",Water Inc,Water,,"Water damage restoration service, Service establishment, General contractor",Water damage restoration service,Water damage restoration service,+1 718-749-9633,landline,,,,,,,,,,,,40.6507535,-73.8711404,892a100cbabffff,America/New_York,,True,5.0,41.0,https://search.google.com/local/reviews?placeid=ChIJS4QTw6dfwokRHS2sCBxXzZE&q=*&authuser=0&hl=en&gl=US,,,0.0,0.0,0.0,0.0,41.0,5.0,https://lh3.googleusercontent.com/p/AF1QipOFh7nj4OgWfJlczMuJ_pX1KORJnTxAMD-ypWLB=w800-h500-k-no,https://lh3.googleusercontent.com/p/AF1QipOFh7nj4OgWfJlczMuJ_pX1KORJnTxAMD-ypWLB=w1600-h1000-k-no,,"{""Monday"": ""Open 24 hours"", ""Tuesday"": ""Open 24 hours"", ""Wednesday"": ""Open 24 hours"", ""Thursday"": ""Open 24 hours"", ""Friday"": ""Open 24 hours"", ""Saturday"": ""Open 24 hours"", ""Sunday"": ""Open 24 hours""}","Sunday,Open 24 hours|Monday,Open 24 hours|Tuesday,Open 24 hours|Wednesday,Open 24 hours|Thursday,Open 24 hours|Friday,Open 24 hours|Saturday,Open 24 hours",Monday:Open 24 hours|Tuesday:Open 24 hours|Wednesday:Open 24 hours|Thursday:Open 24 hours|Friday:Open 24 hours|Saturday:Open 24 hours|Sunday:Open 24 hours,,,OPERATIONAL,{},,,,https://lh6.googleusercontent.com/-NSce4Z6ytK8/AAAAAAAAAAI/AAAAAAAAAAA/C585SG4m03E/s44-p-k-no-ns-nd/photo.jpg,,,True,115885795584744239027,Water Inc,https://www.google.com/maps/contrib/115885795584744239027,,,,,"https://www.google.com/maps/place/Water+Inc/@40.6507535,-73.8711404,14z/data=!4m8!1m2!2m1!1sWater+Inc!3m4!1s0x89c25fa7c313844b:0x91cd571c08ac2d1d!8m2!3d40.6507535!4d-73.8711404","https://www.google.com/maps/place/Water+Inc/@40.6507535,-73.8711404,13.99z/data=!4m16!1m7!3m6!1s0x89c25fa7c313844b:0x91cd571c08ac2d1d!2sWater+Inc!8m2!3d40.6507535!4d-73.8711404!16s%2Fg%2F11ckvg1dmb!3m7!1s0x89c25fa7c313844b:0x91cd571c08ac2d1d!8m2!3d40.6507535!4d-73.8711404!9m1!1b1!16s%2Fg%2F11ckvg1dmb?entry=ttu",ChIJS4QTw6dfwokRHS2sCBxXzZE,0x89c25fa7c313844b:0x91cd571c08ac2d1d,10506149283641437469,/g/11g1m1vn2k,-7940594790068114147,,,,,,,,,,,,,,,,,,,,,,,,,,,,,,,,,,,,,,,,,,,,,,,,,,,,,,,,,,
"water damage restoration service, 70159, New Orleans, LA, US",Doctor of NYC,Doctor Of Nyc,http://restorationny.com/,Water damage restoration service,Water damage restoration service,Water damage restoration service,+1 646-789-6264,mobile,"NEW CINGULAR WIRELESS PCS, LLC - DC",,"1350 Ave of the Americas FL 2-1047, New York, NY 10019",Manhattan,1350 Ave of the Americas FL 2-1047,New York,10019,New York,New York,United States of America,US,40.7626304,-73.9780124,892a100d657ffff,America/New_York,,False,5.0,61.0,https://search.google.com/local/reviews?placeid=ChIJUyccCPxZwokRlBHDMrUKUt0&q=*&authuser=0&hl=en&gl=US,,,0.0,0.0,0.0,1.0,60.0,1.0,https://streetviewpixels-pa.googleapis.com/v1/thumbnail?panoid=NA77cQj0Thts3ojI_jpR2w&cb_client=search.gws-prod.gps&w=800&h=500&yaw=120.59137&pitch=0&thumbfov=100,https://streetviewpixels-pa.googleapis.com/v1/thumbnail?panoid=NA77cQj0Thts3ojI_jpR2w&cb_client=search.gws-prod.gps&w=1600&h=1000&yaw=120.59137&pitch=0&thumbfov=100,,"{""Monday"": ""Open 24 hours"", ""Tuesday"": ""Open 24 hours"", ""Wednesday"": ""Open 24 hours"", ""Thursday"": ""Open 24 hours"", ""Friday"": ""Open 24 hours"", ""Saturday"": ""Open 24 hours"", ""Sunday"": ""Open 24 hours""}","Sunday,Open 24 hours|Monday,Open 24 hours|Tuesday,Open 24 hours|Wednesday,Open 24 hours|Thursday,Open 24 hours|Friday,Open 24 hours|Saturday,Open 24 hours",Monday:Open 24 hours|Tuesday:Open 24 hours|Wednesday:Open 24 hours|Thursday:Open 24 hours|Friday:Open 24 hours|Saturday:Open 24 hours|Sunday:Open 24 hours,,,OPERATIONAL,"{""Service options"": {""Online estimates"": true, ""Onsite services"": true}}",,,,https://lh5.googleusercontent.com/-zV0-0XuS4nw/AAAAAAAAAAI/AAAAAAAAAAA/gUgnlKoZtl4/s44-p-k-no-ns-nd/photo.jpg,,,True,117491626842377337273,Doctor of NYC,https://www.google.com/maps/contrib/117491626842377337273,,,,,"https://www.google.com/maps/place/Doctor+of+NYC/@40.7626304,-73.9780124,14z/data=!4m8!1m2!2m1!1sDoctor+of+NYC!3m4!1s0x89c259fc081c2753:0xdd520ab532c31194!8m2!3d40.7626304!4d-73.9780124","https://www.google.com/maps/place/Doctor+of+NYC/@40.7626304,-73.9780124,13.99z/data=!4m16!1m7!3m6!1s0x89c259fc081c2753:0xdd520ab532c31194!2sDoctor+of+NYC!8m2!3d40.7626304!4d-73.9780124!16s%2Fg%2F11ckvg1dmb!3m7!1s0x89c259fc081c2753:0xdd520ab532c31194!8m2!3d40.7626304!4d-73.9780124!9m1!1b1!16s%2Fg%2F11ckvg1dmb?entry=ttu",ChIJUyccCPxZwokRlBHDMrUKUt0,0x89c259fc081c2753:0xdd520ab532c31194,15947821003829350804,/g/11x83lrlnj,-2498923069880200812,,info@restorationdoctornyc.com,INVALID,Undeliverable,,,,,,info@restorationdoctorva.com,RECEIVING,SMTP validated,,,,,,,,,,,,,,6467896264,mobile,"NEW CINGULAR WIRELESS PCS, LLC - DC",,,,,,,,,,https://www.facebook.com/TheRestorationDoctors,,,,,,,,,,,,,,,Contact Restoration Doctor of NYC | 24/7 Emergency Service,WordPress 6.7.1,"Need emergency restoration in NYC? Contact Restoration Doctor for 24/7 water, fire, or storm damage response. Call now or request a free estimate online.",,False,True
"water damage restoration service, 70159, New Orleans, LA, US",Pro Astoria Queens,Pro Astoria Queens,https://prowaterfiredamage.com/nearme/queens-water-damage/astoria/,Water damage restoration service,Water damage restoration service,Water damage restoration service,+1 646-802-0333,landline,,,"35-27 30th Ave., Astoria, NY 11103",Astoria,35-27 30th Ave.,Astoria,11103,New York,New York,United States of America,US,40.765249399999995,-73.9174237,892a100f31bffff,America/New_York,,False,5.0,13.0,https://search.google.com/local/reviews?placeid=ChIJWQLBQUNhwokRK4pDAkvZjeU&q=*&authuser=0&hl=en&gl=US,,,0.0,0.0,0.0,0.0,13.0,4.0,https://lh3.googleusercontent.com/p/AF1QipNTCmTRrT7z-T86MXuKMqObvJcpNJqncX8xNy2m=w800-h500-k-no,https://lh3.googleusercontent.com/p/AF1QipNTCmTRrT7z-T86MXuKMqObvJcpNJqncX8xNy2m=w1600-h1000-k-no,,"{""Monday"": ""Open 24 hours"", ""Tuesday"": ""Open 24 hours"", ""Wednesday"": ""Open 24 hours"", ""Thursday"": ""Open 24 hours"", ""Friday"": ""12AM-5PM"", ""Saturday"": ""7PM-12AM"", ""Sunday"": ""Open 24 hours""}","Sunday,Open 24 hours|Monday,Open 24 hours|Tuesday,Open 24 hours|Wednesday,Open 24 hours|Thursday,Open 24 hours|Friday,12AM,5PM|Saturday,7PM,12AM",Monday:Open 24 hours|Tuesday:Open 24 hours|Wednesday:Open 24 hours|Thursday:Open 24 hours|Friday:12AM-5PM|Saturday:7PM-12AM|Sunday:Open 24 hours,,,OPERATIONAL,"{""Service options"": {""Onsite services"": true}}",,,,https://lh6.googleusercontent.com/-379AHW0oHRQ/AAAAAAAAAAI/AAAAAAAAAAA/DSY7SaUf0FU/s44-p-k-no-ns-nd/photo.jpg,,,True,113393650303892854381,Pro Astoria Queens,https://www.google.com/maps/contrib/113393650303892854381,,https://prowaterfiredamage.com/nearme/queens-water-damage-restoration/astoria/,,https://prowaterfiredamage.com/nearme/queens-water-damage-restoration/astoria/,"https://www.google.com/maps/place/Pro+Astoria+Queens/@40.765249399999995,-73.9174237,14z/data=!4m8!1m2!2m1!1sPro+Astoria+Queens!3m4!1s0x89c2614341c10259:0xe58dd94b02438a2b!8m2!3d40.765249399999995!4d-73.9174237","https://www.google.com/maps/place/Pro+Astoria+Queens/@40.765249399999995,-73.9174237,13.99z/data=!4m16!1m7!3m6!1s0x89c2614341c10259:0xe58dd94b02438a2b!2sPro+Astoria+Queens!8m2!3d40.765249399999995!4d-73.9174237!16s%2Fg%2F11ckvg1dmb!3m7!1s0x89c2614341c10259:0xe58dd94b02438a2b!8m2!3d40.765249399999995!4d-73.9174237!9m1!1b1!16s%2Fg%2F11ckvg1dmb?entry=ttu",ChIJWQLBQUNhwokRK4pDAkvZjeU,0x89c2614341c10259:0xe58dd94b02438a2b,16541115922585455147,/g/11slfxgcvk,-1905628151124096469,,,,,,,,,,,,,,,,,,,,,,,,,,15167486222,landline,,,13475192080,Onvoy,landline,True,,,,,https://www.facebook.com/Water-Fire-Damage-Restoration-Pro-Hempstead-NY-116423184401638,,,,https://medium.com/@wfdamagerestore,https://www.reddit.com/user/wfdamagerestore,,,,,https://twitter.com/wfdamagerestore,,https://www.youtube.com/channel/UC-bW06jQPuodDNBu6bzHL2g,,,Local Water Damage Restoration NY - #1 Water Cleanup Company,"Elementor 3.28.4; features: additional_custom_breakpoints, e_local_google_fonts; settings: css_print_method-external, google_font-enabled, font_display-auto",We are a local water damage restoration company in NY with over 25 years of experience. Call us now at (516) 748-6222!,,False,False
"water damage restoration service, 70159, New Orleans, LA, US",Water Damage Restoration NYC,Water Damage Restoration Nyc,https://www.bestwaterdamagerestorationnyc.com/,"Water damage restoration service, Service establishment",Water damage restoration service,Water damage restoration service,+1 866-514-1105,toll_free,,,,,,,,,,,,40.928166999999995,-73.799876,892a10036b7ffff,America/New_York,,True,4.9,40.0,https://search.google.com/local/reviews?placeid=ChIJfTuu44NZwokR2cVVxALSLFc&q=*&authuser=0&hl=en&gl=US,,,1.0,0.0,0.0,0.0,39.0,12.0,https://lh3.googleusercontent.com/p/AF1QipOKp96LTzpz2_aqjIIEla-6_mrwy_yz7DqU9emT=w800-h500-k-no,https://lh3.googleusercontent.com/p/AF1QipOKp96LTzpz2_aqjIIEla-6_mrwy_yz7DqU9emT=w1600-h1000-k-no,,"{""Monday"": ""Open 24 hours"", ""Tuesday"": ""Open 24 hours"", ""Wednesday"": ""Open 24 hours"", ""Thursday"": ""Open 24 hours"", ""Friday"": ""Open 24 hours"", ""Saturday"": ""Open 24 hours"", ""Sunday"": ""Open 24 hours""}","Sunday,Open 24 hours|Monday,Open 24 hours|Tuesday,Open 24 hours|Wednesday,Open 24 hours|Thursday,Open 24 hours|Friday,Open 24 hours|Saturday,Open 24 hours",Monday:Open 24 hours|Tuesday:Open 24 hours|Wednesday:Open 24 hours|Thursday:Open 24 hours|Friday:Open 24 hours|Saturday:Open 24 hours|Sunday:Open 24 hours,,,OPERATIONAL,"{""Service options"": {""Online estimates"": true}, ""Crowd"": {""LGBTQ+ friendly"": true}, ""Other"": {""LGBTQ+ friendly"": true}}",,,,https://lh3.googleusercontent.com/-q0Fr8iq51Sc/AAAAAAAAAAI/AAAAAAAAAAA/uZtaK5LZVvw/s44-p-k-no-ns-nd/photo.jpg,,,True,101846336015461643805,Water Damage Restoration NYC,https://www.google.com/maps/contrib/101846336015461643805,,,,,"https://www.google.com/maps/place/Water+Damage+Restoration+NYC/@40.928166999999995,-73.799876,14z/data=!4m8!1m2!2m1!1sWater+Damage+Restoration+NYC!3m4!1s0x89c25983e3ae3b7d:0x572cd202c455c5d9!8m2!3d40.928166999999995!4d-73.799876","https://www.google.com/maps/place/Water+Damage+Restoration+NYC/@40.928166999999995,-73.799876,13.99z/data=!4m16!1m7!3m6!1s0x89c25983e3ae3b7d:0x572cd202c455c5d9!2sWater+Damage+Restoration+NYC!8m2!3d40.928166999999995!4d-73.799876!16s%2Fg%2F11ckvg1dmb!3m7!1s0x89c25983e3ae3b7d:0x572cd202c455c5d9!8m2!3d40.928166999999995!4d-73.799876!9m1!1b1!16s%2Fg%2F11ckvg1dmb?entry=ttu",ChIJfTuu44NZwokR2cVVxALSLFc,0x89c25983e3ae3b7d:0x572cd202c455c5d9,6281626489600722393,/g/11f_h_zq5h,6281626489600722393,,,,,,,,,,,,,,,,,,,,,,,,,,8665141105,toll_free,,,,,,,,,,,,,,,,,,,,,,,,,,"Best Water Damage Restoration NYC – 24/7 Water, Storm Fire & Smoke Damage Restoration | Mold Remediation |",WordPress 5.9,,,False,False
"water damage restoration service, 70159, New Orleans, LA, US",Water Damage Restoration,Water Damage Restoration,http://bronxwaterdamage.com/,"Water damage restoration service, Contractor",Contractor,Water damage restoration service,+1 631-562-5933,landline,,,"1930 Ave Y, Brooklyn, NY 11235",Sheepshead Bay,1930 Ave Y,Brooklyn,11235,New York,New York,United States of America,US,40.590481499999996,-73.9500156,892a107453bffff,America/New_York,,False,5.0,21.0,https://search.google.com/local/reviews?placeid=ChIJXxzLuXFFwokRscN8vTEzILA&q=*&authuser=0&hl=en&gl=US,,,0.0,0.0,0.0,1.0,20.0,3.0,https://lh3.googleusercontent.com/gps-cs-s/AG0ilSxqoc7YLjNOPx5CHjYCWaG9-z_W9S4hGH-2wOT4lykyGApBfgY_45iNPPZZX4-S4to4n13osFAcEKllLzvsDcKzp_mUh4ryZmio82BYgLXqgqcQlI6ijOIHfBwyr02w5wl7_s7G3A=w800-h500-k-no,https://lh3.googleusercontent.com/gps-cs-s/AG0ilSxqoc7YLjNOPx5CHjYCWaG9-z_W9S4hGH-2wOT4lykyGApBfgY_45iNPPZZX4-S4to4n13osFAcEKllLzvsDcKzp_mUh4ryZmio82BYgLXqgqcQlI6ijOIHfBwyr02w5wl7_s7G3A=w1600-h1000-k-no,,"{""Monday"": ""Open 24 hours"", ""Tuesday"": ""Open 24 hours"", ""Wednesday"": ""Open 24 hours"", ""Thursday"": ""Open 24 hours"", ""Friday"": ""Open 24 hours"", ""Saturday"": ""Open 24 hours"", ""Sunday"": ""Open 24 hours""}","Sunday,Open 24 hours|Monday,Open 24 hours|Tuesday,Open 24 hours|Wednesday,Open 24 hours|Thursday,Open 24 hours|Friday,Open 24 hours|Saturday,Open 24 hours",Monday:Open 24 hours|Tuesday:Open 24 hours|Wednesday:Open 24 hours|Thursday:Open 24 hours|Friday:Open 24 hours|Saturday:Open 24 hours|Sunday:Open 24 hours,,,OPERATIONAL,"{""Accessibility"": {""Wheelchair accessible entrance"": true}}",,,,https://lh6.googleusercontent.com/-lUDsCopUIsg/AAAAAAAAAAI/AAAAAAAAAAA/MMAlJdu_SH0/s44-p-k-no-ns-nd/photo.jpg,,,True,106302021113001305690,Water Damage Restoration,https://www.google.com/maps/contrib/106302021113001305690,,,,,"https://www.google.com/maps/place/Water+Damage+Restoration/@40.590481499999996,-73.9500156,14z/data=!4m8!1m2!2m1!1sWater+Damage+Restoration!3m4!1s0x89c24571b9cb1c5f:0xb0203331bd7cc3b1!8m2!3d40.590481499999996!4d-73.9500156","https://www.google.com/maps/place/Water+Damage+Restoration/@40.590481499999996,-73.9500156,13.99z/data=!4m16!1m7!3m6!1s0x89c24571b9cb1c5f:0xb0203331bd7cc3b1!2sWater+Damage+Restoration!8m2!3d40.590481499999996!4d-73.9500156!16s%2Fg%2F11ckvg1dmb!3m7!1s0x89c24571b9cb1c5f:0xb0203331bd7cc3b1!8m2!3d40.590481499999996!4d-73.9500156!9m1!1b1!16s%2Fg%2F11ckvg1dmb?entry=ttu",ChIJXxzLuXFFwokRscN8vTEzILA,0x89c24571b9cb1c5f:0xb0203331bd7cc3b1,12691200038655542193,/g/11gy1ptz1j,-5755544035054009423,,info@seyego.com,RECEIVING,Role,,,,,,,,,,,,,,,,,,,,,,,,,,,,,,,,,,,,,,,,,,,,,,,,,Bronx Water Damage Service Areas [S - S],,Bronx Water Damage's Service Areas [S - S] for Bronx. For service call now (347) 830-3020,"Locksmith service areas, Bronx locksmith service area",False,False
"water damage restoration service, 70159, New Orleans, LA, US",Water Damage Restoration,Water Damage Restoration,,Water damage restoration service,Water damage restoration service,Water damage restoration service,+1 973-905-5432,mobile,T-Mobile USA Inc.,,"347 Berkeley Ave, Bloomfield, NJ 07003",None,347 Berkeley Ave,Bloomfield,07003,New Jersey,New Jersey,United States of America,US,40.7926631,-74.18565629999999,892a1044803ffff,America/New_York,,False,5.0,5.0,https://search.google.com/local/reviews?placeid=ChIJ78_a7mVVwokRLVyFsB6MC-M&q=*&authuser=0&hl=en&gl=US,,,0.0,0.0,0.0,0.0,5.0,2.0,https://streetviewpixels-pa.googleapis.com/v1/thumbnail?panoid=FVPagzW911zH72I8rFgdEw&cb_client=search.gws-prod.gps&w=800&h=500&yaw=97.95685&pitch=0&thumbfov=100,https://lh3.googleusercontent.com/gps-cs-s/AG0ilSyFKV_-AvING2ECK75P3MMkv-BNy64D9rD-TxEu3j0b0Tskrr06qc0oP1VCscRkcIWfYOrVhL8RxtwSeiew-BbRHd5vCYjzGFkOC0uVqThTlaGea60GH7jUPd943FGuUbBKXGqT=w1600-h1000-k-no,,"{""Monday"": ""8AM-9PM"", ""Tuesday"": ""8AM-9PM"", ""Wednesday"": ""8AM-9PM"", ""Thursday"": ""8AM-9PM"", ""Friday"": ""8AM-9PM"", ""Saturday"": ""9AM-5PM"", ""Sunday"": ""9AM-5PM""}","Sunday,9AM,5PM|Monday,8AM,9PM|Tuesday,8AM,9PM|Wednesday,8AM,9PM|Thursday,8AM,9PM|Friday,8AM,9PM|Saturday,9AM,5PM",Monday:8AM-9PM|Tuesday:8AM-9PM|Wednesday:8AM-9PM|Thursday:8AM-9PM|Friday:8AM-9PM|Saturday:9AM-5PM|Sunday:9AM-5PM,,,OPERATIONAL,{},,,,,,,False,None,Water Damage Restoration,,,,,,"https://www.google.com/maps/place/Water+Damage+Restoration/@40.7926631,-74.18565629999999,14z/data=!4m8!1m2!2m1!1sWater+Damage+Restoration!3m4!1s0x89c25565eedacfef:0xe30b8c1eb0855c2d!8m2!3d40.7926631!4d-74.18565629999999","https://www.google.com/maps/place/Water+Damage+Restoration/@40.7926631,-74.18565629999999,13.99z/data=!4m16!1m7!3m6!1s0x89c25565eedacfef:0xe30b8c1eb0855c2d!2sWater+Damage+Restoration!8m2!3d40.7926631!4d-74.18565629999999!16s%2Fg%2F11ckvg1dmb!3m7!1s0x89c25565eedacfef:0xe30b8c1eb0855c2d!8m2!3d40.7926631!4d-74.18565629999999!9m1!1b1!16s%2Fg%2F11ckvg1dmb?entry=ttu",ChIJ78_a7mVVwokRLVyFsB6MC-M,0x89c25565eedacfef:0xe30b8c1eb0855c2d,16360324134791896109,/g/1yg4fcd90,-2086419938917655507,,,,,,,,,,,,,,,,,,,,,,,,,,,,,,,,,,,,,,,,,,,,,,,,,,,,,,,,,,
"water damage restoration service, 70159, New Orleans, LA, US",Cleanup,Cleanup,https://www.waterdamagecleanupandrestoration.com/,Water damage restoration service,Water damage restoration service,Water damage restoration service,+1 973-221-6959,landline,Onvoy,True,"702 Bloomfield Ave, Montclair, NJ 07042",None,702 Bloomfield Ave,Montclair,07042,New Jersey,New Jersey,United States of America,US,40.8180439,-74.22318299999999,892a1045d9bffff,America/New_York,,False,5.0,7.0,https://search.google.com/local/reviews?placeid=ChIJm29iR8Orw4kRlEo-zcHvYAY&q=*&authuser=0&hl=en&gl=US,,,0.0,0.0,0.0,0.0,7.0,1.0,https://streetviewpixels-pa.googleapis.com/v1/thumbnail?panoid=A2nC-ozhKqRdKIvRHMkSsA&cb_client=search.gws-prod.gps&w=800&h=500&yaw=232.64284&pitch=0&thumbfov=100,https://streetviewpixels-pa.googleapis.com/v1/thumbnail?panoid=A2nC-ozhKqRdKIvRHMkSsA&cb_client=search.gws-prod.gps&w=1600&h=1000&yaw=232.64284&pitch=0&thumbfov=100,,,,,,,OPERATIONAL,{},,,,https://lh4.googleusercontent.com/-MZ-Sv8dQG6U/AAAAAAAAAAI/AAAAAAAAAAA/lnhlhgfb5UU/s44-p-k-no-ns-nd/photo.jpg,,,True,107419071954267266075,Cleanup,https://www.google.com/maps/contrib/107419071954267266075,,,,,"https://www.google.com/maps/place/Cleanup/@40.8180439,-74.22318299999999,14z/data=!4m8!1m2!2m1!1sCleanup!3m4!1s0x89c3abc347626f9b:0x660efc1cd3e4a94!8m2!3d40.8180439!4d-74.22318299999999","https://www.google.com/maps/place/Cleanup/@40.8180439,-74.22318299999999,13.99z/data=!4m16!1m7!3m6!1s0x89c3abc347626f9b:0x660efc1cd3e4a94!2sCleanup!8m2!3d40.8180439!4d-74.22318299999999!16s%2Fg%2F11ckvg1dmb!3m7!1s0x89c3abc347626f9b:0x660efc1cd3e4a94!8m2!3d40.8180439!4d-74.22318299999999!9m1!1b1!16s%2Fg%2F11ckvg1dmb?entry=ttu",ChIJm29iR8Orw4kRlEo-zcHvYAY,0x89c3abc347626f9b:0x660efc1cd3e4a94,459630777642928788,/g/11tgg3896_,459630777642928788,,,,,,,,,,,,,,,,,,,,,,,,,,19732216959,landline,Onvoy,True,,,,,,,,,,,,,,,,,,,,,,,,"Water damage restoration and mold removal in Montclair, NJ.",,"Expert water damage restoration, sewage backup and mold removal services in Montclair, & Essex County NJ. Emergency call-outs, qualified technicians, efficient and professional",,False,True
"water damage restoration service, 70159, New Orleans, LA, US",New Jersey Water Damage Restoration,New Jersey Water Damage Restoration,https://www.newjerseywaterdamagerestoration.com/,Water damage restoration service,Water damage restoration service,Water damage restoration service,+1 551-239-7884,landline,,,"310 Franklin Ave, Wyckoff, NJ 07481",None,310 Franklin Ave,Wyckoff,07481,New Jersey,New Jersey,United States of America,US,41.0108563,-74.1653546,892a105543bffff,America/New_York,,False,5.0,5.0,https://search.google.com/local/reviews?placeid=ChIJb9S8z4vNJIgRENd0wlzVn4g&q=*&authuser=0&hl=en&gl=US,,,0.0,0.0,0.0,0.0,5.0,4.0,https://lh3.googleusercontent.com/gps-cs-s/AG0ilSxzaZwF4ZGchNt1y2o_TRReN2hrpAGHeAMS0TkvaFAB2GNjAAUQD47x00XbU9WYK13W4qa89yXRLgmNN7gEpwVhpm8Nvi9CwzPIllcI1kQJDrlWyoEIgqa_X0rBVqK-dQCNk73c=w800-h500-k-no,https://lh3.googleusercontent.com/gps-cs-s/AG0ilSxzaZwF4ZGchNt1y2o_TRReN2hrpAGHeAMS0TkvaFAB2GNjAAUQD47x00XbU9WYK13W4qa89yXRLgmNN7gEpwVhpm8Nvi9CwzPIllcI1kQJDrlWyoEIgqa_X0rBVqK-dQCNk73c=w1600-h1000-k-no,,"{""Monday"": ""Open 24 hours"", ""Tuesday"": ""Open 24 hours"", ""Wednesday"": ""Open 24 hours"", ""Thursday"": ""Open 24 hours"", ""Friday"": ""Open 24 hours"", ""Saturday"": ""Open 24 hours"", ""Sunday"": ""Open 24 hours""}","Sunday,Open 24 hours|Monday,Open 24 hours|Tuesday,Open 24 hours|Wednesday,Open 24 hours|Thursday,Open 24 hours|Friday,Open 24 hours|Saturday,Open 24 hours",Monday:Open 24 hours|Tuesday:Open 24 hours|Wednesday:Open 24 hours|Thursday:Open 24 hours|Friday:Open 24 hours|Saturday:Open 24 hours|Sunday:Open 24 hours,,,OPERATIONAL,"{""Accessibility"": {""Wheelchair accessible parking lot"": true}}",,,,https://lh6.googleusercontent.com/-dvJKUnSZjss/AAAAAAAAAAI/AAAAAAAAAAA/__14DMJLNEc/s44-p-k-no-ns-nd/photo.jpg,,,True,111241654043939558487,New Jersey Water Damage Restoration,https://www.google.com/maps/contrib/111241654043939558487,,,,,"https://www.google.com/maps/place/New+Jersey+Water+Damage+Restoration/@41.0108563,-74.1653546,14z/data=!4m8!1m2!2m1!1sNew+Jersey+Water+Damage+Restoration!3m4!1s0x8824cd8bcfbcd46f:0x889fd55cc274d710!8m2!3d41.0108563!4d-74.1653546","https://www.google.com/maps/place/New+Jersey+Water+Damage+Restoration/@41.0108563,-74.1653546,13.99z/data=!4m16!1m7!3m6!1s0x8824cd8bcfbcd46f:0x889fd55cc274d710!2sNew+Jersey+Water+Damage+Restoration!8m2!3d41.0108563!4d-74.1653546!16s%2Fg%2F11ckvg1dmb!3m7!1s0x8824cd8bcfbcd46f:0x889fd55cc274d710!8m2!3d41.0108563!4d-74.1653546!9m1!1b1!16s%2Fg%2F11ckvg1dmb?entry=ttu",ChIJb9S8z4vNJIgRENd0wlzVn4g,0x8824cd8bcfbcd46f:0x889fd55cc274d710,9844821904831338256,/g/11t5m3yn8p,-8601922168878213360,,cs@newjerseywaterdamagerestoration.com,RECEIVING,Verified,,,,,,,,,,,,,,,,,,,,,,15512397884,landline,,,,,,,,,,,,,,,,,,,,,,,,,,"Rapid sewage backup cleaning & flood damage restoration in Wyckoff, Wyckoff.",,"Expert sewage backup and mold removal services in Wyckoff, NJ. 24/7 emergency response, Industrial machinery, skilled staff, affordable prices",,False,False
"water damage restoration service, 70159, New Orleans, LA, US",Restoration Doctor of Washington DC Water Removal,Restoration Doctor Of Washington Dc Water Removal,http://www.restorationdoctordc.com/,"Water damage restoration service, Fire damage restoration service",Water damage restoration service,Water damage restoration service,+1 202-922-1444,landline,,,"4315 50th St NW Suite 100 #7112, Washington, DC 20016",Spring Valley,4315 50th St NW Suite 100 #7112,Washington,20016,District of Columbia,District Of Columbia,United States of America,US,38.9457155,-77.0982193,892aa84e3b3ffff,America/New_York,,False,4.9,216.0,https://search.google.com/local/reviews?placeid=ChIJfy832vHJt4kRqLfgpyQ5ye0&q=*&authuser=0&hl=en&gl=US,,,4.0,0.0,0.0,0.0,212.0,1665.0,https://lh3.googleusercontent.com/p/AF1QipPq8jUlVWiVQplA2FTKSh4tfWVJV3Sj3U4149xa=w800-h500-k-no,https://lh3.googleusercontent.com/p/AF1QipPq8jUlVWiVQplA2FTKSh4tfWVJV3Sj3U4149xa=w1600-h1000-k-no,,"{""Monday"": ""Open 24 hours"", ""Tuesday"": ""Open 24 hours"", ""Wednesday"": ""Open 24 hours"", ""Thursday"": ""Open 24 hours"", ""Friday"": ""Open 24 hours"", ""Saturday"": ""Open 24 hours"", ""Sunday"": ""Open 24 hours""}","Sunday,Open 24 hours|Monday,Open 24 hours|Tuesday,Open 24 hours|Wednesday,Open 24 hours|Thursday,Open 24 hours|Friday,Open 24 hours|Saturday,Open 24 hours",Monday:Open 24 hours|Tuesday:Open 24 hours|Wednesday:Open 24 hours|Thursday:Open 24 hours|Friday:Open 24 hours|Saturday:Open 24 hours|Sunday:Open 24 hours,,,OPERATIONAL,"{""Service options"": {""Online estimates"": true, ""Onsite services"": true}, ""Accessibility"": {""Wheelchair accessible entrance"": true, ""Wheelchair accessible parking lot"": true}}",,,,https://lh4.googleusercontent.com/-P6Aczc7PDVM/AAAAAAAAAAI/AAAAAAAAAAA/CEkuS6xrPFQ/s44-p-k-no-ns-nd/photo.jpg,,,True,113142199774533066205,Restoration Doctor of Washington DC Water Removal,https://www.google.com/maps/contrib/113142199774533066205,,,,,"https://www.google.com/maps/place/Restoration+Doctor+of+Washington+DC+Water+Removal/@38.9457155,-77.0982193,14z/data=!4m8!1m2!2m1!1sRestoration+Doctor+of+Washington+DC+Water+Removal!3m4!1s0x89b7c9f1da372f7f:0xedc93924a7e0b7a8!8m2!3d38.9457155!4d-77.0982193","https://www.google.com/maps/place/Restoration+Doctor+of+Washington+DC+Water+Removal/@38.9457155,-77.0982193,13.99z/data=!4m16!1m7!3m6!1s0x89b7c9f1da372f7f:0xedc93924a7e0b7a8!2sRestoration+Doctor+of+Washington+DC+Water+Removal!8m2!3d38.9457155!4d-77.0982193!16s%2Fg%2F11ckvg1dmb!3m7!1s0x89b7c9f1da372f7f:0xedc93924a7e0b7a8!8m2!3d38.9457155!4d-77.0982193!9m1!1b1!16s%2Fg%2F11ckvg1dmb?entry=ttu",ChIJfy832vHJt4kRqLfgpyQ5ye0,0x89b7c9f1da372f7f:0xedc93924a7e0b7a8,17134289086905890728,/g/11vyx6_v1q,-1312454986803660888,,info@restorationdoctorva.com,RECEIVING,SMTP validated,,,,,,info@restorationdoctordc.com,RECEIVING,Catch All,,,,,,,,,,,,,,12029221444,landline,,,18882935663,,toll_free,,2029221444,,landline,,https://www.facebook.com/restoration.doctor.dc/,https://www.instagram.com/restorationdr.dc,https://www.linkedin.com/company/restoration-doctor-of-washington-dc,,,,,,,,https://twitter.com/Restorationdctr,,,,,About – Restoration Doctor,WordPress 6.7.1,"Water Damage Washington DC | BBB A+ rated, HomeAdvisor and Angie's List award winners. 24/7 live calls, on our way in 45 minutes or less. Insurance claim specialists who take care of all your needs start to finish.",,False,True
"water damage restoration service, 70159, New Orleans, LA, US",Water Damage Restoration Long Island,Water Damage Restoration Long Island,http://waterrestorationlongisland.com/,"Water damage restoration service, Carpet cleaning service, Waste management service",Water damage restoration service,Water damage restoration service,+1 516-271-4320,fixed line,"ONVOY, LLC  NY",,"371 Merrick Rd 2nd Fl, Ste 229, Rockville Centre, NY 11570",None,"371 Merrick Rd 2nd Fl, Ste 229",Rockville Centre,11570,New York,New York,United States of America,US,40.7577504,-73.3349479,892a10a100bffff,America/New_York,,False,5.0,16.0,https://search.google.com/local/reviews?placeid=ChIJZyilYW57wokRPoB3zwASJNo&q=*&authuser=0&hl=en&gl=US,,,0.0,0.0,0.0,0.0,16.0,5.0,https://lh3.googleusercontent.com/p/AF1QipM-Ecv13fNVzFUNIBEgLSu4V3RRKv4lYIGr0vpS=w800-h500-k-no,https://lh3.googleusercontent.com/p/AF1QipM-Ecv13fNVzFUNIBEgLSu4V3RRKv4lYIGr0vpS=w1600-h1000-k-no,,"{""Monday"": ""Open 24 hours"", ""Tuesday"": ""Open 24 hours"", ""Wednesday"": ""Open 24 hours"", ""Thursday"": ""Open 24 hours"", ""Friday"": ""12AM-4PM"", ""Saturday"": ""7PM-12AM"", ""Sunday"": ""Open 24 hours""}","Sunday,Open 24 hours|Monday,Open 24 hours|Tuesday,Open 24 hours|Wednesday,Open 24 hours|Thursday,Open 24 hours|Friday,12AM,4PM|Saturday,7PM,12AM",Monday:Open 24 hours|Tuesday:Open 24 hours|Wednesday:Open 24 hours|Thursday:Open 24 hours|Friday:12AM-4PM|Saturday:7PM-12AM|Sunday:Open 24 hours,,,OPERATIONAL,"{""Service options"": {""Online estimates"": true, ""Onsite services"": true}}",,,,https://lh6.googleusercontent.com/-fI73CqMIRWg/AAAAAAAAAAI/AAAAAAAAAAA/-OMvzehuGyg/s44-p-k-no-ns-nd/photo.jpg,,,True,102289712883913031197,Water Damage Restoration Long Island,https://www.google.com/maps/contrib/102289712883913031197,,https://waterrestorationlongisland.com/,,https://waterrestorationlongisland.com/,"https://www.google.com/maps/place/Water+Damage+Restoration+Long+Island/@40.7577504,-73.3349479,14z/data=!4m8!1m2!2m1!1sWater+Damage+Restoration+Long+Island!3m4!1s0x89c27b6e61a52867:0xda241200cf77803e!8m2!3d40.7577504!4d-73.3349479","https://www.google.com/maps/place/Water+Damage+Restoration+Long+Island/@40.7577504,-73.3349479,13.99z/data=!4m16!1m7!3m6!1s0x89c27b6e61a52867:0xda241200cf77803e!2sWater+Damage+Restoration+Long+Island!8m2!3d40.7577504!4d-73.3349479!16s%2Fg%2F11ckvg1dmb!3m7!1s0x89c27b6e61a52867:0xda241200cf77803e!8m2!3d40.7577504!4d-73.3349479!9m1!1b1!16s%2Fg%2F11ckvg1dmb?entry=ttu",ChIJZyilYW57wokRPoB3zwASJNo,0x89c27b6e61a52867:0xda241200cf77803e,15718708394119888958,/g/11rj54mxzz,-2728035679589662658,,info@waterrestorationlongisland.com,BLACKLISTED,Complainer,,,,,,,,,,,,,,,,,,,,,,,,,,,,,,,,,,,,https://www.linkedin.com/company/water-damage-restoration-long-island/,,,,,,,,https://twitter.com/wdrestorationli,,https://www.youtube.com/channel/UC4WpL8oJUDAVwZNRx93B3xA,,,Privacy Policy - Water Damage Restoration,"Elementor 3.32.3; features: additional_custom_breakpoints; settings: css_print_method-internal, google_font-enabled, font_display-auto","Emergency damage restoration in Nassau specializes in restoring homes that have been damaged by water, mold, and fire. We're here to help!",,False,False
"water damage restoration service, 70159, New Orleans, LA, US",Water Damage Restoration Inc,Water Damage Restoration,http://waterdamagerestorationlongislandny.com/,"Water damage restoration service, Service establishment",Water damage restoration service,Water damage restoration service,+1 516-629-0773,landline,,,,,,,,,,,,40.697649999999996,-73.649979,892a1004c57ffff,America/New_York,,True,5.0,50.0,,,,0.0,0.0,0.0,0.0,50.0,,,,,"{""Monday"": ""Open 24 hours"", ""Tuesday"": ""Open 24 hours"", ""Wednesday"": ""Open 24 hours"", ""Thursday"": ""Open 24 hours"", ""Friday"": ""Open 24 hours"", ""Saturday"": ""Open 24 hours"", ""Sunday"": ""Open 24 hours""}","Sunday,Open 24 hours|Monday,Open 24 hours|Tuesday,Open 24 hours|Wednesday,Open 24 hours|Thursday,Open 24 hours|Friday,Open 24 hours|Saturday,Open 24 hours",Monday:Open 24 hours|Tuesday:Open 24 hours|Wednesday:Open 24 hours|Thursday:Open 24 hours|Friday:Open 24 hours|Saturday:Open 24 hours|Sunday:Open 24 hours,,,OPERATIONAL,{},,,,https://lh6.googleusercontent.com/-qjP4FzgNxS8/AAAAAAAAAAI/AAAAAAAAAAA/gCBJISQAaq4/s44-p-k-no-ns-nd/photo.jpg,,,True,105243802682638124067,Water Damage Restoration Inc,https://www.google.com/maps/contrib/105243802682638124067,,,,,"https://www.google.com/maps/place/Water+Damage+Restoration+Inc/@40.697649999999996,-73.649979,14z/data=!4m8!1m2!2m1!1sWater+Damage+Restoration+Inc!3m4!1s0x89e82f10456921af:0x9e4cb66ab1470d09!8m2!3d40.697649999999996!4d-73.649979","https://www.google.com/maps/place/Water+Damage+Restoration+Inc/@40.697649999999996,-73.649979,13.99z/data=!4m16!1m7!3m6!1s0x89e82f10456921af:0x9e4cb66ab1470d09!2sWater+Damage+Restoration+Inc!8m2!3d40.697649999999996!4d-73.649979!16s%2Fg%2F11ckvg1dmb!3m7!1s0x89e82f10456921af:0x9e4cb66ab1470d09!8m2!3d40.697649999999996!4d-73.649979!9m1!1b1!16s%2Fg%2F11ckvg1dmb?entry=ttu",ChIJryFpRRAv6IkRCQ1HsWq2TJ4,0x89e82f10456921af:0x9e4cb66ab1470d09,11406692525579635977,/g/11gjtql35n,None,,,,,,,,,,,,,,,,,,,,,,,,,,15166290770,landline,,,5166290770,,landline,,,,,,http://www.facebook.com/water-damager-restoration-corp-cedarhurst-254796015175898,,,,,,,,,,http://www.twitter.com/long_damage,,,,,"Fire | Mold | Water Damage Restoration Company Long Island, NY","Elementor 3.27.5; settings: css_print_method-external, google_font-enabled, font_display-swap","Dealing with water, fire, or mold damage can be a daunting challenge. By relying on professional restoration services in Long Island, you can ensure quick, efficient, and thorough restoration of your property.",,False,False
"water damage restoration service, 70159, New Orleans, LA, US",Water Damage & Restoration,Water Damage And Restoration,http://www.waterdamageandrestoration.com/,"Water damage restoration service, Building restoration service, Crime victim service, Debris removal service, Fire damage restoration service",Water damage restoration service,Water damage restoration service,+1 267-651-6688,landline,,,"407 S 10th St #105, Philadelphia, PA 19147",Center City,407 S 10th St #105,Philadelphia,19147,Pennsylvania,Pennsylvania,United States of America,US,39.9443931,-75.15813039999999,892a134d463ffff,America/New_York,,False,4.9,56.0,https://search.google.com/local/reviews?placeid=ChIJh9z8mmZNwYkRrjjkEobA554&q=*&authuser=0&hl=en&gl=US,,,1.0,0.0,0.0,0.0,55.0,52.0,https://lh3.googleusercontent.com/p/AF1QipPJMoO0Rs6Gwii1-xJmnw4fiaWoTUbS2QVJcdzy=w800-h500-k-no,https://lh3.googleusercontent.com/p/AF1QipPJMoO0Rs6Gwii1-xJmnw4fiaWoTUbS2QVJcdzy=w1600-h1000-k-no,,"{""Monday"": ""Open 24 hours"", ""Tuesday"": ""Open 24 hours"", ""Wednesday"": ""Open 24 hours"", ""Thursday"": ""Open 24 hours"", ""Friday"": ""Open 24 hours"", ""Saturday"": ""Open 24 hours"", ""Sunday"": ""Open 24 hours""}","Sunday,Open 24 hours|Monday,Open 24 hours|Tuesday,Open 24 hours|Wednesday,Open 24 hours|Thursday,Open 24 hours|Friday,Open 24 hours|Saturday,Open 24 hours",Monday:Open 24 hours|Tuesday:Open 24 hours|Wednesday:Open 24 hours|Thursday:Open 24 hours|Friday:Open 24 hours|Saturday:Open 24 hours|Sunday:Open 24 hours,,,OPERATIONAL,"{""From the business"": {""Identifies as veteran-owned"": true}, ""Service options"": {""Onsite services"": true, ""Online estimates"": false}, ""Accessibility"": {""Wheelchair accessible parking lot"": true}, ""Parking"": {""On-site parking"": true}, ""Other"": {""Identifies as veteran-owned"": true}}",,,,https://lh4.googleusercontent.com/-Gwhdzq2Aln8/AAAAAAAAAAI/AAAAAAAAAAA/gVGZgR2zNzI/s44-p-k-no-ns-nd/photo.jpg,,,True,116878878758174481007,Water Damage & Restoration,https://www.google.com/maps/contrib/116878878758174481007,,https://www.waterdamageandrestoration.com/,,https://www.waterdamageandrestoration.com/,"https://www.google.com/maps/place/Water+Damage+%26+Restoration/@39.9443931,-75.15813039999999,14z/data=!4m8!1m2!2m1!1sWater+Damage+%26+Restoration!3m4!1s0x89c14d669afcdc87:0x9ee7c08612e438ae!8m2!3d39.9443931!4d-75.15813039999999","https://www.google.com/maps/place/Water+Damage+%26+Restoration/@39.9443931,-75.15813039999999,13.99z/data=!4m16!1m7!3m6!1s0x89c14d669afcdc87:0x9ee7c08612e438ae!2sWater+Damage+%26+Restoration!8m2!3d39.9443931!4d-75.15813039999999!16s%2Fg%2F11ckvg1dmb!3m7!1s0x89c14d669afcdc87:0x9ee7c08612e438ae!8m2!3d39.9443931!4d-75.15813039999999!9m1!1b1!16s%2Fg%2F11ckvg1dmb?entry=ttu",ChIJh9z8mmZNwYkRrjjkEobA554,0x89c14d669afcdc87:0x9ee7c08612e438ae,11450332259687872686,/g/11rvdfct85,-6996411814021678930,,info@waterdamageandrestoration.com,BLACKLISTED,Complainer,,,,,,,,,,,,,,,,,,,,,,18889928371,toll_free,,,,,,,,,,,,,,,,,,,,,,,,,,"Home Restoration Services in Philadelphia, PA | Disaster Restoration in Philadelphia, PA | Restoration 360",WordPress 6.6.2,"Restoration 360 is a home restoration company that specializes in disaster recovery. We provide restoration services to residents in Philadelphia, PA & surrounding areas. Contact us today to learn more!",,False,False
"water damage restoration service, 70159, New Orleans, LA, US",Water Damage Experts LLC,Water Damage Experts,http://www.water-damage-experts.com/,"Water damage restoration service, Air duct cleaning service, Art restoration service, Dry cleaner, Fire damage restoration service, Home inspector",Water damage restoration service,Water damage restoration service,+1 203-745-2008,landline,,,"7 Elderberry Ln, Ridgefield, CT 06877",None,7 Elderberry Ln,Ridgefield,06877,Connecticut,Connecticut,United States of America,US,41.2985258,-73.4905502,892a109b15bffff,America/New_York,,False,5.0,3.0,https://search.google.com/local/reviews?placeid=ChIJAdQlBAunwokRohvA4A3vpfI&q=*&authuser=0&hl=en&gl=US,,,0.0,0.0,0.0,0.0,3.0,16.0,https://lh3.googleusercontent.com/p/AF1QipP_26kT2vtIjA0685RJyvdaDUB7hZLLdnQsHWXb=w800-h500-k-no,https://lh3.googleusercontent.com/p/AF1QipP_26kT2vtIjA0685RJyvdaDUB7hZLLdnQsHWXb=w1600-h1000-k-no,,,,,,,CLOSED_TEMPORARILY,{},,,,https://lh5.googleusercontent.com/-d3qZ9nPv92k/AAAAAAAAAAI/AAAAAAAAAAA/uEhz7LErH1E/s44-p-k-no-ns-nd/photo.jpg,,,True,117211285491456440972,Water Damage Experts LLC,https://www.google.com/maps/contrib/117211285491456440972,,,,,"https://www.google.com/maps/place/Water+Damage+Experts+LLC/@41.2985258,-73.4905502,14z/data=!4m8!1m2!2m1!1sWater+Damage+Experts+LLC!3m4!1s0x89c2a70b0425d401:0xf2a5ef0de0c01ba2!8m2!3d41.2985258!4d-73.4905502","https://www.google.com/maps/place/Water+Damage+Experts+LLC/@41.2985258,-73.4905502,13.99z/data=!4m16!1m7!3m6!1s0x89c2a70b0425d401:0xf2a5ef0de0c01ba2!2sWater+Damage+Experts+LLC!8m2!3d41.2985258!4d-73.4905502!16s%2Fg%2F11ckvg1dmb!3m7!1s0x89c2a70b0425d401:0xf2a5ef0de0c01ba2!8m2!3d41.2985258!4d-73.4905502!9m1!1b1!16s%2Fg%2F11ckvg1dmb?entry=ttu",ChIJAdQlBAunwokRohvA4A3vpfI,0x89c2a70b0425d401:0xf2a5ef0de0c01ba2,17484643971220118434,/g/11c5s85zb2,-962100102489433182,,,,,,,,,,,,,,,,,,,,,,,,,,2037452008,landline,,,18603658065,Centurylink,landline,True,19147758155,Bandwidth.com,landline,True,https://www.facebook.com/Water-Damage-Experts-284497025254400/,,,,,,,,,,,,,,,Contacts – Water Damage Experts,WordPress 4.8.8,"Free Estimate & Inspection.We serve all Connecticut and New York.Water damage restoration, mold remediation, sewage cleanup.Call Us at (203) 745-2008.",,False,False
"water damage restoration service, 70160, New Orleans, LA, US",Suds Dem Duds,Suds Dem Duds,,Laundromat,Laundromat,Laundromat,+1 504-345-2828,mobile,T-Mobile USA Inc.,,"1101 Bourbon St, New Orleans, LA 70116",French Quarter,1101 Bourbon St,New Orleans,70116,Louisiana,Louisiana,United States of America,US,29.9619607,-90.0628073,8944464202fffff,America/Chicago,,False,4.8,459.0,https://search.google.com/local/reviews?placeid=ChIJi0lqhhCmIIYRN5bhrqSWY_E&q=*&authuser=0&hl=en&gl=US,,,16.0,1.0,3.0,11.0,428.0,106.0,https://lh3.googleusercontent.com/gps-cs-s/AG0ilSxthET9-DsUbp-XtmpdB4StXnZSlNETV9HRRM3BUNgFalaEvEYx37zWrBAOBnjsvxbVZ4PLFxEC-b4S3zi4jqhqhoj5Q7CK6ubsXgjcL8HOO8JI2U3427QGyYs_mFEGAHR-s_SX77WjzT3R=w800-h500-k-no,https://lh3.googleusercontent.com/gps-cs-s/AG0ilSxthET9-DsUbp-XtmpdB4StXnZSlNETV9HRRM3BUNgFalaEvEYx37zWrBAOBnjsvxbVZ4PLFxEC-b4S3zi4jqhqhoj5Q7CK6ubsXgjcL8HOO8JI2U3427QGyYs_mFEGAHR-s_SX77WjzT3R=w1600-h1000-k-no,,"{""Sunday"": ""Closed"", ""Monday"": ""9AM-5PM"", ""Tuesday"": ""9AM-5PM"", ""Wednesday"": ""9AM-5PM"", ""Thursday"": ""3-8PM"", ""Friday"": ""9AM-5PM"", ""Saturday"": ""9AM-4PM""}","Sunday,|Monday,9AM,5PM|Tuesday,9AM,5PM|Wednesday,9AM,5PM|Thursday,3,8PM|Friday,9AM,5PM|Saturday,9AM,4PM",Sunday:Closed|Monday:9AM-5PM|Tuesday:9AM-5PM|Wednesday:9AM-5PM|Thursday:3-8PM|Friday:9AM-5PM|Saturday:9AM-4PM,,,OPERATIONAL,"{""From the business"": {""Identifies as women-owned"": true}, ""Service options"": {""Onsite services"": true}, ""Crowd"": {""LGBTQ+ friendly"": true, ""Transgender safespace"": true}, ""Other"": {""LGBTQ+ friendly"": true, ""Identifies as women-owned"": true}}",,,,https://lh6.googleusercontent.com/-OGMB8CORF84/AAAAAAAAAAI/AAAAAAAAAAA/97QuWCoThbc/s44-p-k-no-ns-nd/photo.jpg,,,True,114179708120117609481,Suds Dem Duds,https://www.google.com/maps/contrib/114179708120117609481,,,,,"https://www.google.com/maps/place/Suds+Dem+Duds/@29.9619607,-90.0628073,14z/data=!4m8!1m2!2m1!1sSuds+Dem+Duds!3m4!1s0x8620a610866a498b:0xf16396a4aee19637!8m2!3d29.9619607!4d-90.0628073","https://www.google.com/maps/place/Suds+Dem+Duds/@29.9619607,-90.0628073,13.99z/data=!4m16!1m7!3m6!1s0x8620a610866a498b:0xf16396a4aee19637!2sSuds+Dem+Duds!8m2!3d29.9619607!4d-90.0628073!16s%2Fg%2F11ckvg1dmb!3m7!1s0x8620a610866a498b:0xf16396a4aee19637!8m2!3d29.9619607!4d-90.0628073!9m1!1b1!16s%2Fg%2F11ckvg1dmb?entry=ttu",ChIJi0lqhhCmIIYRN5bhrqSWY_E,0x8620a610866a498b:0xf16396a4aee19637,17393911819887810103,/g/1tj73z4c,-1052832253821741513,,,,,,,,,,,,,,,,,,,,,,,,,,,,,,,,,,,,,,,,,,,,,,,,,,,,,,,,,,
"water damage restoration service, 70165, New Orleans, LA, US",United Water Restoration Group of Colorado Springs,United Water Restoration Group Of Colorado Springs,https://uwrgcoloradospringsco.com/,"Water damage restoration service, Building restoration service, Fire damage restoration service, Sanitation service",Water damage restoration service,Water damage restoration service,+1 719-418-2271,landline,,,"2852 Janitell Rd, Colorado Springs, CO 80906",Southeast Colorado Springs,2852 Janitell Rd,Colorado Springs,80906,Colorado,Colorado,United States of America,US,38.791792799999996,-104.79060609999999,89268c6c4b7ffff,America/Denver,,False,5.0,55.0,https://search.google.com/local/reviews?placeid=ChIJ55nmZFZFE4cRvZrvBZe4X7w&q=*&authuser=0&hl=en&gl=US,,,0.0,0.0,0.0,1.0,54.0,22.0,https://lh3.googleusercontent.com/p/AF1QipOdOvy83eTZG7l51TkPAG0i0UT8GyNumZ5jEAmM=w800-h500-k-no,https://lh3.googleusercontent.com/p/AF1QipOdOvy83eTZG7l51TkPAG0i0UT8GyNumZ5jEAmM=w1600-h1000-k-no,,"{""Sunday"": ""Open 24 hours"", ""Monday"": ""Open 24 hours"", ""Tuesday"": ""Open 24 hours"", ""Wednesday"": ""Open 24 hours"", ""Thursday"": ""Open 24 hours"", ""Friday"": ""Open 24 hours"", ""Saturday"": ""Open 24 hours""}","Sunday,Open 24 hours|Monday,Open 24 hours|Tuesday,Open 24 hours|Wednesday,Open 24 hours|Thursday,Open 24 hours|Friday,Open 24 hours|Saturday,Open 24 hours",Sunday:Open 24 hours|Monday:Open 24 hours|Tuesday:Open 24 hours|Wednesday:Open 24 hours|Thursday:Open 24 hours|Friday:Open 24 hours|Saturday:Open 24 hours,,,OPERATIONAL,"{""From the business"": {""Identifies as veteran-owned"": true}, ""Service options"": {""Onsite services"": true}, ""Accessibility"": {""Wheelchair accessible entrance"": true, ""Wheelchair accessible parking lot"": true}, ""Other"": {""Identifies as veteran-owned"": true}}",,,,https://lh3.googleusercontent.com/-98AN1MQJDLA/AAAAAAAAAAI/AAAAAAAAAAA/Xj3RVWcT4Ts/s44-p-k-no-ns-nd/photo.jpg,,,True,109704352852949232530,United Water Restoration Group of Colorado Springs,https://www.google.com/maps/contrib/109704352852949232530,,,,,"https://www.google.com/maps/place/United+Water+Restoration+Group+of+Colorado+Springs/@38.791792799999996,-104.79060609999999,14z/data=!4m8!1m2!2m1!1sUnited+Water+Restoration+Group+of+Colorado+Springs!3m4!1s0x8713455664e699e7:0xbc5fb89705ef9abd!8m2!3d38.791792799999996!4d-104.79060609999999","https://www.google.com/maps/place/United+Water+Restoration+Group+of+Colorado+Springs/@38.791792799999996,-104.79060609999999,13.99z/data=!4m16!1m7!3m6!1s0x8713455664e699e7:0xbc5fb89705ef9abd!2sUnited+Water+Restoration+Group+of+Colorado+Springs!8m2!3d38.791792799999996!4d-104.79060609999999!16s%2Fg%2F11ckvg1dmb!3m7!1s0x8713455664e699e7:0xbc5fb89705ef9abd!8m2!3d38.791792799999996!4d-104.79060609999999!9m1!1b1!16s%2Fg%2F11ckvg1dmb?entry=ttu",ChIJ55nmZFZFE4cRvZrvBZe4X7w,0x8713455664e699e7:0xbc5fb89705ef9abd,13573770760697125565,/g/11hf3y9wly,-4872973313012426051,,egittlem@amfam.com,RECEIVING,SMTP validated,,,,,,sales@unitedwaterrestoration.com,RECEIVING,SMTP validated,,,,,,,,,,,,,,7194182271,landline,,,,,,,,,,,https://www.facebook.com/uwrgcoloradospringsco,https://www.instagram.com/unitedwatercosprings,https://www.linkedin.com/company/united-water-restoration-group/,,,,,,,,https://twitter.com/unitedwaterco,,https://www.youtube.com/channel/UC-fjKR6H7j3sfCuJo5ULusA,,,"Colorado Springs, CO - Water, Fire, & Mold Restoration Service",WordPress 6.1.1,"Get A Free Visual Assessment. 24/7 Emergency Service For Any Water, Fire, & Mold, Sewage Remediation & Restoration!",,False,False
"water damage restoration service, 70165, New Orleans, LA, US",Flood Damage Restoration of Colorado Springs,Flood Damage Restoration Of Colorado Springs,https://fdrestoration.net/colorado-springs-restoration-company/%3Futm_source%3Dgoogle%26utm_medium%3Dmaps%26utm_campaign%3Dlocal_listing,"Water damage restoration service, Carpet cleaning service, Fire damage restoration service, Plumber, Sewage disposal service",Water damage restoration service,Water damage restoration service,+1 719-667-0095,fixed line,QWEST CORPORATION,,"3905 S U.S. Hwy 85 87, Colorado Springs, CO 80911",Southeast Colorado Springs,3905 S U.S. Hwy 85 87,Colorado Springs,80911,Colorado,Colorado,United States of America,US,38.7778735,-104.7720576,89268c6c5bbffff,America/Denver,,False,5.0,196.0,https://search.google.com/local/reviews?placeid=ChIJB62mbuRFE4cRd-MtdUzKfEw&q=*&authuser=0&hl=en&gl=US,,,0.0,0.0,1.0,0.0,195.0,354.0,https://lh3.googleusercontent.com/p/AF1QipOVyYye_26ORpgXGnsvWspOZ8r4DKySuNpcazvF=w800-h500-k-no,https://lh3.googleusercontent.com/p/AF1QipOVyYye_26ORpgXGnsvWspOZ8r4DKySuNpcazvF=w1600-h1000-k-no,,"{""Sunday"": ""Open 24 hours"", ""Monday"": ""Open 24 hours"", ""Tuesday"": ""Open 24 hours"", ""Wednesday"": ""Open 24 hours"", ""Thursday"": ""Open 24 hours"", ""Friday"": ""Open 24 hours"", ""Saturday"": ""Open 24 hours""}","Sunday,Open 24 hours|Monday,Open 24 hours|Tuesday,Open 24 hours|Wednesday,Open 24 hours|Thursday,Open 24 hours|Friday,Open 24 hours|Saturday,Open 24 hours",Sunday:Open 24 hours|Monday:Open 24 hours|Tuesday:Open 24 hours|Wednesday:Open 24 hours|Thursday:Open 24 hours|Friday:Open 24 hours|Saturday:Open 24 hours,,,OPERATIONAL,"{""From the business"": {""Identifies as veteran-owned"": true}, ""Service options"": {""Online estimates"": true, ""Onsite services"": true}, ""Accessibility"": {""Wheelchair accessible entrance"": true, ""Wheelchair accessible parking lot"": true}, ""Other"": {""Identifies as veteran-owned"": true}}",,,,https://lh3.googleusercontent.com/-3xjpK9XLvY4/AAAAAAAAAAI/AAAAAAAAAAA/EzMaAY5YON8/s44-p-k-no-ns-nd/photo.jpg,,,True,109191653920100772360,Flood Damage Restoration of Colorado Springs,https://www.google.com/maps/contrib/109191653920100772360,,,,,"https://www.google.com/maps/place/Flood+Damage+Restoration+of+Colorado+Springs/@38.7778735,-104.7720576,14z/data=!4m8!1m2!2m1!1sFlood+Damage+Restoration+of+Colorado+Springs!3m4!1s0x871345e46ea6ad07:0x4c7cca4c752de377!8m2!3d38.7778735!4d-104.7720576","https://www.google.com/maps/place/Flood+Damage+Restoration+of+Colorado+Springs/@38.7778735,-104.7720576,13.99z/data=!4m16!1m7!3m6!1s0x871345e46ea6ad07:0x4c7cca4c752de377!2sFlood+Damage+Restoration+of+Colorado+Springs!8m2!3d38.7778735!4d-104.7720576!16s%2Fg%2F11ckvg1dmb!3m7!1s0x871345e46ea6ad07:0x4c7cca4c752de377!8m2!3d38.7778735!4d-104.7720576!9m1!1b1!16s%2Fg%2F11ckvg1dmb?entry=ttu",ChIJB62mbuRFE4cRd-MtdUzKfEw,0x871345e46ea6ad07:0x4c7cca4c752de377,5511502473726911351,/g/113g8s35d,5511502473726911351,,sk.mduran@gmail.com,RECEIVING,Confirmed,Mitchel Duran,Mitchel,Duran,Lead Technician,17195537154,aaron@millennium.live,RECEIVING,SMTP validated,,,,,,sales@fdrestoration.com,RECEIVING,SMTP validated,,,,,,17195474959,fixed line,QWEST CORPORATION,,7196670095,QWEST CORPORATION,fixed line,,7195474959,QWEST CORPORATION,fixed line,,https://www.facebook.com/Flood-Damage-Restoration-310557393037523/,,https://www.linkedin.com/company/flood-damage-restoration-of-pueblo,,,,,,,,,,https://www.youtube.com/channel/UCDwyPBGr-Guoz80J28iYcBw,,,Contact Us - Flood Damage Restoration,WordPress 6.8.3,"Pueblo: 1012 Aspen Pl.Pueblo, CO 81006",,False,False
"water damage restoration service, 70165, New Orleans, LA, US",1-800 Water Damage of Colorado Springs,1 800 Water Damage Of Colorado Springs,https://www.1800waterdamage.com/colorado-springs/,"Water damage restoration service, Fire damage restoration service, Waste management service",Water damage restoration service,Water damage restoration service,+1 719-642-6947,landline,Onvoy,True,"40 Mt View Ln suite h, Colorado Springs, CO 80907",Northeast Colorado Springs,40 Mt View Ln suite h,Colorado Springs,80907,Colorado,Colorado,United States of America,US,38.8900851,-104.82270749999999,89268c61c0bffff,America/Denver,,False,4.8,87.0,https://search.google.com/local/reviews?placeid=ChIJ3WuYmcBPE4cRjPsdLb9Iaz8&q=*&authuser=0&hl=en&gl=US,,,3.0,0.0,1.0,3.0,80.0,45.0,https://lh3.googleusercontent.com/p/AF1QipPTTvQEnFSGN3JEw1nHCewf3RbnC5VTcAAi85L3=w800-h500-k-no,https://lh3.googleusercontent.com/p/AF1QipPTTvQEnFSGN3JEw1nHCewf3RbnC5VTcAAi85L3=w1600-h1000-k-no,,"{""Sunday"": ""Open 24 hours"", ""Monday"": ""Open 24 hours"", ""Tuesday"": ""Open 24 hours"", ""Wednesday"": ""Open 24 hours"", ""Thursday"": ""Open 24 hours"", ""Friday"": ""Open 24 hours"", ""Saturday"": ""Open 24 hours""}","Sunday,Open 24 hours|Monday,Open 24 hours|Tuesday,Open 24 hours|Wednesday,Open 24 hours|Thursday,Open 24 hours|Friday,Open 24 hours|Saturday,Open 24 hours",Sunday:Open 24 hours|Monday:Open 24 hours|Tuesday:Open 24 hours|Wednesday:Open 24 hours|Thursday:Open 24 hours|Friday:Open 24 hours|Saturday:Open 24 hours,,,OPERATIONAL,"{""Service options"": {""Onsite services"": true}, ""Accessibility"": {""Wheelchair accessible parking lot"": true}}",,,,https://lh4.googleusercontent.com/-VdfCMCzSHKc/AAAAAAAAAAI/AAAAAAAAAAA/efAMYhD7CB8/s44-p-k-no-ns-nd/photo.jpg,,,True,104959462333960994028,1-800 Water Damage of Colorado Springs,https://www.google.com/maps/contrib/104959462333960994028,,https://www.1800waterdamage.com/colorado-springs/request-service/,,https://www.1800waterdamage.com/colorado-springs/request-service/,"https://www.google.com/maps/place/1-800+Water+Damage+of+Colorado+Springs/@38.8900851,-104.82270749999999,14z/data=!4m8!1m2!2m1!1s1-800+Water+Damage+of+Colorado+Springs!3m4!1s0x87134fc099986bdd:0x3f6b48bf2d1dfb8c!8m2!3d38.8900851!4d-104.82270749999999","https://www.google.com/maps/place/1-800+Water+Damage+of+Colorado+Springs/@38.8900851,-104.82270749999999,13.99z/data=!4m16!1m7!3m6!1s0x87134fc099986bdd:0x3f6b48bf2d1dfb8c!2s1-800+Water+Damage+of+Colorado+Springs!8m2!3d38.8900851!4d-104.82270749999999!16s%2Fg%2F11ckvg1dmb!3m7!1s0x87134fc099986bdd:0x3f6b48bf2d1dfb8c!8m2!3d38.8900851!4d-104.82270749999999!9m1!1b1!16s%2Fg%2F11ckvg1dmb?entry=ttu",ChIJ3WuYmcBPE4cRjPsdLb9Iaz8,0x87134fc099986bdd:0x3f6b48bf2d1dfb8c,4569826232830393228,/g/1ptyrppy0,4569826232830393228,,cmaxwell@cox.net,INVALID,Undeliverable,Cindy Maxwell,Cindy,Maxwell,Marketing Director At 1-800 Water Damage,,green-t@mindspring.com,INVALID,Undeliverable,Ed Ketchoyian,Ed,Ketchoyian,General Manager,,adamredhoward@gmail.com,RECEIVING,Confirmed,Adam Howard,Adam,Howard,President,19197459128,12694738805,landline,"RCLEC, INC. - MI",,2694738805,"RCLEC, INC. - MI",landline,,12055457788,"ONVOY, LLC - AL",landline,,http://www.facebook.com/1800waterdamagecorp,https://www.instagram.com/1800waterdamage,https://www.linkedin.com/company/midlandsrestorationandconstruction-com,,,,,,,,http://www.twitter.com/1800waterdamage,,https://www.youtube.com/channel/UCeKhsAwz6yVxH2WBjsXxLpA,,,"Water Damage Restoration Garland, TX | 24/7 Emergency Service",wordpress,1-800 Water Damage of NE Dallas & SE Collin provides water damage restoration in Garland. Licensed & Insured. 24/7 Emergency Service. Call now!,,False,True
"water damage restoration service, 70170, New Orleans, LA, US",Big Easy Environmental Services,Big Easy Environmental Services,https://bigeasyenvironmental.com/%3Futm_source%3Domg-gbp%26utm_medium%3Dwebclick,Asbestos testing service,Asbestos testing service,Asbestos testing service,+1 504-636-6700,landline,Centurylink,True,"201 St Charles Ave Suite 114-251, New Orleans, LA 70170",Central Business District,201 St Charles Ave Suite 114-251,New Orleans,70170,Louisiana,Louisiana,United States of America,US,29.952036699999997,-90.0703336,894446420b7ffff,America/Chicago,,False,5.0,14.0,https://search.google.com/local/reviews?placeid=ChIJ4f8Ham2nIIYRbMUIugjYtvY&q=*&authuser=0&hl=en&gl=US,,,0.0,0.0,0.0,0.0,14.0,19.0,https://lh3.googleusercontent.com/p/AF1QipODcR8ZMNMdKQaaBXFFI8BVSj36_DGTUjKetL3l=w800-h500-k-no,https://lh3.googleusercontent.com/p/AF1QipODcR8ZMNMdKQaaBXFFI8BVSj36_DGTUjKetL3l=w1600-h1000-k-no,,"{""Sunday"": ""Open 24 hours"", ""Monday"": ""Open 24 hours"", ""Tuesday"": ""Open 24 hours"", ""Wednesday"": ""Open 24 hours"", ""Thursday"": ""Open 24 hours"", ""Friday"": ""Open 24 hours"", ""Saturday"": ""Open 24 hours""}","Sunday,Open 24 hours|Monday,Open 24 hours|Tuesday,Open 24 hours|Wednesday,Open 24 hours|Thursday,Open 24 hours|Friday,Open 24 hours|Saturday,Open 24 hours",Sunday:Open 24 hours|Monday:Open 24 hours|Tuesday:Open 24 hours|Wednesday:Open 24 hours|Thursday:Open 24 hours|Friday:Open 24 hours|Saturday:Open 24 hours,,,OPERATIONAL,"{""Service options"": {""Onsite services"": true, ""Language assistance"": ""English""}, ""Accessibility"": {""Wheelchair accessible restroom"": true, ""Wheelchair accessible seating"": true}, ""Amenities"": {""Gender-neutral restroom"": true}, ""Crowd"": {""LGBTQ+ friendly"": true, ""Transgender safespace"": true}, ""Other"": {""LGBTQ+ friendly"": true}}",,,,https://lh6.googleusercontent.com/-PVKWTtZgsM8/AAAAAAAAAAI/AAAAAAAAAAA/b3ayySJf0m8/s44-p-k-no-ns-nd/photo.jpg,,,True,117563479673416430877,Big Easy Environmental Services,https://www.google.com/maps/contrib/117563479673416430877,,https://bigeasyenvironmental.com/?utm_source=omg-gbp&utm_medium=booking#contact,,https://bigeasyenvironmental.com/?utm_source=omg-gbp&utm_medium=booking#contact,"https://www.google.com/maps/place/Big+Easy+Environmental+Services/@29.952036699999997,-90.0703336,14z/data=!4m8!1m2!2m1!1sBig+Easy+Environmental+Services!3m4!1s0x8620a76d6a07ffe1:0xf6b6d808ba08c56c!8m2!3d29.952036699999997!4d-90.0703336","https://www.google.com/maps/place/Big+Easy+Environmental+Services/@29.952036699999997,-90.0703336,13.99z/data=!4m16!1m7!3m6!1s0x8620a76d6a07ffe1:0xf6b6d808ba08c56c!2sBig+Easy+Environmental+Services!8m2!3d29.952036699999997!4d-90.0703336!16s%2Fg%2F11ckvg1dmb!3m7!1s0x8620a76d6a07ffe1:0xf6b6d808ba08c56c!8m2!3d29.952036699999997!4d-90.0703336!9m1!1b1!16s%2Fg%2F11ckvg1dmb?entry=ttu",ChIJ4f8Ham2nIIYRbMUIugjYtvY,0x8620a76d6a07ffe1:0xf6b6d808ba08c56c,17777634111084086636,/g/11kqxm5nv3,-669109962625464980,,toddlavalla@me.com,RECEIVING,SMTP validated,,,,,,,,,,,,,,,,,,,,,,5046366700,landline,Centurylink,True,,,,,,,,,,,,,,,,,,,,,,,,"Mold and Asbestos Testing and Remediation Services | New Orleans, LA | Big Easy Environmental Services",WordPress 6.3.1,Find professional mold and asbestos testing alongside remediation services in Greater New Orleans. Call (504) 636-6700 to take action for a safer and healthier environment today.,,False,True
"water damage restoration service, 70170, New Orleans, LA, US",Pokorn Construction,Pokorn Construction,http://www.pokornconstruction.com/,Construction company,Construction company,Construction company,+1 504-377-9033,mobile,"VOICESTREAM GSM I, LLC",,"2305 General Pershing St, New Orleans, LA 70115",Milan,2305 General Pershing St,New Orleans,70115,Louisiana,Louisiana,United States of America,US,29.933658899999998,-90.1013255,894446556cfffff,America/Chicago,,False,4.5,54.0,https://search.google.com/local/reviews?placeid=ChIJW653i7GlIIYRMi9MLlFdTvk&q=*&authuser=0&hl=en&gl=US,,,4.0,2.0,2.0,1.0,45.0,64.0,https://lh3.googleusercontent.com/p/AF1QipPdYjd7bT3fvI4h3nAmkYBhM2V7E-tj8RB-Nu8w=w800-h500-k-no,https://lh3.googleusercontent.com/p/AF1QipPdYjd7bT3fvI4h3nAmkYBhM2V7E-tj8RB-Nu8w=w1600-h1000-k-no,,"{""Sunday"": ""Closed"", ""Monday"": ""8AM-6PM"", ""Tuesday"": ""8AM-6PM"", ""Wednesday"": ""8AM-6PM"", ""Thursday"": ""8AM-6PM"", ""Friday"": ""8AM-6PM"", ""Saturday"": ""Closed""}","Sunday,|Monday,8AM,6PM|Tuesday,8AM,6PM|Wednesday,8AM,6PM|Thursday,8AM,6PM|Friday,8AM,6PM|Saturday,",Sunday:Closed|Monday:8AM-6PM|Tuesday:8AM-6PM|Wednesday:8AM-6PM|Thursday:8AM-6PM|Friday:8AM-6PM|Saturday:Closed,,,OPERATIONAL,"{""Service options"": {""Online estimates"": true, ""Onsite services"": false, ""Language assistance"": ""American Sign Language, English, French, German""}, ""Accessibility"": {""Wheelchair accessible restroom"": false, ""Wheelchair accessible seating"": false}, ""Crowd"": {""LGBTQ+ friendly"": true}, ""Other"": {""LGBTQ+ friendly"": true}}",,,,https://lh6.googleusercontent.com/-9jLWnnfmBvk/AAAAAAAAAAI/AAAAAAAAAAA/yr1ir8uz0Qo/s44-p-k-no-ns-nd/photo.jpg,,,True,116073739489153021853,Pokorn Construction,https://www.google.com/maps/contrib/116073739489153021853,,,,,"https://www.google.com/maps/place/Pokorn+Construction/@29.933658899999998,-90.1013255,14z/data=!4m8!1m2!2m1!1sPokorn+Construction!3m4!1s0x8620a5b18b77ae5b:0xf94e5d512e4c2f32!8m2!3d29.933658899999998!4d-90.1013255","https://www.google.com/maps/place/Pokorn+Construction/@29.933658899999998,-90.1013255,13.99z/data=!4m16!1m7!3m6!1s0x8620a5b18b77ae5b:0xf94e5d512e4c2f32!2sPokorn+Construction!8m2!3d29.933658899999998!4d-90.1013255!16s%2Fg%2F11ckvg1dmb!3m7!1s0x8620a5b18b77ae5b:0xf94e5d512e4c2f32!8m2!3d29.933658899999998!4d-90.1013255!9m1!1b1!16s%2Fg%2F11ckvg1dmb?entry=ttu",ChIJW653i7GlIIYRMi9MLlFdTvk,0x8620a5b18b77ae5b:0xf94e5d512e4c2f32,17964398566877966130,/g/1hc0x3s6s,-482345506831585486,,cbpokorn@gmail.com,RECEIVING,SMTP validated,,,,,,clarkblake206@gmail.com,INVALID,Invalid SMTP,,,,,,christian@pokornconstruction.com,RECEIVING,SMTP validated,,,,,,,,,,,,,,,,,,https://www.facebook.com/pokornconstruction,,https://www.linkedin.com/company/pokorn-construction,,,,,,,,,,,,,"Pokorn Construction Inc. | Building Better in New Orleans, Baton Rouge and Covington",,"Pokorn Construction Inc. is your expert for residential, commercial and 
hospitality construction in the NOLA area. Less stress, more progress. 
Thorough planning, detail-oriented work, personal service and expertise 
with projects big and small. We offer general contractor services to take 
care of new builds, remodels, renovations & additions, new home 
construction, bars, restaurants, and hotels.",,False,False
"water damage restoration service, 70177, New Orleans, LA, US",Water Damage Restoration,Water Damage Restoration,,Water damage restoration service,Water damage restoration service,Water damage restoration service,+1 657-566-7597,landline,,,"1360 Manhattan Ave, Fullerton, CA 92831",None,1360 Manhattan Ave,Fullerton,92831,California,California,United States of America,US,33.858016299999996,-117.9017306,8929a0b5b9bffff,America/Los_Angeles,,False,5.0,12.0,https://search.google.com/local/reviews?placeid=ChIJD3jttRebwoARBD5eeUje5ok&q=*&authuser=0&hl=en&gl=US,,,0.0,0.0,0.0,0.0,12.0,114.0,https://lh3.googleusercontent.com/gps-cs-s/AG0ilSxQTaHCCtsh1IOj7Huc9Zy_xzWvVkUssRje9klB0zunO30v6IrSJJINm-yXHeMFZXh_PCEN9-3evFkBVFrpQPJHusAGCECH2zl0Y99rmRI0gCw90PQ-xlxhZ4x1iJ0d72Wfquzp=w800-h500-k-no,https://lh3.googleusercontent.com/gps-cs-s/AG0ilSxQTaHCCtsh1IOj7Huc9Zy_xzWvVkUssRje9klB0zunO30v6IrSJJINm-yXHeMFZXh_PCEN9-3evFkBVFrpQPJHusAGCECH2zl0Y99rmRI0gCw90PQ-xlxhZ4x1iJ0d72Wfquzp=w1600-h1000-k-no,,"{""Sunday"": ""Open 24 hours"", ""Monday"": ""Open 24 hours"", ""Tuesday"": ""Open 24 hours"", ""Wednesday"": ""Open 24 hours"", ""Thursday"": ""Open 24 hours"", ""Friday"": ""Open 24 hours"", ""Saturday"": ""Open 24 hours""}","Sunday,Open 24 hours|Monday,Open 24 hours|Tuesday,Open 24 hours|Wednesday,Open 24 hours|Thursday,Open 24 hours|Friday,Open 24 hours|Saturday,Open 24 hours",Sunday:Open 24 hours|Monday:Open 24 hours|Tuesday:Open 24 hours|Wednesday:Open 24 hours|Thursday:Open 24 hours|Friday:Open 24 hours|Saturday:Open 24 hours,,,OPERATIONAL,"{""Accessibility"": {""Wheelchair accessible entrance"": true, ""Wheelchair accessible parking lot"": true}}",,,,,,,False,None,Water Damage Restoration,,,,,,"https://www.google.com/maps/place/Water+Damage+Restoration/@33.858016299999996,-117.9017306,14z/data=!4m8!1m2!2m1!1sWater+Damage+Restoration!3m4!1s0x80c29b17b5ed780f:0x89e6de48795e3e04!8m2!3d33.858016299999996!4d-117.9017306","https://www.google.com/maps/place/Water+Damage+Restoration/@33.858016299999996,-117.9017306,13.99z/data=!4m16!1m7!3m6!1s0x80c29b17b5ed780f:0x89e6de48795e3e04!2sWater+Damage+Restoration!8m2!3d33.858016299999996!4d-117.9017306!16s%2Fg%2F11ckvg1dmb!3m7!1s0x80c29b17b5ed780f:0x89e6de48795e3e04!8m2!3d33.858016299999996!4d-117.9017306!9m1!1b1!16s%2Fg%2F11ckvg1dmb?entry=ttu",ChIJD3jttRebwoARBD5eeUje5ok,0x80c29b17b5ed780f:0x89e6de48795e3e04,9936874030694809092,/g/11g1gmdcht,-8509870043014742524,,,,,,,,,,,,,,,,,,,,,,,,,,,,,,,,,,,,,,,,,,,,,,,,,,,,,,,,,,
